cell_id,lon,lat,inside_nairobi,population_raw,population_corrected,inside_nairobi_dynamic,geometry,index_right,ward,subcounty
26,36.90206456671789,-1.164994946540203,False,9894.1728515625,2988.7340698606745,True,POINT (36.90206456671789 -1.164994946540203),1197.0,Kahawa West,Roysambu  Sub County
28,36.917433179856516,-1.1676034458501208,False,5419.6240234375,1637.1065280232156,True,POINT (36.917433179856516 -1.1676034458501208),1197.0,Kahawa West,Roysambu  Sub County
73,36.89739173952813,-1.171370405145356,False,29171.931640625,8811.96915457302,True,POINT (36.89739173952813 -1.171370405145356),1197.0,Kahawa West,Roysambu  Sub County
74,36.900246431436614,-1.1723988037440518,False,32064.423828125,9685.704642853061,True,POINT (36.900246431436614 -1.1723988037440518),1197.0,Kahawa West,Roysambu  Sub County
75,36.91481071796969,-1.177637871417479,False,12840.1650390625,3878.6303100435175,True,POINT (36.91481071796969 -1.177637871417479),1197.0,Kahawa West,Roysambu  Sub County
76,36.92004867078152,-1.1776896885852932,False,6957.982421875,2101.798647924919,True,POINT (36.92004867078152 -1.1776896885852932),1197.0,Kahawa West,Roysambu  Sub County
77,36.930857132922526,-1.178552568825072,False,9385.9677734375,2835.2204963406275,True,POINT (36.930857132922526 -1.178552568825072),1197.0,Kahawa West,Roysambu  Sub County
120,36.888580663150805,-1.1798902470209944,False,11155.439453125,3369.7250349287583,True,POINT (36.888580663150805 -1.1798902470209944),,,
121,36.89429623769472,-1.1860622062315385,False,37652.671875,11373.747451392646,True,POINT (36.89429623769472 -1.1860622062315385),,,
122,36.90488070786031,-1.1857837543011212,False,48389.4765625,14617.015428654984,True,POINT (36.90488070786031 -1.1857837543011212),1198.0,Kahawa,Roysambu  Sub County
123,36.913575797074444,-1.1818408639183515,False,25895.525390625,7822.264695899345,True,POINT (36.913575797074444 -1.1818408639183515),1197.0,Kahawa West,Roysambu  Sub County
124,36.92212856228713,-1.1856943362709496,False,13219.158203125,3993.112824011222,True,POINT (36.92212856228713 -1.1856943362709496),1197.0,Kahawa West,Roysambu  Sub County
125,36.92807545600585,-1.1815282099185775,False,11996.615234375,3623.8191117031015,True,POINT (36.92807545600585 -1.1815282099185775),1197.0,Kahawa West,Roysambu  Sub County
166,36.864149955729,-1.1960425953834655,False,1888.6083984375,570.4921825924807,True,POINT (36.864149955729 -1.1960425953834655),942.0,Zimmerman Ward,Roysambu  Sub County
169,36.89705474032724,-1.1911079605536716,False,39480.15625,11925.775892338876,True,POINT (36.89705474032724 -1.1911079605536716),,,
170,36.89844494672274,-1.1886467795388063,False,62053.265625,18744.43795372582,True,POINT (36.89844494672274 -1.1886467795388063),1198.0,Kahawa,Roysambu  Sub County
171,36.9117662830458,-1.1892770237588757,False,43229.88671875,13058.457458840712,True,POINT (36.9117662830458 -1.1892770237588757),1198.0,Kahawa,Roysambu  Sub County
172,36.918689602956924,-1.1910950320786013,False,33094.08984375,9996.73598904489,True,POINT (36.918689602956924 -1.1910950320786013),1197.0,Kahawa West,Roysambu  Sub County
205,36.790152076294206,-1.2021127187398584,True,9432.0205078125,2849.1316517552077,True,POINT (36.790152076294206 -1.2021127187398584),1162.0,Karura Ward,Westlands  Sub County
214,36.865088814000664,-1.2017312762188619,True,5648.88525390625,1706.3594974911914,True,POINT (36.865088814000664 -1.2017312762188619),942.0,Zimmerman Ward,Roysambu  Sub County
215,36.87623718148708,-1.1994129527119433,False,8513.4267578125,2571.651919171749,True,POINT (36.87623718148708 -1.1994129527119433),942.0,Zimmerman Ward,Roysambu  Sub County
217,36.89693078125826,-1.2029565379237206,True,55453.484375,16750.841180005853,True,POINT (36.89693078125826 -1.2029565379237206),942.0,Zimmerman Ward,Roysambu  Sub County
218,36.90330986937366,-1.203051261570973,True,89800.421875,27126.02502222203,True,POINT (36.90330986937366 -1.203051261570973),1196.0,Githurai Ward,Roysambu  Sub County
219,36.91161553382196,-1.205573076145467,True,84050.015625,25388.999064342122,True,POINT (36.91161553382196 -1.205573076145467),1196.0,Githurai Ward,Roysambu  Sub County
220,36.918953204127945,-1.1990443891025715,False,65896.6484375,19905.40909578765,True,POINT (36.918953204127945 -1.1990443891025715),1198.0,Kahawa,Roysambu  Sub County
253,36.78524163199623,-1.2139273164384334,True,10785.724609375,3258.0452243749796,True,POINT (36.78524163199623 -1.2139273164384334),,,
254,36.79349963690252,-1.207403876824033,True,2923.671875,883.1539405061042,True,POINT (36.79349963690252 -1.207403876824033),1162.0,Karura Ward,Westlands  Sub County
255,36.80111929039325,-1.2148001368798984,True,2469.91455078125,746.087407033604,True,POINT (36.80111929039325 -1.2148001368798984),1162.0,Karura Ward,Westlands  Sub County
256,36.81581947235561,-1.20975139062944,True,3409.47021484375,1029.8991077025194,True,POINT (36.81581947235561 -1.20975139062944),1162.0,Karura Ward,Westlands  Sub County
257,36.81791819052226,-1.2143966865959528,True,4221.3818359375,1275.153355842675,True,POINT (36.81791819052226 -1.2143966865959528),1162.0,Karura Ward,Westlands  Sub County
260,36.84842867252476,-1.2134697564048964,True,3399.09228515625,1026.7642451428105,True,POINT (36.84842867252476 -1.2134697564048964),943.0,Roysambu Ward,Roysambu  Sub County
262,36.864253720840566,-1.2109390466227257,True,10212.349609375,3084.845764145645,True,POINT (36.864253720840566 -1.2109390466227257),943.0,Roysambu Ward,Roysambu  Sub County
263,36.87953192164873,-1.2059670694506046,True,14008.1494140625,4231.443500898188,True,POINT (36.87953192164873 -1.2059670694506046),943.0,Roysambu Ward,Roysambu  Sub County
264,36.88489675463543,-1.2064324244486229,True,42419.0625,12813.531682466835,True,POINT (36.88489675463543 -1.2064324244486229),943.0,Roysambu Ward,Roysambu  Sub County
265,36.89028120894414,-1.2092982535593195,True,58672.3671875,17723.16952649198,True,POINT (36.89028120894414 -1.2092982535593195),943.0,Roysambu Ward,Roysambu  Sub County
266,36.904057275460076,-1.211592211166315,True,64323.484375,19430.203224451812,True,POINT (36.904057275460076 -1.211592211166315),942.0,Zimmerman Ward,Roysambu  Sub County
267,36.90669216630832,-1.2148343644322896,True,81287.6171875,24554.561011909842,True,POINT (36.90669216630832 -1.2148343644322896),1199.0,Clay City,Kasarani  Sub County
284,37.065924315881595,-1.2128330188613055,False,152.96307373046875,46.20557541772338,True,POINT (37.065924315881595 -1.2128330188613055),1201.0,Ruai Ward,Kasarani  Sub County
301,36.7895614494023,-1.2168435047709016,True,7585.8916015625,2291.4712548486937,True,POINT (36.7895614494023 -1.2168435047709016),1162.0,Karura Ward,Westlands  Sub County
302,36.79270401982917,-1.2194289749472917,True,2810.048828125,848.8318120764335,True,POINT (36.79270401982917 -1.2194289749472917),1162.0,Karura Ward,Westlands  Sub County
303,36.80639876665432,-1.2183255237150414,True,2724.53271484375,822.9999487039057,True,POINT (36.80639876665432 -1.2183255237150414),1162.0,Karura Ward,Westlands  Sub County
304,36.813923295755956,-1.2194185914070261,True,3822.093505859375,1154.5402784580597,True,POINT (36.813923295755956 -1.2194185914070261),1162.0,Karura Ward,Westlands  Sub County
305,36.818775724610205,-1.2188858413781944,True,5152.9833984375,1556.5623600263332,True,POINT (36.818775724610205 -1.2188858413781944),1162.0,Karura Ward,Westlands  Sub County
306,36.82986158225474,-1.2201251628241987,True,4802.994140625,1450.8410597617758,True,POINT (36.82986158225474 -1.2201251628241987),1162.0,Karura Ward,Westlands  Sub County
307,36.84401145554641,-1.2211933566613093,True,4069.141845703125,1229.166202349912,True,POINT (36.84401145554641 -1.2211933566613093),943.0,Roysambu Ward,Roysambu  Sub County
308,36.85030372416298,-1.222520037048333,True,3170.888671875,957.8307502351212,True,POINT (36.85030372416298 -1.222520037048333),943.0,Roysambu Ward,Roysambu  Sub County
309,36.85574024705007,-1.2182818827629762,True,2884.42041015625,871.297245456358,True,POINT (36.85574024705007 -1.2182818827629762),943.0,Roysambu Ward,Roysambu  Sub County
310,36.8683495517329,-1.221986477842971,True,8340.6416015625,2519.4586847298197,True,POINT (36.8683495517329 -1.221986477842971),943.0,Roysambu Ward,Roysambu  Sub County
311,36.872732422460224,-1.2182496802234857,True,13577.29296875,4101.29463887167,True,POINT (36.872732422460224 -1.2182496802234857),943.0,Roysambu Ward,Roysambu  Sub County
312,36.88300390815459,-1.2167007464102881,True,40006.4375,12084.749737429469,True,POINT (36.88300390815459 -1.2167007464102881),943.0,Roysambu Ward,Roysambu  Sub County
313,36.893273121784986,-1.2186917061329916,True,40356.5625,12190.512041354119,True,POINT (36.893273121784986 -1.2186917061329916),945.0,Kasarani Ward,Kasarani  Sub County
314,36.90413613982931,-1.2198168612661198,True,28489.40625,8605.798621764534,True,POINT (36.90413613982931 -1.2198168612661198),1199.0,Clay City,Kasarani  Sub County
315,36.914618359227596,-1.2215223075227795,True,36934.76953125,11156.890597789203,True,POINT (36.914618359227596 -1.2215223075227795),1199.0,Clay City,Kasarani  Sub County
329,37.03841376150894,-1.2204845091092165,False,268.8843078613281,81.22191756829359,True,POINT (37.03841376150894 -1.2204845091092165),1201.0,Ruai Ward,Kasarani  Sub County
330,37.04216336783106,-1.2212530707312312,False,263.357177734375,79.55233665771051,True,POINT (37.04216336783106 -1.2212530707312312),1201.0,Ruai Ward,Kasarani  Sub County
331,37.05455585379375,-1.2212710394833883,False,289.4012145996094,87.4194622339067,True,POINT (37.05455585379375 -1.2212710394833883),1201.0,Ruai Ward,Kasarani  Sub County
332,37.06564339349809,-1.2170036385397558,False,253.4883575439453,76.57126086946934,True,POINT (37.06564339349809 -1.2170036385397558),1201.0,Ruai Ward,Kasarani  Sub County
345,36.75282420715122,-1.2271006837651246,True,10360.7861328125,3129.684003932336,True,POINT (36.75282420715122 -1.2271006837651246),,,
346,36.755442987941294,-1.2288871792205496,True,7644.28662109375,2309.1106459328776,True,POINT (36.755442987941294 -1.2288871792205496),1247.0,Kitisuru Ward,Westlands  Sub County
347,36.771546406368046,-1.2314283253787104,True,21874.1015625,6607.512681276043,True,POINT (36.771546406368046 -1.2314283253787104),1162.0,Karura Ward,Westlands  Sub County
349,36.78661873538277,-1.2320961897913398,True,5016.701171875,1515.3955702648734,True,POINT (36.78661873538277 -1.2320961897913398),1162.0,Karura Ward,Westlands  Sub County
350,36.79984776279317,-1.2257949616092076,True,3760.853515625,1136.0415067065123,True,POINT (36.79984776279317 -1.2257949616092076),1162.0,Karura Ward,Westlands  Sub County
351,36.80318243362649,-1.2269728129838944,True,4596.580078125,1388.4895372699611,True,POINT (36.80318243362649 -1.2269728129838944),1162.0,Karura Ward,Westlands  Sub County
352,36.81590689622863,-1.227789106755223,True,4063.318603515625,1227.4071748309939,True,POINT (36.81590689622863 -1.227789106755223),1162.0,Karura Ward,Westlands  Sub County
353,36.81877832244927,-1.232436310710734,True,3164.988037109375,956.0483447301433,True,POINT (36.81877832244927 -1.232436310710734),1162.0,Karura Ward,Westlands  Sub County
354,36.83536884026752,-1.2284956518378054,True,3276.37109375,989.693839020703,True,POINT (36.83536884026752 -1.2284956518378054),1162.0,Karura Ward,Westlands  Sub County
355,36.83962095414973,-1.2286711943501738,True,3189.681640625,963.5075447301842,True,POINT (36.83962095414973 -1.2286711943501738),1162.0,Karura Ward,Westlands  Sub County
356,36.846462389864044,-1.2249213116718412,True,2407.337646484375,727.1847934787028,True,POINT (36.846462389864044 -1.2249213116718412),943.0,Roysambu Ward,Roysambu  Sub County
357,36.857883091662366,-1.2317550812449403,True,2520.42626953125,761.345488433658,True,POINT (36.857883091662366 -1.2317550812449403),943.0,Roysambu Ward,Roysambu  Sub County
358,36.865516598355086,-1.2326641836449277,True,8216.81640625,2482.0547920053077,True,POINT (36.865516598355086 -1.2326641836449277),943.0,Roysambu Ward,Roysambu  Sub County
359,36.87515307284789,-1.2276566339364403,True,16641.55078125,5026.915391657408,True,POINT (36.87515307284789 -1.2276566339364403),943.0,Roysambu Ward,Roysambu  Sub County
360,36.88270242173063,-1.224661783330343,True,32600.373046875,9847.598892511372,True,POINT (36.88270242173063 -1.224661783330343),943.0,Roysambu Ward,Roysambu  Sub County
361,36.891727633529,-1.2269824964292237,True,20386.50390625,6158.153865316289,True,POINT (36.891727633529 -1.2269824964292237),945.0,Kasarani Ward,Kasarani  Sub County
362,36.900447180141775,-1.2318781499769587,True,20132.583984375,6081.4522417536555,True,POINT (36.900447180141775 -1.2318781499769587),945.0,Kasarani Ward,Kasarani  Sub County
363,36.91336372416261,-1.225929664210867,True,21769.142578125,6575.807707323622,True,POINT (36.91336372416261 -1.225929664210867),1199.0,Clay City,Kasarani  Sub County
364,36.920847877971205,-1.2277077582056108,True,29189.16796875,8817.175734433646,True,POINT (36.920847877971205 -1.2277077582056108),1199.0,Clay City,Kasarani  Sub County
365,36.93205656859285,-1.231554751756986,True,30823.50390625,9310.859801943398,True,POINT (36.93205656859285 -1.231554751756986),944.0,Mwiki Ward,Kasarani  Sub County
370,36.976176530429015,-1.2302339768332848,False,1870.638671875,565.0640649712142,True,POINT (36.976176530429015 -1.2302339768332848),944.0,Mwiki Ward,Kasarani  Sub County
376,37.02404217406767,-1.230590105906549,False,631.8980712890625,190.87753192452305,True,POINT (37.02404217406767 -1.230590105906549),1201.0,Ruai Ward,Kasarani  Sub County
377,37.03467468684883,-1.2303346186081732,False,698.927001953125,211.12496965858043,True,POINT (37.03467468684883 -1.2303346186081732),1201.0,Ruai Ward,Kasarani  Sub County
378,37.04910697698443,-1.228062917840394,False,546.3073120117188,165.023120226324,True,POINT (37.04910697698443 -1.228062917840394),1201.0,Ruai Ward,Kasarani  Sub County
379,37.05201643365596,-1.2319199726534398,False,385.03179931640625,116.30660529798327,True,POINT (37.05201643365596 -1.2319199726534398),1201.0,Ruai Ward,Kasarani  Sub County
380,37.06605923432551,-1.229517932526478,False,253.39024353027344,76.54162355670037,True,POINT (37.06605923432551 -1.229517932526478),1201.0,Ruai Ward,Kasarani  Sub County
381,37.07531972483916,-1.2292646995698415,False,149.81759643554688,45.25542068540317,True,POINT (37.07531972483916 -1.2292646995698415),1201.0,Ruai Ward,Kasarani  Sub County
391,36.73575785536368,-1.236271115249292,False,13033.958984375,3937.1696721082017,True,POINT (36.73575785536368 -1.236271115249292),1247.0,Kitisuru Ward,Westlands  Sub County
392,36.744615817013084,-1.2331572356761935,False,12501.10546875,3776.210541892281,True,POINT (36.744615817013084 -1.2331572356761935),,,
393,36.75097099992945,-1.234025723846819,True,11227.283203125,3391.4268857608513,True,POINT (36.75097099992945 -1.234025723846819),1247.0,Kitisuru Ward,Westlands  Sub County
394,36.758181173750785,-1.2341530026887668,True,6593.91796875,1991.8256515962719,True,POINT (36.758181173750785 -1.2341530026887668),1247.0,Kitisuru Ward,Westlands  Sub County
395,36.77282332930621,-1.240466907850572,True,9070.78515625,2740.013242500568,True,POINT (36.77282332930621 -1.240466907850572),1247.0,Kitisuru Ward,Westlands  Sub County
396,36.77563332648654,-1.236111706630713,True,8639.0419921875,2609.596529226829,True,POINT (36.77563332648654 -1.236111706630713),1247.0,Kitisuru Ward,Westlands  Sub County
397,36.78475115098835,-1.2398918792867433,True,8404.5556640625,2538.765213835665,True,POINT (36.78475115098835 -1.2398918792867433),1247.0,Kitisuru Ward,Westlands  Sub County
398,36.795173131307116,-1.2387323535722603,True,6961.4736328125,2102.853238463261,True,POINT (36.795173131307116 -1.2387323535722603),1162.0,Karura Ward,Westlands  Sub County
399,36.80223742762509,-1.238116195335668,True,7110.4169921875,2147.8445782469867,True,POINT (36.80223742762509 -1.238116195335668),1162.0,Karura Ward,Westlands  Sub County
400,36.81415501107667,-1.234465837969669,True,5832.623046875,1761.8611963199105,True,POINT (36.81415501107667 -1.234465837969669),1162.0,Karura Ward,Westlands  Sub County
401,36.82192858916249,-1.240771296885027,True,3010.564697265625,909.4016665391712,True,POINT (36.82192858916249 -1.240771296885027),1162.0,Karura Ward,Westlands  Sub County
402,36.834628502432814,-1.2371747967273103,True,2149.534423828125,649.3101407480368,True,POINT (36.834628502432814 -1.2371747967273103),1162.0,Karura Ward,Westlands  Sub County
403,36.83815244185568,-1.238814007136022,True,2472.1181640625,746.7530527817909,True,POINT (36.83815244185568 -1.238814007136022),1162.0,Karura Ward,Westlands  Sub County
404,36.851188771453984,-1.2365521520683234,True,3128.07470703125,944.8979303507258,True,POINT (36.851188771453984 -1.2365521520683234),943.0,Roysambu Ward,Roysambu  Sub County
405,36.85847749535637,-1.2369799443605225,True,6729.73046875,2032.850550994391,True,POINT (36.85847749535637 -1.2369799443605225),943.0,Roysambu Ward,Roysambu  Sub County
406,36.86668152544593,-1.2347908365211901,True,34367.26171875,10381.32318159631,True,POINT (36.86668152544593 -1.2347908365211901),943.0,Roysambu Ward,Roysambu  Sub County
407,36.8791265087081,-1.2331117308596033,True,104614.71875,31600.981590658263,True,POINT (36.8791265087081 -1.2331117308596033),945.0,Kasarani Ward,Kasarani  Sub County
408,36.885558581228295,-1.2359287709826003,True,209099.8125,63162.80734084174,True,POINT (36.885558581228295 -1.2359287709826003),945.0,Kasarani Ward,Kasarani  Sub County
409,36.89376624890031,-1.2369559343681598,True,148147.765625,44751.014677012456,True,POINT (36.89376624890031 -1.2369559343681598),945.0,Kasarani Ward,Kasarani  Sub County
410,36.90638579989373,-1.2395720550274583,True,163206.5,49299.80851261207,True,POINT (36.90638579989373 -1.2395720550274583),1205.0,Dandora Area Iv Ward,Embakasi North Sub County
411,36.90843891727527,-1.23922307816715,True,101330.1875,30608.822812186263,True,POINT (36.90843891727527 -1.23922307816715),1205.0,Dandora Area Iv Ward,Embakasi North Sub County
412,36.920528613029845,-1.2415312827442766,True,45410.734375,13717.226391746593,True,POINT (36.920528613029845 -1.2415312827442766),1212.0,Dandora Area Iii Ward,Embakasi North Sub County
413,36.92531860331882,-1.2360883930515243,True,45704.2890625,13805.90049407542,True,POINT (36.92531860331882 -1.2360883930515243),944.0,Mwiki Ward,Kasarani  Sub County
414,36.94118768090301,-1.2384771342099825,True,33167.578125,10018.934603643855,True,POINT (36.94118768090301 -1.2384771342099825),944.0,Mwiki Ward,Kasarani  Sub County
415,36.9461342357252,-1.2361108350076617,True,18922.544921875,5715.935586019781,True,POINT (36.9461342357252 -1.2361108350076617),944.0,Mwiki Ward,Kasarani  Sub County
416,36.95547718909698,-1.2367465764134167,False,11092.9951171875,3350.862466315278,True,POINT (36.95547718909698 -1.2367465764134167),944.0,Mwiki Ward,Kasarani  Sub County
417,36.968792781196264,-1.2414216989444973,False,7507.66796875,2267.842231992269,True,POINT (36.968792781196264 -1.2414216989444973),944.0,Mwiki Ward,Kasarani  Sub County
418,36.97149065731034,-1.2366559462783657,False,5671.56884765625,1713.21153358199,True,POINT (36.97149065731034 -1.2366559462783657),944.0,Mwiki Ward,Kasarani  Sub County
419,36.98445806432722,-1.2403771097862668,False,5174.2236328125,1562.9784003644968,True,POINT (36.98445806432722 -1.2403771097862668),944.0,Mwiki Ward,Kasarani  Sub County
420,36.98982310240479,-1.2396085724917991,False,4909.68994140625,1483.0706740701241,True,POINT (36.98982310240479 -1.2396085724917991),944.0,Mwiki Ward,Kasarani  Sub County
422,37.01190311730852,-1.2369863812728807,False,1116.1505126953125,337.155729380464,True,POINT (37.01190311730852 -1.2369863812728807),1201.0,Ruai Ward,Kasarani  Sub County
423,37.01944780928731,-1.235706450365969,False,1249.49169921875,377.4341187978582,True,POINT (37.01944780928731 -1.235706450365969),1201.0,Ruai Ward,Kasarani  Sub County
424,37.0289410112649,-1.2399931168809935,False,1544.7342529296875,466.6180750907988,True,POINT (37.0289410112649 -1.2399931168809935),1201.0,Ruai Ward,Kasarani  Sub County
425,37.03282473664629,-1.2385039027170754,False,1143.841064453125,345.52021792270176,True,POINT (37.03282473664629 -1.2385039027170754),1201.0,Ruai Ward,Kasarani  Sub County
426,37.046018907315236,-1.2344760825328245,False,758.2638549804688,229.04886050844885,True,POINT (37.046018907315236 -1.2344760825328245),1201.0,Ruai Ward,Kasarani  Sub County
427,37.049126801635005,-1.2380845215066572,False,490.5743103027344,148.18784520917697,True,POINT (37.049126801635005 -1.2380845215066572),1201.0,Ruai Ward,Kasarani  Sub County
428,37.0583309788489,-1.2335582988530105,False,278.2113037109375,84.03932440799464,True,POINT (37.0583309788489 -1.2335582988530105),1201.0,Ruai Ward,Kasarani  Sub County
429,37.07150694956254,-1.2404995046049243,False,186.55674743652344,56.35322076851313,True,POINT (37.07150694956254 -1.2404995046049243),1201.0,Ruai Ward,Kasarani  Sub County
439,36.73740677982309,-1.2457119688004665,False,8168.47314453125,2467.4517367004673,True,POINT (36.73740677982309 -1.2457119688004665),1247.0,Kitisuru Ward,Westlands  Sub County
440,36.739523901901975,-1.250171610699478,False,7354.4658203125,2221.564439246946,True,POINT (36.739523901901975 -1.250171610699478),1247.0,Kitisuru Ward,Westlands  Sub County
441,36.753579510102135,-1.24330128009468,True,8616.736328125,2602.8586544054956,True,POINT (36.753579510102135 -1.24330128009468),1247.0,Kitisuru Ward,Westlands  Sub County
442,36.75784678913402,-1.2457896505714792,True,8213.7998046875,2481.1435667821083,True,POINT (36.75784678913402 -1.2457896505714792),1247.0,Kitisuru Ward,Westlands  Sub County
443,36.77251920079816,-1.2436879220597696,True,12848.951171875,3881.2843383158142,True,POINT (36.77251920079816 -1.2436879220597696),1247.0,Kitisuru Ward,Westlands  Sub County
444,36.77789565567273,-1.24197928119425,True,10712.5908203125,3235.953691276831,True,POINT (36.77789565567273 -1.24197928119425),1247.0,Kitisuru Ward,Westlands  Sub County
445,36.790908784206245,-1.2452245660291008,True,10619.50390625,3207.8349151354932,True,POINT (36.790908784206245 -1.2452245660291008),1247.0,Kitisuru Ward,Westlands  Sub County
446,36.79337748813358,-1.242132014141578,True,10061.5078125,3039.2809631013492,True,POINT (36.79337748813358 -1.242132014141578),1162.0,Karura Ward,Westlands  Sub County
447,36.805890416339096,-1.245484551039671,True,12105.2626953125,3656.63826424666,True,POINT (36.805890416339096 -1.245484551039671),1162.0,Karura Ward,Westlands  Sub County
448,36.81737757472819,-1.2426017332173647,True,16653.576171875,5030.54790295507,True,POINT (36.81737757472819 -1.2426017332173647),1162.0,Karura Ward,Westlands  Sub County
449,36.8237917581444,-1.2427010244546062,True,13642.2138671875,4120.905303039062,True,POINT (36.8237917581444 -1.2427010244546062),1162.0,Karura Ward,Westlands  Sub County
450,36.83447742628465,-1.2485960203961501,True,5144.2548828125,1553.9257361852983,True,POINT (36.83447742628465 -1.2485960203961501),1162.0,Karura Ward,Westlands  Sub County
451,36.837194504974136,-1.247690280621336,True,3947.068359375,1192.2914485843235,True,POINT (36.837194504974136 -1.247690280621336),1162.0,Karura Ward,Westlands  Sub County
452,36.84847956524875,-1.2483460590806952,True,10750.546875,3247.419081613539,True,POINT (36.84847956524875 -1.2483460590806952),943.0,Roysambu Ward,Roysambu  Sub County
453,36.860260944541906,-1.2497462431267254,True,46358.6875,14003.574714524377,True,POINT (36.860260944541906 -1.2497462431267254),943.0,Roysambu Ward,Roysambu  Sub County
454,36.868829607792854,-1.2447230158191984,True,196700.078125,59417.217978317865,True,POINT (36.868829607792854 -1.2447230158191984),1202.0,Babandogo,Ruaraka  Sub County
455,36.873027078314564,-1.2501238719863572,True,271444.21875,81995.19018072553,True,POINT (36.873027078314564 -1.2501238719863572),1203.0,Utalii Ward,Ruaraka  Sub County
456,36.882190825474,-1.2460306909388303,True,280940.46875,84863.723643473,True,POINT (36.882190825474 -1.2460306909388303),1202.0,Babandogo,Ruaraka  Sub County
457,36.89625971901304,-1.2473921636515757,True,151363.1875,45722.29757766141,True,POINT (36.89625971901304 -1.2473921636515757),1211.0,Dandora Area Ii Ward,Embakasi North Sub County
458,36.90418484303597,-1.2499415294218577,True,127457.0703125,38500.973674362125,True,POINT (36.90418484303597 -1.2499415294218577),1212.0,Dandora Area Iii Ward,Embakasi North Sub County
459,36.907790144534474,-1.2455949382150633,True,70478.9609375,21289.58882389253,True,POINT (36.907790144534474 -1.2455949382150633),1212.0,Dandora Area Iii Ward,Embakasi North Sub County
460,36.922893754521034,-1.2479547817705356,True,29429.46484375,8889.762242469043,True,POINT (36.922893754521034 -1.2479547817705356),1200.0,Njiru Ward,Kasarani  Sub County
461,36.93034083987829,-1.247455206384746,True,21075.5078125,6366.281364175506,True,POINT (36.93034083987829 -1.247455206384746),1200.0,Njiru Ward,Kasarani  Sub County
462,36.9370052507298,-1.248009352334178,True,18007.41015625,5439.500709292772,True,POINT (36.9370052507298 -1.248009352334178),1200.0,Njiru Ward,Kasarani  Sub County
463,36.94311199128308,-1.2461258547353002,True,16025.5546875,4840.841372139852,True,POINT (36.94311199128308 -1.2461258547353002),1200.0,Njiru Ward,Kasarani  Sub County
464,36.95984125333535,-1.2452092325788293,False,10247.4453125,3095.4471277168136,True,POINT (36.95984125333535 -1.2452092325788293),944.0,Mwiki Ward,Kasarani  Sub County
465,36.96675392597927,-1.2500464840709296,False,6412.56494140625,1937.0443192275893,True,POINT (36.96675392597927 -1.2500464840709296),1201.0,Ruai Ward,Kasarani  Sub County
466,36.97545781962529,-1.2425963913718236,False,4859.203125,1467.8201149242595,True,POINT (36.97545781962529 -1.2425963913718236),944.0,Mwiki Ward,Kasarani  Sub County
467,36.98461070161517,-1.2433140957174458,False,4223.60302734375,1275.8243114173486,True,POINT (36.98461070161517 -1.2433140957174458),944.0,Mwiki Ward,Kasarani  Sub County
468,36.992421766872056,-1.2418753940866671,False,3585.66455078125,1083.122153492519,True,POINT (36.992421766872056 -1.2418753940866671),944.0,Mwiki Ward,Kasarani  Sub County
469,37.000601045439346,-1.2507246312157572,False,4288.0205078125,1295.2829080539673,True,POINT (37.000601045439346 -1.2507246312157572),1201.0,Ruai Ward,Kasarani  Sub County
470,37.009251695965155,-1.2493378204817618,False,1556.5821533203125,470.1969718904625,True,POINT (37.009251695965155 -1.2493378204817618),1201.0,Ruai Ward,Kasarani  Sub County
471,37.01445266713664,-1.245482646652564,False,1100.52783203125,332.4365842165644,True,POINT (37.01445266713664 -1.245482646652564),1201.0,Ruai Ward,Kasarani  Sub County
472,37.02748649639168,-1.2479501257273253,False,838.1399536132812,253.17704392842398,True,POINT (37.02748649639168 -1.2479501257273253),1201.0,Ruai Ward,Kasarani  Sub County
473,37.0361430246829,-1.2436880281284195,False,430.3415222167969,129.99331914056168,True,POINT (37.0361430246829 -1.2436880281284195),1201.0,Ruai Ward,Kasarani  Sub County
474,37.04293395417743,-1.2450374975662288,False,274.4900207519531,82.91523598443814,True,POINT (37.04293395417743 -1.2450374975662288),1201.0,Ruai Ward,Kasarani  Sub County
475,37.049882351217725,-1.2478525170157437,False,224.2937774658203,67.75245029845848,True,POINT (37.049882351217725 -1.2478525170157437),1201.0,Ruai Ward,Kasarani  Sub County
476,37.06043940241244,-1.2446191014906056,False,172.45925903320312,52.094790627602926,True,POINT (37.06043940241244 -1.2446191014906056),1201.0,Ruai Ward,Kasarani  Sub County
477,37.068593179112135,-1.2421643914076796,False,142.786865234375,43.131646804329684,True,POINT (37.068593179112135 -1.2421643914076796),1201.0,Ruai Ward,Kasarani  Sub County
478,37.077937560700306,-1.249702771622646,False,140.72372436523438,42.50843357579298,True,POINT (37.077937560700306 -1.249702771622646),1201.0,Ruai Ward,Kasarani  Sub County
479,37.088684470810115,-1.2449352057412055,False,183.2369384765625,55.350405647641544,True,POINT (37.088684470810115 -1.2449352057412055),1201.0,Ruai Ward,Kasarani  Sub County
485,36.71652812227207,-1.2522303820805791,False,35238.52734375,10644.506501354539,True,POINT (36.71652812227207 -1.2522303820805791),,,
486,36.728246262216324,-1.2539654845568864,False,22997.353515625,6946.813543683361,True,POINT (36.728246262216324 -1.2539654845568864),1247.0,Kitisuru Ward,Westlands  Sub County
487,36.73418323808078,-1.2506489546490211,False,15301.3388671875,4622.077405856582,True,POINT (36.73418323808078 -1.2506489546490211),1247.0,Kitisuru Ward,Westlands  Sub County
488,36.74137258068492,-1.2561155333249716,False,29418.9375,8886.582246384198,True,POINT (36.74137258068492 -1.2561155333249716),1247.0,Kitisuru Ward,Westlands  Sub County
489,36.755085614910044,-1.2557449448727598,True,50574.6328125,15277.085859030842,True,POINT (36.755085614910044 -1.2557449448727598),1247.0,Kitisuru Ward,Westlands  Sub County
490,36.75538333541568,-1.2542970898105832,True,42062.80859375,12705.91801904047,True,POINT (36.75538333541568 -1.2542970898105832),1247.0,Kitisuru Ward,Westlands  Sub County
491,36.772159672611835,-1.2584518883544131,True,23950.7265625,7234.799062961227,True,POINT (36.772159672611835 -1.2584518883544131),1247.0,Kitisuru Ward,Westlands  Sub County
492,36.78147749421702,-1.2557995447439771,True,14347.33203125,4333.900437834833,True,POINT (36.78147749421702 -1.2557995447439771),920.0,Parklands/highridge Ward,Westlands  Sub County
493,36.79029829620903,-1.2559400256093716,True,16241.1494140625,4905.966099009555,True,POINT (36.79029829620903 -1.2559400256093716),920.0,Parklands/highridge Ward,Westlands  Sub County
494,36.79192840094565,-1.2564390297848096,True,15781.7734375,4767.202338498635,True,POINT (36.79192840094565 -1.2564390297848096),920.0,Parklands/highridge Ward,Westlands  Sub County
495,36.8069141799062,-1.251425692412349,True,21585.8046875,6520.426807047476,True,POINT (36.8069141799062 -1.251425692412349),1162.0,Karura Ward,Westlands  Sub County
496,36.80900640086115,-1.2585840233299508,True,33513.07421875,10123.298653260326,True,POINT (36.80900640086115 -1.2585840233299508),920.0,Parklands/highridge Ward,Westlands  Sub County
497,36.81934039217714,-1.2531435505953206,True,28665.9921875,8659.139958689046,True,POINT (36.81934039217714 -1.2531435505953206),920.0,Parklands/highridge Ward,Westlands  Sub County
498,36.83251225037553,-1.2563587102408733,True,22470.779296875,6787.751201484654,True,POINT (36.83251225037553 -1.2563587102408733),1162.0,Karura Ward,Westlands  Sub County
499,36.84221464280495,-1.2525958765967293,True,62533.734375,18889.573211030485,True,POINT (36.84221464280495 -1.2525958765967293),1162.0,Karura Ward,Westlands  Sub County
500,36.850250858856036,-1.2586857704257193,True,129874.125,39231.09369567416,True,POINT (36.850250858856036 -1.2586857704257193),1242.0,Hospital Ward,Mathare  Sub County
501,36.85417974528252,-1.258770674002641,True,165904.53125,50114.80316041129,True,POINT (36.85417974528252 -1.258770674002641),1203.0,Utalii Ward,Ruaraka  Sub County
502,36.8699598263615,-1.2542329542497346,True,245565.46875,74177.99282923673,True,POINT (36.8699598263615 -1.2542329542497346),593.0,Mathare North Ward,Ruaraka  Sub County
503,36.87390609138046,-1.254685430921233,True,246678.546875,74514.22048206965,True,POINT (36.87390609138046 -1.254685430921233),1246.0,Kiamaiko Ward,Mathare  Sub County
504,36.88228359655891,-1.253910027181131,True,214154.3125,64689.6208079953,True,POINT (36.88228359655891 -1.253910027181131),1209.0,Kariobangi North Ward,Embakasi North Sub County
505,36.8965892016793,-1.251376184735618,True,78726.96875,23781.065608008226,True,POINT (36.8965892016793 -1.251376184735618),1211.0,Dandora Area Ii Ward,Embakasi North Sub County
506,36.89845876017547,-1.2586013059593153,True,59623.0234375,18010.334382587283,True,POINT (36.89845876017547 -1.2586013059593153),1222.0,Mowlem Ward,Embakasi West Sub County
507,36.907947807816434,-1.2550685138712478,True,101987.4375,30807.358404487513,True,POINT (36.907947807816434 -1.2550685138712478),1200.0,Njiru Ward,Kasarani  Sub County
508,36.915787669529,-1.258899952102924,True,115774.0546875,34971.88363712492,True,POINT (36.915787669529 -1.258899952102924),1218.0,Komarock Ward,Embakasi Central Sub County
509,36.928235948252116,-1.2595694040220675,True,50337.39453125,15205.42326080414,True,POINT (36.928235948252116 -1.2595694040220675),1219.0,Matopeni/spring Valley Ward,Embakasi Central Sub County
510,36.93514208965225,-1.2576672991535074,True,17041.234375,5147.647866390385,True,POINT (36.93514208965225 -1.2576672991535074),1200.0,Njiru Ward,Kasarani  Sub County
511,36.943383822720875,-1.2574411294730485,True,10692.6630859375,3229.9341179830117,True,POINT (36.943383822720875 -1.2574411294730485),1200.0,Njiru Ward,Kasarani  Sub County
512,36.95247906469583,-1.251635617681726,False,7693.50830078125,2323.979045066876,True,POINT (36.95247906469583 -1.251635617681726),1031.0,Mihango Ward,Embakasi East Sub County
513,36.964426502036154,-1.2552616582546448,False,5366.39013671875,1621.0261609936153,True,POINT (36.964426502036154 -1.2552616582546448),1201.0,Ruai Ward,Kasarani  Sub County
514,36.97565295606563,-1.2540087029821663,False,4061.42626953125,1226.8355572601765,True,POINT (36.97565295606563 -1.2540087029821663),1201.0,Ruai Ward,Kasarani  Sub County
515,36.980688046533885,-1.2518000227001935,False,4567.9755859375,1379.8489746242071,True,POINT (36.980688046533885 -1.2518000227001935),1201.0,Ruai Ward,Kasarani  Sub County
516,36.99418884971374,-1.2560795040181016,False,5188.8779296875,1567.405025712289,True,POINT (36.99418884971374 -1.2560795040181016),1201.0,Ruai Ward,Kasarani  Sub County
517,36.99847782440878,-1.251063016787735,False,6930.0947265625,2093.3746082036805,True,POINT (36.99847782440878 -1.251063016787735),1201.0,Ruai Ward,Kasarani  Sub County
518,37.00475490852426,-1.2520256842235484,False,2708.1552734375,818.0528128652311,True,POINT (37.00475490852426 -1.2520256842235484),1201.0,Ruai Ward,Kasarani  Sub County
519,37.016953179906,-1.2558536165910184,False,1186.8201904296875,358.50292805179566,True,POINT (37.016953179906 -1.2558536165910184),1201.0,Ruai Ward,Kasarani  Sub County
520,37.024388109955744,-1.2590684975940354,False,612.5311889648438,185.02737528204696,True,POINT (37.024388109955744 -1.2590684975940354),1201.0,Ruai Ward,Kasarani  Sub County
521,37.0378838851688,-1.2530838739220644,False,501.2763977050781,151.42062613163276,True,POINT (37.0378838851688 -1.2530838739220644),1201.0,Ruai Ward,Kasarani  Sub County
522,37.04484910697189,-1.2563531811664015,False,479.8974609375,144.9626879438471,True,POINT (37.04484910697189 -1.2563531811664015),1201.0,Ruai Ward,Kasarani  Sub County
523,37.05199677080863,-1.259340602149457,False,376.1527099609375,113.62449763075813,True,POINT (37.05199677080863 -1.259340602149457),1201.0,Ruai Ward,Kasarani  Sub County
524,37.05929518183582,-1.257765781437456,False,273.7381591796875,82.68812106229541,True,POINT (37.05929518183582 -1.257765781437456),1201.0,Ruai Ward,Kasarani  Sub County
525,37.07415754330796,-1.2573389426601471,False,232.80279541015625,70.32277044677453,True,POINT (37.07415754330796 -1.2573389426601471),1201.0,Ruai Ward,Kasarani  Sub County
526,37.076273938760444,-1.2511869479843476,False,216.5933837890625,65.42639138698199,True,POINT (37.076273938760444 -1.2511869479843476),1201.0,Ruai Ward,Kasarani  Sub County
527,37.088455440278096,-1.2564048254288591,False,265.62750244140625,80.2381339348906,True,POINT (37.088455440278096 -1.2564048254288591),1201.0,Ruai Ward,Kasarani  Sub County
531,36.700156600470706,-1.2635202681762077,False,13018.138671875,3932.390828270121,True,POINT (36.700156600470706 -1.2635202681762077),1098.0,Uthiru/ruthimitu Ward,Dagoretti South Sub County
532,36.707068697482335,-1.2625948895402974,False,19865.17578125,6000.676211333518,True,POINT (36.707068697482335 -1.2625948895402974),1098.0,Uthiru/ruthimitu Ward,Dagoretti South Sub County
534,36.72340699983582,-1.2596273657305108,False,23151.947265625,6993.511697692219,True,POINT (36.72340699983582 -1.2596273657305108),1247.0,Kitisuru Ward,Westlands  Sub County
535,36.73131897416145,-1.266304124032454,False,27801.384765625,8397.967883207855,True,POINT (36.73131897416145 -1.266304124032454),1164.0,Mountain View Ward,Westlands  Sub County
536,36.744483493674664,-1.2625512022668277,False,60953.4765625,18412.224529716877,True,POINT (36.744483493674664 -1.2625512022668277),1247.0,Kitisuru Ward,Westlands  Sub County
537,36.75380658876374,-1.2600598940199643,True,112220.953125,33898.597789703934,True,POINT (36.75380658876374 -1.2600598940199643),1247.0,Kitisuru Ward,Westlands  Sub County
538,36.763525361486366,-1.2634283954536691,True,100078.9296875,30230.855203321666,True,POINT (36.763525361486366 -1.2634283954536691),922.0,Kileleshwa Ward,Dagoretti North Sub County
539,36.77094609674382,-1.2629191557047839,True,40883.33203125,12349.6333816249,True,POINT (36.77094609674382 -1.2629191557047839),922.0,Kileleshwa Ward,Dagoretti North Sub County
540,36.77312079257726,-1.264921439750994,True,12306.439453125,3717.4077534357816,True,POINT (36.77312079257726 -1.264921439750994),922.0,Kileleshwa Ward,Dagoretti North Sub County
541,36.788728985640034,-1.2678870474897377,True,16870.40625,5096.045792630648,True,POINT (36.788728985640034 -1.2678870474897377),922.0,Kileleshwa Ward,Dagoretti North Sub County
542,36.79779222646122,-1.26202143787126,True,18525.544921875,5596.013744797116,True,POINT (36.79779222646122 -1.26202143787126),922.0,Kileleshwa Ward,Dagoretti North Sub County
543,36.806740751647595,-1.2645318632398017,True,22944.361328125,6930.8061867679535,True,POINT (36.806740751647595 -1.2645318632398017),920.0,Parklands/highridge Ward,Westlands  Sub County
544,36.813943567054864,-1.2622839466167604,True,34190.17578125,10327.830809607287,True,POINT (36.813943567054864 -1.2622839466167604),920.0,Parklands/highridge Ward,Westlands  Sub County
545,36.82247450416254,-1.2672538394975388,True,38137.59375,11520.227864740626,True,POINT (36.82247450416254 -1.2672538394975388),920.0,Parklands/highridge Ward,Westlands  Sub County
546,36.82872945717647,-1.2679722448210193,True,48193.03125,14557.675167761881,True,POINT (36.82872945717647 -1.2679722448210193),1162.0,Karura Ward,Westlands  Sub County
547,36.84058045737703,-1.2621210070982096,True,108579.953125,32798.76044992629,True,POINT (36.84058045737703 -1.2621210070982096),1162.0,Karura Ward,Westlands  Sub County
548,36.84812118442714,-1.2666130029101836,True,182799.78125,55218.35350780989,True,POINT (36.84812118442714 -1.2666130029101836),1220.0,Eastleigh North Ward,Kamukunji  Sub County
549,36.859934037633224,-1.264092298310547,True,159825.390625,48278.47636746039,True,POINT (36.859934037633224 -1.264092298310547),1243.0,Mabatini Ward,Mathare  Sub County
550,36.86651349304376,-1.2612610807098774,True,95137.0078125,28738.048224912174,True,POINT (36.86651349304376 -1.2612610807098774),1045.0,Huruma Ward,Mathare  Sub County
551,36.87799656420194,-1.2685996977243896,True,85285.375,25762.16423013981,True,POINT (36.87799656420194 -1.2685996977243896),1035.0,Harambee Ward,Makadara  Sub County
552,36.88809215624085,-1.2637340238474801,True,119149.375,35991.46707942029,True,POINT (36.88809215624085 -1.2637340238474801),1223.0,Kariobangi South Ward,Embakasi West Sub County
553,36.89417663040058,-1.260263094381082,True,51221.3828125,15472.44971497734,True,POINT (36.89417663040058 -1.260263094381082),1222.0,Mowlem Ward,Embakasi West Sub County
554,36.90638383095744,-1.2675071677761425,True,79655.578125,24061.570761727693,True,POINT (36.90638383095744 -1.2675071677761425),1218.0,Komarock Ward,Embakasi Central Sub County
555,36.90774200414331,-1.2622783593374227,True,186676.28125,56389.32836297277,True,POINT (36.90774200414331 -1.2622783593374227),1218.0,Komarock Ward,Embakasi Central Sub County
556,36.924081477236875,-1.263475796645038,True,171956.171875,51942.82302481402,True,POINT (36.924081477236875 -1.263475796645038),1213.0,Kayole North Ward,Embakasi Central Sub County
557,36.924563374170184,-1.2629831971012289,True,51154.15625,15452.1425785691,True,POINT (36.924563374170184 -1.2629831971012289),1213.0,Kayole North Ward,Embakasi Central Sub County
558,36.939333999417734,-1.2606491242839133,True,15495.5478515625,4680.742138824426,True,POINT (36.939333999417734 -1.2606491242839133),1200.0,Njiru Ward,Kasarani  Sub County
559,36.950234787237314,-1.2679326803025055,False,7401.326171875,2235.7195516895567,True,POINT (36.950234787237314 -1.2679326803025055),1031.0,Mihango Ward,Embakasi East Sub County
560,36.95852599788867,-1.2632234518054966,False,4096.03564453125,1237.2900156318785,True,POINT (36.95852599788867 -1.2632234518054966),1031.0,Mihango Ward,Embakasi East Sub County
561,36.96099198908713,-1.2622246550371259,False,4086.904296875,1234.5317082671888,True,POINT (36.96099198908713 -1.2622246550371259),1031.0,Mihango Ward,Embakasi East Sub County
562,36.97232075974315,-1.267940991506595,False,3582.136474609375,1082.056427068073,True,POINT (36.97232075974315 -1.267940991506595),1201.0,Ruai Ward,Kasarani  Sub County
563,36.97914125598344,-1.2663921595735488,False,3997.897705078125,1207.6454755990894,True,POINT (36.97914125598344 -1.2663921595735488),1201.0,Ruai Ward,Kasarani  Sub County
564,36.99044168277928,-1.267365310119103,False,7335.67578125,2215.888529722964,True,POINT (36.99044168277928 -1.267365310119103),1201.0,Ruai Ward,Kasarani  Sub County
565,37.00279949070535,-1.2679860762805584,False,9203.8349609375,2780.203614169185,True,POINT (37.00279949070535 -1.2679860762805584),1201.0,Ruai Ward,Kasarani  Sub County
566,37.010918709067106,-1.262866995573356,False,2563.950927734375,774.4929875528165,True,POINT (37.010918709067106 -1.262866995573356),1201.0,Ruai Ward,Kasarani  Sub County
567,37.01575448203794,-1.2685502912649191,False,1388.536865234375,419.4355100364098,True,POINT (37.01575448203794 -1.2685502912649191),1201.0,Ruai Ward,Kasarani  Sub County
568,37.02264922310576,-1.2652096364304335,False,1171.8592529296875,353.98367573084545,True,POINT (37.02264922310576 -1.2652096364304335),1201.0,Ruai Ward,Kasarani  Sub County
569,37.03353273085492,-1.2597302660009095,False,1266.510009765625,382.5748420605292,True,POINT (37.03353273085492 -1.2597302660009095),1201.0,Ruai Ward,Kasarani  Sub County
570,37.04817165072717,-1.2616757096170383,False,1345.65087890625,406.4809346129367,True,POINT (37.04817165072717 -1.2616757096170383),1201.0,Ruai Ward,Kasarani  Sub County
571,37.055013682391376,-1.262579319977923,False,1145.02490234375,345.87781998706674,True,POINT (37.055013682391376 -1.262579319977923),1201.0,Ruai Ward,Kasarani  Sub County
572,37.06279838194892,-1.2666499927144266,False,899.426025390625,271.68973553760156,True,POINT (37.06279838194892 -1.2666499927144266),1201.0,Ruai Ward,Kasarani  Sub County
573,37.0708116040965,-1.2662821592046103,False,696.4769897460938,210.38489415509127,True,POINT (37.0708116040965 -1.2662821592046103),1201.0,Ruai Ward,Kasarani  Sub County
574,37.0759252719701,-1.2623779683319787,False,529.9464111328125,160.08098078687826,True,POINT (37.0759252719701 -1.2623779683319787),1201.0,Ruai Ward,Kasarani  Sub County
575,37.0897351504515,-1.2687227271917887,False,404.86712646484375,122.29826512895193,True,POINT (37.0897351504515 -1.2687227271917887),1201.0,Ruai Ward,Kasarani  Sub County
578,36.69075920627856,-1.2697133338885511,False,15008.013671875,4533.472626262444,True,POINT (36.69075920627856 -1.2697133338885511),,,
579,36.696673816107726,-1.2688673000420685,False,15253.4541015625,4607.612848525938,True,POINT (36.696673816107726 -1.2688673000420685),,,
580,36.70724611481544,-1.273538180074652,False,23657.158203125,7146.120830767355,True,POINT (36.70724611481544 -1.273538180074652),1098.0,Uthiru/ruthimitu Ward,Dagoretti South Sub County
581,36.71238542200084,-1.2734354382489426,False,37548.76171875,11342.359297087269,True,POINT (36.71238542200084 -1.2734354382489426),1098.0,Uthiru/ruthimitu Ward,Dagoretti South Sub County
582,36.72448037897329,-1.2689379823486209,False,34661.1953125,10470.111740184962,True,POINT (36.72448037897329 -1.2689379823486209),1098.0,Uthiru/ruthimitu Ward,Dagoretti South Sub County
583,36.73363461121968,-1.2724032693676293,False,47047.21875,14211.559438049171,True,POINT (36.73363461121968 -1.2724032693676293),1164.0,Mountain View Ward,Westlands  Sub County
584,36.74625169779647,-1.2717380662428948,False,101775.53125,30743.347856208948,True,POINT (36.74625169779647 -1.2717380662428948),1164.0,Mountain View Ward,Westlands  Sub County
585,36.75499885354556,-1.2774224489379644,True,152016.828125,45919.74288559071,True,POINT (36.75499885354556 -1.2774224489379644),1166.0,Gatina Ward,Dagoretti North Sub County
586,36.76224640026631,-1.2745619983912466,True,120098.578125,36278.19298985935,True,POINT (36.76224640026631 -1.2745619983912466),921.0,Kilimani Ward,Dagoretti North Sub County
587,36.76574555288168,-1.2731151186138407,True,46598.984375,14076.161222559775,True,POINT (36.76574555288168 -1.2731151186138407),921.0,Kilimani Ward,Dagoretti North Sub County
588,36.774343598506164,-1.273596248877219,True,11852.294921875,3580.2242562853926,True,POINT (36.774343598506164 -1.273596248877219),921.0,Kilimani Ward,Dagoretti North Sub County
589,36.787891518565694,-1.2734750689051864,True,15417.0048828125,4657.016654120158,True,POINT (36.787891518565694 -1.2734750689051864),922.0,Kileleshwa Ward,Dagoretti North Sub County
590,36.7954349066795,-1.2693403323440355,True,16477.578125,4977.384150227505,True,POINT (36.7954349066795 -1.2693403323440355),922.0,Kileleshwa Ward,Dagoretti North Sub County
591,36.80760653683248,-1.2740214464066673,True,19574.52734375,5912.880000317168,True,POINT (36.80760653683248 -1.2740214464066673),922.0,Kileleshwa Ward,Dagoretti North Sub County
592,36.810798067852005,-1.2710238120582749,True,26631.13671875,8044.470904697834,True,POINT (36.810798067852005 -1.2710238120582749),920.0,Parklands/highridge Ward,Westlands  Sub County
593,36.82539712963337,-1.2744856457424778,True,34761.2890625,10500.347072161992,True,POINT (36.82539712963337 -1.2744856457424778),1239.0,Ngara Ward Ward,Starehe  Sub County
594,36.83379554844962,-1.2737758724914525,True,49953.5234375,15089.46726998636,True,POINT (36.83379554844962 -1.2737758724914525),1239.0,Ngara Ward Ward,Starehe  Sub County
595,36.8395461138321,-1.2738356280949403,True,99053.875,29921.21680161153,True,POINT (36.8395461138321 -1.2738356280949403),1240.0,Pangani Ward,Starehe  Sub County
596,36.85140452079358,-1.2730484038516823,True,143176.765625,43249.424065632425,True,POINT (36.85140452079358 -1.2730484038516823),1229.0,Airbase Ward,Kamukunji  Sub County
597,36.85387563119373,-1.2716994891697468,True,102605.34375,30994.009425149965,True,POINT (36.85387563119373 -1.2716994891697468),1229.0,Airbase Ward,Kamukunji  Sub County
598,36.86954902149497,-1.2774736025001707,True,81377.0234375,24581.567969382926,True,POINT (36.86954902149497 -1.2774736025001707),1036.0,Eastleigh South Ward,Kamukunji  Sub County
599,36.876779859549416,-1.2757263238950514,True,92980.0703125,28086.50183598972,True,POINT (36.876779859549416 -1.2757263238950514),1035.0,Harambee Ward,Makadara  Sub County
600,36.88210040458935,-1.2697613470544076,True,148640.46875,44899.8455735519,True,POINT (36.88210040458935 -1.2697613470544076),1223.0,Kariobangi South Ward,Embakasi West Sub County
601,36.88973941830808,-1.2768178653598639,True,93974.0546875,28386.754824394156,True,POINT (36.88973941830808 -1.2768178653598639),1207.0,Umoja I Ward,Embakasi West Sub County
602,36.899122302022974,-1.2713668769747681,True,97120.1875,29337.10756899376,True,POINT (36.899122302022974 -1.2713668769747681),1222.0,Mowlem Ward,Embakasi West Sub County
603,36.907276207627625,-1.2764702842808118,True,152749.3125,46141.004535255284,True,POINT (36.907276207627625 -1.2764702842808118),1218.0,Komarock Ward,Embakasi Central Sub County
604,36.92192780078386,-1.2761659631138527,True,96135.6875,29039.719526969293,True,POINT (36.92192780078386 -1.2761659631138527),1029.0,Embakasi Ward,Embakasi East Sub County
605,36.93212429855461,-1.27756276274082,True,13188.125,3983.738620339215,True,POINT (36.93212429855461 -1.27756276274082),1029.0,Embakasi Ward,Embakasi East Sub County
606,36.934677399134706,-1.2693236643494765,True,6614.64990234375,1998.08814945186,True,POINT (36.934677399134706 -1.2693236643494765),1029.0,Embakasi Ward,Embakasi East Sub County
607,36.947531625298716,-1.2772037668120038,True,5585.85498046875,1687.319934661486,True,POINT (36.947531625298716 -1.2772037668120038),1031.0,Mihango Ward,Embakasi East Sub County
608,36.958976248706385,-1.2744271647067877,False,5276.400390625,1593.842946780208,True,POINT (36.958976248706385 -1.2744271647067877),1031.0,Mihango Ward,Embakasi East Sub County
609,36.96779904325439,-1.2746716170830068,False,5842.4892578125,1764.8414839307825,True,POINT (36.96779904325439 -1.2746716170830068),1031.0,Mihango Ward,Embakasi East Sub County
610,36.9707174273535,-1.2688889756987458,False,4638.34814453125,1401.1064224783947,True,POINT (36.9707174273535 -1.2688889756987458),1201.0,Ruai Ward,Kasarani  Sub County
611,36.97930987264987,-1.2719240561426686,False,3957.49560546875,1195.4412081572311,True,POINT (36.97930987264987 -1.2719240561426686),1201.0,Ruai Ward,Kasarani  Sub County
612,36.99393579564065,-1.2752195876911079,False,6765.46875,2043.6460182226867,True,POINT (36.99393579564065 -1.2752195876911079),1201.0,Ruai Ward,Kasarani  Sub County
613,37.0041203160188,-1.2747841426614406,False,8284.9091796875,2502.623584863199,True,POINT (37.0041203160188 -1.2747841426614406),1201.0,Ruai Ward,Kasarani  Sub County
614,37.01101433072366,-1.2735128301985872,False,2747.443359375,829.9205700534912,True,POINT (37.01101433072366 -1.2735128301985872),1201.0,Ruai Ward,Kasarani  Sub County
615,37.01683025923423,-1.2711065537289499,False,2437.05126953125,736.1603914262531,True,POINT (37.01683025923423 -1.2711065537289499),1201.0,Ruai Ward,Kasarani  Sub County
616,37.02748520089048,-1.2714095810692114,False,2311.75537109375,698.312243219016,True,POINT (37.02748520089048 -1.2714095810692114),1201.0,Ruai Ward,Kasarani  Sub County
617,37.032849829932594,-1.2708357758963356,False,2679.48388671875,809.3920433797913,True,POINT (37.032849829932594 -1.2708357758963356),1201.0,Ruai Ward,Kasarani  Sub County
618,37.04207003646345,-1.271850276937296,False,2801.48876953125,846.2460740725635,True,POINT (37.04207003646345 -1.271850276937296),1201.0,Ruai Ward,Kasarani  Sub County
619,37.05035349531174,-1.2735441810251589,False,2466.311767578125,744.9991138465892,True,POINT (37.05035349531174 -1.2735441810251589),1201.0,Ruai Ward,Kasarani  Sub County
620,37.05975310075262,-1.275670197624081,False,2285.24755859375,690.3050248769878,True,POINT (37.05975310075262 -1.275670197624081),1201.0,Ruai Ward,Kasarani  Sub County
621,37.07381365151458,-1.275086765764523,False,1682.8829345703125,508.34866517852583,True,POINT (37.07381365151458 -1.275086765764523),1201.0,Ruai Ward,Kasarani  Sub County
622,37.080214973321006,-1.2706724202048387,False,1309.5262451171875,395.56876182331735,True,POINT (37.080214973321006 -1.2706724202048387),1201.0,Ruai Ward,Kasarani  Sub County
623,37.08690776758792,-1.2713559439485103,False,1302.3406982421875,393.3982227516756,True,POINT (37.08690776758792 -1.2713559439485103),1201.0,Ruai Ward,Kasarani  Sub County
626,36.691383843782035,-1.283706350697896,False,26986.43359375,8151.795477571031,True,POINT (36.691383843782035 -1.283706350697896),1098.0,Uthiru/ruthimitu Ward,Dagoretti South Sub County
627,36.700675925095524,-1.2783277852019006,False,25928.490234375,7832.222390504175,True,POINT (36.700675925095524 -1.2783277852019006),1098.0,Uthiru/ruthimitu Ward,Dagoretti South Sub County
628,36.704356969676134,-1.283879550857573,False,25566.533203125,7722.885983373218,True,POINT (36.704356969676134 -1.283879550857573),1099.0,Waithaka Ward,Dagoretti South Sub County
629,36.71171299800519,-1.285751754639688,False,35786.484375,10810.027952484024,True,POINT (36.71171299800519 -1.285751754639688),1099.0,Waithaka Ward,Dagoretti South Sub County
630,36.72603253382924,-1.2844079525274508,False,40771.40234375,12315.822766480122,True,POINT (36.72603253382924 -1.2844079525274508),1099.0,Waithaka Ward,Dagoretti South Sub County
631,36.736317408310846,-1.2809136692087146,False,62108.203125,18761.032931439095,True,POINT (36.736317408310846 -1.2809136692087146),1097.0,Riruta Ward,Dagoretti South Sub County
632,36.743427178164545,-1.2848243780936783,False,109534.875,33087.21382391571,True,POINT (36.743427178164545 -1.2848243780936783),1094.0,Kabiro Ward,Dagoretti North Sub County
633,36.7469753887415,-1.283665030216636,False,130725.9140625,39488.393727685056,True,POINT (36.7469753887415 -1.283665030216636),1094.0,Kabiro Ward,Dagoretti North Sub County
634,36.76106426856851,-1.2809017966329466,True,81915.4609375,24744.213854479473,True,POINT (36.76106426856851 -1.2809017966329466),921.0,Kilimani Ward,Dagoretti North Sub County
635,36.76524595920542,-1.2786115006135206,True,31346.294921875,9468.779351486011,True,POINT (36.76524595920542 -1.2786115006135206),921.0,Kilimani Ward,Dagoretti North Sub County
636,36.7791862861702,-1.2826855317407637,True,16515.43359375,4988.819156557095,True,POINT (36.7791862861702 -1.2826855317407637),922.0,Kileleshwa Ward,Dagoretti North Sub County
637,36.78566847819555,-1.2849773138867406,True,17941.66796875,5419.641958232304,True,POINT (36.78566847819555 -1.2849773138867406),921.0,Kilimani Ward,Dagoretti North Sub County
638,36.79560109674653,-1.2781604935882953,True,14501.111328125,4380.352569883137,True,POINT (36.79560109674653 -1.2781604935882953),922.0,Kileleshwa Ward,Dagoretti North Sub County
639,36.80204478262723,-1.2814796715365657,True,14680.9599609375,4434.679469601661,True,POINT (36.80204478262723 -1.2814796715365657),921.0,Kilimani Ward,Dagoretti North Sub County
640,36.81346752908722,-1.285507756207091,True,15637.87890625,4723.73609887805,True,POINT (36.81346752908722 -1.285507756207091),921.0,Kilimani Ward,Dagoretti North Sub County
641,36.8218836356724,-1.2792228943071853,True,15616.037109375,4717.138344477895,True,POINT (36.8218836356724 -1.2792228943071853),1231.0,Nairobi Central Ward,Starehe  Sub County
642,36.83122691601596,-1.285568622222533,True,27870.728515625,8418.914558717388,True,POINT (36.83122691601596 -1.285568622222533),1231.0,Nairobi Central Ward,Starehe  Sub County
643,36.84155128681543,-1.2833780309285974,True,78049.828125,23576.52165204685,True,POINT (36.84155128681543 -1.2833780309285974),1227.0,Pumwani Ward,Kamukunji  Sub County
644,36.84703198237445,-1.279934589324689,True,154131.8125,46558.616488631444,True,POINT (36.84703198237445 -1.279934589324689),1226.0,California Ward,Kamukunji  Sub County
645,36.85660622151851,-1.2857598361510076,True,144211.984375,43562.13272701335,True,POINT (36.85660622151851 -1.2857598361510076),1036.0,Eastleigh South Ward,Kamukunji  Sub County
646,36.86277928521387,-1.280369029968347,True,103253.578125,31189.82166644423,True,POINT (36.86277928521387 -1.280369029968347),1229.0,Airbase Ward,Kamukunji  Sub County
647,36.871557070275855,-1.2803391723150352,True,88432.171875,26712.71756818447,True,POINT (36.871557070275855 -1.2803391723150352),1035.0,Harambee Ward,Makadara  Sub County
648,36.8814198552155,-1.2864092731441579,True,172346.078125,52060.60205605892,True,POINT (36.8814198552155 -1.2864092731441579),1035.0,Harambee Ward,Makadara  Sub County
649,36.89125134828623,-1.2813112739232877,True,111750.0,33756.33691847076,True,POINT (36.89125134828623 -1.2813112739232877),1207.0,Umoja I Ward,Embakasi West Sub County
650,36.898963665717126,-1.282878991869496,True,82718.1015625,24986.667611633406,True,POINT (36.898963665717126 -1.282878991869496),1215.0,Umoja Ii Ward,Embakasi West Sub County
651,36.9111304612169,-1.2833062721471735,True,74897.84375,22624.401325207873,True,POINT (36.9111304612169 -1.2833062721471735),1221.0,Upper Savanna Ward,Embakasi East Sub County
652,36.918065246579026,-1.281976028705677,True,27252.859375,8232.274747688632,True,POINT (36.918065246579026 -1.281976028705677),1216.0,Kayole South Ward,Embakasi Central Sub County
653,36.930232906310096,-1.2821889660918138,True,1906.924560546875,576.0249480440905,True,POINT (36.930232906310096 -1.2821889660918138),1029.0,Embakasi Ward,Embakasi East Sub County
654,36.94110194358806,-1.2850133044675591,True,2122.40087890625,641.1139073325982,True,POINT (36.94110194358806 -1.2850133044675591),1029.0,Embakasi Ward,Embakasi East Sub County
655,36.95020353609945,-1.282874843140417,False,4383.18505859375,1324.0292761870035,True,POINT (36.95020353609945 -1.282874843140417),1031.0,Mihango Ward,Embakasi East Sub County
656,36.96007666958844,-1.2825150139642558,False,7001.48681640625,2114.9400259941,True,POINT (36.96007666958844 -1.2825150139642558),1031.0,Mihango Ward,Embakasi East Sub County
657,36.96683452859654,-1.278457056099379,False,7571.171875,2287.0248651467564,True,POINT (36.96683452859654 -1.278457056099379),1031.0,Mihango Ward,Embakasi East Sub County
658,36.973662594056464,-1.2833632871899328,False,5690.2236328125,1718.8465869410597,True,POINT (36.973662594056464 -1.2833632871899328),1201.0,Ruai Ward,Kasarani  Sub County
660,36.98873989840459,-1.283887764599116,False,5434.5390625,1641.6119157972282,True,POINT (36.98873989840459 -1.283887764599116),1201.0,Ruai Ward,Kasarani  Sub County
661,36.999862216311676,-1.2787487070765484,False,5127.59765625,1548.8940856083761,True,POINT (36.999862216311676 -1.2787487070765484),1201.0,Ruai Ward,Kasarani  Sub County
662,37.010276646942884,-1.2832393053686493,False,2094.28662109375,632.6214298477526,True,POINT (37.010276646942884 -1.2832393053686493),1201.0,Ruai Ward,Kasarani  Sub County
663,37.01685537353489,-1.28055409549753,False,2278.8603515625,688.3756404249528,True,POINT (37.01685537353489 -1.28055409549753),1201.0,Ruai Ward,Kasarani  Sub County
664,37.025378288012334,-1.2817292561102247,False,2594.3330078125,783.6705064020438,True,POINT (37.025378288012334 -1.2817292561102247),1201.0,Ruai Ward,Kasarani  Sub County
665,37.035444556863375,-1.2831091353770678,False,3151.96240234375,952.1136895558669,True,POINT (37.035444556863375 -1.2831091353770678),1201.0,Ruai Ward,Kasarani  Sub County
666,37.040710982954124,-1.283750788087479,False,3004.85498046875,907.6769316496467,True,POINT (37.040710982954124 -1.283750788087479),1201.0,Ruai Ward,Kasarani  Sub County
667,37.05019252940376,-1.2829612574857152,False,2745.032958984375,829.1924600964949,True,POINT (37.05019252940376 -1.2829612574857152),1201.0,Ruai Ward,Kasarani  Sub County
668,37.06414556151531,-1.284330776520944,False,2838.245849609375,857.349289994321,True,POINT (37.06414556151531 -1.284330776520944),1201.0,Ruai Ward,Kasarani  Sub County
669,37.07104550591778,-1.283707685429443,False,2368.56005859375,715.4712425013287,True,POINT (37.07104550591778 -1.283707685429443),1201.0,Ruai Ward,Kasarani  Sub County
670,37.076469301548315,-1.2806338361557985,False,2214.890380859375,669.0522231209762,True,POINT (37.076469301548315 -1.2806338361557985),1201.0,Ruai Ward,Kasarani  Sub County
674,36.691331293533295,-1.2905217880328137,False,17073.376953125,5157.357179111779,True,POINT (36.691331293533295 -1.2905217880328137),1095.0,Mutu-ini Ward,Dagoretti South Sub County
675,36.697904041599294,-1.288409988867336,False,15729.7060546875,4751.474337454503,True,POINT (36.697904041599294 -1.288409988867336),1095.0,Mutu-ini Ward,Dagoretti South Sub County
676,36.70278111244127,-1.2899003747249447,False,9379.1572265625,2833.16323356737,True,POINT (36.70278111244127 -1.2899003747249447),1095.0,Mutu-ini Ward,Dagoretti South Sub County
677,36.71631080766361,-1.2874793479229636,False,10370.681640625,3132.6731412540194,True,POINT (36.71631080766361 -1.2874793479229636),1099.0,Waithaka Ward,Dagoretti South Sub County
678,36.726802092237534,-1.2952197098466534,False,28108.7890625,8490.825538827525,True,POINT (36.726802092237534 -1.2952197098466534),1097.0,Riruta Ward,Dagoretti South Sub County
679,36.730967324168596,-1.2867548621120584,False,57162.04296875,17266.94569486557,True,POINT (36.730967324168596 -1.2867548621120584),1097.0,Riruta Ward,Dagoretti South Sub County
680,36.74416516848913,-1.289377638442026,False,80058.9609375,24183.420659945772,True,POINT (36.74416516848913 -1.289377638442026),1097.0,Riruta Ward,Dagoretti South Sub County
681,36.75300365268188,-1.2868364799394174,True,82370.078125,24881.540126964283,True,POINT (36.75300365268188 -1.2868364799394174),1094.0,Kabiro Ward,Dagoretti North Sub County
682,36.76042399651614,-1.2930225844422707,True,45660.52734375,13792.68138604628,True,POINT (36.76042399651614 -1.2930225844422707),921.0,Kilimani Ward,Dagoretti North Sub County
683,36.76580418796983,-1.2952995944397134,True,20944.0859375,6326.5827414376345,True,POINT (36.76580418796983 -1.2952995944397134),921.0,Kilimani Ward,Dagoretti North Sub County
684,36.77396432836265,-1.2949106796052043,True,17113.44921875,5169.461813559421,True,POINT (36.77396432836265 -1.2949106796052043),921.0,Kilimani Ward,Dagoretti North Sub County
685,36.78821163846086,-1.2923707802801447,True,18642.6640625,5631.39193871693,True,POINT (36.78821163846086 -1.2923707802801447),921.0,Kilimani Ward,Dagoretti North Sub County
686,36.79210048670431,-1.2923316181893434,True,15606.0478515625,4714.120888081616,True,POINT (36.79210048670431 -1.2923316181893434),921.0,Kilimani Ward,Dagoretti North Sub County
687,36.80083055367437,-1.2897430288592497,True,14230.8984375,4298.729327148001,True,POINT (36.80083055367437 -1.2897430288592497),921.0,Kilimani Ward,Dagoretti North Sub County
688,36.81691464845351,-1.2943810748467368,True,14052.740234375,4244.913055743287,True,POINT (36.81691464845351 -1.2943810748467368),934.0,Woodley/kenyatta Golf Course Ward,Kibra  Sub County
689,36.8181713450033,-1.294509759449759,True,14680.9873046875,4434.687729331752,True,POINT (36.8181713450033 -1.294509759449759),934.0,Woodley/kenyatta Golf Course Ward,Kibra  Sub County
690,36.8304882351682,-1.2893316683612854,True,19403.494140625,5861.215978581752,True,POINT (36.8304882351682 -1.2893316683612854),1231.0,Nairobi Central Ward,Starehe  Sub County
691,36.84333884070106,-1.295224296349458,True,45084.29296875,13618.618194041768,True,POINT (36.84333884070106 -1.295224296349458),1217.0,Makongeni Ward,Makadara  Sub County
692,36.84691318650865,-1.2931162137557237,True,103011.6171875,31116.732494834752,True,POINT (36.84691318650865 -1.2931162137557237),1227.0,Pumwani Ward,Kamukunji  Sub County
693,36.85592321449704,-1.293841329271279,True,118875.796875,35908.8272999033,True,POINT (36.85592321449704 -1.293841329271279),1224.0,Maringo/hamza Ward,Makadara  Sub County
694,36.86515862952726,-1.2930270266452728,True,87143.90625,26323.57100462309,True,POINT (36.86515862952726 -1.2930270266452728),1224.0,Maringo/hamza Ward,Makadara  Sub County
695,36.874622429514865,-1.2875507288121448,True,67657.9765625,20437.45370976061,True,POINT (36.874622429514865 -1.2875507288121448),1035.0,Harambee Ward,Makadara  Sub County
696,36.887904330007686,-1.2914207146826906,True,120217.1875,36314.0213390691,True,POINT (36.887904330007686 -1.2914207146826906),1215.0,Umoja Ii Ward,Embakasi West Sub County
697,36.896477812985225,-1.2908038651122824,True,77709.234375,23473.63845403946,True,POINT (36.896477812985225 -1.2908038651122824),1028.0,Lower Savanna Ward,Embakasi East Sub County
698,36.90339556870682,-1.2930668743405744,True,51723.3359375,15624.074760210264,True,POINT (36.90339556870682 -1.2930668743405744),1028.0,Lower Savanna Ward,Embakasi East Sub County
699,36.915187177554785,-1.2934485686536514,True,29462.333984375,8899.691028018557,True,POINT (36.915187177554785 -1.2934485686536514),1029.0,Embakasi Ward,Embakasi East Sub County
700,36.924309221098426,-1.2922787876000714,True,5148.08984375,1555.0841633304924,True,POINT (36.924309221098426 -1.2922787876000714),1029.0,Embakasi Ward,Embakasi East Sub County
701,36.9272547946286,-1.289273993446122,True,1151.560546875,347.8520429738787,True,POINT (36.9272547946286 -1.289273993446122),1029.0,Embakasi Ward,Embakasi East Sub County
702,36.941743100274685,-1.286766119587696,True,1567.81787109375,473.5909466079659,True,POINT (36.941743100274685 -1.286766119587696),1029.0,Embakasi Ward,Embakasi East Sub County
703,36.94523693952382,-1.2898317412396638,True,3576.42529296875,1080.331249693008,True,POINT (36.94523693952382 -1.2898317412396638),1031.0,Mihango Ward,Embakasi East Sub County
704,36.95377274168881,-1.290128463670417,False,5258.66748046875,1588.4863643213325,True,POINT (36.95377274168881 -1.290128463670417),1031.0,Mihango Ward,Embakasi East Sub County
705,36.96120508543867,-1.2865488647491483,False,5058.18798828125,1527.9274982495187,True,POINT (36.96120508543867 -1.2865488647491483),1031.0,Mihango Ward,Embakasi East Sub County
706,36.97327871669391,-1.2945422779485907,False,4429.125,1337.9063602149604,True,POINT (36.97327871669391 -1.2945422779485907),1029.0,Embakasi Ward,Embakasi East Sub County
709,37.00022386019153,-1.2913787178330502,False,2759.356201171875,833.5190837121199,True,POINT (37.00022386019153 -1.2913787178330502),1201.0,Ruai Ward,Kasarani  Sub County
710,37.007961737729765,-1.2882424069697553,False,682.3434448242188,206.1155724169691,True,POINT (37.007961737729765 -1.2882424069697553),1201.0,Ruai Ward,Kasarani  Sub County
711,37.021816591862795,-1.293107226157361,False,741.1626586914062,223.88309993894106,True,POINT (37.021816591862795 -1.293107226157361),1201.0,Ruai Ward,Kasarani  Sub County
712,37.030969129767556,-1.2928243675312134,False,1158.5025634765625,349.94901882440183,True,POINT (37.030969129767556 -1.2928243675312134),,,
714,37.040632969670064,-1.2874380222626955,False,1410.5008544921875,426.07017510540663,True,POINT (37.040632969670064 -1.2874380222626955),1201.0,Ruai Ward,Kasarani  Sub County
715,37.052857171098466,-1.2931833369607824,False,1419.5340576171875,428.7988359388785,True,POINT (37.052857171098466 -1.2931833369607824),1201.0,Ruai Ward,Kasarani  Sub County
716,37.06393884244183,-1.2952849089663745,False,1581.76904296875,477.805178896288,True,POINT (37.06393884244183 -1.2952849089663745),1201.0,Ruai Ward,Kasarani  Sub County
717,37.069324278490306,-1.292569735914353,False,1768.60693359375,534.2433246240186,True,POINT (37.069324278490306 -1.292569735914353),1201.0,Ruai Ward,Kasarani  Sub County
721,36.6825165108937,-1.3019449573358641,False,2972.18603515625,897.8086191240104,True,POINT (36.6825165108937 -1.3019449573358641),1100.0,Karen Ward,Langata  Sub County
722,36.68743533281506,-1.3018675129583281,False,2595.046142578125,783.8859231127079,True,POINT (36.68743533281506 -1.3018675129583281),1100.0,Karen Ward,Langata  Sub County
723,36.69380170365193,-1.3006247806111026,False,1923.7318115234375,581.1019165151254,True,POINT (36.69380170365193 -1.3006247806111026),1100.0,Karen Ward,Langata  Sub County
724,36.70854230796332,-1.2985374368509177,False,1816.999755859375,548.8613506896482,True,POINT (36.70854230796332 -1.2985374368509177),1095.0,Mutu-ini Ward,Dagoretti South Sub County
725,36.71705803363399,-1.3035952454470074,False,3288.8193359375,993.4540811444075,True,POINT (36.71705803363399 -1.3035952454470074),1100.0,Karen Ward,Langata  Sub County
726,36.72428185133307,-1.3038942163924852,False,12341.634765625,3728.039206023709,True,POINT (36.72428185133307 -1.3038942163924852),1100.0,Karen Ward,Langata  Sub County
727,36.73747244116599,-1.2979135951180627,False,32082.908203125,9691.288220394246,True,POINT (36.73747244116599 -1.2979135951180627),1097.0,Riruta Ward,Dagoretti South Sub County
728,36.74348084447226,-1.3014103926571987,False,48473.0546875,14642.261883657347,True,POINT (36.74348084447226 -1.3014103926571987),1096.0,Ngando Ward,Dagoretti South Sub County
729,36.749416655809206,-1.2986974461268066,False,44288.9921875,13378.381584436416,True,POINT (36.749416655809206 -1.2986974461268066),1096.0,Ngando Ward,Dagoretti South Sub County
730,36.76018707922672,-1.3008446702396808,True,25096.5,7580.902993059522,True,POINT (36.76018707922672 -1.3008446702396808),934.0,Woodley/kenyatta Golf Course Ward,Kibra  Sub County
731,36.76758966290848,-1.3036557956970032,True,36493.6484375,11023.64109208478,True,POINT (36.76758966290848 -1.3036557956970032),934.0,Woodley/kenyatta Golf Course Ward,Kibra  Sub County
732,36.77426184331514,-1.3025109729029083,True,61366.984375,18537.13288799133,True,POINT (36.77426184331514 -1.3025109729029083),934.0,Woodley/kenyatta Golf Course Ward,Kibra  Sub County
733,36.79055348083004,-1.3041482689500274,True,63795.9375,19270.84707185417,True,POINT (36.79055348083004 -1.3041482689500274),934.0,Woodley/kenyatta Golf Course Ward,Kibra  Sub County
734,36.79739554816521,-1.3017921157377068,True,34618.67578125,10457.26785989422,True,POINT (36.79739554816521 -1.3017921157377068),934.0,Woodley/kenyatta Golf Course Ward,Kibra  Sub County
735,36.801166759699846,-1.3020931020494098,True,23851.78125,7204.910639647997,True,POINT (36.801166759699846 -1.3020931020494098),934.0,Woodley/kenyatta Golf Course Ward,Kibra  Sub County
736,36.815895826768276,-1.303750882522905,True,23904.6953125,7220.894397334575,True,POINT (36.815895826768276 -1.303750882522905),934.0,Woodley/kenyatta Golf Course Ward,Kibra  Sub County
737,36.82383394750257,-1.3034883462154216,True,25918.03125,7829.063043744554,True,POINT (36.82383394750257 -1.3034883462154216),1169.0,Nairobi West Ward,Langata  Sub County
738,36.830542384653064,-1.3022786013256813,True,34814.046875,10516.28363139091,True,POINT (36.830542384653064 -1.3022786013256813),1043.0,Landimawe Ward,Starehe  Sub County
739,36.840355754630025,-1.3006682439893156,True,40953.3984375,12370.79835000111,True,POINT (36.840355754630025 -1.3006682439893156),1043.0,Landimawe Ward,Starehe  Sub County
740,36.84729206314957,-1.2964542351804527,True,45091.1171875,13620.679586680071,True,POINT (36.84729206314957 -1.2964542351804527),1217.0,Makongeni Ward,Makadara  Sub County
741,36.86151342369974,-1.3040954469268995,True,56466.9921875,17056.99161569491,True,POINT (36.86151342369974 -1.3040954469268995),1034.0,Viwandani Ward,Makadara  Sub County
742,36.86651490228831,-1.2959623749305478,True,58921.734375,17798.495904994546,True,POINT (36.86651490228831 -1.2959623749305478),1224.0,Maringo/hamza Ward,Makadara  Sub County
743,36.87641491111307,-1.3037659493822955,True,50511.1953125,15257.92328522086,True,POINT (36.87641491111307 -1.3037659493822955),1034.0,Viwandani Ward,Makadara  Sub County
744,36.886693633573934,-1.3030808679405281,True,90773.484375,27419.958137145786,True,POINT (36.886693633573934 -1.3030808679405281),1034.0,Viwandani Ward,Makadara  Sub County
745,36.89765234042209,-1.298412371979063,True,51235.90625,15476.83681161684,True,POINT (36.89765234042209 -1.298412371979063),1028.0,Lower Savanna Ward,Embakasi East Sub County
746,36.90481255411556,-1.3037704988370462,True,25084.58203125,7577.302930701501,True,POINT (36.90481255411556 -1.3037704988370462),1029.0,Embakasi Ward,Embakasi East Sub County
747,36.91361697697327,-1.3011069248344755,True,12120.560546875,3661.25928824194,True,POINT (36.91361697697327 -1.3011069248344755),1029.0,Embakasi Ward,Embakasi East Sub County
748,36.92018421248018,-1.297301856751026,True,4478.5751953125,1352.8437870932864,True,POINT (36.92018421248018 -1.297301856751026),1029.0,Embakasi Ward,Embakasi East Sub County
749,36.92562498074553,-1.2995501818344755,True,1796.012451171875,542.5217128548218,True,POINT (36.92562498074553 -1.2995501818344755),1029.0,Embakasi Ward,Embakasi East Sub County
750,36.93930680778314,-1.2991506040124787,True,1933.915283203125,584.1780391193244,True,POINT (36.93930680778314 -1.2991506040124787),1029.0,Embakasi Ward,Embakasi East Sub County
751,36.94406616862988,-1.2982614256176876,True,2427.098388671875,733.1539234208977,True,POINT (36.94406616862988 -1.2982614256176876),1029.0,Embakasi Ward,Embakasi East Sub County
752,36.955120216347275,-1.2982252563533463,False,2074.519775390625,626.6504562158052,True,POINT (36.955120216347275 -1.2982252563533463),1029.0,Embakasi Ward,Embakasi East Sub County
753,36.96530829063154,-1.2959982257445393,False,1606.6761474609375,485.328871163866,True,POINT (36.96530829063154 -1.2959982257445393),1029.0,Embakasi Ward,Embakasi East Sub County
754,36.97089338981554,-1.2987997076686444,False,1902.8704833984375,574.8003324367874,True,POINT (36.97089338981554 -1.2987997076686444),1029.0,Embakasi Ward,Embakasi East Sub County
763,37.05450815293112,-1.2974863090992912,False,288.9480285644531,87.28256826979502,True,POINT (37.05450815293112 -1.2974863090992912),1201.0,Ruai Ward,Kasarani  Sub County
765,37.072435290319824,-1.3019412446468037,False,653.607666015625,197.43535200464208,True,POINT (37.072435290319824 -1.3019412446468037),1201.0,Ruai Ward,Kasarani  Sub County
768,36.67193168139607,-1.3100533322114853,False,1756.8619384765625,530.6955124335794,True,POINT (36.67193168139607 -1.3100533322114853),1100.0,Karen Ward,Langata  Sub County
769,36.67521034422558,-1.3069000153979202,False,1616.16796875,488.19606684532914,True,POINT (36.67521034422558 -1.3069000153979202),,,
770,36.69006685681736,-1.308236077893605,False,1258.91943359375,380.28195573692176,True,POINT (36.69006685681736 -1.308236077893605),1100.0,Karen Ward,Langata  Sub County
771,36.69598382898169,-1.3092279007282333,False,1004.2127685546875,303.342680565211,True,POINT (36.69598382898169 -1.3092279007282333),1100.0,Karen Ward,Langata  Sub County
772,36.70462702795127,-1.3093201859491197,False,832.968994140625,251.61505153333903,True,POINT (36.70462702795127 -1.3093201859491197),1100.0,Karen Ward,Langata  Sub County
773,36.713214130723806,-1.310634052077552,False,1038.5987548828125,313.7296598919772,True,POINT (36.713214130723806 -1.310634052077552),1100.0,Karen Ward,Langata  Sub County
774,36.72196588927852,-1.3081907096948293,False,1671.825927734375,505.0086736969711,True,POINT (36.72196588927852 -1.3081907096948293),1100.0,Karen Ward,Langata  Sub County
775,36.73417796360564,-1.30901612028875,False,8171.8662109375,2468.476680707591,True,POINT (36.73417796360564 -1.30901612028875),1100.0,Karen Ward,Langata  Sub County
776,36.74549371948252,-1.3074181523452961,False,13573.11328125,4100.032080129264,True,POINT (36.74549371948252 -1.3074181523452961),1100.0,Karen Ward,Langata  Sub County
777,36.751897092016165,-1.3114000960240548,True,9207.8505859375,2781.4166145310487,True,POINT (36.751897092016165 -1.3114000960240548),1100.0,Karen Ward,Langata  Sub County
778,36.76306391356991,-1.304960261072737,True,7215.3701171875,2179.547782257245,True,POINT (36.76306391356991 -1.304960261072737),934.0,Woodley/kenyatta Golf Course Ward,Kibra  Sub County
779,36.76456732238741,-1.3098846954343077,True,62435.8046875,18859.991577692046,True,POINT (36.76456732238741 -1.3098846954343077),934.0,Woodley/kenyatta Golf Course Ward,Kibra  Sub County
780,36.77323946027568,-1.3115218978177847,True,150154.765625,45357.26942596432,True,POINT (36.77323946027568 -1.3115218978177847),1195.0,Sarang'ombe Ward,Kibra  Sub County
781,36.786427842114136,-1.3089185760995603,True,204715.171875,61838.3383815226,True,POINT (36.786427842114136 -1.3089185760995603),1194.0,Makina Ward,Kibra  Sub County
782,36.79158034300262,-1.3070359224754546,True,163074.015625,49259.78894036211,True,POINT (36.79158034300262 -1.3070359224754546),934.0,Woodley/kenyatta Golf Course Ward,Kibra  Sub County
783,36.80382513187401,-1.3105532100509434,True,82436.625,24901.6419500817,True,POINT (36.80382513187401 -1.3105532100509434),934.0,Woodley/kenyatta Golf Course Ward,Kibra  Sub County
784,36.81142166759402,-1.3128670604509032,True,39302.0859375,11871.986170066595,True,POINT (36.81142166759402 -1.3128670604509032),1169.0,Nairobi West Ward,Langata  Sub County
785,36.82118389468956,-1.3074569076620774,True,32921.5234375,9944.608832443684,True,POINT (36.82118389468956 -1.3074569076620774),1169.0,Nairobi West Ward,Langata  Sub County
786,36.82717062069704,-1.3090863145446465,True,53327.60546875,16108.67666450478,True,POINT (36.82717062069704 -1.3090863145446465),1169.0,Nairobi West Ward,Langata  Sub County
787,36.84368358254349,-1.3057428344185145,True,59140.125,17864.465189266004,True,POINT (36.84368358254349 -1.3057428344185145),1043.0,Landimawe Ward,Starehe  Sub County
788,36.848485109093865,-1.3073829682780997,True,36058.79296875,10892.284244532524,True,POINT (36.848485109093865 -1.3073829682780997),1043.0,Landimawe Ward,Starehe  Sub County
789,36.8596369680735,-1.3064848303724035,True,33316.96875,10064.061049012633,True,POINT (36.8596369680735 -1.3064848303724035),1034.0,Viwandani Ward,Makadara  Sub County
790,36.86650998834491,-1.3107198156478752,True,55539.8359375,16776.925407631683,True,POINT (36.86650998834491 -1.3107198156478752),1034.0,Viwandani Ward,Makadara  Sub County
791,36.87810909262238,-1.3106675542168953,True,78467.203125,23702.598172148384,True,POINT (36.87810909262238 -1.3106675542168953),596.0,Imara Daima Ward,Embakasi South Sub County
792,36.88731921467893,-1.313099529283553,True,142805.359375,43137.23333177448,True,POINT (36.88731921467893 -1.313099529283553),1208.0,Kware Ward,Embakasi South Sub County
793,36.89403841431468,-1.313130103847084,True,48013.9765625,14503.588095206342,True,POINT (36.89403841431468 -1.313130103847084),1030.0,Utawala Ward,Embakasi East Sub County
794,36.89992289167831,-1.308662340296704,True,17850.2109375,5392.015521002433,True,POINT (36.89992289167831 -1.308662340296704),1030.0,Utawala Ward,Embakasi East Sub County
795,36.91105998653108,-1.3074715470046512,True,15685.974609375,4738.264374126536,True,POINT (36.91105998653108 -1.3074715470046512),1029.0,Embakasi Ward,Embakasi East Sub County
796,36.921308646066436,-1.3086580722476626,True,9345.3056640625,2822.937687715319,True,POINT (36.921308646066436 -1.3086580722476626),1029.0,Embakasi Ward,Embakasi East Sub County
797,36.929010002048734,-1.3081863025391354,True,4662.53515625,1408.4125962289909,True,POINT (36.929010002048734 -1.3081863025391354),1029.0,Embakasi Ward,Embakasi East Sub County
798,36.93611268366447,-1.3076953348149867,True,2932.23974609375,885.7420384328572,True,POINT (36.93611268366447 -1.3076953348149867),1029.0,Embakasi Ward,Embakasi East Sub County
799,36.946060263137994,-1.3051283093158668,True,1791.3370361328125,541.1094096307298,True,POINT (36.946060263137994 -1.3051283093158668),1029.0,Embakasi Ward,Embakasi East Sub County
800,36.957779996091595,-1.3074538201966794,False,956.8101806640625,289.023774725002,True,POINT (36.957779996091595 -1.3074538201966794),1029.0,Embakasi Ward,Embakasi East Sub County
801,36.96592282681156,-1.3063454301615116,False,693.986083984375,209.6324659302614,True,POINT (36.96592282681156 -1.3063454301615116),1029.0,Embakasi Ward,Embakasi East Sub County
802,36.971553616875475,-1.3079003469827681,False,637.14892578125,192.4636582184662,True,POINT (36.971553616875475 -1.3079003469827681),1029.0,Embakasi Ward,Embakasi East Sub County
816,36.66777450291633,-1.3207720836509225,False,2200.228271484375,664.6232378503008,True,POINT (36.66777450291633 -1.3207720836509225),1100.0,Karen Ward,Langata  Sub County
817,36.681299915953865,-1.3209583864006629,False,1586.3817138671875,479.19852898972584,True,POINT (36.681299915953865 -1.3209583864006629),1100.0,Karen Ward,Langata  Sub County
818,36.691642271148694,-1.316508141696576,False,1362.2230224609375,411.48688415471116,True,POINT (36.691642271148694 -1.316508141696576),1100.0,Karen Ward,Langata  Sub County
819,36.69410121210019,-1.3141657077354585,False,1658.6422119140625,501.026266958109,True,POINT (36.69410121210019 -1.3141657077354585),1100.0,Karen Ward,Langata  Sub County
820,36.70234770671288,-1.3165685899736166,False,1957.2896728515625,591.2387440162931,True,POINT (36.70234770671288 -1.3165685899736166),1100.0,Karen Ward,Langata  Sub County
821,36.71475538257512,-1.318966948169457,False,1947.888916015625,588.399056185935,True,POINT (36.71475538257512 -1.318966948169457),1100.0,Karen Ward,Langata  Sub County
822,36.72583241307483,-1.321068428348346,False,1567.1441650390625,473.38744013310196,True,POINT (36.72583241307483 -1.321068428348346),1100.0,Karen Ward,Langata  Sub County
823,36.73699170429301,-1.3173877185549687,False,1387.857421875,419.2302704931787,True,POINT (36.73699170429301 -1.3173877185549687),1100.0,Karen Ward,Langata  Sub County
824,36.73998702847285,-1.3209944951751118,False,1636.65625,494.38496460600373,True,POINT (36.73998702847285 -1.3209944951751118),1100.0,Karen Ward,Langata  Sub County
825,36.74811681120453,-1.3169631011264076,False,1546.8507080078125,467.25739294932225,True,POINT (36.74811681120453 -1.3169631011264076),1100.0,Karen Ward,Langata  Sub County
826,36.76386788869874,-1.316130405967955,True,2860.20654296875,863.9829594708515,True,POINT (36.76386788869874 -1.316130405967955),1100.0,Karen Ward,Langata  Sub County
827,36.76775999994016,-1.3191363266016451,True,40080.41015625,12107.09466724718,True,POINT (36.76775999994016 -1.3191363266016451),1170.0,Mugumo-ini Ward,Langata  Sub County
828,36.77793619698013,-1.3139064756470131,True,105931.28125,31998.67579490188,True,POINT (36.77793619698013 -1.3139064756470131),1195.0,Sarang'ombe Ward,Kibra  Sub County
829,36.78442157583761,-1.3173338291305765,True,168872.4375,51011.31898428095,True,POINT (36.78442157583761 -1.3173338291305765),1170.0,Mugumo-ini Ward,Langata  Sub County
830,36.79669930373017,-1.3159563948156479,True,155646.9375,47016.290492869455,True,POINT (36.79669930373017 -1.3159563948156479),1192.0,Lindi Ward,Kibra  Sub County
831,36.80696097293133,-1.3147394824230534,True,77466.671875,23400.367568367994,True,POINT (36.80696097293133 -1.3147394824230534),1185.0,Nyayo Highrise Ward,Langata  Sub County
832,36.81715414355581,-1.320624669681761,True,32598.029296875,9846.89091564647,True,POINT (36.81715414355581 -1.320624669681761),1169.0,Nairobi West Ward,Langata  Sub County
833,36.82095600002304,-1.3218238651242236,True,29357.583984375,8868.049182003257,True,POINT (36.82095600002304 -1.3218238651242236),1169.0,Nairobi West Ward,Langata  Sub County
834,36.827418381402275,-1.3157754102829038,True,41745.1953125,12609.976534193436,True,POINT (36.827418381402275 -1.3157754102829038),1178.0,South C Ward,Langata  Sub County
835,36.84123884570234,-1.3153451942966299,True,47076.9375,14220.536584696114,True,POINT (36.84123884570234 -1.3153451942966299),1044.0,Nairobi South Ward,Starehe  Sub County
836,36.85171513400512,-1.3158779290852982,True,32088.78125,9693.062292421542,True,POINT (36.85171513400512 -1.3158779290852982),1044.0,Nairobi South Ward,Starehe  Sub County
837,36.85917287176026,-1.3136222525441419,True,27802.142578125,8398.196795727506,True,POINT (36.85917287176026 -1.3136222525441419),1034.0,Viwandani Ward,Makadara  Sub County
838,36.8668967671607,-1.3211786631636555,True,51674.6015625,15609.353561266093,True,POINT (36.8668967671607 -1.3211786631636555),1044.0,Nairobi South Ward,Starehe  Sub County
839,36.871375681034394,-1.3142774785403202,True,85774.3125,25909.85764384965,True,POINT (36.871375681034394 -1.3142774785403202),596.0,Imara Daima Ward,Embakasi South Sub County
840,36.8862080000422,-1.3205855811566178,True,165982.5625,50138.37407016672,True,POINT (36.8862080000422 -1.3205855811566178),1204.0,Kwa Njenga Ward,Embakasi South Sub County
841,36.89006262575993,-1.3205362048872595,True,68384.2421875,20656.836860810312,True,POINT (36.89006262575993 -1.3205362048872595),1208.0,Kware Ward,Embakasi South Sub County
842,36.901911082144814,-1.3203806801921536,True,20485.9375,6188.189783809707,True,POINT (36.901911082144814 -1.3203806801921536),1030.0,Utawala Ward,Embakasi East Sub County
843,36.907101195972245,-1.3222360211298103,True,12777.7880859375,3859.788095764903,True,POINT (36.907101195972245 -1.3222360211298103),1029.0,Embakasi Ward,Embakasi East Sub County
844,36.923395870359094,-1.3218678976302516,True,10770.46484375,3253.4357050037547,True,POINT (36.923395870359094 -1.3218678976302516),1029.0,Embakasi Ward,Embakasi East Sub County
845,36.93166040693685,-1.319358374311998,True,6858.74169921875,2071.820990027676,True,POINT (36.93166040693685 -1.319358374311998),1029.0,Embakasi Ward,Embakasi East Sub County
846,36.94022352155834,-1.3201965512302114,True,4179.1669921875,1262.4015125443698,True,POINT (36.94022352155834 -1.3201965512302114),1029.0,Embakasi Ward,Embakasi East Sub County
847,36.94439038016684,-1.3189933268243137,True,2463.802490234375,744.2411361156048,True,POINT (36.94439038016684 -1.3189933268243137),1029.0,Embakasi Ward,Embakasi East Sub County
848,36.9597315808109,-1.3144502225145847,False,1176.121337890625,355.2711242849086,True,POINT (36.9597315808109 -1.3144502225145847),1029.0,Embakasi Ward,Embakasi East Sub County
849,36.960859071159746,-1.3165944345478162,False,793.9842529296875,239.83892572577037,True,POINT (36.960859071159746 -1.3165944345478162),1029.0,Embakasi Ward,Embakasi East Sub County
850,36.97176707560015,-1.3134459951440887,False,539.089111328125,162.84271741450723,True,POINT (36.97176707560015 -1.3134459951440887),1029.0,Embakasi Ward,Embakasi East Sub County
851,36.97862229319365,-1.3215086973064356,False,376.6932373046875,113.78777479522587,True,POINT (36.97862229319365 -1.3215086973064356),,,
864,36.67144075012681,-1.324650277135896,False,9842.267578125,2973.055037216365,True,POINT (36.67144075012681 -1.324650277135896),,,
865,36.6813647078803,-1.3258925328518227,False,8117.44580078125,2452.037900390135,True,POINT (36.6813647078803 -1.3258925328518227),1100.0,Karen Ward,Langata  Sub County
866,36.69181287727777,-1.3229467466037081,False,2491.689453125,752.664954594073,True,POINT (36.69181287727777 -1.3229467466037081),1100.0,Karen Ward,Langata  Sub County
867,36.7008557201559,-1.3280116027476045,False,2032.60498046875,613.9892487057253,True,POINT (36.7008557201559 -1.3280116027476045),1100.0,Karen Ward,Langata  Sub County
868,36.70649905673785,-1.3304768515831902,False,2624.66552734375,792.833054490482,True,POINT (36.70649905673785 -1.3304768515831902),1100.0,Karen Ward,Langata  Sub County
869,36.713688328413106,-1.3249528052663682,False,2374.192138671875,717.1725256572033,True,POINT (36.713688328413106 -1.3249528052663682),1100.0,Karen Ward,Langata  Sub County
870,36.72679065203149,-1.3240343818678968,False,1230.8154296875,371.7925756508601,True,POINT (36.72679065203149 -1.3240343818678968),1100.0,Karen Ward,Langata  Sub County
871,36.732997025002426,-1.3224088879560418,False,822.124267578125,248.3391835813709,True,POINT (36.732997025002426 -1.3224088879560418),1100.0,Karen Ward,Langata  Sub County
872,36.74409364979144,-1.330139424593866,False,1503.946533203125,454.29732333038714,True,POINT (36.74409364979144 -1.330139424593866),1100.0,Karen Ward,Langata  Sub County
873,36.75410163658521,-1.3283762965575518,True,1777.3382568359375,536.8807965623395,True,POINT (36.75410163658521 -1.3283762965575518),1100.0,Karen Ward,Langata  Sub County
874,36.762366911700866,-1.3276438959272703,True,1781.8709716796875,538.2499943200215,True,POINT (36.762366911700866 -1.3276438959272703),1100.0,Karen Ward,Langata  Sub County
875,36.769033386938744,-1.3279673253702937,True,4866.61474609375,1470.0589442643281,True,POINT (36.769033386938744 -1.3279673253702937),1170.0,Mugumo-ini Ward,Langata  Sub County
876,36.77636354420977,-1.3291047230821076,True,13140.9951171875,3969.5020905571405,True,POINT (36.77636354420977 -1.3291047230821076),1170.0,Mugumo-ini Ward,Langata  Sub County
877,36.784558394737495,-1.3227132785132991,True,22893.859375,6915.551055271503,True,POINT (36.784558394737495 -1.3227132785132991),1170.0,Mugumo-ini Ward,Langata  Sub County
878,36.79862192907374,-1.322980238316347,True,22123.646484375,6682.892748024195,True,POINT (36.79862192907374 -1.322980238316347),1170.0,Mugumo-ini Ward,Langata  Sub County
879,36.80750131852062,-1.329426796604361,True,14505.474609375,4381.670586813294,True,POINT (36.80750131852062 -1.329426796604361),1169.0,Nairobi West Ward,Langata  Sub County
880,36.81093381123709,-1.328317597115876,True,10787.453125,3258.567357312844,True,POINT (36.81093381123709 -1.328317597115876),1169.0,Nairobi West Ward,Langata  Sub County
881,36.81817563974218,-1.3306349462734326,True,15118.5908203125,4566.874679758103,True,POINT (36.81817563974218 -1.3306349462734326),1169.0,Nairobi West Ward,Langata  Sub County
882,36.83170670380125,-1.3252983390960413,True,16721.7109375,5051.129380398457,True,POINT (36.83170670380125 -1.3252983390960413),1178.0,South C Ward,Langata  Sub County
883,36.8409323308797,-1.3298861123356744,True,14721.3466796875,4446.879090945344,True,POINT (36.8409323308797 -1.3298861123356744),1170.0,Mugumo-ini Ward,Langata  Sub County
884,36.84801733760755,-1.3251172953456056,True,14457.3359375,4367.129331988952,True,POINT (36.84801733760755 -1.3251172953456056),1044.0,Nairobi South Ward,Starehe  Sub County
885,36.85495636155238,-1.323029137857221,True,17077.6875,5158.659266562476,True,POINT (36.85495636155238 -1.323029137857221),1044.0,Nairobi South Ward,Starehe  Sub County
886,36.869633503058814,-1.3298975996595974,True,24460.861328125,7388.8955374333755,True,POINT (36.869633503058814 -1.3298975996595974),1044.0,Nairobi South Ward,Starehe  Sub County
887,36.8777779338952,-1.328698440165067,True,40479.2578125,12227.574630231677,True,POINT (36.8777779338952 -1.328698440165067),596.0,Imara Daima Ward,Embakasi South Sub County
888,36.88312680048301,-1.3284675324246353,True,101688.90625,30717.181031282213,True,POINT (36.88312680048301 -1.3284675324246353),596.0,Imara Daima Ward,Embakasi South Sub County
889,36.891487808949186,-1.3243845471440057,True,67559.625,20407.74464058649,True,POINT (36.891487808949186 -1.3243845471440057),1208.0,Kware Ward,Embakasi South Sub County
890,36.90464291774102,-1.3253146331935792,True,24565.2265625,7420.421157246688,True,POINT (36.90464291774102 -1.3253146331935792),1029.0,Embakasi Ward,Embakasi East Sub County
891,36.914951622428866,-1.324995952599063,True,10875.4208984375,3285.139793985094,True,POINT (36.914951622428866 -1.324995952599063),1029.0,Embakasi Ward,Embakasi East Sub County
892,36.92434191822096,-1.3249613363125146,True,11188.654296875,3379.7582470658444,True,POINT (36.92434191822096 -1.3249613363125146),1029.0,Embakasi Ward,Embakasi East Sub County
893,36.93212264961821,-1.3287803211298699,True,7620.49755859375,2301.9246807541344,True,POINT (36.93212264961821 -1.3287803211298699),1029.0,Embakasi Ward,Embakasi East Sub County
894,36.937501489909344,-1.3285434202863622,True,5588.99951171875,1688.2698036218947,True,POINT (36.937501489909344 -1.3285434202863622),1029.0,Embakasi Ward,Embakasi East Sub County
895,36.95006781331259,-1.3250673469389715,False,3827.58544921875,1156.1992304972205,True,POINT (36.95006781331259 -1.3250673469389715),1029.0,Embakasi Ward,Embakasi East Sub County
896,36.95231034898142,-1.3240225807759163,False,1430.8851318359375,432.22765639270125,True,POINT (36.95231034898142 -1.3240225807759163),1029.0,Embakasi Ward,Embakasi East Sub County
897,36.96028257726181,-1.3264831829076613,False,841.5813598632812,254.21658995838666,True,POINT (36.96028257726181 -1.3264831829076613),,,
898,36.969602466204385,-1.3289492663199591,False,538.1029052734375,162.5448140243232,True,POINT (36.969602466204385 -1.3289492663199591),,,
912,36.67073933251628,-1.3370988286499494,False,23882.888671875,7214.307262587394,True,POINT (36.67073933251628 -1.3370988286499494),,,
913,36.6757290530758,-1.3378637441850785,False,19331.615234375,5839.503508096686,True,POINT (36.6757290530758 -1.3378637441850785),,,
914,36.68870248054681,-1.336692940644799,False,5502.7001953125,1662.2013579803456,True,POINT (36.68870248054681 -1.336692940644799),1100.0,Karen Ward,Langata  Sub County
915,36.69337271054301,-1.33947980456452,False,1793.697998046875,541.8225857007322,True,POINT (36.69337271054301 -1.33947980456452),1100.0,Karen Ward,Langata  Sub County
916,36.7096435711938,-1.3380134196213147,False,2000.21630859375,604.2055984135169,True,POINT (36.7096435711938 -1.3380134196213147),1100.0,Karen Ward,Langata  Sub County
917,36.71177338301827,-1.3325260276488895,False,2014.50048828125,608.520422414727,True,POINT (36.71177338301827 -1.3325260276488895),1100.0,Karen Ward,Langata  Sub County
918,36.727720358454,-1.3333567152795205,False,1236.4234619140625,373.4865946691105,True,POINT (36.727720358454 -1.3333567152795205),1100.0,Karen Ward,Langata  Sub County
919,36.732423199951135,-1.3346692420909052,False,1210.2978515625,365.5948281793742,True,POINT (36.732423199951135 -1.3346692420909052),1100.0,Karen Ward,Langata  Sub County
920,36.74488728452966,-1.3327415698973177,False,1923.663818359375,581.0813778112841,True,POINT (36.74488728452966 -1.3327415698973177),1100.0,Karen Ward,Langata  Sub County
921,36.75062308633969,-1.337505949377823,True,2316.356201171875,699.7020165543343,True,POINT (36.75062308633969 -1.337505949377823),1100.0,Karen Ward,Langata  Sub County
922,36.76214782814269,-1.3379205848823914,True,2748.138671875,830.1306031900785,True,POINT (36.76214782814269 -1.3379205848823914),1100.0,Karen Ward,Langata  Sub County
923,36.76480387643913,-1.3378700652488,True,3789.971435546875,1144.8371605342338,True,POINT (36.76480387643913 -1.3378700652488),1100.0,Karen Ward,Langata  Sub County
924,36.779427263236336,-1.3384336011886262,True,4075.648193359375,1231.1315756259128,True,POINT (36.779427263236336 -1.3384336011886262),1170.0,Mugumo-ini Ward,Langata  Sub County
925,36.78449116114707,-1.33682187727558,True,3819.5537109375,1153.7730822783135,True,POINT (36.78449116114707 -1.33682187727558),1170.0,Mugumo-ini Ward,Langata  Sub County
926,36.795411231386495,-1.3361617851522054,True,2960.254638671875,894.2045006485347,True,POINT (36.795411231386495 -1.3361617851522054),1170.0,Mugumo-ini Ward,Langata  Sub County
927,36.8032017466918,-1.337528461375261,True,3307.5849609375,999.12261590938,True,POINT (36.8032017466918 -1.337528461375261),1170.0,Mugumo-ini Ward,Langata  Sub County
928,36.813013545058865,-1.3387944632804623,True,2767.924560546875,836.1073291340532,True,POINT (36.813013545058865 -1.3387944632804623),1170.0,Mugumo-ini Ward,Langata  Sub County
929,36.819598159274356,-1.3388634314992793,True,4716.66064453125,1424.7622894576139,True,POINT (36.819598159274356 -1.3388634314992793),1170.0,Mugumo-ini Ward,Langata  Sub County
930,36.83126675718866,-1.336429212210038,True,4933.05810546875,1490.1294984035455,True,POINT (36.83126675718866 -1.336429212210038),1170.0,Mugumo-ini Ward,Langata  Sub County
931,36.83544452965244,-1.33283792088938,True,2817.332275390625,851.0319239317029,True,POINT (36.83544452965244 -1.33283792088938),1170.0,Mugumo-ini Ward,Langata  Sub County
932,36.85298567281236,-1.3329508204858571,True,3308.223876953125,999.3156133526555,True,POINT (36.85298567281236 -1.3329508204858571),1170.0,Mugumo-ini Ward,Langata  Sub County
933,36.85590166804592,-1.3377986581396573,True,7406.6025390625,2237.3133846066644,True,POINT (36.85590166804592 -1.3377986581396573),1170.0,Mugumo-ini Ward,Langata  Sub County
934,36.86904600175025,-1.3347574281273424,True,13208.625,3989.931057984214,True,POINT (36.86904600175025 -1.3347574281273424),1178.0,South C Ward,Langata  Sub County
935,36.874565666691865,-1.3361981272513517,True,19298.6796875,5829.554663202667,True,POINT (36.874565666691865 -1.3361981272513517),1178.0,South C Ward,Langata  Sub County
936,36.88017892410465,-1.3318995757232448,True,44741.546875,13515.084837280114,True,POINT (36.88017892410465 -1.3318995757232448),1178.0,South C Ward,Langata  Sub County
937,36.895512045417746,-1.3314632727263305,True,38725.1328125,11697.705865156844,True,POINT (36.895512045417746 -1.3314632727263305),951.0,Pipeline Ward,Embakasi South Sub County
938,36.9016555388625,-1.3382203730686717,True,35116.3828125,10607.610287040232,True,POINT (36.9016555388625 -1.3382203730686717),951.0,Pipeline Ward,Embakasi South Sub County
939,36.91344396725195,-1.3344822606197855,True,26232.19140625,7923.961442677301,True,POINT (36.91344396725195 -1.3344822606197855),1029.0,Embakasi Ward,Embakasi East Sub County
940,36.91885498872051,-1.3320961808614409,True,16268.259765625,4914.155326403935,True,POINT (36.91885498872051 -1.3320961808614409),1029.0,Embakasi Ward,Embakasi East Sub County
941,36.926466178253236,-1.3360899868141443,True,7435.9296875,2246.1722401190964,True,POINT (36.926466178253236 -1.3360899868141443),1029.0,Embakasi Ward,Embakasi East Sub County
942,36.93805970187337,-1.336456408169741,True,5079.28662109375,1534.300764985428,True,POINT (36.93805970187337 -1.336456408169741),1029.0,Embakasi Ward,Embakasi East Sub County
943,36.948278795878984,-1.3338292554943205,True,3578.751708984375,1081.0339904790121,True,POINT (36.948278795878984 -1.3338292554943205),,,
944,36.95509224061149,-1.3320546802295112,False,1600.440673828125,483.4453208390744,True,POINT (36.95509224061149 -1.3320546802295112),,,
945,36.96889944455926,-1.33530419876535,False,1010.111572265625,305.1245329632632,True,POINT (36.96889944455926 -1.33530419876535),,,
960,36.67070490521986,-1.3465264266738153,False,24864.908203125,7510.94602909651,True,POINT (36.67070490521986 -1.3465264266738153),,,
961,36.683859791356255,-1.3450831650107942,False,17202.810546875,5196.4552014759265,True,POINT (36.683859791356255 -1.3450831650107942),,,
962,36.69020452823945,-1.346367030769283,False,7289.44970703125,2201.9250135194175,True,POINT (36.69020452823945 -1.346367030769283),1100.0,Karen Ward,Langata  Sub County
963,36.69316388657422,-1.3437533681239706,False,2599.36083984375,785.1892642724363,True,POINT (36.69316388657422 -1.3437533681239706),1100.0,Karen Ward,Langata  Sub County
964,36.705237760688604,-1.3443881137759683,False,2199.040283203125,664.2643820769043,True,POINT (36.705237760688604 -1.3443881137759683),1100.0,Karen Ward,Langata  Sub County
965,36.71157104640507,-1.3447379938618989,False,2245.205078125,678.2093876353375,True,POINT (36.71157104640507 -1.3447379938618989),1100.0,Karen Ward,Langata  Sub County
966,36.72108991664545,-1.3409639267940852,False,2499.539794921875,755.0363083535403,True,POINT (36.72108991664545 -1.3409639267940852),1100.0,Karen Ward,Langata  Sub County
967,36.735315743063026,-1.3412081219195688,False,2788.13330078125,842.2117859040703,True,POINT (36.735315743063026 -1.3412081219195688),1100.0,Karen Ward,Langata  Sub County
968,36.742144032443896,-1.3399788788347138,False,2950.753173828125,891.3343919372628,True,POINT (36.742144032443896 -1.3399788788347138),1100.0,Karen Ward,Langata  Sub County
969,36.7521308872346,-1.3472918218748564,True,3606.6044921875,1089.4474842948673,True,POINT (36.7521308872346 -1.3472918218748564),1100.0,Karen Ward,Langata  Sub County
970,36.76338804133347,-1.3424797558332242,True,5681.7109375,1716.2751559696678,True,POINT (36.76338804133347 -1.3424797558332242),1100.0,Karen Ward,Langata  Sub County
971,36.76745196454958,-1.3460922070132852,True,5407.54638671875,1633.4582347412736,True,POINT (36.76745196454958 -1.3460922070132852),1170.0,Mugumo-ini Ward,Langata  Sub County
972,36.77356046215537,-1.3415303086421018,True,764.2257690429688,230.8497766585403,True,POINT (36.77356046215537 -1.3415303086421018),1170.0,Mugumo-ini Ward,Langata  Sub County
973,36.78514493613618,-1.3423964790920102,True,656.8966064453125,198.42884266459117,True,POINT (36.78514493613618 -1.3423964790920102),1170.0,Mugumo-ini Ward,Langata  Sub County
974,36.794367743945294,-1.3489763689419434,True,583.4186401367188,176.23334390130765,True,POINT (36.794367743945294 -1.3489763689419434),1170.0,Mugumo-ini Ward,Langata  Sub County
975,36.80211054811672,-1.3461633400820103,True,468.27081298828125,141.45062489770592,True,POINT (36.80211054811672 -1.3461633400820103),1170.0,Mugumo-ini Ward,Langata  Sub County
976,36.810894258164446,-1.3422533016974132,True,394.12628173828125,119.05377677656871,True,POINT (36.810894258164446 -1.3422533016974132),1170.0,Mugumo-ini Ward,Langata  Sub County
977,36.81804596772189,-1.3439919516944805,True,397.5472412109375,120.08714644586104,True,POINT (36.81804596772189 -1.3439919516944805),1170.0,Mugumo-ini Ward,Langata  Sub County
978,36.83514517172158,-1.3400872112335405,True,364.5869445800781,110.1308253898966,True,POINT (36.83514517172158 -1.3400872112335405),1170.0,Mugumo-ini Ward,Langata  Sub County
979,36.843287259285454,-1.340909062948619,True,333.1467590332031,100.63368448520266,True,POINT (36.843287259285454 -1.340909062948619),1170.0,Mugumo-ini Ward,Langata  Sub County
980,36.84751371733024,-1.3448664385145501,True,439.2310485839844,132.67857951726333,True,POINT (36.84751371733024 -1.3448664385145501),1170.0,Mugumo-ini Ward,Langata  Sub County
981,36.86013084333913,-1.347430565837466,True,1075.38232421875,324.84087742725984,True,POINT (36.86013084333913 -1.347430565837466),1170.0,Mugumo-ini Ward,Langata  Sub County
982,36.864775088532554,-1.3407709032099175,True,3962.470703125,1196.9440365481632,True,POINT (36.864775088532554 -1.3407709032099175),1170.0,Mugumo-ini Ward,Langata  Sub County
983,36.87491038035017,-1.3409199507726044,True,8880.7138671875,2682.598383689635,True,POINT (36.87491038035017 -1.3409199507726044),1178.0,South C Ward,Langata  Sub County
984,36.88393725542513,-1.3450709486308212,True,19715.994140625,5955.612893901861,True,POINT (36.88393725542513 -1.3450709486308212),1178.0,South C Ward,Langata  Sub County
985,36.889188311280456,-1.3471532795080354,True,19617.58203125,5925.885535325397,True,POINT (36.889188311280456 -1.3471532795080354),1178.0,South C Ward,Langata  Sub County
986,36.90258781613202,-1.3404616622764254,True,39450.33984375,11916.769246655895,True,POINT (36.90258781613202 -1.3404616622764254),951.0,Pipeline Ward,Embakasi South Sub County
987,36.91369660607496,-1.3468072539895295,True,19334.708984375,5840.438037558355,True,POINT (36.91369660607496 -1.3468072539895295),951.0,Pipeline Ward,Embakasi South Sub County
988,36.921853453996555,-1.3483024209250554,True,9518.2939453125,2875.1922801522064,True,POINT (36.921853453996555 -1.3483024209250554),1029.0,Embakasi Ward,Embakasi East Sub County
992,36.9577368765853,-1.3406908610300878,False,805.6200561523438,243.35375430654005,True,POINT (36.9577368765853 -1.3406908610300878),,,
993,36.96204879228983,-1.3432407939431794,False,782.5457763671875,236.38370363469403,True,POINT (36.96204879228983 -1.3432407939431794),,,
1009,36.68160311186797,-1.3539491709516602,False,3337.429443359375,1008.1377425652206,True,POINT (36.68160311186797 -1.3539491709516602),,,
1010,36.68578365728895,-1.3515537996517621,False,2413.947021484375,729.181288237723,True,POINT (36.68578365728895 -1.3515537996517621),,,
1011,36.693738430524476,-1.353782612883927,False,1888.0194091796875,570.3142665313794,True,POINT (36.693738430524476 -1.353782612883927),,,
1012,36.70378036054954,-1.351355012466078,False,1993.5718994140625,602.1985208753182,True,POINT (36.70378036054954 -1.351355012466078),1100.0,Karen Ward,Langata  Sub County
1013,36.713558237738525,-1.3539826328561382,False,2482.35595703125,749.8455842247857,True,POINT (36.713558237738525 -1.3539826328561382),1100.0,Karen Ward,Langata  Sub County
1014,36.72852080270173,-1.3503190389495068,False,2726.260009765625,823.5217129038195,True,POINT (36.72852080270173 -1.3503190389495068),1100.0,Karen Ward,Langata  Sub County
1015,36.73156189907949,-1.3501838363428245,False,2334.41796875,705.1579370170663,True,POINT (36.73156189907949 -1.3501838363428245),1100.0,Karen Ward,Langata  Sub County
1016,36.744366121080624,-1.354262246295809,False,2210.0556640625,667.591799594348,True,POINT (36.744366121080624 -1.354262246295809),1100.0,Karen Ward,Langata  Sub County
1017,36.751433546972294,-1.3572521341299602,True,3491.564208984375,1054.6972511047018,True,POINT (36.751433546972294 -1.3572521341299602),1100.0,Karen Ward,Langata  Sub County
1018,36.761927118705636,-1.3567023985754862,True,4864.5185546875,1469.4257474557826,True,POINT (36.761927118705636 -1.3567023985754862),1100.0,Karen Ward,Langata  Sub County
1019,36.770268185983085,-1.3525962470820243,True,3248.693115234375,981.333148479355,True,POINT (36.770268185983085 -1.3525962470820243),1170.0,Mugumo-ini Ward,Langata  Sub County
1020,36.781794111724516,-1.35762812147136,True,130.5873565673828,39.446539647257715,True,POINT (36.781794111724516 -1.35762812147136),1170.0,Mugumo-ini Ward,Langata  Sub County
1021,36.78789639816461,-1.3578121017598763,True,78.30445861816406,23.65343791797045,True,POINT (36.78789639816461 -1.3578121017598763),1170.0,Mugumo-ini Ward,Langata  Sub County
1022,36.79708720649803,-1.35260002466894,True,62.91875457763672,19.00587631331794,True,POINT (36.79708720649803 -1.35260002466894),1170.0,Mugumo-ini Ward,Langata  Sub County
1023,36.805197657880285,-1.3515266655749865,True,55.1194953918457,16.649953084771724,True,POINT (36.805197657880285 -1.3515266655749865),1170.0,Mugumo-ini Ward,Langata  Sub County
1024,36.81323482217978,-1.353273167644942,True,53.331077575683594,16.109725484294195,True,POINT (36.81323482217978 -1.353273167644942),1170.0,Mugumo-ini Ward,Langata  Sub County
1025,36.82310073250862,-1.3524680595316525,True,51.90111541748047,15.677776630665845,True,POINT (36.82310073250862 -1.3524680595316525),1170.0,Mugumo-ini Ward,Langata  Sub County
1026,36.82863659832745,-1.3579381333805773,True,48.46525192260742,14.6399049014595,True,POINT (36.82863659832745 -1.3579381333805773),1170.0,Mugumo-ini Ward,Langata  Sub County
1027,36.842266160023364,-1.354073953883252,True,46.397918701171875,14.015425288524145,True,POINT (36.842266160023364 -1.354073953883252),1170.0,Mugumo-ini Ward,Langata  Sub County
1028,36.851211609075634,-1.3524995595572542,True,51.29290008544922,15.49405294684458,True,POINT (36.851211609075634 -1.3524995595572542),1170.0,Mugumo-ini Ward,Langata  Sub County
1029,36.860607161026515,-1.3519410959879166,True,71.53385162353516,21.60823978952975,True,POINT (36.860607161026515 -1.3519410959879166),1170.0,Mugumo-ini Ward,Langata  Sub County
1030,36.86835244693982,-1.3508671579790024,True,125.0071792602539,37.76093476811456,True,POINT (36.86835244693982 -1.3508671579790024),1170.0,Mugumo-ini Ward,Langata  Sub County
1031,36.87641778327703,-1.357531828322947,True,245.68414306640625,74.21384079530543,True,POINT (36.87641778327703 -1.357531828322947),1170.0,Mugumo-ini Ward,Langata  Sub County
1032,36.87988947377327,-1.3567831678035056,True,1754.13037109375,529.8703875218146,True,POINT (36.87988947377327 -1.3567831678035056),1170.0,Mugumo-ini Ward,Langata  Sub County
1033,36.8931395288265,-1.3538986648150588,True,4825.03857421875,1457.5000246617085,True,POINT (36.8931395288265 -1.3538986648150588),1178.0,South C Ward,Langata  Sub County
1034,36.90364121022301,-1.3520793535461235,True,9662.982421875,2918.898346935777,True,POINT (36.90364121022301 -1.3520793535461235),1178.0,South C Ward,Langata  Sub County
1035,36.90719658499871,-1.3533884323850758,True,13186.865234375,3983.3580827743303,True,POINT (36.90719658499871 -1.3533884323850758),1178.0,South C Ward,Langata  Sub County
1059,36.698986007260594,-1.360916031491701,False,1834.869384765625,554.2592317989763,True,POINT (36.698986007260594 -1.360916031491701),,,
1060,36.7067793933029,-1.366507402207151,False,2676.543701171875,808.5039011522912,True,POINT (36.7067793933029 -1.366507402207151),,,
1061,36.71564592566925,-1.3579806428840315,False,6595.2587890625,1992.2306733610671,True,POINT (36.71564592566925 -1.3579806428840315),1100.0,Karen Ward,Langata  Sub County
1062,36.72032605350486,-1.3629289898780113,False,7275.173828125,2197.6126969362704,True,POINT (36.72032605350486 -1.3629289898780113),1100.0,Karen Ward,Langata  Sub County
1063,36.73319720012976,-1.3636592055748131,False,3195.35693359375,965.2218812095055,True,POINT (36.73319720012976 -1.3636592055748131),1100.0,Karen Ward,Langata  Sub County
1064,36.74414709993428,-1.3642573144624135,False,1985.9443359375,599.8944617918115,True,POINT (36.74414709993428 -1.3642573144624135),1100.0,Karen Ward,Langata  Sub County
1065,36.74803016939677,-1.3655599928974516,False,3510.884765625,1060.5334141419576,True,POINT (36.74803016939677 -1.3655599928974516),1100.0,Karen Ward,Langata  Sub County
1066,36.76015595872927,-1.3660339335521523,True,4927.35693359375,1488.4073446796742,True,POINT (36.76015595872927 -1.3660339335521523),1100.0,Karen Ward,Langata  Sub County
1067,36.772000949544186,-1.3664075671708824,True,3662.034423828125,1106.1912108973615,True,POINT (36.772000949544186 -1.3664075671708824),1170.0,Mugumo-ini Ward,Langata  Sub County
1068,36.78004047806961,-1.3589648034781316,True,150.80587768554688,45.55395093010302,True,POINT (36.78004047806961 -1.3589648034781316),1170.0,Mugumo-ini Ward,Langata  Sub County
1069,36.790220021694104,-1.366372288264836,True,75.67037963867188,22.857761340774925,True,POINT (36.790220021694104 -1.366372288264836),1170.0,Mugumo-ini Ward,Langata  Sub County
1070,36.79878232561072,-1.3663807640955883,True,58.77790451049805,17.755049199266885,True,POINT (36.79878232561072 -1.3663807640955883),1170.0,Mugumo-ini Ward,Langata  Sub County
1071,36.80468142016806,-1.3611987967028074,True,51.360897064208984,15.514592802991807,True,POINT (36.80468142016806 -1.3611987967028074),1170.0,Mugumo-ini Ward,Langata  Sub County
1072,36.81615264201309,-1.3597490223581314,True,52.08776092529297,15.73415666329258,True,POINT (36.81615264201309 -1.3597490223581314),1170.0,Mugumo-ini Ward,Langata  Sub County
1073,36.82011872989189,-1.3631478417671503,True,51.21061706542969,15.469197704370766,True,POINT (36.82011872989189 -1.3631478417671503),1170.0,Mugumo-ini Ward,Langata  Sub County
1074,36.832488596984426,-1.3613765363579076,True,44.425743103027344,13.41968995113396,True,POINT (36.832488596984426 -1.3613765363579076),1170.0,Mugumo-ini Ward,Langata  Sub County
1075,36.842958917914444,-1.362432669992287,True,38.092002868652344,11.506456221329605,True,POINT (36.842958917914444 -1.362432669992287),1170.0,Mugumo-ini Ward,Langata  Sub County
1076,36.85246242087664,-1.3617373055509727,True,37.662635803222656,11.376757256476454,True,POINT (36.85246242087664 -1.3617373055509727),1170.0,Mugumo-ini Ward,Langata  Sub County
1077,36.857163541821265,-1.361881844733054,True,41.88899612426758,12.653414463957875,True,POINT (36.857163541821265 -1.361881844733054),1170.0,Mugumo-ini Ward,Langata  Sub County
1078,36.86414486518032,-1.3668665391399664,True,52.06159591674805,15.726252995785494,True,POINT (36.86414486518032 -1.3668665391399664),1170.0,Mugumo-ini Ward,Langata  Sub County
1079,36.87500755765758,-1.3643730788133652,True,67.0154037475586,20.243351656643725,True,POINT (36.87500755765758 -1.3643730788133652),1170.0,Mugumo-ini Ward,Langata  Sub County
1080,36.88700837390316,-1.367006102096985,True,329.7646484375,99.61204990118401,True,POINT (36.88700837390316 -1.367006102096985),1170.0,Mugumo-ini Ward,Langata  Sub County
1081,36.888787009065936,-1.3644403999139545,True,1431.564453125,432.4328590621373,True,POINT (36.888787009065936 -1.3644403999139545),1170.0,Mugumo-ini Ward,Langata  Sub County
1082,36.90130462265558,-1.3594856194145986,True,5554.3115234375,1677.7915985261823,True,POINT (36.90130462265558 -1.3594856194145986),1178.0,South C Ward,Langata  Sub County
1083,36.909191080441175,-1.3666825129025728,True,10062.0185546875,3039.4352430598256,True,POINT (36.909191080441175 -1.3666825129025728),1178.0,South C Ward,Langata  Sub County
1108,36.7096526183568,-1.371646059139764,False,2879.79345703125,869.8995811288996,True,POINT (36.7096526183568 -1.371646059139764),,,
1109,36.71549245329286,-1.374475942592146,False,7800.212890625,2356.2113142884677,True,POINT (36.71549245329286 -1.374475942592146),,,
1110,36.72335027274527,-1.3710479784012115,False,9648.171875,2914.424523130325,True,POINT (36.72335027274527 -1.3710479784012115),,,
1111,36.73307687862205,-1.3723240037129962,False,4950.802734375,1495.4896207467457,True,POINT (36.73307687862205 -1.3723240037129962),1100.0,Karen Ward,Langata  Sub County
1112,36.74543980609387,-1.36921302446311,False,3819.48974609375,1153.753760409709,True,POINT (36.74543980609387 -1.36921302446311),1100.0,Karen Ward,Langata  Sub County
1113,36.74872218296575,-1.3748051767687988,False,4838.103515625,1461.44655319799,True,POINT (36.74872218296575 -1.3748051767687988),1100.0,Karen Ward,Langata  Sub County
1114,36.759174055639356,-1.3718556165334337,True,4761.1904296875,1438.2134074051887,True,POINT (36.759174055639356 -1.3718556165334337),1100.0,Karen Ward,Langata  Sub County
1115,36.76698654589913,-1.3728009615909735,True,3963.251220703125,1197.1798075936933,True,POINT (36.76698654589913 -1.3728009615909735),1100.0,Karen Ward,Langata  Sub County
1116,36.775089388688805,-1.3748812044613867,True,244.10678100585938,73.73736683415792,True,POINT (36.775089388688805 -1.3748812044613867),1170.0,Mugumo-ini Ward,Langata  Sub County
1117,36.78914113224866,-1.3735150678486194,True,158.50115966796875,47.87846575141193,True,POINT (36.78914113224866 -1.3735150678486194),1170.0,Mugumo-ini Ward,Langata  Sub County
1118,36.79158480104137,-1.3735345401232384,True,109.74256134033203,33.1499496635364,True,POINT (36.79158480104137 -1.3735345401232384),1170.0,Mugumo-ini Ward,Langata  Sub County
1119,36.80659210072941,-1.375457424578144,True,81.30552673339844,24.559970950750152,True,POINT (36.80659210072941 -1.375457424578144),1170.0,Mugumo-ini Ward,Langata  Sub County
1120,36.81720685048996,-1.3694956648209786,True,93.35009765625,28.19827604345882,True,POINT (36.81720685048996 -1.3694956648209786),1170.0,Mugumo-ini Ward,Langata  Sub County
1121,36.82592631947273,-1.3756551403291404,True,84.76054382324219,25.603628408860576,True,POINT (36.82592631947273 -1.3756551403291404),1170.0,Mugumo-ini Ward,Langata  Sub County
1122,36.831869220857804,-1.3678630685453201,True,52.41653060913086,15.833468164108787,True,POINT (36.831869220857804 -1.3678630685453201),1170.0,Mugumo-ini Ward,Langata  Sub County
1123,36.84007093575375,-1.3695724052801554,True,37.43244934082031,11.30722480207892,True,POINT (36.84007093575375 -1.3695724052801554),1170.0,Mugumo-ini Ward,Langata  Sub County
1124,36.85218089631704,-1.3714190798698955,True,32.847660064697266,9.922296913890989,True,POINT (36.85218089631704 -1.3714190798698955),1170.0,Mugumo-ini Ward,Langata  Sub County
1125,36.86167639032206,-1.3728343990423484,True,32.82039260864258,9.914060229922384,True,POINT (36.86167639032206 -1.3728343990423484),1170.0,Mugumo-ini Ward,Langata  Sub County
1126,36.868157615704156,-1.3706776429578325,True,36.015953063964844,10.879343588966682,True,POINT (36.868157615704156 -1.3706776429578325),1170.0,Mugumo-ini Ward,Langata  Sub County
1127,36.87957794686403,-1.3748363192468236,True,41.73736572265625,12.607611448979126,True,POINT (36.87957794686403 -1.3748363192468236),1170.0,Mugumo-ini Ward,Langata  Sub County
1128,36.886395975285396,-1.3749810994174811,True,156.52972412109375,47.28295396140421,True,POINT (36.886395975285396 -1.3749810994174811),1170.0,Mugumo-ini Ward,Langata  Sub County
1129,36.892652884082544,-1.3715755863036017,True,362.8643493652344,109.61048083109203,True,POINT (36.892652884082544 -1.3715755863036017),1170.0,Mugumo-ini Ward,Langata  Sub County
1130,36.90012141189997,-1.3704119159382184,True,2055.271728515625,620.8361962128073,True,POINT (36.90012141189997 -1.3704119159382184),1170.0,Mugumo-ini Ward,Langata  Sub County
1131,36.90896717098689,-1.368014472497555,True,5653.880859375,1707.8685206796915,True,POINT (36.90896717098689 -1.368014472497555),1178.0,South C Ward,Langata  Sub County
1157,36.71932411907433,-1.3787955374743914,False,4540.26416015625,1371.4781806630165,True,POINT (36.71932411907433 -1.3787955374743914),,,
1158,36.72621081033469,-1.3791110971259188,False,7658.4248046875,2313.3813688752116,True,POINT (36.72621081033469 -1.3791110971259188),,,
1159,36.72858875510299,-1.3820405235702478,False,8023.4912109375,2423.6570253136038,True,POINT (36.72858875510299 -1.3820405235702478),,,
1160,36.74050432245834,-1.3835802776183976,False,17815.498046875,5381.529793652531,True,POINT (36.74050432245834 -1.3835802776183976),,,
1161,36.755136102247434,-1.3790371753541648,True,33731.296875,10189.2171991898,True,POINT (36.755136102247434 -1.3790371753541648),1100.0,Karen Ward,Langata  Sub County
1162,36.75914064833166,-1.3760812551526558,True,32195.775390625,9725.382026284986,True,POINT (36.75914064833166 -1.3760812551526558),1100.0,Karen Ward,Langata  Sub County
1163,36.77099888783613,-1.376396151755013,True,19916.123046875,6016.0658584343,True,POINT (36.77099888783613 -1.376396151755013),1170.0,Mugumo-ini Ward,Langata  Sub County
1164,36.77668060493716,-1.3763171346647851,True,2778.29150390625,839.2388730522077,True,POINT (36.77668060493716 -1.3763171346647851),1170.0,Mugumo-ini Ward,Langata  Sub County
1165,36.784513718525425,-1.3840750235491954,True,594.4884643554688,179.57720713134228,True,POINT (36.784513718525425 -1.3840750235491954),1170.0,Mugumo-ini Ward,Langata  Sub County
1166,36.79684933275545,-1.3840600933572165,True,295.8429870605469,89.36532927232759,True,POINT (36.79684933275545 -1.3840600933572165),1170.0,Mugumo-ini Ward,Langata  Sub County
1167,36.805864155345304,-1.3791013832851768,True,191.84246826171875,57.94987914016655,True,POINT (36.805864155345304 -1.3791013832851768),1170.0,Mugumo-ini Ward,Langata  Sub County
1168,36.809920380491654,-1.3770280105573012,True,179.48683166503906,54.21761039922958,True,POINT (36.809920380491654 -1.3770280105573012),1170.0,Mugumo-ini Ward,Langata  Sub County
1169,36.81750378538906,-1.379730350323738,True,158.24400329589844,47.80078649292121,True,POINT (36.81750378538906 -1.379730350323738),1170.0,Mugumo-ini Ward,Langata  Sub County
1170,36.83391301757832,-1.3841766904787538,True,117.81912231445312,35.58963747906216,True,POINT (36.83391301757832 -1.3841766904787538),1170.0,Mugumo-ini Ward,Langata  Sub County
1171,36.84061128078297,-1.3838399942397326,True,76.62232971191406,23.145317022223928,True,POINT (36.84061128078297 -1.3838399942397326),1170.0,Mugumo-ini Ward,Langata  Sub County
1172,36.847685214255165,-1.378750113491211,True,41.73231506347656,12.60608579570906,True,POINT (36.847685214255165 -1.378750113491211),1170.0,Mugumo-ini Ward,Langata  Sub County
1173,36.85361806372411,-1.379628093050276,True,30.615571975708008,9.248049776856297,True,POINT (36.85361806372411 -1.379628093050276),1170.0,Mugumo-ini Ward,Langata  Sub County
1174,36.86659939515556,-1.3778182931465033,True,30.47490882873535,9.205559641901296,True,POINT (36.86659939515556 -1.3778182931465033),1170.0,Mugumo-ini Ward,Langata  Sub County
1175,36.8746418360116,-1.3813221461671024,True,34.46461868286133,10.410731812306837,True,POINT (36.8746418360116 -1.3813221461671024),1170.0,Mugumo-ini Ward,Langata  Sub County
1176,36.88842012720089,-1.3839684733940252,True,76.34751892089844,23.062304891124555,True,POINT (36.88842012720089 -1.3839684733940252),1170.0,Mugumo-ini Ward,Langata  Sub County
1177,36.89747518666397,-1.3843121831333682,True,103.51461029052734,31.26867168636458,True,POINT (36.89747518666397 -1.3843121831333682),1170.0,Mugumo-ini Ward,Langata  Sub County
1178,36.898398736613075,-1.3801980644502803,True,275.1048583984375,83.1009600716407,True,POINT (36.898398736613075 -1.3801980644502803),1170.0,Mugumo-ini Ward,Langata  Sub County
1179,36.90970205473528,-1.3777191903497854,True,1311.977783203125,396.3092982492446,True,POINT (36.90970205473528 -1.3777191903497854),1170.0,Mugumo-ini Ward,Langata  Sub County
1180,36.9168192178882,-1.3822235068696989,True,4706.994140625,1421.8423273754386,True,POINT (36.9168192178882 -1.3822235068696989),1170.0,Mugumo-ini Ward,Langata  Sub County
1207,36.7293559615748,-1.388563981867693,False,17760.484375,5364.911806691147,True,POINT (36.7293559615748 -1.388563981867693),,,
1208,36.74442054601118,-1.3848714471169787,False,38016.3515625,11483.604221519307,True,POINT (36.74442054601118 -1.3848714471169787),,,
1211,36.771175365240545,-1.389670378894666,True,38618.2578125,11665.422120117368,True,POINT (36.771175365240545 -1.389670378894666),,,
1212,36.77792304093483,-1.386469167876103,True,3784.873291015625,1143.2971633578943,True,POINT (36.77792304093483 -1.386469167876103),1170.0,Mugumo-ini Ward,Langata  Sub County
1213,36.78435158060353,-1.3917840544310087,True,946.6688232421875,285.9603735800942,True,POINT (36.78435158060353 -1.3917840544310087),,,
1214,36.79246696789606,-1.3889255439446304,True,434.878662109375,131.36385357331426,True,POINT (36.79246696789606 -1.3889255439446304),,,
1215,36.80330265027167,-1.3898311976024296,True,256.9925537109375,77.62977385775929,True,POINT (36.80330265027167 -1.3898311976024296),,,
1216,36.81437283026728,-1.389696755870386,True,193.60813903808594,58.48323553939831,True,POINT (36.81437283026728 -1.389696755870386),,,
1217,36.82235837287037,-1.3900544454369503,True,169.5335235595703,51.21101333559156,True,POINT (36.82235837287037 -1.3900544454369503),,,
1218,36.82817757729596,-1.3852982237738065,True,170.16671752929688,51.4022823197243,True,POINT (36.82817757729596 -1.3852982237738065),1170.0,Mugumo-ini Ward,Langata  Sub County
1219,36.84096971011325,-1.390056700692296,True,127.31083679199219,38.45680089595465,True,POINT (36.84096971011325 -1.390056700692296),,,
1220,36.85124692949281,-1.3853681033390672,True,68.53417205810547,20.70212619616871,True,POINT (36.85124692949281 -1.3853681033390672),1170.0,Mugumo-ini Ward,Langata  Sub County
1221,36.85640242196403,-1.387707573697096,True,43.584320068359375,13.165521186487748,True,POINT (36.85640242196403 -1.387707573697096),1170.0,Mugumo-ini Ward,Langata  Sub County
1222,36.86576519066771,-1.3895963540921403,True,33.25602722167969,10.045652433689975,True,POINT (36.86576519066771 -1.3895963540921403),1170.0,Mugumo-ini Ward,Langata  Sub County
1223,36.87834386168135,-1.3925546266098932,True,32.743934631347656,9.890964558855966,True,POINT (36.87834386168135 -1.3925546266098932),1170.0,Mugumo-ini Ward,Langata  Sub County
1224,36.88259308068309,-1.3934637087920465,True,57.18535614013672,17.273987907554325,True,POINT (36.88259308068309 -1.3934637087920465),1170.0,Mugumo-ini Ward,Langata  Sub County
1225,36.88923553640807,-1.3917900523756783,True,51.20668029785156,15.468008524480503,True,POINT (36.88923553640807 -1.3917900523756783),1170.0,Mugumo-ini Ward,Langata  Sub County
1226,36.90437717027667,-1.3864471243360714,True,98.71113586425781,29.817685546656193,True,POINT (36.90437717027667 -1.3864471243360714),1170.0,Mugumo-ini Ward,Langata  Sub County
1227,36.91007726622579,-1.3925663972336821,True,301.97442626953125,91.21745390529043,True,POINT (36.91007726622579 -1.3925663972336821),1170.0,Mugumo-ini Ward,Langata  Sub County
1261,36.782701524637616,-1.3940669130386678,True,734.5922241210938,221.89836792054072,True,POINT (36.782701524637616 -1.3940669130386678),,,
1262,36.792128991492476,-1.3953106180054322,True,382.44757080078125,115.52598705684004,True,POINT (36.792128991492476 -1.3953106180054322),,,
1263,36.80740729129068,-1.3954374428461271,True,242.3470916748047,73.20581725088347,True,POINT (36.80740729129068 -1.3954374428461271),,,
1264,36.812757809276434,-1.3952904494821916,True,167.54336547851562,50.60984602726852,True,POINT (36.812757809276434 -1.3952904494821916),,,
1268,36.85250683892191,-1.3992524146637104,True,160.08775329589844,48.357728293309854,True,POINT (36.85250683892191 -1.3992524146637104),,,
1269,36.86073211493276,-1.4011225514719055,False,82.13093566894531,24.809302334408645,True,POINT (36.86073211493276 -1.4011225514719055),,,
1270,36.86360248822145,-1.4016173206382876,False,65.09666442871094,19.663757823035326,True,POINT (36.86360248822145 -1.4016173206382876),1170.0,Mugumo-ini Ward,Langata  Sub County
1271,36.871078307030785,-1.398803486202516,True,63.13812255859375,19.07214082762944,True,POINT (36.871078307030785 -1.398803486202516),1170.0,Mugumo-ini Ward,Langata  Sub County
1272,36.88420288073064,-1.3938161912502887,True,78.7499771118164,23.788015746830744,True,POINT (36.88420288073064 -1.3938161912502887),1170.0,Mugumo-ini Ward,Langata  Sub County
1273,36.896532454076876,-1.4009178262684696,False,41.26921844482422,12.466198140362009,True,POINT (36.896532454076876 -1.4009178262684696),1170.0,Mugumo-ini Ward,Langata  Sub County
1274,36.90221519645533,-1.394256659677216,True,54.18817901611328,16.368630226991744,True,POINT (36.90221519645533 -1.394256659677216),1170.0,Mugumo-ini Ward,Langata  Sub County
1275,36.90923413856908,-1.4027081433527107,False,125.7879638671875,37.99678647507121,True,POINT (36.90923413856908 -1.4027081433527107),1170.0,Mugumo-ini Ward,Langata  Sub County
1276,36.921925842074906,-1.3983211166091094,True,387.0950012207031,116.92983696341751,True,POINT (36.921925842074906 -1.3983211166091094),1170.0,Mugumo-ini Ward,Langata  Sub County
1319,36.874975197749194,-1.4079999885112766,False,225.7469482421875,68.19140978237013,True,POINT (36.874975197749194 -1.4079999885112766),,,
1320,36.887391848193396,-1.404164012196523,False,194.2798309326172,58.68613359664397,True,POINT (36.887391848193396 -1.404164012196523),1170.0,Mugumo-ini Ward,Langata  Sub County
1321,36.88948094620202,-1.4031520793572292,False,41.90763854980469,12.659045783845196,True,POINT (36.88948094620202 -1.4031520793572292),1170.0,Mugumo-ini Ward,Langata  Sub County
1322,36.90586019241425,-1.4038395645164539,False,40.048500061035156,12.097455580668454,True,POINT (36.90586019241425 -1.4038395645164539),1170.0,Mugumo-ini Ward,Langata  Sub County
1323,36.91464766739557,-1.4050240845155422,False,56.17328643798828,16.968271882044714,True,POINT (36.91464766739557 -1.4050240845155422),1170.0,Mugumo-ini Ward,Langata  Sub County
1324,36.918677120105755,-1.407163192010149,False,99.49349975585938,30.054014308336267,True,POINT (36.918677120105755 -1.407163192010149),1170.0,Mugumo-ini Ward,Langata  Sub County
1325,36.92549637248818,-1.4060190489443385,False,308.3115539550781,93.13171088290734,True,POINT (36.92549637248818 -1.4060190489443385),1170.0,Mugumo-ini Ward,Langata  Sub County
1326,36.93348484962279,-1.4040145382344438,False,2351.96142578125,710.457291346029,True,POINT (36.93348484962279 -1.4040145382344438),1170.0,Mugumo-ini Ward,Langata  Sub County
1327,36.945303372736234,-1.4116543960720327,False,3404.638671875,1028.4396428945622,True,POINT (36.945303372736234 -1.4116543960720327),1170.0,Mugumo-ini Ward,Langata  Sub County
1370,36.90538626606535,-1.4155825809065885,False,32.0056037902832,9.667936866432973,True,POINT (36.90538626606535 -1.4155825809065885),1170.0,Mugumo-ini Ward,Langata  Sub County
1371,36.91145379039423,-1.4203424472761657,False,38.192195892333984,11.536721540920457,True,POINT (36.91145379039423 -1.4203424472761657),1170.0,Mugumo-ini Ward,Langata  Sub County
1372,36.91914201288872,-1.412524829092034,False,54.63734817504883,16.504310812785164,True,POINT (36.91914201288872 -1.412524829092034),1170.0,Mugumo-ini Ward,Langata  Sub County
1373,36.93032408143937,-1.4204171100956993,False,122.92597961425781,37.13226652252309,True,POINT (36.93032408143937 -1.4204171100956993),1170.0,Mugumo-ini Ward,Langata  Sub County
1374,36.93880307864048,-1.414679847341113,False,500.7481384277344,151.26105478356723,True,POINT (36.93880307864048 -1.414679847341113),1170.0,Mugumo-ini Ward,Langata  Sub County
1420,36.91990263541066,-1.4236108761616932,False,40.29600524902344,12.172219504738269,True,POINT (36.91990263541066 -1.4236108761616932),1170.0,Mugumo-ini Ward,Langata  Sub County
1421,36.92463391854103,-1.4264104667533322,False,74.93022918701172,22.63418399834451,True,POINT (36.92463391854103 -1.4264104667533322),1170.0,Mugumo-ini Ward,Langata  Sub County
1422,36.9415548977105,-1.425513529147717,False,235.82357788085938,71.2352585974543,True,POINT (36.9415548977105 -1.425513529147717),1170.0,Mugumo-ini Ward,Langata  Sub County
1423,36.9484947013569,-1.423572604699203,False,589.2724609375,178.00160830588504,True,POINT (36.9484947013569 -1.423572604699203),,,
