0,1,2,3,4,5,6,7,8,9,10,11,12,13,14,15,16,17,18,19,20,21,22,23,24,25,26,27,28,29,30,31,32,33,34,35,36,37,38,39,40,41,42,43,44,45,46,47
42.0,33.0,28.0,31.0,26.0,24.0,25.0,21.0,21.0,22.0,19.0,21.0,22.0,21.0,21.0,21.0,20.0,12.0,16.0,18.0,14.0,14.0,14.0,12.0,12.0,15.0,13.0,15.0,16.0,13.0,14.0,13.0,25.0,17.0,18.0,10.0,12.0,11.0,20.0,16.0,18.0,14.0,20.0,19.0,20.0,21.0,19.0,19.0
2.0,6.0,7.0,6.0,8.0,7.0,6.0,7.0,7.0,7.0,9.0,8.0,12.0,8.0,9.0,12.0,16.0,10.0,7.0,6.0,8.0,7.0,7.0,9.0,12.0,11.0,8.0,10.0,9.0,14.0,7.0,11.0,6.0,10.0,10.0,10.0,16.0,16.0,14.0,19.0,18.0,22.0,14.0,18.0,16.0,12.0,11.0,9.0
2.0,1.0,2.0,2.0,4.0,7.0,9.0,7.0,8.0,7.0,5.0,7.0,5.0,6.0,6.0,5.0,3.0,6.0,6.0,7.0,4.0,7.0,4.0,7.0,5.0,12.0,12.0,8.0,7.0,8.0,17.0,10.0,10.0,5.0,9.0,10.0,12.0,10.0,11.0,9.0,11.0,8.0,11.0,12.0,11.0,12.0,15.0,16.0
0.0,3.0,4.0,4.0,4.0,5.0,5.0,6.0,6.0,9.0,10.0,9.0,9.0,13.0,8.0,4.0,6.0,7.0,7.0,9.0,10.0,7.0,12.0,7.0,10.0,6.0,6.0,5.0,9.0,9.0,8.0,12.0,11.0,12.0,8.0,9.0,8.0,16.0,10.0,9.0,9.0,7.0,11.0,8.0,11.0,14.0,12.0,10.0
6.0,4.0,4.0,5.0,4.0,5.0,7.0,7.0,7.0,6.0,7.0,7.0,9.0,9.0,7.0,9.0,5.0,5.0,9.0,6.0,4.0,10.0,10.0,10.0,10.0,13.0,14.0,16.0,12.0,17.0,13.0,13.0,16.0,14.0,14.0,22.0,21.0,18.0,17.0,18.0,16.0,17.0,17.0,21.0,21.0,18.0,18.0,20.0
3.0,5.0,5.0,5.0,4.0,3.0,3.0,3.0,6.0,7.0,8.0,6.0,8.0,11.0,12.0,16.0,7.0,10.0,6.0,9.0,12.0,15.0,15.0,14.0,19.0,15.0,13.0,13.0,20.0,17.0,11.0,11.0,15.0,13.0,15.0,15.0,15.0,11.0,13.0,18.0,16.0,16.0,15.0,18.0,16.0,16.0,19.0,18.0
22.0,18.0,19.0,18.0,19.0,19.0,21.0,21.0,18.0,22.0,19.0,23.0,25.0,20.0,25.0,19.0,21.0,19.0,23.0,20.0,21.0,18.0,22.0,18.0,21.0,20.0,16.0,17.0,21.0,22.0,22.0,22.0,20.0,22.0,21.0,15.0,21.0,23.0,23.0,16.0,21.0,23.0,27.0,15.0,15.0,17.0,19.0,16.0
25.0,28.0,26.0,31.0,30.0,31.0,30.0,29.0,31.0,31.0,29.0,22.0,26.0,22.0,27.0,28.0,30.0,30.0,26.0,25.0,19.0,20.0,13.0,23.0,20.0,21.0,23.0,20.0,17.0,19.0,20.0,20.0,19.0,24.0,15.0,22.0,25.0,18.0,19.0,24.0,27.0,27.0,22.0,25.0,32.0,34.0,30.0,30.0
20.0,19.0,20.0,19.0,20.0,18.0,22.0,21.0,18.0,22.0,18.0,16.0,18.0,23.0,21.0,21.0,25.0,16.0,17.0,22.0,29.0,27.0,34.0,24.0,29.0,31.0,31.0,38.0,32.0,28.0,38.0,34.0,32.0,32.0,32.0,29.0,35.0,32.0,33.0,33.0,35.0,31.0,34.0,34.0,33.0,25.0,23.0,35.0
36.0,35.0,37.0,36.0,38.0,38.0,33.0,31.0,39.0,32.0,33.0,34.0,34.0,33.0,37.0,32.0,29.0,35.0,43.0,36.0,35.0,31.0,31.0,36.0,39.0,36.0,40.0,37.0,40.0,48.0,34.0,41.0,42.0,43.0,40.0,44.0,39.0,36.0,47.0,42.0,35.0,33.0,23.0,30.0,35.0,45.0,37.0,42.0
65.0,66.0,61.0,63.0,60.0,58.0,59.0,61.0,57.0,58.0,58.0,59.0,56.0,55.0,46.0,48.0,40.0,37.0,31.0,45.0,39.0,44.0,44.0,42.0,44.0,42.0,41.0,33.0,42.0,40.0,46.0,49.0,46.0,40.0,44.0,43.0,43.0,39.0,42.0,39.0,42.0,45.0,41.0,40.0,33.0,31.0,35.0,32.0
21.0,18.0,20.0,22.0,21.0,19.0,19.0,19.0,19.0,16.0,13.0,14.0,16.0,17.0,22.0,22.0,26.0,31.0,32.0,27.0,31.0,31.0,33.0,36.0,35.0,35.0,33.0,38.0,38.0,37.0,32.0,20.0,25.0,25.0,35.0,37.0,30.0,39.0,34.0,34.0,25.0,31.0,29.0,42.0,42.0,42.0,38.0,40.0
7.0,9.0,11.0,9.0,10.0,11.0,13.0,11.0,12.0,15.0,18.0,15.0,15.0,12.0,16.0,20.0,28.0,26.0,35.0,36.0,29.0,35.0,34.0,28.0,30.0,22.0,28.0,25.0,22.0,27.0,28.0,28.0,28.0,26.0,23.0,24.0,25.0,30.0,26.0,23.0,29.0,28.0,31.0,30.0,30.0,35.0,30.0,26.0
24.0,25.0,22.0,22.0,24.0,24.0,25.0,25.0,22.0,21.0,21.0,22.0,22.0,24.0,21.0,28.0,18.0,21.0,22.0,21.0,21.0,20.0,17.0,21.0,16.0,20.0,22.0,17.0,22.0,20.0,26.0,34.0,24.0,31.0,31.0,25.0,29.0,26.0,34.0,38.0,33.0,34.0,31.0,28.0,29.0,24.0,27.0,27.0
39.0,40.0,39.0,39.0,39.0,39.0,38.0,41.0,42.0,40.0,40.0,39.0,36.0,30.0,31.0,26.0,30.0,26.0,21.0,25.0,23.0,24.0,25.0,23.0,20.0,22.0,23.0,23.0,26.0,28.0,22.0,18.0,22.0,18.0,24.0,23.0,25.0,27.0,25.0,22.0,21.0,24.0,25.0,22.0,20.0,22.0,21.0,24.0
6.0,8.0,8.0,12.0,11.0,15.0,15.0,11.0,15.0,18.0,20.0,22.0,20.0,20.0,22.0,19.0,21.0,17.0,16.0,16.0,20.0,17.0,19.0,21.0,18.0,15.0,15.0,19.0,19.0,20.0,22.0,25.0,19.0,24.0,21.0,21.0,23.0,25.0,20.0,13.0,20.0,18.0,21.0,22.0,18.0,18.0,21.0,21.0
7.0,15.0,17.0,12.0,16.0,18.0,19.0,19.0,17.0,20.0,16.0,12.0,24.0,24.0,18.0,23.0,20.0,13.0,11.0,18.0,19.0,20.0,22.0,23.0,22.0,23.0,35.0,31.0,28.0,34.0,30.0,30.0,33.0,28.0,31.0,29.0,27.0,26.0,33.0,33.0,27.0,34.0,28.0,29.0,30.0,29.0,33.0,30.0
89.0,92.0,97.0,90.0,97.0,92.0,88.0,84.0,87.0,83.0,87.0,88.0,75.0,65.0,59.0,54.0,51.0,57.0,47.0,52.0,50.0,51.0,42.0,47.0,49.0,50.0,43.0,36.0,37.0,37.0,38.0,39.0,34.0,36.0,36.0,42.0,44.0,38.0,38.0,42.0,43.0,40.0,42.0,48.0,44.0,35.0,42.0,41.0
134.0,112.0,112.0,111.0,99.0,97.0,91.0,91.0,90.0,87.0,86.0,85.0,88.0,87.0,78.0,83.0,82.0,81.0,87.0,74.0,61.0,61.0,64.0,63.0,50.0,49.0,53.0,55.0,44.0,47.0,58.0,67.0,59.0,48.0,54.0,50.0,37.0,46.0,47.0,50.0,52.0,58.0,50.0,60.0,58.0,66.0,54.0,53.0
114.0,107.0,98.0,93.0,95.0,87.0,84.0,89.0,85.0,82.0,79.0,82.0,80.0,76.0,72.0,64.0,58.0,49.0,54.0,53.0,58.0,61.0,65.0,56.0,48.0,50.0,50.0,44.0,49.0,51.0,49.0,42.0,43.0,44.0,40.0,49.0,55.0,42.0,36.0,37.0,34.0,39.0,41.0,44.0,48.0,38.0,37.0,38.0
80.0,87.0,93.0,95.0,97.0,99.0,96.0,91.0,85.0,86.0,90.0,86.0,73.0,79.0,78.0,72.0,67.0,74.0,70.0,68.0,51.0,51.0,47.0,45.0,48.0,50.0,51.0,51.0,59.0,52.0,54.0,54.0,48.0,45.0,49.0,50.0,49.0,49.0,49.0,50.0,54.0,44.0,45.0,39.0,36.0,41.0,35.0,37.0
40.0,40.0,36.0,34.0,38.0,35.0,34.0,40.0,40.0,39.0,38.0,35.0,32.0,34.0,37.0,36.0,34.0,35.0,27.0,35.0,36.0,33.0,31.0,31.0,32.0,42.0,47.0,37.0,25.0,26.0,31.0,32.0,32.0,40.0,42.0,35.0,33.0,36.0,36.0,36.0,30.0,30.0,30.0,31.0,31.0,29.0,28.0,29.0
16.0,15.0,16.0,16.0,17.0,21.0,22.0,21.0,19.0,22.0,26.0,28.0,33.0,24.0,21.0,26.0,24.0,26.0,22.0,19.0,27.0,29.0,32.0,27.0,26.0,22.0,24.0,29.0,29.0,32.0,33.0,27.0,24.0,26.0,26.0,29.0,31.0,31.0,29.0,29.0,32.0,26.0,32.0,32.0,32.0,38.0,39.0,35.0
4.0,5.0,8.0,9.0,5.0,6.0,8.0,8.0,9.0,9.0,11.0,15.0,6.0,9.0,11.0,13.0,17.0,13.0,13.0,22.0,27.0,25.0,24.0,26.0,24.0,24.0,24.0,25.0,23.0,20.0,23.0,24.0,30.0,29.0,31.0,26.0,30.0,33.0,32.0,28.0,22.0,39.0,36.0,33.0,43.0,41.0,44.0,40.0
15.0,12.0,12.0,12.0,16.0,15.0,20.0,18.0,17.0,16.0,16.0,16.0,17.0,19.0,22.0,26.0,21.0,18.0,26.0,25.0,23.0,25.0,22.0,18.0,27.0,32.0,33.0,24.0,25.0,30.0,25.0,34.0,43.0,31.0,38.0,42.0,39.0,41.0,40.0,37.0,44.0,41.0,43.0,50.0,52.0,49.0,50.0,47.0
25.0,33.0,28.0,26.0,25.0,28.0,30.0,26.0,28.0,31.0,33.0,30.0,32.0,31.0,34.0,36.0,41.0,46.0,38.0,44.0,45.0,43.0,44.0,50.0,43.0,47.0,47.0,47.0,44.0,45.0,44.0,47.0,44.0,51.0,54.0,55.0,61.0,46.0,54.0,54.0,50.0,55.0,63.0,65.0,62.0,58.0,58.0,66.0
37.0,48.0,48.0,51.0,48.0,48.0,50.0,50.0,44.0,49.0,48.0,46.0,45.0,52.0,49.0,47.0,46.0,55.0,41.0,37.0,41.0,38.0,48.0,55.0,52.0,48.0,48.0,64.0,63.0,59.0,57.0,65.0,57.0,57.0,56.0,63.0,59.0,59.0,57.0,61.0,63.0,69.0,70.0,62.0,67.0,75.0,75.0,76.0
15.0,13.0,22.0,20.0,20.0,24.0,24.0,24.0,29.0,30.0,27.0,25.0,22.0,16.0,17.0,28.0,29.0,32.0,36.0,34.0,35.0,41.0,49.0,43.0,43.0,45.0,41.0,45.0,47.0,51.0,45.0,53.0,50.0,48.0,63.0,58.0,59.0,51.0,57.0,64.0,66.0,63.0,53.0,54.0,48.0,47.0,51.0,55.0
17.0,20.0,17.0,17.0,17.0,14.0,18.0,16.0,13.0,14.0,17.0,20.0,23.0,26.0,18.0,22.0,23.0,22.0,28.0,29.0,32.0,32.0,34.0,44.0,37.0,45.0,42.0,42.0,45.0,45.0,58.0,47.0,50.0,47.0,51.0,53.0,59.0,68.0,71.0,66.0,62.0,61.0,63.0,63.0,56.0,63.0,59.0,52.0
0.0,11.0,13.0,12.0,13.0,17.0,20.0,17.0,15.0,15.0,18.0,16.0,11.0,16.0,21.0,22.0,22.0,21.0,16.0,16.0,20.0,26.0,30.0,27.0,34.0,32.0,33.0,35.0,35.0,34.0,30.0,44.0,49.0,44.0,38.0,39.0,37.0,40.0,29.0,29.0,41.0,41.0,43.0,45.0,42.0,41.0,34.0,38.0
27.0,21.0,19.0,23.0,24.0,22.0,18.0,26.0,25.0,27.0,21.0,29.0,28.0,27.0,29.0,28.0,24.0,30.0,42.0,36.0,34.0,34.0,33.0,34.0,28.0,34.0,39.0,37.0,39.0,47.0,39.0,42.0,46.0,41.0,42.0,46.0,50.0,36.0,42.0,40.0,38.0,40.0,38.0,35.0,44.0,45.0,46.0,46.0
97.0,97.0,96.0,90.0,83.0,83.0,87.0,82.0,78.0,70.0,73.0,71.0,71.0,66.0,60.0,65.0,60.0,52.0,49.0,48.0,45.0,50.0,50.0,43.0,39.0,40.0,42.0,41.0,38.0,38.0,48.0,40.0,40.0,37.0,37.0,42.0,41.0,43.0,43.0,47.0,43.0,46.0,42.0,49.0,42.0,45.0,48.0,46.0
51.0,52.0,50.0,49.0,52.0,53.0,49.0,49.0,52.0,54.0,53.0,49.0,45.0,44.0,43.0,45.0,33.0,34.0,28.0,22.0,30.0,38.0,30.0,27.0,39.0,32.0,31.0,31.0,26.0,29.0,26.0,27.0,32.0,33.0,36.0,32.0,27.0,38.0,30.0,29.0,28.0,22.0,21.0,19.0,25.0,25.0,28.0,30.0
3.0,1.0,2.0,3.0,4.0,2.0,5.0,5.0,4.0,5.0,4.0,9.0,10.0,7.0,7.0,11.0,14.0,16.0,21.0,13.0,14.0,12.0,13.0,15.0,13.0,17.0,18.0,19.0,20.0,17.0,17.0,21.0,23.0,25.0,29.0,22.0,25.0,23.0,30.0,28.0,19.0,22.0,21.0,15.0,19.0,15.0,15.0,15.0
1.0,2.0,3.0,1.0,2.0,2.0,2.0,4.0,6.0,6.0,7.0,5.0,10.0,12.0,13.0,10.0,9.0,13.0,13.0,20.0,17.0,20.0,19.0,16.0,17.0,16.0,10.0,12.0,12.0,12.0,12.0,14.0,16.0,10.0,11.0,15.0,12.0,12.0,17.0,17.0,18.0,12.0,13.0,15.0,18.0,19.0,18.0,18.0
12.0,13.0,14.0,14.0,11.0,11.0,14.0,13.0,14.0,15.0,17.0,17.0,18.0,19.0,21.0,19.0,18.0,15.0,12.0,12.0,12.0,10.0,10.0,10.0,14.0,14.0,17.0,11.0,9.0,11.0,13.0,6.0,8.0,14.0,10.0,12.0,15.0,18.0,14.0,12.0,11.0,14.0,17.0,12.0,11.0,9.0,10.0,10.0
4.0,3.0,4.0,2.0,6.0,6.0,5.0,7.0,9.0,9.0,6.0,5.0,6.0,4.0,6.0,9.0,11.0,5.0,10.0,7.0,7.0,6.0,7.0,8.0,7.0,9.0,7.0,11.0,11.0,9.0,10.0,13.0,12.0,11.0,10.0,11.0,7.0,5.0,5.0,5.0,7.0,10.0,9.0,8.0,8.0,8.0,7.0,9.0
1.0,5.0,5.0,5.0,3.0,5.0,3.0,4.0,5.0,2.0,4.0,6.0,2.0,4.0,2.0,3.0,3.0,8.0,2.0,3.0,6.0,6.0,7.0,6.0,9.0,6.0,5.0,7.0,5.0,7.0,6.0,8.0,8.0,9.0,11.0,9.0,8.0,10.0,10.0,9.0,6.0,6.0,5.0,6.0,9.0,6.0,9.0,8.0
12.0,7.0,6.0,5.0,6.0,7.0,5.0,6.0,7.0,10.0,9.0,7.0,8.0,7.0,9.0,9.0,13.0,6.0,11.0,10.0,9.0,6.0,3.0,6.0,7.0,7.0,7.0,7.0,6.0,9.0,6.0,7.0,11.0,10.0,4.0,5.0,4.0,3.0,4.0,7.0,7.0,7.0,7.0,5.0,5.0,9.0,5.0,7.0
5.0,7.0,6.0,7.0,8.0,7.0,7.0,5.0,4.0,5.0,5.0,5.0,6.0,8.0,6.0,5.0,6.0,7.0,6.0,12.0,7.0,10.0,7.0,5.0,3.0,3.0,5.0,9.0,5.0,8.0,8.0,9.0,11.0,8.0,12.0,12.0,11.0,9.0,8.0,6.0,8.0,8.0,11.0,10.0,11.0,7.0,11.0,8.0
2.0,4.0,2.0,5.0,3.0,3.0,2.0,1.0,0.0,0.0,1.0,3.0,4.0,4.0,5.0,4.0,5.0,3.0,5.0,7.0,7.0,1.0,7.0,3.0,4.0,6.0,5.0,4.0,6.0,8.0,6.0,6.0,7.0,6.0,6.0,6.0,5.0,4.0,3.0,2.0,7.0,4.0,7.0,6.0,5.0,5.0,5.0,7.0
2.0,1.0,1.0,1.0,2.0,3.0,3.0,4.0,5.0,5.0,5.0,8.0,7.0,6.0,3.0,4.0,3.0,6.0,4.0,7.0,5.0,7.0,6.0,9.0,4.0,3.0,4.0,1.0,3.0,0.0,3.0,3.0,3.0,2.0,1.0,2.0,3.0,5.0,5.0,6.0,3.0,2.0,1.0,1.0,3.0,2.0,3.0,3.0
12.0,12.0,11.0,10.0,9.0,9.0,8.0,7.0,7.0,6.0,7.0,4.0,6.0,5.0,4.0,6.0,8.0,7.0,8.0,7.0,6.0,9.0,6.0,5.0,10.0,9.0,4.0,7.0,3.0,6.0,2.0,3.0,2.0,3.0,5.0,3.0,4.0,5.0,5.0,8.0,8.0,11.0,7.0,8.0,9.0,5.0,6.0,5.0
11.0,7.0,10.0,7.0,7.0,6.0,4.0,3.0,3.0,5.0,3.0,2.0,3.0,2.0,4.0,5.0,12.0,12.0,8.0,6.0,3.0,2.0,6.0,9.0,2.0,4.0,5.0,5.0,7.0,6.0,8.0,7.0,6.0,9.0,5.0,5.0,5.0,6.0,5.0,5.0,8.0,3.0,4.0,3.0,2.0,6.0,4.0,3.0
0.0,2.0,1.0,4.0,3.0,2.0,3.0,4.0,4.0,3.0,3.0,5.0,4.0,4.0,3.0,2.0,2.0,2.0,3.0,3.0,3.0,2.0,2.0,5.0,4.0,4.0,1.0,4.0,7.0,8.0,2.0,2.0,10.0,4.0,2.0,5.0,6.0,5.0,3.0,3.0,4.0,5.0,3.0,4.0,4.0,1.0,4.0,5.0
2.0,1.0,2.0,2.0,1.0,1.0,0.0,0.0,0.0,1.0,1.0,0.0,0.0,0.0,0.0,3.0,3.0,3.0,4.0,2.0,3.0,4.0,3.0,1.0,4.0,3.0,6.0,5.0,1.0,4.0,3.0,2.0,2.0,6.0,6.0,3.0,3.0,1.0,2.0,1.0,0.0,2.0,1.0,1.0,0.0,2.0,1.0,3.0
3.0,3.0,3.0,0.0,0.0,0.0,2.0,2.0,0.0,1.0,1.0,1.0,1.0,2.0,4.0,2.0,3.0,4.0,2.0,3.0,3.0,2.0,1.0,2.0,1.0,3.0,2.0,2.0,3.0,2.0,2.0,3.0,2.0,1.0,3.0,4.0,2.0,5.0,6.0,6.0,5.0,4.0,4.0,4.0,3.0,3.0,2.0,4.0
0.0,1.0,1.0,2.0,2.0,2.0,1.0,1.0,1.0,1.0,1.0,1.0,1.0,1.0,1.0,1.0,0.0,1.0,1.0,0.0,0.0,0.0,1.0,0.0,0.0,0.0,0.0,0.0,0.0,0.0,0.0,0.0,1.0,1.0,1.0,1.0,1.0,1.0,2.0,0.0,0.0,0.0,0.0,1.0,2.0,1.0,1.0,1.0
9.0,14.0,13.0,14.0,11.0,12.0,11.0,12.0,12.0,14.0,12.0,10.0,10.0,12.0,12.0,9.0,9.0,15.0,16.0,14.0,11.0,18.0,17.0,22.0,20.0,16.0,16.0,13.0,12.0,16.0,15.0,21.0,14.0,19.0,14.0,26.0,19.0,22.0,18.0,16.0,15.0,14.0,13.0,11.0,18.0,12.0,16.0,17.0
8.0,6.0,6.0,5.0,7.0,8.0,7.0,9.0,9.0,6.0,8.0,12.0,8.0,12.0,11.0,12.0,13.0,15.0,7.0,7.0,10.0,17.0,10.0,12.0,9.0,12.0,11.0,13.0,17.0,12.0,16.0,12.0,14.0,13.0,18.0,13.0,21.0,19.0,14.0,17.0,17.0,17.0,19.0,17.0,17.0,20.0,15.0,15.0
13.0,16.0,16.0,14.0,15.0,14.0,15.0,14.0,14.0,14.0,12.0,11.0,10.0,11.0,13.0,13.0,11.0,10.0,13.0,13.0,14.0,12.0,14.0,14.0,15.0,16.0,17.0,24.0,18.0,19.0,14.0,15.0,16.0,16.0,19.0,19.0,20.0,17.0,21.0,29.0,25.0,26.0,23.0,20.0,22.0,17.0,22.0,23.0
6.0,5.0,5.0,6.0,5.0,4.0,3.0,4.0,4.0,3.0,7.0,5.0,5.0,7.0,7.0,8.0,7.0,15.0,11.0,6.0,5.0,11.0,13.0,13.0,17.0,14.0,12.0,15.0,20.0,16.0,16.0,15.0,17.0,17.0,24.0,23.0,18.0,16.0,15.0,13.0,15.0,8.0,9.0,16.0,5.0,10.0,14.0,10.0
4.0,8.0,8.0,8.0,9.0,10.0,9.0,9.0,9.0,9.0,7.0,5.0,6.0,5.0,11.0,13.0,18.0,16.0,21.0,13.0,15.0,12.0,12.0,13.0,17.0,16.0,19.0,14.0,20.0,18.0,23.0,19.0,23.0,16.0,11.0,9.0,14.0,10.0,11.0,12.0,8.0,11.0,7.0,7.0,9.0,15.0,12.0,13.0
7.0,5.0,6.0,7.0,7.0,6.0,7.0,8.0,7.0,7.0,9.0,12.0,12.0,13.0,12.0,16.0,12.0,16.0,16.0,18.0,15.0,18.0,19.0,18.0,11.0,14.0,13.0,17.0,18.0,20.0,21.0,23.0,20.0,21.0,12.0,17.0,13.0,17.0,13.0,14.0,15.0,14.0,17.0,17.0,27.0,18.0,17.0,16.0
23.0,24.0,21.0,22.0,21.0,22.0,24.0,22.0,21.0,18.0,20.0,23.0,23.0,27.0,25.0,21.0,23.0,19.0,22.0,20.0,19.0,21.0,15.0,18.0,22.0,22.0,29.0,25.0,23.0,20.0,23.0,21.0,22.0,21.0,23.0,21.0,17.0,24.0,29.0,25.0,23.0,23.0,20.0,27.0,18.0,23.0,24.0,23.0
4.0,8.0,15.0,14.0,17.0,20.0,18.0,18.0,23.0,24.0,23.0,30.0,25.0,24.0,17.0,19.0,17.0,23.0,18.0,22.0,20.0,19.0,17.0,20.0,24.0,24.0,20.0,28.0,29.0,30.0,26.0,31.0,25.0,33.0,32.0,27.0,25.0,29.0,23.0,27.0,29.0,41.0,33.0,30.0,28.0,21.0,24.0,27.0
28.0,27.0,25.0,28.0,25.0,21.0,21.0,25.0,23.0,28.0,32.0,28.0,25.0,28.0,27.0,37.0,31.0,37.0,42.0,37.0,34.0,37.0,34.0,40.0,37.0,45.0,39.0,40.0,45.0,40.0,40.0,34.0,32.0,32.0,40.0,37.0,38.0,35.0,37.0,39.0,38.0,35.0,36.0,39.0,37.0,38.0,48.0,44.0
28.0,36.0,37.0,36.0,35.0,37.0,37.0,35.0,31.0,32.0,30.0,34.0,37.0,46.0,47.0,41.0,50.0,57.0,41.0,44.0,37.0,47.0,45.0,41.0,35.0,34.0,48.0,36.0,37.0,42.0,41.0,39.0,49.0,47.0,49.0,45.0,45.0,44.0,40.0,42.0,47.0,35.0,40.0,35.0,42.0,40.0,38.0,37.0
41.0,50.0,52.0,54.0,53.0,54.0,61.0,57.0,61.0,51.0,54.0,56.0,54.0,51.0,61.0,50.0,45.0,39.0,44.0,39.0,41.0,41.0,47.0,41.0,39.0,43.0,44.0,44.0,40.0,43.0,50.0,39.0,44.0,59.0,46.0,44.0,39.0,45.0,45.0,37.0,43.0,51.0,48.0,43.0,42.0,36.0,41.0,42.0
35.0,23.0,16.0,18.0,17.0,20.0,19.0,21.0,19.0,23.0,24.0,22.0,25.0,33.0,29.0,27.0,25.0,36.0,36.0,37.0,32.0,36.0,36.0,39.0,26.0,36.0,32.0,44.0,40.0,40.0,44.0,49.0,44.0,43.0,47.0,39.0,53.0,44.0,36.0,43.0,39.0,32.0,36.0,29.0,36.0,33.0,37.0,34.0
5.0,11.0,15.0,18.0,19.0,18.0,19.0,19.0,17.0,21.0,19.0,19.0,21.0,20.0,17.0,23.0,31.0,27.0,25.0,29.0,32.0,21.0,25.0,29.0,27.0,19.0,21.0,28.0,33.0,30.0,26.0,32.0,35.0,34.0,33.0,33.0,28.0,24.0,31.0,29.0,32.0,34.0,29.0,34.0,29.0,33.0,31.0,37.0
3.0,7.0,9.0,14.0,11.0,11.0,11.0,10.0,17.0,14.0,11.0,19.0,17.0,20.0,28.0,27.0,24.0,21.0,20.0,19.0,25.0,18.0,20.0,22.0,20.0,25.0,28.0,21.0,26.0,31.0,29.0,26.0,28.0,28.0,33.0,29.0,24.0,25.0,20.0,22.0,26.0,24.0,23.0,23.0,24.0,26.0,27.0,22.0
12.0,9.0,9.0,11.0,10.0,8.0,9.0,11.0,10.0,10.0,13.0,13.0,15.0,19.0,17.0,17.0,15.0,17.0,21.0,20.0,17.0,23.0,14.0,16.0,21.0,23.0,18.0,20.0,18.0,15.0,16.0,18.0,19.0,25.0,20.0,26.0,18.0,22.0,25.0,20.0,22.0,22.0,27.0,24.0,28.0,33.0,32.0,27.0
26.0,16.0,17.0,10.0,12.0,13.0,9.0,11.0,9.0,10.0,10.0,11.0,14.0,13.0,11.0,12.0,10.0,12.0,18.0,11.0,16.0,15.0,15.0,16.0,18.0,19.0,17.0,16.0,19.0,15.0,22.0,20.0,23.0,20.0,20.0,26.0,26.0,24.0,19.0,23.0,22.0,21.0,22.0,17.0,14.0,12.0,16.0,19.0
16.0,15.0,11.0,16.0,10.0,14.0,13.0,16.0,13.0,14.0,21.0,27.0,19.0,25.0,26.0,23.0,21.0,28.0,22.0,20.0,23.0,24.0,21.0,20.0,18.0,25.0,20.0,26.0,27.0,22.0,20.0,20.0,22.0,22.0,19.0,25.0,29.0,23.0,26.0,24.0,33.0,25.0,28.0,26.0,28.0,33.0,29.0,29.0
33.0,33.0,34.0,40.0,41.0,39.0,40.0,39.0,36.0,33.0,32.0,29.0,35.0,30.0,33.0,31.0,36.0,36.0,46.0,38.0,43.0,38.0,37.0,40.0,45.0,37.0,43.0,42.0,31.0,37.0,35.0,37.0,33.0,33.0,34.0,36.0,44.0,45.0,46.0,47.0,46.0,54.0,41.0,42.0,46.0,46.0,46.0,39.0
72.0,72.0,66.0,65.0,67.0,68.0,70.0,68.0,63.0,60.0,61.0,63.0,56.0,54.0,56.0,63.0,58.0,45.0,44.0,41.0,42.0,39.0,46.0,49.0,52.0,44.0,43.0,40.0,39.0,38.0,45.0,33.0,40.0,43.0,49.0,30.0,33.0,31.0,31.0,27.0,33.0,26.0,43.0,29.0,32.0,31.0,34.0,29.0
32.0,36.0,37.0,41.0,39.0,46.0,48.0,46.0,45.0,44.0,45.0,39.0,40.0,34.0,35.0,29.0,31.0,35.0,33.0,34.0,36.0,40.0,37.0,32.0,46.0,32.0,32.0,33.0,40.0,40.0,30.0,38.0,30.0,34.0,29.0,30.0,33.0,36.0,45.0,34.0,36.0,43.0,44.0,47.0,40.0,37.0,35.0,46.0
104.0,96.0,93.0,91.0,90.0,92.0,87.0,88.0,89.0,92.0,86.0,79.0,85.0,81.0,70.0,63.0,63.0,64.0,64.0,55.0,58.0,48.0,44.0,51.0,43.0,45.0,41.0,48.0,39.0,45.0,38.0,41.0,46.0,46.0,48.0,43.0,34.0,45.0,39.0,36.0,37.0,31.0,37.0,31.0,40.0,36.0,48.0,44.0
14.0,7.0,9.0,14.0,9.0,12.0,16.0,16.0,19.0,21.0,13.0,20.0,17.0,18.0,17.0,23.0,19.0,12.0,28.0,20.0,24.0,26.0,20.0,28.0,24.0,19.0,17.0,18.0,25.0,27.0,25.0,32.0,27.0,22.0,21.0,26.0,35.0,35.0,31.0,35.0,29.0,37.0,30.0,36.0,32.0,36.0,34.0,30.0
9.0,10.0,11.0,9.0,16.0,12.0,11.0,9.0,13.0,11.0,14.0,13.0,15.0,19.0,20.0,23.0,19.0,22.0,24.0,32.0,32.0,27.0,26.0,21.0,27.0,23.0,20.0,18.0,16.0,18.0,16.0,22.0,22.0,25.0,22.0,19.0,19.0,34.0,45.0,39.0,42.0,32.0,37.0,40.0,34.0,36.0,30.0,35.0
6.0,12.0,9.0,13.0,13.0,13.0,12.0,10.0,15.0,17.0,16.0,12.0,16.0,12.0,19.0,13.0,19.0,22.0,23.0,23.0,25.0,35.0,24.0,27.0,20.0,27.0,28.0,40.0,31.0,26.0,38.0,29.0,32.0,28.0,29.0,40.0,38.0,32.0,39.0,37.0,49.0,48.0,46.0,46.0,48.0,45.0,46.0,43.0
11.0,25.0,29.0,29.0,30.0,28.0,24.0,30.0,34.0,34.0,33.0,32.0,35.0,33.0,35.0,42.0,36.0,42.0,41.0,46.0,43.0,49.0,43.0,43.0,47.0,43.0,41.0,40.0,44.0,42.0,47.0,42.0,31.0,45.0,48.0,48.0,42.0,50.0,50.0,61.0,64.0,75.0,68.0,65.0,66.0,64.0,57.0,57.0
146.0,127.0,129.0,128.0,126.0,126.0,122.0,125.0,126.0,115.0,115.0,109.0,111.0,114.0,102.0,90.0,93.0,82.0,87.0,74.0,91.0,83.0,87.0,83.0,81.0,88.0,82.0,90.0,86.0,94.0,85.0,89.0,85.0,78.0,83.0,82.0,95.0,90.0,88.0,85.0,86.0,81.0,78.0,89.0,76.0,79.0,88.0,87.0
92.0,84.0,86.0,84.0,85.0,88.0,81.0,85.0,83.0,90.0,85.0,84.0,89.0,88.0,88.0,81.0,84.0,94.0,93.0,106.0,91.0,99.0,91.0,79.0,89.0,81.0,89.0,79.0,78.0,76.0,92.0,83.0,90.0,93.0,92.0,105.0,90.0,97.0,94.0,95.0,84.0,91.0,100.0,91.0,107.0,89.0,97.0,102.0
29.0,38.0,34.0,37.0,39.0,34.0,32.0,40.0,44.0,43.0,42.0,43.0,42.0,49.0,47.0,43.0,58.0,46.0,59.0,73.0,71.0,72.0,68.0,75.0,71.0,86.0,85.0,77.0,92.0,93.0,83.0,73.0,81.0,87.0,89.0,81.0,93.0,90.0,80.0,84.0,87.0,87.0,91.0,89.0,100.0,95.0,93.0,92.0
8.0,18.0,16.0,23.0,21.0,27.0,27.0,28.0,28.0,30.0,29.0,23.0,25.0,18.0,31.0,36.0,32.0,33.0,34.0,33.0,45.0,44.0,40.0,46.0,55.0,50.0,51.0,46.0,55.0,68.0,60.0,71.0,73.0,73.0,70.0,64.0,67.0,58.0,66.0,70.0,64.0,66.0,67.0,64.0,64.0,79.0,69.0,75.0
16.0,10.0,11.0,13.0,15.0,12.0,16.0,16.0,13.0,17.0,17.0,22.0,27.0,25.0,32.0,34.0,35.0,30.0,37.0,33.0,37.0,41.0,43.0,48.0,42.0,46.0,51.0,56.0,50.0,47.0,53.0,52.0,45.0,57.0,63.0,60.0,53.0,60.0,62.0,53.0,48.0,46.0,45.0,51.0,52.0,39.0,41.0,43.0
10.0,13.0,16.0,16.0,17.0,18.0,16.0,19.0,17.0,17.0,23.0,20.0,20.0,28.0,33.0,30.0,25.0,40.0,40.0,41.0,33.0,23.0,31.0,35.0,38.0,41.0,40.0,37.0,47.0,43.0,40.0,44.0,35.0,50.0,41.0,47.0,53.0,51.0,42.0,49.0,46.0,46.0,54.0,48.0,41.0,45.0,47.0,53.0
2.0,8.0,8.0,10.0,16.0,16.0,12.0,14.0,14.0,19.0,16.0,20.0,18.0,19.0,18.0,24.0,31.0,22.0,23.0,24.0,28.0,25.0,25.0,24.0,25.0,27.0,24.0,31.0,27.0,30.0,29.0,26.0,30.0,34.0,40.0,35.0,41.0,32.0,34.0,36.0,39.0,39.0,38.0,35.0,42.0,35.0,32.0,30.0
11.0,9.0,8.0,11.0,10.0,10.0,11.0,11.0,11.0,11.0,10.0,11.0,15.0,20.0,22.0,20.0,23.0,27.0,23.0,30.0,31.0,26.0,33.0,31.0,26.0,26.0,30.0,29.0,29.0,29.0,27.0,30.0,21.0,32.0,18.0,27.0,32.0,25.0,18.0,18.0,20.0,23.0,23.0,25.0,23.0,29.0,23.0,25.0
3.0,7.0,6.0,8.0,9.0,7.0,7.0,5.0,6.0,5.0,10.0,8.0,7.0,9.0,8.0,8.0,11.0,8.0,7.0,21.0,12.0,14.0,14.0,16.0,14.0,16.0,19.0,19.0,18.0,20.0,20.0,21.0,18.0,15.0,15.0,19.0,17.0,20.0,19.0,15.0,22.0,25.0,20.0,22.0,20.0,23.0,27.0,21.0
3.0,1.0,2.0,3.0,3.0,3.0,4.0,3.0,3.0,1.0,2.0,3.0,3.0,4.0,4.0,8.0,7.0,6.0,9.0,5.0,9.0,6.0,9.0,12.0,10.0,8.0,12.0,14.0,13.0,12.0,7.0,7.0,7.0,6.0,12.0,10.0,11.0,8.0,11.0,15.0,12.0,16.0,16.0,17.0,16.0,13.0,13.0,16.0
19.0,16.0,16.0,18.0,14.0,14.0,11.0,13.0,11.0,14.0,12.0,12.0,11.0,12.0,10.0,11.0,13.0,11.0,8.0,11.0,13.0,10.0,10.0,10.0,13.0,14.0,10.0,9.0,12.0,10.0,9.0,12.0,12.0,13.0,13.0,15.0,11.0,11.0,16.0,17.0,17.0,15.0,12.0,15.0,17.0,18.0,15.0,13.0
8.0,7.0,3.0,5.0,6.0,6.0,10.0,7.0,8.0,8.0,7.0,7.0,7.0,6.0,7.0,6.0,5.0,9.0,9.0,12.0,8.0,12.0,13.0,13.0,10.0,9.0,10.0,9.0,7.0,9.0,8.0,6.0,9.0,10.0,10.0,11.0,10.0,14.0,12.0,5.0,8.0,7.0,9.0,10.0,9.0,9.0,12.0,11.0
14.0,14.0,12.0,11.0,13.0,14.0,13.0,16.0,10.0,9.0,9.0,12.0,15.0,17.0,15.0,15.0,11.0,5.0,10.0,8.0,8.0,10.0,16.0,15.0,11.0,7.0,9.0,6.0,8.0,6.0,9.0,9.0,10.0,13.0,14.0,10.0,12.0,11.0,8.0,14.0,5.0,9.0,7.0,8.0,6.0,9.0,10.0,9.0
15.0,14.0,14.0,17.0,13.0,10.0,13.0,10.0,12.0,9.0,10.0,11.0,12.0,10.0,13.0,11.0,14.0,12.0,9.0,11.0,9.0,8.0,13.0,10.0,11.0,11.0,7.0,7.0,9.0,5.0,8.0,10.0,6.0,5.0,8.0,6.0,8.0,8.0,11.0,8.0,11.0,7.0,5.0,7.0,9.0,9.0,7.0,5.0
1.0,1.0,3.0,4.0,7.0,5.0,6.0,7.0,8.0,5.0,4.0,3.0,3.0,3.0,3.0,9.0,6.0,9.0,7.0,2.0,8.0,4.0,3.0,5.0,10.0,4.0,10.0,7.0,4.0,8.0,7.0,3.0,3.0,10.0,5.0,3.0,1.0,3.0,6.0,8.0,5.0,8.0,7.0,5.0,3.0,9.0,9.0,7.0
3.0,1.0,1.0,2.0,1.0,3.0,2.0,3.0,4.0,4.0,3.0,3.0,3.0,2.0,2.0,4.0,5.0,4.0,7.0,5.0,3.0,4.0,2.0,3.0,2.0,4.0,1.0,5.0,6.0,3.0,2.0,6.0,6.0,5.0,3.0,7.0,3.0,5.0,6.0,7.0,6.0,3.0,3.0,5.0,6.0,6.0,5.0,7.0
0.0,0.0,2.0,2.0,3.0,1.0,2.0,3.0,3.0,5.0,4.0,3.0,4.0,4.0,4.0,3.0,5.0,6.0,3.0,2.0,1.0,0.0,4.0,2.0,5.0,3.0,4.0,1.0,2.0,3.0,4.0,2.0,5.0,4.0,3.0,5.0,3.0,2.0,3.0,0.0,3.0,5.0,3.0,4.0,3.0,6.0,5.0,6.0
1.0,1.0,2.0,1.0,3.0,1.0,1.0,1.0,1.0,1.0,2.0,1.0,0.0,2.0,3.0,4.0,3.0,2.0,3.0,5.0,5.0,5.0,5.0,4.0,4.0,2.0,4.0,1.0,2.0,1.0,2.0,2.0,1.0,1.0,5.0,7.0,5.0,2.0,3.0,2.0,2.0,1.0,5.0,0.0,3.0,3.0,4.0,3.0
0.0,3.0,1.0,3.0,2.0,4.0,1.0,2.0,2.0,1.0,2.0,2.0,1.0,1.0,0.0,3.0,1.0,3.0,0.0,1.0,3.0,2.0,2.0,2.0,2.0,3.0,0.0,1.0,4.0,2.0,2.0,3.0,3.0,3.0,1.0,2.0,2.0,4.0,4.0,3.0,1.0,2.0,4.0,3.0,3.0,1.0,1.0,2.0
0.0,1.0,2.0,3.0,2.0,1.0,3.0,4.0,2.0,3.0,3.0,3.0,2.0,2.0,4.0,0.0,0.0,2.0,2.0,3.0,1.0,1.0,0.0,1.0,0.0,0.0,3.0,2.0,1.0,0.0,4.0,0.0,1.0,3.0,2.0,4.0,3.0,3.0,3.0,3.0,0.0,2.0,1.0,2.0,2.0,5.0,2.0,4.0
0.0,0.0,2.0,1.0,4.0,4.0,4.0,3.0,3.0,4.0,3.0,2.0,3.0,2.0,1.0,1.0,2.0,1.0,1.0,2.0,2.0,3.0,3.0,1.0,2.0,1.0,0.0,1.0,0.0,0.0,5.0,3.0,3.0,4.0,2.0,5.0,1.0,2.0,2.0,0.0,0.0,2.0,2.0,2.0,4.0,2.0,3.0,1.0
0.0,0.0,0.0,1.0,0.0,0.0,0.0,0.0,1.0,0.0,2.0,1.0,2.0,2.0,0.0,1.0,1.0,2.0,1.0,0.0,2.0,2.0,0.0,1.0,0.0,0.0,1.0,2.0,2.0,4.0,3.0,3.0,1.0,2.0,3.0,2.0,3.0,0.0,1.0,1.0,1.0,1.0,4.0,5.0,3.0,4.0,4.0,1.0
0.0,0.0,0.0,0.0,0.0,0.0,0.0,0.0,1.0,1.0,0.0,2.0,1.0,0.0,1.0,0.0,1.0,0.0,0.0,0.0,0.0,0.0,1.0,0.0,0.0,0.0,0.0,0.0,0.0,1.0,0.0,1.0,0.0,1.0,0.0,0.0,0.0,0.0,0.0,0.0,0.0,0.0,0.0,0.0,0.0,0.0,0.0,2.0
1.0,2.0,6.0,6.0,9.0,6.0,9.0,8.0,10.0,4.0,7.0,8.0,10.0,10.0,10.0,14.0,9.0,11.0,14.0,16.0,16.0,13.0,16.0,15.0,16.0,14.0,15.0,15.0,16.0,16.0,17.0,13.0,14.0,17.0,18.0,11.0,11.0,14.0,17.0,14.0,13.0,20.0,14.0,17.0,16.0,25.0,18.0,18.0
1.0,3.0,6.0,6.0,9.0,11.0,10.0,9.0,6.0,8.0,8.0,8.0,6.0,10.0,7.0,10.0,23.0,16.0,18.0,14.0,14.0,14.0,16.0,6.0,13.0,9.0,15.0,10.0,10.0,13.0,13.0,17.0,14.0,18.0,15.0,16.0,21.0,11.0,12.0,15.0,12.0,16.0,23.0,17.0,17.0,15.0,19.0,20.0
18.0,8.0,10.0,14.0,11.0,9.0,8.0,10.0,9.0,10.0,10.0,10.0,8.0,6.0,13.0,11.0,20.0,19.0,17.0,23.0,22.0,18.0,15.0,20.0,16.0,17.0,20.0,20.0,23.0,19.0,17.0,21.0,24.0,26.0,18.0,19.0,17.0,24.0,28.0,14.0,16.0,15.0,23.0,17.0,23.0,23.0,25.0,26.0
31.0,30.0,25.0,25.0,22.0,23.0,26.0,26.0,26.0,27.0,24.0,21.0,24.0,28.0,22.0,25.0,22.0,12.0,26.0,24.0,23.0,22.0,20.0,21.0,21.0,21.0,20.0,25.0,16.0,26.0,28.0,30.0,29.0,22.0,22.0,25.0,17.0,20.0,20.0,23.0,22.0,24.0,21.0,27.0,27.0,30.0,28.0,23.0
17.0,23.0,23.0,21.0,18.0,23.0,16.0,17.0,16.0,15.0,15.0,22.0,21.0,23.0,25.0,21.0,25.0,24.0,17.0,22.0,19.0,19.0,20.0,21.0,15.0,18.0,13.0,14.0,19.0,18.0,17.0,20.0,18.0,27.0,27.0,27.0,23.0,18.0,21.0,17.0,20.0,18.0,25.0,27.0,18.0,20.0,25.0,21.0
6.0,3.0,3.0,4.0,7.0,6.0,5.0,6.0,6.0,9.0,8.0,6.0,10.0,12.0,17.0,15.0,23.0,30.0,23.0,22.0,28.0,20.0,17.0,17.0,18.0,19.0,21.0,23.0,19.0,19.0,21.0,25.0,23.0,20.0,20.0,23.0,20.0,20.0,26.0,25.0,27.0,27.0,21.0,25.0,21.0,24.0,22.0,27.0
4.0,7.0,9.0,6.0,7.0,9.0,9.0,10.0,11.0,9.0,11.0,11.0,13.0,14.0,13.0,17.0,17.0,23.0,24.0,21.0,21.0,22.0,21.0,26.0,22.0,24.0,26.0,30.0,31.0,24.0,26.0,20.0,20.0,28.0,28.0,19.0,21.0,22.0,20.0,25.0,28.0,28.0,25.0,18.0,26.0,26.0,30.0,26.0
66.0,55.0,49.0,51.0,53.0,51.0,52.0,47.0,43.0,45.0,43.0,44.0,45.0,41.0,47.0,30.0,39.0,33.0,36.0,45.0,42.0,39.0,44.0,29.0,39.0,43.0,39.0,36.0,43.0,38.0,38.0,39.0,40.0,35.0,40.0,33.0,31.0,31.0,33.0,32.0,26.0,31.0,32.0,29.0,29.0,30.0,32.0,42.0
77.0,68.0,64.0,61.0,61.0,63.0,60.0,61.0,62.0,57.0,59.0,57.0,60.0,54.0,35.0,37.0,34.0,39.0,37.0,32.0,30.0,30.0,32.0,34.0,34.0,36.0,36.0,44.0,36.0,33.0,36.0,45.0,48.0,46.0,40.0,36.0,39.0,32.0,37.0,39.0,42.0,34.0,34.0,38.0,36.0,39.0,37.0,32.0
72.0,69.0,66.0,62.0,59.0,59.0,57.0,63.0,64.0,66.0,69.0,68.0,64.0,57.0,59.0,52.0,51.0,49.0,57.0,46.0,56.0,46.0,49.0,41.0,42.0,36.0,39.0,42.0,44.0,41.0,40.0,43.0,41.0,42.0,44.0,48.0,46.0,42.0,31.0,36.0,30.0,38.0,48.0,47.0,46.0,44.0,42.0,44.0
74.0,65.0,71.0,68.0,69.0,69.0,70.0,69.0,66.0,70.0,69.0,65.0,69.0,68.0,65.0,69.0,68.0,66.0,59.0,55.0,55.0,59.0,56.0,70.0,66.0,61.0,61.0,56.0,59.0,62.0,54.0,56.0,46.0,50.0,48.0,66.0,61.0,67.0,54.0,58.0,58.0,56.0,58.0,58.0,57.0,61.0,65.0,63.0
97.0,102.0,102.0,98.0,98.0,92.0,84.0,82.0,90.0,80.0,84.0,84.0,85.0,82.0,84.0,91.0,79.0,67.0,67.0,69.0,69.0,65.0,57.0,51.0,67.0,68.0,69.0,72.0,65.0,68.0,67.0,64.0,71.0,55.0,58.0,47.0,60.0,60.0,54.0,58.0,56.0,46.0,47.0,61.0,55.0,52.0,39.0,49.0
67.0,63.0,62.0,59.0,67.0,69.0,69.0,62.0,56.0,56.0,51.0,49.0,47.0,49.0,47.0,57.0,50.0,62.0,56.0,54.0,47.0,60.0,57.0,52.0,43.0,55.0,51.0,53.0,48.0,44.0,43.0,42.0,38.0,52.0,54.0,53.0,59.0,52.0,50.0,48.0,56.0,54.0,59.0,48.0,57.0,53.0,55.0,62.0
87.0,86.0,87.0,81.0,75.0,72.0,72.0,79.0,79.0,80.0,78.0,72.0,78.0,72.0,71.0,58.0,58.0,60.0,63.0,54.0,51.0,53.0,51.0,50.0,58.0,43.0,46.0,56.0,44.0,41.0,52.0,52.0,56.0,55.0,57.0,49.0,55.0,47.0,51.0,51.0,45.0,41.0,42.0,51.0,49.0,49.0,48.0,48.0
33.0,36.0,37.0,32.0,32.0,30.0,31.0,30.0,34.0,31.0,30.0,30.0,26.0,30.0,29.0,37.0,28.0,23.0,26.0,25.0,25.0,23.0,24.0,17.0,23.0,26.0,26.0,21.0,22.0,21.0,21.0,22.0,27.0,26.0,26.0,22.0,22.0,23.0,28.0,27.0,31.0,30.0,25.0,27.0,26.0,23.0,20.0,28.0
12.0,18.0,18.0,19.0,23.0,20.0,20.0,17.0,21.0,19.0,17.0,17.0,19.0,14.0,12.0,11.0,13.0,19.0,15.0,15.0,18.0,18.0,13.0,15.0,14.0,15.0,21.0,24.0,24.0,26.0,25.0,25.0,31.0,28.0,26.0,27.0,20.0,18.0,24.0,21.0,25.0,23.0,24.0,27.0,26.0,26.0,22.0,19.0
2.0,2.0,2.0,4.0,6.0,5.0,3.0,9.0,7.0,9.0,11.0,11.0,11.0,12.0,7.0,13.0,12.0,10.0,10.0,10.0,14.0,21.0,25.0,24.0,24.0,21.0,20.0,19.0,21.0,24.0,22.0,23.0,19.0,22.0,20.0,24.0,18.0,16.0,20.0,21.0,30.0,27.0,26.0,22.0,27.0,26.0,31.0,28.0
2.0,12.0,9.0,11.0,5.0,6.0,12.0,10.0,14.0,18.0,13.0,13.0,13.0,12.0,13.0,18.0,13.0,16.0,18.0,23.0,25.0,34.0,29.0,26.0,24.0,28.0,24.0,25.0,31.0,25.0,25.0,27.0,28.0,20.0,19.0,26.0,18.0,27.0,26.0,26.0,19.0,24.0,29.0,29.0,24.0,31.0,26.0,32.0
4.0,12.0,15.0,11.0,12.0,13.0,11.0,11.0,13.0,15.0,13.0,14.0,18.0,26.0,19.0,18.0,21.0,26.0,24.0,23.0,27.0,21.0,17.0,22.0,19.0,27.0,24.0,24.0,22.0,23.0,18.0,24.0,25.0,25.0,29.0,25.0,29.0,20.0,20.0,20.0,28.0,28.0,23.0,21.0,22.0,23.0,23.0,25.0
1.0,4.0,11.0,12.0,16.0,17.0,18.0,20.0,20.0,17.0,18.0,21.0,18.0,17.0,14.0,15.0,17.0,17.0,19.0,22.0,28.0,28.0,27.0,27.0,29.0,30.0,18.0,22.0,21.0,22.0,25.0,28.0,26.0,30.0,23.0,33.0,32.0,33.0,27.0,32.0,30.0,27.0,28.0,29.0,31.0,31.0,34.0,36.0
21.0,19.0,16.0,19.0,22.0,18.0,23.0,22.0,25.0,21.0,22.0,23.0,22.0,20.0,21.0,18.0,26.0,18.0,18.0,25.0,28.0,29.0,26.0,27.0,28.0,23.0,22.0,27.0,28.0,31.0,28.0,29.0,33.0,30.0,27.0,25.0,21.0,23.0,27.0,25.0,28.0,30.0,27.0,28.0,34.0,38.0,34.0,39.0
19.0,19.0,19.0,18.0,16.0,17.0,17.0,20.0,17.0,16.0,16.0,14.0,16.0,18.0,17.0,23.0,19.0,20.0,20.0,20.0,25.0,23.0,23.0,24.0,21.0,26.0,25.0,21.0,29.0,30.0,34.0,34.0,37.0,32.0,35.0,40.0,38.0,30.0,21.0,28.0,27.0,26.0,28.0,26.0,26.0,29.0,29.0,31.0
6.0,16.0,16.0,19.0,16.0,16.0,14.0,19.0,14.0,17.0,18.0,17.0,19.0,22.0,25.0,21.0,24.0,25.0,22.0,23.0,17.0,22.0,21.0,24.0,31.0,25.0,25.0,22.0,29.0,26.0,32.0,32.0,31.0,36.0,32.0,31.0,39.0,29.0,36.0,40.0,32.0,32.0,35.0,34.0,37.0,33.0,35.0,37.0
10.0,10.0,15.0,10.0,12.0,11.0,17.0,19.0,18.0,17.0,19.0,20.0,24.0,33.0,26.0,30.0,31.0,34.0,27.0,33.0,36.0,31.0,39.0,32.0,40.0,43.0,41.0,40.0,38.0,39.0,32.0,37.0,42.0,42.0,44.0,42.0,35.0,38.0,39.0,51.0,51.0,49.0,44.0,47.0,48.0,49.0,47.0,50.0
47.0,44.0,43.0,45.0,44.0,46.0,41.0,40.0,41.0,41.0,39.0,43.0,46.0,52.0,58.0,64.0,64.0,65.0,76.0,73.0,76.0,71.0,67.0,66.0,84.0,77.0,84.0,76.0,72.0,85.0,73.0,69.0,70.0,71.0,61.0,69.0,75.0,84.0,79.0,74.0,70.0,67.0,67.0,63.0,59.0,60.0,79.0,85.0
119.0,118.0,124.0,119.0,122.0,123.0,128.0,129.0,126.0,132.0,130.0,133.0,128.0,134.0,125.0,107.0,102.0,121.0,126.0,117.0,106.0,132.0,122.0,126.0,116.0,105.0,92.0,99.0,109.0,96.0,105.0,108.0,108.0,112.0,108.0,113.0,124.0,104.0,110.0,107.0,104.0,96.0,100.0,90.0,98.0,109.0,98.0,106.0
157.0,153.0,157.0,154.0,153.0,159.0,155.0,149.0,157.0,144.0,149.0,140.0,152.0,148.0,152.0,154.0,165.0,158.0,143.0,144.0,138.0,115.0,127.0,138.0,135.0,147.0,153.0,137.0,135.0,124.0,128.0,129.0,131.0,125.0,137.0,125.0,120.0,128.0,135.0,122.0,112.0,115.0,133.0,145.0,127.0,133.0,125.0,139.0
134.0,118.0,126.0,139.0,134.0,136.0,130.0,134.0,130.0,132.0,127.0,131.0,138.0,126.0,114.0,115.0,97.0,116.0,129.0,124.0,121.0,124.0,116.0,118.0,118.0,107.0,116.0,118.0,115.0,120.0,116.0,116.0,101.0,112.0,110.0,110.0,103.0,102.0,114.0,104.0,121.0,106.0,117.0,108.0,106.0,116.0,123.0,114.0
47.0,51.0,61.0,50.0,56.0,54.0,55.0,56.0,53.0,61.0,66.0,65.0,69.0,90.0,80.0,79.0,80.0,83.0,74.0,92.0,87.0,91.0,95.0,82.0,92.0,75.0,86.0,88.0,88.0,88.0,93.0,98.0,109.0,98.0,105.0,113.0,108.0,111.0,125.0,115.0,117.0,127.0,107.0,105.0,108.0,112.0,111.0,121.0
13.0,28.0,23.0,30.0,29.0,28.0,30.0,37.0,45.0,48.0,45.0,40.0,43.0,45.0,58.0,54.0,60.0,58.0,61.0,64.0,62.0,68.0,72.0,65.0,64.0,68.0,70.0,77.0,69.0,62.0,71.0,65.0,71.0,72.0,74.0,77.0,93.0,92.0,78.0,92.0,90.0,100.0,100.0,96.0,85.0,77.0,86.0,83.0
59.0,48.0,50.0,45.0,44.0,42.0,44.0,41.0,43.0,41.0,39.0,46.0,48.0,48.0,46.0,53.0,56.0,48.0,47.0,53.0,54.0,55.0,54.0,55.0,55.0,55.0,42.0,59.0,53.0,54.0,43.0,47.0,62.0,48.0,52.0,54.0,50.0,53.0,68.0,64.0,62.0,66.0,56.0,56.0,72.0,71.0,69.0,66.0
2.0,4.0,4.0,5.0,6.0,6.0,7.0,10.0,12.0,11.0,10.0,13.0,17.0,12.0,22.0,24.0,24.0,26.0,26.0,30.0,35.0,30.0,29.0,36.0,38.0,31.0,36.0,32.0,35.0,32.0,41.0,46.0,51.0,40.0,41.0,42.0,43.0,48.0,49.0,47.0,48.0,41.0,50.0,45.0,39.0,53.0,48.0,55.0
7.0,9.0,10.0,11.0,8.0,7.0,8.0,10.0,12.0,10.0,12.0,8.0,9.0,12.0,7.0,15.0,17.0,19.0,23.0,19.0,23.0,24.0,20.0,23.0,29.0,23.0,23.0,20.0,24.0,27.0,24.0,25.0,23.0,31.0,24.0,20.0,24.0,22.0,22.0,15.0,20.0,19.0,21.0,23.0,26.0,20.0,21.0,20.0
26.0,17.0,18.0,16.0,15.0,16.0,15.0,15.0,15.0,17.0,17.0,16.0,18.0,16.0,13.0,17.0,15.0,15.0,11.0,10.0,13.0,17.0,12.0,16.0,15.0,24.0,18.0,19.0,20.0,17.0,17.0,16.0,17.0,16.0,18.0,10.0,15.0,19.0,16.0,27.0,25.0,16.0,22.0,16.0,15.0,13.0,20.0,20.0
5.0,5.0,4.0,6.0,7.0,8.0,7.0,8.0,9.0,13.0,8.0,7.0,6.0,6.0,8.0,7.0,8.0,7.0,5.0,7.0,9.0,9.0,12.0,7.0,7.0,12.0,15.0,12.0,11.0,11.0,16.0,8.0,7.0,13.0,10.0,12.0,9.0,12.0,9.0,9.0,6.0,6.0,9.0,14.0,9.0,9.0,11.0,13.0
2.0,8.0,3.0,1.0,1.0,3.0,4.0,3.0,4.0,3.0,7.0,5.0,7.0,3.0,9.0,6.0,5.0,6.0,5.0,5.0,5.0,6.0,10.0,11.0,12.0,8.0,11.0,12.0,11.0,10.0,8.0,13.0,10.0,10.0,13.0,10.0,15.0,13.0,16.0,16.0,20.0,20.0,18.0,15.0,19.0,17.0,16.0,12.0
0.0,2.0,5.0,2.0,3.0,6.0,3.0,4.0,4.0,5.0,6.0,4.0,4.0,6.0,2.0,4.0,6.0,5.0,6.0,4.0,9.0,8.0,7.0,5.0,7.0,10.0,9.0,5.0,5.0,6.0,10.0,16.0,8.0,10.0,5.0,9.0,11.0,11.0,11.0,10.0,7.0,10.0,7.0,12.0,5.0,8.0,10.0,13.0
3.0,4.0,4.0,3.0,4.0,5.0,5.0,5.0,7.0,7.0,5.0,8.0,3.0,4.0,7.0,5.0,6.0,10.0,4.0,9.0,8.0,6.0,9.0,10.0,10.0,10.0,8.0,7.0,8.0,9.0,6.0,6.0,8.0,2.0,2.0,4.0,4.0,4.0,4.0,7.0,7.0,6.0,7.0,6.0,6.0,8.0,5.0,3.0
13.0,13.0,14.0,12.0,13.0,12.0,13.0,14.0,13.0,13.0,13.0,11.0,11.0,12.0,12.0,15.0,12.0,11.0,16.0,12.0,10.0,12.0,7.0,6.0,8.0,9.0,8.0,9.0,11.0,9.0,5.0,6.0,4.0,7.0,6.0,4.0,3.0,7.0,4.0,3.0,7.0,6.0,3.0,7.0,5.0,6.0,4.0,2.0
5.0,8.0,7.0,5.0,6.0,7.0,6.0,3.0,2.0,6.0,3.0,4.0,2.0,4.0,4.0,3.0,4.0,7.0,6.0,5.0,3.0,4.0,4.0,8.0,5.0,5.0,7.0,4.0,5.0,6.0,8.0,7.0,5.0,1.0,8.0,5.0,4.0,1.0,3.0,6.0,4.0,4.0,4.0,3.0,5.0,4.0,2.0,3.0
10.0,4.0,2.0,4.0,2.0,3.0,5.0,4.0,4.0,6.0,5.0,5.0,8.0,8.0,6.0,6.0,6.0,7.0,7.0,5.0,6.0,7.0,5.0,3.0,6.0,5.0,5.0,4.0,4.0,2.0,2.0,4.0,5.0,3.0,6.0,6.0,4.0,6.0,2.0,1.0,2.0,4.0,3.0,2.0,2.0,1.0,2.0,4.0
0.0,2.0,0.0,1.0,3.0,2.0,2.0,2.0,3.0,1.0,2.0,2.0,3.0,3.0,5.0,2.0,1.0,1.0,1.0,2.0,5.0,4.0,3.0,2.0,0.0,4.0,2.0,3.0,3.0,3.0,2.0,3.0,1.0,4.0,2.0,2.0,6.0,2.0,4.0,4.0,6.0,5.0,6.0,6.0,5.0,3.0,3.0,4.0
2.0,2.0,1.0,2.0,2.0,2.0,2.0,2.0,2.0,2.0,0.0,1.0,1.0,1.0,1.0,1.0,0.0,1.0,2.0,1.0,1.0,1.0,2.0,1.0,1.0,2.0,3.0,4.0,2.0,1.0,2.0,1.0,3.0,1.0,3.0,2.0,3.0,6.0,4.0,5.0,3.0,5.0,3.0,4.0,3.0,2.0,1.0,3.0
0.0,0.0,0.0,0.0,0.0,1.0,2.0,2.0,0.0,1.0,0.0,0.0,0.0,1.0,1.0,0.0,1.0,1.0,1.0,4.0,1.0,2.0,1.0,2.0,3.0,1.0,3.0,4.0,4.0,5.0,2.0,5.0,3.0,1.0,3.0,0.0,1.0,1.0,0.0,1.0,2.0,2.0,1.0,4.0,1.0,2.0,1.0,1.0
1.0,0.0,0.0,0.0,0.0,1.0,0.0,0.0,3.0,1.0,2.0,2.0,2.0,1.0,0.0,3.0,2.0,0.0,0.0,0.0,1.0,0.0,0.0,1.0,1.0,3.0,1.0,1.0,2.0,2.0,3.0,4.0,2.0,4.0,3.0,2.0,4.0,3.0,3.0,2.0,4.0,6.0,3.0,1.0,3.0,3.0,3.0,2.0
1.0,1.0,0.0,0.0,0.0,1.0,1.0,1.0,2.0,3.0,2.0,2.0,2.0,2.0,2.0,3.0,1.0,1.0,1.0,0.0,2.0,1.0,1.0,0.0,2.0,0.0,1.0,1.0,1.0,0.0,1.0,0.0,0.0,0.0,2.0,1.0,3.0,5.0,1.0,4.0,3.0,1.0,6.0,3.0,2.0,3.0,3.0,4.0
3.0,3.0,2.0,2.0,3.0,2.0,4.0,2.0,3.0,2.0,2.0,2.0,1.0,1.0,2.0,3.0,1.0,2.0,5.0,3.0,4.0,2.0,2.0,1.0,3.0,3.0,2.0,1.0,3.0,2.0,0.0,0.0,2.0,1.0,0.0,1.0,1.0,3.0,3.0,2.0,2.0,2.0,1.0,1.0,1.0,1.0,2.0,2.0
0.0,0.0,0.0,0.0,0.0,0.0,0.0,1.0,0.0,0.0,0.0,0.0,0.0,0.0,0.0,0.0,1.0,0.0,0.0,4.0,2.0,2.0,1.0,1.0,0.0,0.0,0.0,1.0,0.0,1.0,1.0,0.0,1.0,2.0,1.0,0.0,0.0,0.0,0.0,0.0,0.0,0.0,0.0,0.0,0.0,0.0,0.0,1.0
12.0,9.0,12.0,8.0,3.0,4.0,4.0,6.0,6.0,12.0,8.0,10.0,11.0,10.0,18.0,19.0,13.0,16.0,20.0,15.0,18.0,15.0,19.0,14.0,12.0,17.0,11.0,16.0,21.0,21.0,17.0,22.0,19.0,22.0,17.0,19.0,18.0,17.0,14.0,22.0,18.0,18.0,17.0,17.0,20.0,13.0,19.0,18.0
5.0,9.0,6.0,10.0,12.0,11.0,11.0,11.0,12.0,13.0,16.0,15.0,15.0,13.0,13.0,10.0,14.0,15.0,13.0,15.0,18.0,18.0,20.0,24.0,18.0,16.0,19.0,21.0,20.0,20.0,22.0,18.0,14.0,17.0,16.0,22.0,15.0,21.0,20.0,15.0,22.0,15.0,12.0,13.0,17.0,16.0,20.0,21.0
7.0,12.0,16.0,10.0,12.0,11.0,9.0,7.0,6.0,8.0,9.0,5.0,9.0,11.0,9.0,18.0,14.0,18.0,22.0,24.0,15.0,25.0,28.0,25.0,30.0,33.0,28.0,30.0,24.0,31.0,32.0,27.0,26.0,18.0,19.0,19.0,24.0,19.0,22.0,25.0,35.0,26.0,24.0,25.0,22.0,28.0,21.0,29.0
44.0,37.0,33.0,34.0,33.0,32.0,32.0,34.0,35.0,35.0,31.0,31.0,27.0,30.0,26.0,25.0,28.0,25.0,29.0,23.0,26.0,28.0,25.0,35.0,29.0,28.0,24.0,17.0,23.0,23.0,22.0,25.0,13.0,20.0,20.0,24.0,26.0,28.0,28.0,24.0,18.0,30.0,26.0,23.0,28.0,22.0,21.0,24.0
29.0,25.0,30.0,27.0,26.0,23.0,28.0,25.0,23.0,23.0,28.0,26.0,28.0,27.0,32.0,27.0,26.0,30.0,20.0,23.0,25.0,31.0,27.0,30.0,22.0,27.0,26.0,28.0,21.0,25.0,24.0,21.0,23.0,26.0,27.0,20.0,25.0,29.0,23.0,23.0,32.0,23.0,28.0,25.0,28.0,31.0,26.0,33.0
8.0,9.0,9.0,10.0,11.0,13.0,11.0,13.0,17.0,17.0,14.0,17.0,15.0,9.0,11.0,26.0,20.0,18.0,23.0,26.0,21.0,20.0,29.0,21.0,30.0,26.0,25.0,24.0,31.0,31.0,31.0,30.0,33.0,29.0,25.0,24.0,26.0,24.0,26.0,31.0,24.0,38.0,29.0,27.0,26.0,28.0,28.0,22.0
12.0,16.0,17.0,18.0,20.0,15.0,15.0,13.0,14.0,15.0,16.0,16.0,16.0,14.0,21.0,16.0,21.0,18.0,18.0,23.0,22.0,20.0,25.0,23.0,26.0,32.0,28.0,30.0,25.0,26.0,24.0,24.0,26.0,25.0,24.0,36.0,26.0,31.0,28.0,28.0,26.0,33.0,28.0,30.0,37.0,32.0,31.0,35.0
19.0,26.0,28.0,22.0,20.0,22.0,23.0,23.0,23.0,25.0,21.0,18.0,18.0,26.0,28.0,28.0,25.0,28.0,31.0,32.0,42.0,40.0,28.0,35.0,38.0,33.0,34.0,30.0,29.0,35.0,32.0,30.0,29.0,30.0,26.0,38.0,34.0,37.0,36.0,35.0,42.0,35.0,40.0,33.0,34.0,37.0,34.0,26.0
15.0,13.0,18.0,22.0,20.0,25.0,19.0,22.0,23.0,26.0,22.0,21.0,17.0,23.0,22.0,29.0,25.0,32.0,26.0,38.0,30.0,37.0,37.0,31.0,35.0,23.0,30.0,39.0,37.0,50.0,50.0,32.0,32.0,35.0,43.0,38.0,36.0,48.0,41.0,34.0,27.0,37.0,32.0,40.0,47.0,42.0,54.0,37.0
43.0,48.0,38.0,38.0,40.0,37.0,38.0,40.0,43.0,38.0,43.0,41.0,36.0,41.0,35.0,35.0,33.0,31.0,33.0,33.0,30.0,32.0,44.0,42.0,39.0,38.0,42.0,42.0,41.0,38.0,41.0,43.0,49.0,41.0,46.0,39.0,40.0,37.0,43.0,35.0,36.0,38.0,38.0,45.0,51.0,58.0,56.0,57.0
23.0,21.0,22.0,24.0,29.0,30.0,29.0,31.0,25.0,28.0,25.0,30.0,30.0,30.0,30.0,36.0,37.0,34.0,47.0,40.0,35.0,32.0,35.0,32.0,28.0,39.0,32.0,37.0,38.0,34.0,32.0,37.0,47.0,44.0,48.0,47.0,50.0,33.0,53.0,47.0,44.0,48.0,51.0,40.0,41.0,37.0,36.0,39.0
13.0,14.0,18.0,23.0,19.0,22.0,28.0,31.0,31.0,32.0,31.0,31.0,33.0,32.0,30.0,33.0,42.0,55.0,35.0,43.0,35.0,46.0,39.0,51.0,41.0,46.0,51.0,44.0,48.0,45.0,50.0,51.0,45.0,58.0,54.0,54.0,56.0,50.0,53.0,45.0,50.0,55.0,58.0,52.0,55.0,50.0,48.0,49.0
45.0,48.0,47.0,51.0,55.0,58.0,57.0,58.0,51.0,56.0,64.0,58.0,57.0,52.0,54.0,48.0,55.0,42.0,57.0,45.0,44.0,47.0,48.0,48.0,47.0,40.0,45.0,46.0,39.0,43.0,31.0,42.0,45.0,38.0,46.0,46.0,45.0,45.0,48.0,55.0,41.0,46.0,49.0,56.0,51.0,56.0,63.0,57.0
23.0,19.0,24.0,17.0,19.0,20.0,21.0,21.0,21.0,22.0,25.0,22.0,20.0,26.0,27.0,26.0,28.0,36.0,29.0,32.0,33.0,37.0,30.0,26.0,33.0,30.0,27.0,22.0,40.0,42.0,44.0,40.0,35.0,44.0,34.0,36.0,33.0,40.0,39.0,42.0,43.0,37.0,37.0,37.0,39.0,44.0,34.0,32.0
17.0,21.0,17.0,17.0,13.0,16.0,21.0,20.0,19.0,23.0,21.0,27.0,30.0,24.0,19.0,22.0,25.0,22.0,21.0,24.0,26.0,21.0,24.0,25.0,24.0,33.0,31.0,22.0,24.0,22.0,24.0,26.0,30.0,27.0,21.0,24.0,28.0,32.0,32.0,27.0,26.0,26.0,31.0,25.0,24.0,24.0,30.0,28.0
12.0,2.0,0.0,3.0,5.0,6.0,6.0,6.0,11.0,10.0,8.0,12.0,9.0,14.0,13.0,11.0,13.0,17.0,11.0,11.0,10.0,11.0,12.0,19.0,14.0,15.0,15.0,12.0,12.0,17.0,12.0,16.0,13.0,18.0,20.0,18.0,24.0,26.0,20.0,20.0,14.0,17.0,15.0,18.0,20.0,18.0,20.0,16.0
1.0,5.0,4.0,6.0,5.0,8.0,6.0,9.0,6.0,5.0,9.0,7.0,9.0,7.0,11.0,8.0,8.0,9.0,13.0,10.0,13.0,9.0,17.0,18.0,19.0,19.0,16.0,12.0,12.0,13.0,18.0,22.0,12.0,13.0,19.0,23.0,14.0,19.0,13.0,21.0,16.0,18.0,18.0,23.0,22.0,21.0,23.0,23.0
4.0,1.0,6.0,1.0,3.0,5.0,6.0,7.0,8.0,5.0,7.0,6.0,5.0,4.0,9.0,8.0,10.0,12.0,11.0,13.0,10.0,9.0,14.0,12.0,19.0,15.0,16.0,17.0,17.0,20.0,24.0,19.0,13.0,18.0,13.0,18.0,26.0,18.0,16.0,17.0,20.0,15.0,22.0,20.0,17.0,19.0,22.0,19.0
13.0,9.0,6.0,9.0,11.0,10.0,14.0,16.0,15.0,18.0,19.0,19.0,17.0,20.0,18.0,18.0,19.0,15.0,21.0,23.0,20.0,18.0,21.0,21.0,17.0,21.0,24.0,27.0,23.0,21.0,25.0,22.0,21.0,24.0,26.0,23.0,23.0,21.0,22.0,18.0,20.0,17.0,20.0,26.0,27.0,19.0,18.0,24.0
4.0,8.0,9.0,13.0,8.0,12.0,13.0,6.0,9.0,9.0,7.0,8.0,12.0,11.0,23.0,15.0,17.0,19.0,24.0,22.0,22.0,18.0,19.0,15.0,26.0,16.0,22.0,17.0,21.0,23.0,23.0,21.0,20.0,27.0,29.0,23.0,20.0,15.0,18.0,23.0,20.0,22.0,17.0,13.0,15.0,15.0,18.0,14.0
9.0,19.0,14.0,16.0,16.0,15.0,19.0,17.0,17.0,17.0,19.0,24.0,26.0,21.0,30.0,36.0,25.0,27.0,20.0,19.0,15.0,25.0,21.0,17.0,13.0,16.0,12.0,17.0,21.0,20.0,18.0,16.0,23.0,17.0,18.0,16.0,24.0,23.0,24.0,24.0,26.0,26.0,23.0,28.0,21.0,24.0,26.0,23.0
4.0,8.0,6.0,5.0,6.0,11.0,5.0,8.0,11.0,9.0,11.0,11.0,11.0,16.0,14.0,12.0,22.0,16.0,12.0,22.0,16.0,17.0,16.0,15.0,24.0,29.0,32.0,35.0,29.0,23.0,25.0,24.0,23.0,38.0,34.0,28.0,26.0,34.0,29.0,31.0,33.0,34.0,34.0,37.0,36.0,34.0,29.0,28.0
25.0,15.0,17.0,19.0,17.0,20.0,25.0,21.0,22.0,27.0,24.0,28.0,25.0,25.0,30.0,34.0,29.0,30.0,25.0,24.0,28.0,27.0,31.0,31.0,26.0,27.0,31.0,29.0,30.0,37.0,38.0,27.0,35.0,27.0,25.0,37.0,30.0,36.0,48.0,49.0,46.0,45.0,39.0,39.0,39.0,38.0,39.0,41.0
11.0,14.0,22.0,17.0,21.0,29.0,27.0,28.0,26.0,31.0,31.0,28.0,34.0,30.0,31.0,43.0,44.0,45.0,43.0,37.0,45.0,42.0,39.0,54.0,54.0,44.0,52.0,55.0,53.0,53.0,55.0,56.0,50.0,51.0,59.0,50.0,53.0,52.0,50.0,55.0,61.0,68.0,74.0,59.0,63.0,70.0,73.0,64.0
34.0,52.0,53.0,66.0,64.0,54.0,56.0,52.0,50.0,46.0,51.0,66.0,66.0,68.0,85.0,85.0,86.0,85.0,95.0,84.0,85.0,83.0,87.0,88.0,90.0,87.0,91.0,84.0,86.0,82.0,91.0,85.0,90.0,87.0,80.0,96.0,87.0,87.0,83.0,85.0,96.0,89.0,90.0,99.0,95.0,99.0,97.0,99.0
252.0,250.0,238.0,225.0,225.0,219.0,216.0,216.0,224.0,226.0,226.0,215.0,217.0,221.0,203.0,197.0,199.0,208.0,201.0,193.0,215.0,205.0,206.0,188.0,180.0,180.0,188.0,187.0,177.0,187.0,184.0,181.0,171.0,158.0,154.0,161.0,161.0,153.0,174.0,167.0,180.0,166.0,168.0,170.0,175.0,164.0,165.0,163.0
255.0,242.0,243.0,251.0,252.0,248.0,256.0,259.0,250.0,243.0,239.0,251.0,235.0,230.0,235.0,234.0,235.0,225.0,212.0,201.0,200.0,198.0,205.0,217.0,215.0,194.0,200.0,215.0,192.0,177.0,183.0,196.0,208.0,200.0,188.0,198.0,181.0,188.0,180.0,184.0,193.0,190.0,177.0,185.0,181.0,174.0,162.0,167.0
177.0,209.0,204.0,198.0,188.0,192.0,188.0,185.0,189.0,188.0,197.0,199.0,187.0,195.0,198.0,210.0,202.0,178.0,192.0,207.0,199.0,176.0,193.0,198.0,192.0,198.0,191.0,190.0,215.0,218.0,199.0,192.0,193.0,187.0,173.0,192.0,191.0,202.0,188.0,198.0,190.0,191.0,176.0,174.0,185.0,200.0,195.0,199.0
204.0,208.0,210.0,224.0,224.0,226.0,226.0,220.0,218.0,222.0,215.0,232.0,229.0,209.0,213.0,189.0,178.0,200.0,200.0,177.0,192.0,187.0,181.0,195.0,167.0,176.0,169.0,176.0,155.0,154.0,162.0,157.0,164.0,155.0,162.0,154.0,165.0,161.0,140.0,137.0,137.0,146.0,155.0,171.0,176.0,179.0,184.0,171.0
171.0,169.0,167.0,165.0,167.0,165.0,165.0,168.0,163.0,159.0,170.0,165.0,160.0,158.0,143.0,153.0,145.0,151.0,148.0,165.0,158.0,147.0,144.0,140.0,142.0,143.0,143.0,133.0,131.0,148.0,137.0,152.0,122.0,135.0,121.0,132.0,130.0,131.0,109.0,120.0,129.0,120.0,133.0,130.0,128.0,127.0,125.0,131.0
108.0,113.0,113.0,109.0,111.0,104.0,98.0,104.0,107.0,107.0,105.0,103.0,108.0,106.0,113.0,120.0,130.0,120.0,115.0,103.0,112.0,108.0,104.0,99.0,104.0,103.0,108.0,105.0,100.0,105.0,120.0,114.0,108.0,106.0,116.0,112.0,113.0,119.0,128.0,122.0,123.0,118.0,112.0,123.0,113.0,113.0,117.0,104.0
0.0,10.0,7.0,6.0,5.0,6.0,7.0,13.0,14.0,15.0,15.0,13.0,15.0,21.0,22.0,20.0,28.0,37.0,48.0,36.0,37.0,49.0,47.0,53.0,45.0,44.0,49.0,45.0,40.0,38.0,49.0,52.0,53.0,55.0,61.0,64.0,68.0,55.0,59.0,61.0,54.0,58.0,58.0,58.0,55.0,53.0,59.0,57.0
17.0,7.0,14.0,14.0,12.0,12.0,12.0,9.0,11.0,14.0,15.0,15.0,15.0,14.0,19.0,28.0,26.0,27.0,20.0,24.0,30.0,28.0,32.0,38.0,32.0,33.0,34.0,28.0,28.0,36.0,35.0,30.0,32.0,31.0,36.0,36.0,36.0,44.0,31.0,34.0,43.0,38.0,42.0,34.0,36.0,31.0,32.0,39.0
3.0,15.0,9.0,13.0,13.0,13.0,13.0,17.0,16.0,12.0,11.0,13.0,11.0,9.0,9.0,9.0,13.0,14.0,15.0,21.0,19.0,27.0,27.0,22.0,24.0,18.0,23.0,19.0,14.0,16.0,17.0,21.0,28.0,30.0,25.0,25.0,21.0,18.0,22.0,22.0,21.0,22.0,21.0,29.0,26.0,31.0,37.0,30.0
2.0,3.0,6.0,4.0,5.0,7.0,11.0,11.0,9.0,6.0,7.0,7.0,7.0,8.0,7.0,10.0,10.0,7.0,16.0,10.0,8.0,13.0,10.0,12.0,14.0,15.0,10.0,14.0,20.0,18.0,17.0,17.0,19.0,19.0,20.0,22.0,20.0,18.0,17.0,16.0,16.0,15.0,20.0,19.0,21.0,20.0,19.0,21.0
6.0,7.0,10.0,11.0,11.0,10.0,5.0,7.0,6.0,5.0,6.0,3.0,5.0,7.0,5.0,7.0,5.0,5.0,8.0,8.0,6.0,9.0,7.0,13.0,10.0,8.0,14.0,12.0,15.0,14.0,15.0,14.0,16.0,18.0,15.0,22.0,19.0,23.0,15.0,15.0,12.0,16.0,11.0,11.0,16.0,17.0,19.0,18.0
0.0,1.0,2.0,2.0,4.0,3.0,3.0,2.0,4.0,4.0,4.0,3.0,5.0,4.0,4.0,5.0,4.0,7.0,3.0,3.0,8.0,7.0,10.0,8.0,9.0,8.0,6.0,9.0,7.0,9.0,12.0,8.0,10.0,9.0,15.0,7.0,10.0,8.0,8.0,9.0,11.0,9.0,11.0,8.0,5.0,5.0,7.0,9.0
6.0,5.0,3.0,5.0,3.0,4.0,4.0,4.0,1.0,4.0,4.0,4.0,6.0,3.0,3.0,5.0,6.0,6.0,7.0,6.0,4.0,10.0,3.0,2.0,3.0,6.0,7.0,7.0,6.0,9.0,9.0,10.0,7.0,4.0,3.0,5.0,3.0,7.0,5.0,6.0,7.0,7.0,4.0,6.0,6.0,5.0,5.0,6.0
0.0,1.0,5.0,3.0,3.0,4.0,2.0,3.0,3.0,3.0,4.0,6.0,6.0,6.0,7.0,6.0,6.0,4.0,4.0,4.0,5.0,5.0,3.0,3.0,5.0,8.0,4.0,6.0,5.0,8.0,6.0,3.0,4.0,4.0,5.0,2.0,4.0,3.0,5.0,3.0,2.0,5.0,8.0,5.0,3.0,3.0,3.0,5.0
0.0,0.0,2.0,3.0,1.0,0.0,0.0,3.0,3.0,2.0,2.0,1.0,2.0,3.0,2.0,3.0,3.0,4.0,5.0,3.0,3.0,6.0,8.0,4.0,7.0,5.0,5.0,8.0,5.0,5.0,2.0,4.0,2.0,3.0,1.0,3.0,2.0,0.0,2.0,0.0,2.0,0.0,2.0,2.0,2.0,1.0,2.0,1.0
0.0,1.0,2.0,2.0,2.0,2.0,3.0,3.0,2.0,2.0,2.0,2.0,1.0,1.0,1.0,1.0,1.0,1.0,2.0,4.0,3.0,1.0,1.0,2.0,2.0,2.0,4.0,2.0,4.0,3.0,3.0,5.0,2.0,3.0,4.0,4.0,4.0,2.0,3.0,4.0,1.0,2.0,3.0,2.0,1.0,2.0,1.0,4.0
0.0,0.0,1.0,0.0,0.0,1.0,0.0,1.0,2.0,2.0,1.0,1.0,1.0,2.0,2.0,0.0,0.0,0.0,0.0,1.0,2.0,3.0,2.0,5.0,6.0,2.0,2.0,3.0,4.0,3.0,5.0,1.0,2.0,1.0,1.0,2.0,2.0,5.0,2.0,3.0,4.0,2.0,2.0,1.0,3.0,3.0,4.0,0.0
0.0,0.0,0.0,0.0,0.0,0.0,0.0,0.0,0.0,0.0,2.0,0.0,0.0,0.0,0.0,1.0,2.0,1.0,0.0,0.0,0.0,1.0,3.0,3.0,2.0,3.0,2.0,1.0,2.0,1.0,1.0,0.0,2.0,2.0,0.0,0.0,2.0,0.0,3.0,0.0,1.0,1.0,0.0,0.0,0.0,2.0,2.0,1.0
0.0,0.0,0.0,0.0,0.0,0.0,0.0,0.0,0.0,0.0,0.0,0.0,0.0,0.0,0.0,0.0,0.0,0.0,0.0,0.0,1.0,1.0,1.0,1.0,0.0,1.0,0.0,2.0,1.0,2.0,1.0,1.0,2.0,2.0,1.0,2.0,0.0,2.0,2.0,2.0,2.0,1.0,2.0,1.0,0.0,1.0,1.0,1.0
0.0,0.0,0.0,0.0,0.0,0.0,0.0,0.0,0.0,0.0,0.0,0.0,0.0,0.0,1.0,0.0,0.0,0.0,0.0,0.0,1.0,1.0,0.0,1.0,1.0,0.0,1.0,1.0,1.0,2.0,2.0,2.0,1.0,2.0,1.0,0.0,0.0,0.0,0.0,1.0,2.0,1.0,0.0,0.0,1.0,0.0,0.0,1.0
0.0,0.0,0.0,0.0,0.0,0.0,0.0,0.0,0.0,0.0,0.0,0.0,0.0,1.0,0.0,0.0,0.0,0.0,1.0,3.0,0.0,0.0,2.0,2.0,1.0,4.0,1.0,1.0,0.0,2.0,0.0,1.0,1.0,1.0,0.0,1.0,0.0,0.0,2.0,1.0,2.0,2.0,2.0,3.0,3.0,1.0,1.0,1.0
1.0,1.0,2.0,1.0,1.0,2.0,1.0,1.0,0.0,0.0,0.0,0.0,1.0,0.0,0.0,0.0,0.0,0.0,1.0,1.0,3.0,3.0,3.0,2.0,0.0,0.0,1.0,0.0,0.0,0.0,1.0,0.0,0.0,0.0,0.0,0.0,0.0,1.0,0.0,0.0,0.0,0.0,2.0,1.0,1.0,1.0,1.0,0.0
1.0,0.0,0.0,0.0,0.0,0.0,0.0,0.0,1.0,0.0,1.0,1.0,0.0,0.0,0.0,0.0,0.0,0.0,1.0,2.0,1.0,2.0,1.0,0.0,0.0,0.0,0.0,1.0,2.0,0.0,0.0,0.0,1.0,0.0,0.0,2.0,1.0,0.0,1.0,2.0,1.0,2.0,1.0,0.0,0.0,0.0,0.0,2.0
4.0,9.0,5.0,5.0,6.0,6.0,7.0,8.0,10.0,10.0,9.0,11.0,11.0,12.0,17.0,14.0,9.0,11.0,14.0,12.0,16.0,14.0,13.0,13.0,21.0,16.0,18.0,17.0,19.0,17.0,19.0,18.0,21.0,23.0,23.0,17.0,17.0,25.0,26.0,30.0,29.0,26.0,27.0,27.0,27.0,28.0,26.0,26.0
20.0,12.0,12.0,11.0,14.0,14.0,11.0,14.0,16.0,19.0,18.0,18.0,20.0,18.0,21.0,19.0,18.0,16.0,20.0,16.0,13.0,15.0,19.0,18.0,17.0,23.0,19.0,25.0,18.0,19.0,15.0,20.0,21.0,20.0,21.0,19.0,24.0,28.0,30.0,26.0,28.0,27.0,31.0,24.0,22.0,24.0,28.0,24.0
42.0,41.0,38.0,39.0,36.0,34.0,38.0,33.0,33.0,31.0,33.0,30.0,32.0,35.0,33.0,33.0,35.0,28.0,29.0,29.0,28.0,26.0,28.0,25.0,20.0,24.0,31.0,18.0,27.0,21.0,17.0,18.0,22.0,18.0,19.0,23.0,26.0,31.0,25.0,32.0,32.0,34.0,36.0,27.0,29.0,33.0,28.0,36.0
7.0,12.0,19.0,22.0,21.0,22.0,22.0,22.0,25.0,25.0,24.0,24.0,18.0,17.0,26.0,26.0,21.0,32.0,29.0,28.0,26.0,27.0,27.0,32.0,28.0,27.0,22.0,25.0,26.0,28.0,30.0,23.0,33.0,30.0,28.0,27.0,32.0,31.0,37.0,33.0,35.0,34.0,34.0,40.0,43.0,37.0,37.0,33.0
47.0,50.0,44.0,41.0,43.0,42.0,42.0,39.0,36.0,37.0,36.0,35.0,41.0,36.0,33.0,35.0,39.0,38.0,46.0,36.0,38.0,36.0,39.0,37.0,37.0,36.0,34.0,37.0,45.0,39.0,39.0,39.0,37.0,38.0,43.0,48.0,41.0,39.0,51.0,41.0,36.0,36.0,39.0,41.0,41.0,42.0,45.0,37.0
87.0,80.0,82.0,81.0,81.0,83.0,81.0,79.0,77.0,77.0,77.0,72.0,73.0,74.0,68.0,66.0,64.0,67.0,61.0,53.0,53.0,53.0,47.0,59.0,58.0,45.0,48.0,44.0,38.0,39.0,41.0,38.0,40.0,39.0,47.0,44.0,41.0,41.0,42.0,55.0,52.0,45.0,46.0,50.0,55.0,49.0,44.0,44.0
26.0,22.0,20.0,26.0,24.0,24.0,23.0,23.0,25.0,23.0,18.0,25.0,27.0,24.0,24.0,25.0,23.0,20.0,32.0,27.0,25.0,31.0,25.0,21.0,17.0,22.0,29.0,25.0,30.0,22.0,27.0,34.0,41.0,40.0,34.0,38.0,38.0,34.0,35.0,28.0,41.0,43.0,45.0,49.0,35.0,41.0,42.0,48.0
32.0,35.0,42.0,43.0,45.0,42.0,44.0,46.0,46.0,41.0,47.0,46.0,43.0,40.0,44.0,44.0,42.0,45.0,40.0,42.0,38.0,35.0,38.0,36.0,36.0,41.0,36.0,33.0,34.0,44.0,46.0,47.0,34.0,40.0,46.0,44.0,42.0,36.0,35.0,36.0,40.0,45.0,39.0,49.0,43.0,45.0,42.0,43.0
16.0,18.0,14.0,13.0,10.0,17.0,21.0,16.0,19.0,23.0,20.0,19.0,23.0,20.0,23.0,27.0,39.0,37.0,38.0,33.0,41.0,40.0,38.0,39.0,38.0,37.0,43.0,42.0,34.0,37.0,34.0,47.0,45.0,46.0,37.0,41.0,47.0,44.0,39.0,51.0,47.0,48.0,49.0,50.0,45.0,46.0,40.0,48.0
18.0,29.0,32.0,31.0,33.0,31.0,24.0,31.0,29.0,31.0,28.0,31.0,35.0,33.0,39.0,33.0,34.0,33.0,41.0,35.0,32.0,40.0,40.0,44.0,54.0,53.0,47.0,47.0,48.0,41.0,47.0,47.0,43.0,38.0,43.0,46.0,42.0,40.0,50.0,41.0,39.0,42.0,42.0,47.0,45.0,41.0,40.0,40.0
29.0,32.0,32.0,34.0,34.0,40.0,46.0,34.0,40.0,40.0,54.0,49.0,52.0,53.0,50.0,52.0,45.0,45.0,53.0,62.0,55.0,55.0,51.0,57.0,53.0,55.0,65.0,54.0,58.0,60.0,52.0,59.0,52.0,65.0,51.0,46.0,50.0,58.0,53.0,60.0,56.0,46.0,54.0,46.0,42.0,48.0,51.0,43.0
68.0,65.0,68.0,65.0,63.0,57.0,59.0,64.0,58.0,61.0,55.0,58.0,54.0,60.0,68.0,66.0,63.0,57.0,67.0,63.0,68.0,63.0,58.0,59.0,74.0,68.0,57.0,69.0,61.0,60.0,63.0,64.0,58.0,53.0,66.0,61.0,60.0,64.0,81.0,75.0,73.0,72.0,70.0,68.0,72.0,73.0,67.0,71.0
60.0,61.0,52.0,63.0,58.0,55.0,50.0,53.0,48.0,46.0,44.0,55.0,47.0,58.0,57.0,61.0,65.0,55.0,49.0,49.0,45.0,55.0,62.0,50.0,50.0,52.0,43.0,55.0,59.0,57.0,52.0,58.0,58.0,59.0,56.0,48.0,50.0,46.0,48.0,54.0,64.0,61.0,53.0,55.0,50.0,56.0,57.0,62.0
30.0,31.0,33.0,30.0,29.0,28.0,29.0,27.0,33.0,33.0,31.0,24.0,30.0,29.0,36.0,34.0,33.0,31.0,28.0,36.0,32.0,28.0,34.0,39.0,32.0,35.0,36.0,31.0,24.0,32.0,34.0,31.0,42.0,42.0,43.0,40.0,31.0,29.0,26.0,32.0,27.0,30.0,34.0,36.0,38.0,31.0,33.0,35.0
3.0,5.0,6.0,6.0,5.0,6.0,6.0,7.0,8.0,11.0,14.0,15.0,16.0,13.0,14.0,16.0,13.0,12.0,16.0,17.0,20.0,26.0,18.0,22.0,26.0,23.0,30.0,40.0,27.0,30.0,21.0,25.0,26.0,24.0,24.0,20.0,25.0,24.0,19.0,20.0,21.0,28.0,21.0,26.0,26.0,21.0,23.0,27.0
2.0,3.0,4.0,3.0,5.0,6.0,9.0,11.0,10.0,9.0,13.0,11.0,7.0,12.0,11.0,10.0,18.0,14.0,19.0,15.0,18.0,15.0,19.0,14.0,13.0,11.0,12.0,18.0,20.0,21.0,20.0,10.0,15.0,19.0,16.0,14.0,15.0,17.0,22.0,21.0,21.0,24.0,29.0,24.0,24.0,33.0,21.0,24.0
2.0,5.0,6.0,8.0,9.0,8.0,10.0,9.0,8.0,8.0,4.0,9.0,7.0,11.0,11.0,10.0,8.0,13.0,10.0,15.0,15.0,16.0,8.0,11.0,14.0,13.0,16.0,11.0,17.0,12.0,12.0,9.0,20.0,17.0,17.0,21.0,18.0,22.0,17.0,17.0,19.0,19.0,12.0,20.0,21.0,20.0,17.0,20.0
0.0,3.0,7.0,7.0,7.0,4.0,6.0,7.0,7.0,6.0,10.0,7.0,13.0,13.0,8.0,8.0,10.0,11.0,12.0,10.0,14.0,12.0,14.0,12.0,11.0,13.0,12.0,22.0,15.0,14.0,9.0,17.0,16.0,18.0,23.0,17.0,20.0,17.0,18.0,22.0,26.0,20.0,24.0,26.0,29.0,21.0,22.0,18.0
6.0,4.0,5.0,8.0,7.0,7.0,8.0,6.0,11.0,11.0,10.0,9.0,7.0,9.0,8.0,17.0,17.0,14.0,20.0,15.0,15.0,19.0,22.0,24.0,19.0,19.0,23.0,18.0,24.0,19.0,22.0,18.0,17.0,15.0,25.0,22.0,25.0,28.0,23.0,24.0,22.0,34.0,25.0,20.0,27.0,28.0,27.0,20.0
29.0,26.0,29.0,28.0,24.0,26.0,23.0,23.0,23.0,23.0,22.0,23.0,25.0,22.0,17.0,17.0,16.0,19.0,15.0,18.0,20.0,18.0,18.0,15.0,18.0,21.0,25.0,22.0,19.0,16.0,22.0,24.0,25.0,19.0,18.0,24.0,19.0,24.0,30.0,22.0,26.0,23.0,17.0,21.0,28.0,26.0,23.0,23.0
31.0,30.0,25.0,22.0,21.0,22.0,22.0,28.0,28.0,27.0,27.0,28.0,26.0,29.0,27.0,27.0,25.0,26.0,30.0,21.0,26.0,22.0,25.0,25.0,24.0,32.0,27.0,30.0,29.0,26.0,20.0,22.0,20.0,26.0,26.0,21.0,30.0,20.0,22.0,27.0,30.0,27.0,38.0,31.0,27.0,32.0,34.0,32.0
3.0,5.0,9.0,8.0,13.0,10.0,10.0,8.0,10.0,7.0,12.0,13.0,13.0,18.0,18.0,19.0,18.0,21.0,20.0,20.0,22.0,26.0,18.0,26.0,24.0,24.0,26.0,33.0,29.0,33.0,36.0,34.0,37.0,39.0,36.0,42.0,36.0,32.0,40.0,35.0,29.0,32.0,40.0,37.0,37.0,37.0,42.0,40.0
26.0,25.0,26.0,31.0,25.0,26.0,25.0,26.0,28.0,28.0,32.0,33.0,41.0,33.0,41.0,37.0,27.0,30.0,47.0,38.0,47.0,45.0,46.0,44.0,44.0,54.0,48.0,52.0,63.0,61.0,48.0,56.0,47.0,45.0,52.0,54.0,52.0,55.0,41.0,52.0,48.0,66.0,50.0,53.0,49.0,54.0,49.0,52.0
19.0,35.0,31.0,31.0,44.0,40.0,48.0,45.0,50.0,47.0,44.0,43.0,41.0,42.0,54.0,56.0,62.0,51.0,54.0,57.0,49.0,61.0,66.0,59.0,67.0,69.0,71.0,68.0,73.0,64.0,77.0,74.0,81.0,91.0,75.0,72.0,69.0,80.0,86.0,76.0,73.0,70.0,90.0,107.0,103.0,89.0,101.0,97.0
156.0,125.0,133.0,136.0,130.0,133.0,131.0,136.0,140.0,139.0,141.0,142.0,139.0,143.0,138.0,139.0,137.0,137.0,146.0,129.0,128.0,134.0,115.0,130.0,123.0,114.0,123.0,117.0,119.0,124.0,122.0,135.0,140.0,125.0,131.0,125.0,135.0,106.0,104.0,125.0,120.0,119.0,130.0,134.0,143.0,148.0,131.0,140.0
389.0,360.0,347.0,344.0,340.0,339.0,329.0,323.0,316.0,317.0,318.0,311.0,298.0,291.0,294.0,290.0,280.0,272.0,231.0,255.0,228.0,224.0,237.0,232.0,212.0,231.0,231.0,217.0,224.0,219.0,214.0,197.0,219.0,226.0,229.0,220.0,205.0,214.0,196.0,199.0,207.0,204.0,209.0,206.0,214.0,200.0,200.0,193.0
344.0,360.0,361.0,354.0,363.0,365.0,371.0,369.0,353.0,355.0,355.0,357.0,350.0,332.0,329.0,321.0,288.0,279.0,301.0,303.0,282.0,268.0,288.0,251.0,238.0,252.0,245.0,240.0,248.0,248.0,237.0,237.0,235.0,235.0,241.0,267.0,272.0,249.0,266.0,253.0,258.0,260.0,252.0,251.0,249.0,239.0,252.0,261.0
789.0,744.0,718.0,702.0,694.0,677.0,664.0,656.0,657.0,645.0,640.0,622.0,618.0,609.0,571.0,546.0,514.0,513.0,476.0,434.0,419.0,409.0,384.0,384.0,398.0,382.0,375.0,373.0,369.0,366.0,359.0,343.0,330.0,333.0,354.0,341.0,344.0,324.0,330.0,329.0,333.0,325.0,338.0,328.0,327.0,313.0,322.0,291.0
396.0,409.0,431.0,422.0,416.0,413.0,415.0,406.0,409.0,417.0,403.0,386.0,387.0,383.0,384.0,348.0,363.0,319.0,297.0,283.0,280.0,272.0,284.0,238.0,239.0,246.0,249.0,245.0,262.0,240.0,260.0,250.0,252.0,253.0,227.0,222.0,208.0,233.0,233.0,241.0,246.0,232.0,213.0,223.0,212.0,224.0,234.0,232.0
273.0,241.0,245.0,249.0,237.0,251.0,242.0,242.0,246.0,237.0,249.0,242.0,234.0,226.0,221.0,214.0,205.0,208.0,205.0,179.0,167.0,158.0,162.0,168.0,166.0,155.0,146.0,153.0,159.0,160.0,162.0,142.0,161.0,151.0,150.0,146.0,160.0,148.0,162.0,168.0,166.0,145.0,140.0,162.0,158.0,150.0,147.0,159.0
102.0,121.0,117.0,120.0,125.0,121.0,120.0,114.0,117.0,117.0,112.0,104.0,104.0,105.0,99.0,109.0,101.0,103.0,95.0,114.0,120.0,118.0,122.0,114.0,114.0,113.0,113.0,113.0,108.0,113.0,103.0,109.0,99.0,104.0,109.0,123.0,99.0,120.0,123.0,102.0,103.0,116.0,119.0,102.0,100.0,107.0,105.0,116.0
28.0,27.0,33.0,28.0,33.0,37.0,35.0,37.0,38.0,39.0,38.0,42.0,40.0,52.0,45.0,49.0,53.0,42.0,47.0,63.0,62.0,60.0,61.0,56.0,63.0,57.0,50.0,57.0,62.0,68.0,56.0,65.0,61.0,64.0,64.0,63.0,73.0,68.0,66.0,72.0,66.0,61.0,49.0,63.0,61.0,70.0,65.0,63.0
11.0,19.0,19.0,22.0,25.0,21.0,26.0,24.0,23.0,22.0,27.0,26.0,31.0,23.0,22.0,23.0,31.0,30.0,28.0,27.0,34.0,32.0,37.0,31.0,29.0,38.0,42.0,44.0,40.0,30.0,32.0,40.0,41.0,45.0,38.0,37.0,33.0,40.0,43.0,45.0,41.0,39.0,43.0,41.0,43.0,42.0,43.0,49.0
30.0,21.0,26.0,26.0,20.0,21.0,19.0,19.0,13.0,15.0,14.0,17.0,16.0,15.0,20.0,24.0,18.0,23.0,30.0,21.0,16.0,21.0,19.0,19.0,9.0,18.0,21.0,25.0,22.0,25.0,26.0,24.0,25.0,22.0,16.0,21.0,27.0,17.0,29.0,28.0,24.0,25.0,17.0,20.0,24.0,21.0,16.0,18.0
2.0,4.0,4.0,5.0,9.0,4.0,5.0,5.0,6.0,6.0,8.0,5.0,7.0,8.0,8.0,8.0,9.0,9.0,9.0,10.0,13.0,12.0,10.0,8.0,14.0,11.0,15.0,13.0,17.0,20.0,20.0,15.0,18.0,17.0,22.0,17.0,16.0,15.0,13.0,16.0,16.0,12.0,16.0,20.0,16.0,22.0,14.0,17.0
18.0,18.0,12.0,13.0,11.0,12.0,12.0,8.0,9.0,10.0,9.0,12.0,8.0,13.0,14.0,10.0,12.0,14.0,9.0,13.0,15.0,15.0,11.0,13.0,14.0,13.0,14.0,14.0,11.0,10.0,14.0,14.0,9.0,9.0,16.0,6.0,9.0,9.0,13.0,11.0,11.0,11.0,9.0,11.0,14.0,11.0,9.0,13.0
9.0,6.0,9.0,6.0,2.0,4.0,3.0,8.0,7.0,5.0,5.0,8.0,8.0,9.0,5.0,7.0,7.0,8.0,8.0,10.0,14.0,12.0,13.0,9.0,12.0,9.0,9.0,11.0,13.0,10.0,10.0,10.0,10.0,12.0,9.0,16.0,15.0,12.0,13.0,15.0,10.0,10.0,12.0,15.0,10.0,8.0,14.0,6.0
4.0,3.0,2.0,3.0,4.0,3.0,3.0,4.0,4.0,1.0,3.0,3.0,2.0,4.0,1.0,3.0,3.0,5.0,3.0,5.0,5.0,5.0,4.0,5.0,4.0,4.0,6.0,6.0,6.0,5.0,3.0,2.0,5.0,5.0,6.0,6.0,8.0,6.0,3.0,7.0,10.0,8.0,9.0,8.0,13.0,12.0,14.0,14.0
0.0,1.0,1.0,1.0,3.0,3.0,3.0,2.0,3.0,3.0,2.0,3.0,2.0,2.0,4.0,2.0,4.0,2.0,3.0,4.0,3.0,2.0,1.0,4.0,2.0,2.0,2.0,0.0,3.0,3.0,3.0,3.0,2.0,6.0,3.0,4.0,5.0,6.0,4.0,2.0,0.0,3.0,3.0,4.0,3.0,4.0,6.0,6.0
0.0,0.0,0.0,0.0,1.0,0.0,0.0,0.0,0.0,0.0,0.0,0.0,1.0,2.0,0.0,1.0,1.0,1.0,1.0,2.0,2.0,3.0,5.0,3.0,3.0,5.0,4.0,3.0,4.0,4.0,2.0,0.0,1.0,3.0,3.0,1.0,1.0,2.0,1.0,2.0,4.0,4.0,2.0,3.0,3.0,3.0,1.0,2.0
0.0,0.0,0.0,0.0,0.0,1.0,0.0,0.0,0.0,0.0,0.0,0.0,0.0,0.0,2.0,1.0,4.0,2.0,1.0,3.0,1.0,1.0,0.0,4.0,1.0,2.0,2.0,3.0,1.0,2.0,2.0,2.0,5.0,2.0,3.0,2.0,1.0,0.0,1.0,2.0,0.0,1.0,3.0,2.0,2.0,0.0,2.0,0.0
0.0,0.0,0.0,0.0,0.0,0.0,1.0,0.0,0.0,0.0,0.0,0.0,0.0,0.0,0.0,0.0,0.0,1.0,2.0,0.0,0.0,1.0,2.0,0.0,1.0,1.0,1.0,2.0,1.0,2.0,2.0,4.0,1.0,2.0,3.0,1.0,0.0,1.0,0.0,0.0,1.0,0.0,0.0,3.0,1.0,1.0,1.0,3.0
0.0,1.0,1.0,1.0,1.0,0.0,1.0,0.0,0.0,0.0,0.0,1.0,0.0,1.0,2.0,3.0,2.0,0.0,0.0,2.0,1.0,2.0,1.0,1.0,3.0,2.0,0.0,0.0,0.0,0.0,2.0,1.0,2.0,3.0,2.0,1.0,2.0,3.0,1.0,2.0,0.0,1.0,0.0,0.0,2.0,1.0,1.0,0.0
1.0,0.0,0.0,0.0,0.0,1.0,1.0,1.0,1.0,0.0,0.0,0.0,0.0,2.0,2.0,3.0,1.0,0.0,3.0,0.0,2.0,1.0,2.0,2.0,1.0,0.0,2.0,1.0,3.0,1.0,2.0,4.0,0.0,2.0,0.0,2.0,3.0,2.0,4.0,1.0,2.0,2.0,1.0,1.0,2.0,2.0,2.0,2.0
0.0,0.0,0.0,0.0,0.0,0.0,1.0,0.0,0.0,0.0,0.0,0.0,1.0,0.0,0.0,1.0,0.0,0.0,0.0,1.0,0.0,2.0,3.0,1.0,0.0,0.0,0.0,0.0,0.0,1.0,0.0,1.0,1.0,0.0,1.0,2.0,0.0,0.0,1.0,4.0,3.0,2.0,3.0,2.0,3.0,2.0,1.0,1.0
0.0,0.0,0.0,0.0,0.0,0.0,0.0,0.0,0.0,0.0,0.0,0.0,0.0,0.0,0.0,0.0,0.0,2.0,1.0,0.0,0.0,0.0,1.0,0.0,1.0,0.0,1.0,1.0,1.0,0.0,0.0,0.0,0.0,0.0,2.0,0.0,2.0,1.0,1.0,0.0,0.0,1.0,0.0,1.0,0.0,1.0,2.0,4.0
1.0,0.0,0.0,1.0,1.0,1.0,1.0,1.0,0.0,0.0,0.0,0.0,3.0,2.0,2.0,0.0,2.0,2.0,0.0,1.0,1.0,2.0,0.0,4.0,2.0,1.0,2.0,2.0,2.0,2.0,3.0,2.0,2.0,3.0,1.0,2.0,2.0,0.0,0.0,1.0,0.0,0.0,0.0,1.0,2.0,3.0,1.0,2.0
0.0,2.0,2.0,2.0,1.0,1.0,1.0,0.0,1.0,2.0,1.0,2.0,1.0,1.0,0.0,1.0,1.0,2.0,2.0,2.0,0.0,0.0,1.0,0.0,1.0,2.0,1.0,1.0,2.0,1.0,0.0,1.0,0.0,0.0,3.0,2.0,1.0,2.0,1.0,0.0,1.0,1.0,0.0,1.0,1.0,2.0,3.0,1.0
11.0,9.0,14.0,12.0,14.0,13.0,15.0,19.0,15.0,14.0,12.0,14.0,13.0,17.0,14.0,11.0,19.0,22.0,19.0,20.0,24.0,19.0,16.0,22.0,19.0,19.0,20.0,23.0,22.0,20.0,22.0,24.0,29.0,31.0,38.0,28.0,22.0,26.0,28.0,20.0,22.0,22.0,23.0,30.0,30.0,21.0,23.0,30.0
29.0,28.0,28.0,26.0,27.0,29.0,26.0,26.0,24.0,23.0,28.0,31.0,26.0,26.0,23.0,25.0,31.0,32.0,33.0,38.0,32.0,29.0,30.0,34.0,31.0,28.0,39.0,33.0,34.0,32.0,26.0,37.0,24.0,26.0,31.0,36.0,35.0,36.0,34.0,34.0,41.0,42.0,42.0,44.0,40.0,46.0,50.0,46.0
22.0,20.0,17.0,22.0,18.0,23.0,21.0,19.0,17.0,21.0,17.0,20.0,16.0,16.0,17.0,22.0,18.0,24.0,32.0,29.0,32.0,19.0,29.0,27.0,32.0,37.0,32.0,33.0,23.0,27.0,35.0,35.0,30.0,31.0,25.0,33.0,28.0,21.0,21.0,21.0,21.0,25.0,25.0,22.0,19.0,23.0,28.0,26.0
13.0,17.0,27.0,21.0,25.0,23.0,21.0,24.0,27.0,19.0,23.0,20.0,26.0,26.0,26.0,30.0,33.0,29.0,26.0,27.0,35.0,39.0,35.0,31.0,32.0,26.0,31.0,28.0,35.0,38.0,31.0,33.0,26.0,27.0,27.0,29.0,30.0,23.0,27.0,35.0,20.0,18.0,21.0,20.0,24.0,29.0,26.0,24.0
23.0,23.0,25.0,28.0,26.0,25.0,27.0,29.0,29.0,33.0,31.0,39.0,37.0,38.0,42.0,38.0,38.0,38.0,31.0,39.0,35.0,30.0,28.0,27.0,43.0,39.0,38.0,50.0,49.0,46.0,40.0,41.0,49.0,37.0,40.0,36.0,41.0,45.0,31.0,34.0,37.0,43.0,37.0,36.0,38.0,29.0,36.0,38.0
38.0,41.0,44.0,41.0,36.0,35.0,37.0,44.0,42.0,45.0,44.0,43.0,45.0,49.0,41.0,40.0,44.0,50.0,44.0,48.0,42.0,40.0,39.0,43.0,33.0,42.0,42.0,34.0,37.0,45.0,43.0,41.0,36.0,34.0,36.0,35.0,37.0,39.0,35.0,35.0,42.0,35.0,41.0,37.0,29.0,42.0,45.0,46.0
21.0,26.0,24.0,25.0,27.0,31.0,25.0,22.0,25.0,24.0,34.0,32.0,29.0,32.0,32.0,29.0,27.0,27.0,37.0,39.0,45.0,36.0,50.0,36.0,37.0,41.0,31.0,44.0,37.0,44.0,38.0,37.0,46.0,44.0,42.0,38.0,40.0,48.0,41.0,44.0,42.0,41.0,41.0,32.0,40.0,34.0,38.0,40.0
14.0,19.0,23.0,19.0,20.0,16.0,18.0,17.0,16.0,21.0,21.0,24.0,25.0,21.0,25.0,32.0,28.0,27.0,29.0,40.0,29.0,45.0,39.0,37.0,35.0,39.0,42.0,42.0,45.0,34.0,33.0,35.0,32.0,34.0,35.0,34.0,32.0,27.0,32.0,25.0,29.0,31.0,28.0,33.0,32.0,30.0,41.0,32.0
47.0,31.0,39.0,35.0,46.0,35.0,35.0,35.0,32.0,37.0,36.0,31.0,32.0,33.0,31.0,36.0,50.0,48.0,53.0,51.0,41.0,44.0,54.0,48.0,41.0,45.0,47.0,34.0,39.0,43.0,40.0,34.0,42.0,43.0,48.0,44.0,48.0,46.0,39.0,45.0,50.0,41.0,47.0,43.0,38.0,41.0,43.0,43.0
14.0,13.0,14.0,17.0,19.0,25.0,23.0,28.0,32.0,27.0,30.0,33.0,31.0,37.0,30.0,31.0,36.0,39.0,25.0,28.0,37.0,24.0,34.0,34.0,40.0,44.0,39.0,52.0,43.0,50.0,52.0,51.0,46.0,44.0,46.0,42.0,47.0,50.0,44.0,50.0,54.0,54.0,55.0,46.0,45.0,51.0,47.0,54.0
29.0,38.0,40.0,49.0,38.0,41.0,44.0,44.0,47.0,47.0,41.0,41.0,50.0,44.0,47.0,47.0,56.0,64.0,61.0,50.0,55.0,47.0,62.0,61.0,55.0,61.0,59.0,60.0,58.0,52.0,51.0,52.0,64.0,45.0,55.0,66.0,47.0,45.0,45.0,54.0,53.0,53.0,47.0,49.0,55.0,51.0,59.0,56.0
237.0,225.0,231.0,227.0,223.0,221.0,208.0,203.0,193.0,190.0,189.0,177.0,177.0,163.0,159.0,171.0,152.0,132.0,141.0,128.0,132.0,121.0,112.0,121.0,114.0,99.0,100.0,90.0,98.0,100.0,98.0,86.0,90.0,93.0,85.0,81.0,92.0,86.0,88.0,79.0,85.0,99.0,93.0,89.0,86.0,92.0,90.0,90.0
55.0,61.0,61.0,56.0,64.0,57.0,61.0,61.0,64.0,62.0,63.0,61.0,66.0,63.0,64.0,65.0,67.0,65.0,66.0,69.0,69.0,65.0,70.0,72.0,62.0,63.0,82.0,62.0,61.0,56.0,55.0,44.0,52.0,46.0,50.0,49.0,49.0,60.0,54.0,62.0,58.0,42.0,66.0,65.0,67.0,68.0,68.0,62.0
55.0,52.0,49.0,48.0,45.0,51.0,52.0,56.0,54.0,54.0,53.0,55.0,53.0,58.0,49.0,47.0,53.0,48.0,52.0,50.0,49.0,59.0,57.0,54.0,51.0,58.0,44.0,44.0,47.0,46.0,52.0,46.0,33.0,43.0,37.0,44.0,38.0,41.0,44.0,45.0,48.0,51.0,43.0,36.0,41.0,42.0,36.0,45.0
25.0,23.0,22.0,20.0,19.0,19.0,20.0,17.0,18.0,21.0,20.0,20.0,22.0,21.0,19.0,18.0,19.0,24.0,19.0,21.0,19.0,23.0,29.0,32.0,34.0,24.0,33.0,33.0,27.0,25.0,24.0,27.0,26.0,24.0,32.0,23.0,27.0,27.0,32.0,24.0,32.0,29.0,29.0,30.0,34.0,19.0,36.0,21.0
4.0,6.0,5.0,10.0,11.0,7.0,6.0,6.0,7.0,10.0,11.0,13.0,13.0,12.0,16.0,12.0,13.0,10.0,13.0,15.0,17.0,16.0,20.0,24.0,24.0,22.0,26.0,20.0,31.0,24.0,30.0,29.0,25.0,17.0,22.0,24.0,21.0,16.0,18.0,25.0,22.0,23.0,22.0,24.0,27.0,31.0,18.0,26.0
25.0,29.0,25.0,22.0,23.0,24.0,23.0,24.0,23.0,25.0,21.0,22.0,23.0,22.0,21.0,28.0,25.0,23.0,21.0,19.0,20.0,21.0,20.0,18.0,14.0,17.0,16.0,20.0,15.0,18.0,19.0,19.0,19.0,21.0,23.0,16.0,26.0,19.0,28.0,20.0,25.0,24.0,29.0,32.0,32.0,25.0,29.0,26.0
37.0,30.0,28.0,26.0,26.0,26.0,22.0,25.0,25.0,23.0,23.0,22.0,21.0,23.0,25.0,16.0,14.0,23.0,19.0,24.0,19.0,17.0,18.0,19.0,19.0,19.0,19.0,22.0,23.0,21.0,22.0,28.0,23.0,25.0,21.0,19.0,23.0,24.0,27.0,25.0,26.0,26.0,23.0,26.0,19.0,29.0,28.0,23.0
28.0,22.0,20.0,20.0,16.0,20.0,19.0,19.0,20.0,21.0,22.0,22.0,18.0,18.0,22.0,19.0,22.0,20.0,22.0,25.0,26.0,27.0,23.0,25.0,22.0,25.0,30.0,28.0,24.0,28.0,28.0,27.0,27.0,25.0,21.0,33.0,29.0,27.0,28.0,35.0,39.0,31.0,31.0,33.0,32.0,25.0,40.0,38.0
17.0,22.0,20.0,12.0,18.0,15.0,15.0,17.0,14.0,14.0,17.0,18.0,20.0,15.0,11.0,14.0,15.0,19.0,18.0,15.0,18.0,15.0,15.0,23.0,20.0,15.0,13.0,12.0,16.0,16.0,21.0,19.0,24.0,25.0,25.0,30.0,29.0,29.0,26.0,28.0,21.0,23.0,27.0,34.0,26.0,26.0,27.0,38.0
7.0,8.0,10.0,14.0,15.0,15.0,15.0,14.0,13.0,16.0,13.0,11.0,17.0,14.0,15.0,17.0,16.0,22.0,18.0,21.0,16.0,12.0,16.0,22.0,22.0,17.0,22.0,19.0,19.0,27.0,28.0,34.0,28.0,29.0,33.0,31.0,39.0,34.0,42.0,38.0,41.0,44.0,39.0,35.0,39.0,37.0,38.0,33.0
4.0,6.0,10.0,12.0,9.0,11.0,13.0,8.0,12.0,11.0,11.0,10.0,13.0,15.0,20.0,18.0,22.0,19.0,25.0,26.0,26.0,30.0,35.0,32.0,40.0,47.0,48.0,47.0,53.0,41.0,48.0,47.0,66.0,48.0,58.0,52.0,38.0,42.0,42.0,53.0,56.0,59.0,55.0,53.0,55.0,61.0,59.0,63.0
70.0,65.0,63.0,57.0,58.0,59.0,59.0,62.0,64.0,63.0,64.0,61.0,58.0,66.0,58.0,53.0,49.0,60.0,52.0,63.0,57.0,52.0,56.0,58.0,58.0,55.0,62.0,68.0,64.0,80.0,87.0,84.0,72.0,82.0,80.0,88.0,87.0,102.0,104.0,91.0,94.0,79.0,87.0,88.0,95.0,80.0,90.0,97.0
33.0,42.0,40.0,46.0,45.0,55.0,62.0,70.0,61.0,60.0,67.0,77.0,77.0,76.0,78.0,69.0,81.0,91.0,87.0,85.0,78.0,94.0,110.0,92.0,103.0,101.0,106.0,96.0,113.0,115.0,112.0,111.0,95.0,100.0,106.0,99.0,107.0,113.0,116.0,107.0,102.0,120.0,127.0,121.0,127.0,126.0,128.0,136.0
226.0,241.0,231.0,236.0,233.0,228.0,221.0,220.0,224.0,227.0,216.0,225.0,216.0,221.0,236.0,210.0,204.0,203.0,187.0,186.0,201.0,199.0,189.0,185.0,174.0,199.0,169.0,210.0,200.0,200.0,207.0,201.0,202.0,208.0,196.0,193.0,175.0,208.0,179.0,170.0,178.0,188.0,157.0,172.0,159.0,167.0,183.0,184.0
451.0,434.0,430.0,422.0,406.0,399.0,397.0,396.0,393.0,387.0,377.0,380.0,368.0,367.0,342.0,328.0,290.0,285.0,276.0,267.0,257.0,259.0,262.0,248.0,260.0,251.0,245.0,249.0,231.0,244.0,237.0,252.0,256.0,232.0,252.0,235.0,234.0,238.0,260.0,266.0,257.0,237.0,249.0,254.0,255.0,262.0,267.0,266.0
258.0,266.0,275.0,279.0,283.0,294.0,294.0,282.0,289.0,274.0,279.0,268.0,281.0,277.0,277.0,291.0,294.0,274.0,258.0,272.0,276.0,263.0,234.0,259.0,254.0,220.0,236.0,254.0,256.0,252.0,231.0,237.0,252.0,265.0,275.0,253.0,281.0,270.0,260.0,252.0,261.0,267.0,282.0,265.0,279.0,280.0,261.0,263.0
386.0,379.0,372.0,360.0,355.0,349.0,351.0,357.0,341.0,336.0,322.0,336.0,320.0,323.0,332.0,328.0,337.0,332.0,320.0,347.0,320.0,329.0,316.0,305.0,290.0,285.0,279.0,281.0,281.0,275.0,291.0,285.0,278.0,285.0,276.0,282.0,280.0,303.0,282.0,304.0,288.0,298.0,298.0,304.0,310.0,298.0,293.0,314.0
559.0,543.0,516.0,510.0,512.0,508.0,510.0,508.0,499.0,497.0,478.0,484.0,484.0,448.0,427.0,427.0,379.0,359.0,356.0,323.0,306.0,308.0,310.0,291.0,300.0,276.0,271.0,266.0,234.0,269.0,269.0,289.0,269.0,275.0,278.0,272.0,269.0,258.0,287.0,279.0,272.0,285.0,287.0,288.0,289.0,275.0,260.0,271.0
248.0,245.0,250.0,241.0,235.0,234.0,235.0,226.0,231.0,233.0,225.0,215.0,222.0,210.0,217.0,202.0,209.0,173.0,181.0,198.0,195.0,194.0,184.0,188.0,176.0,188.0,178.0,165.0,176.0,174.0,190.0,170.0,174.0,172.0,174.0,190.0,177.0,176.0,185.0,178.0,171.0,169.0,176.0,177.0,167.0,172.0,167.0,162.0
173.0,162.0,156.0,163.0,158.0,144.0,140.0,153.0,153.0,151.0,150.0,156.0,140.0,147.0,136.0,120.0,115.0,111.0,118.0,122.0,121.0,119.0,106.0,102.0,112.0,120.0,121.0,119.0,130.0,117.0,107.0,117.0,111.0,107.0,112.0,105.0,119.0,100.0,94.0,114.0,112.0,121.0,125.0,114.0,119.0,116.0,107.0,116.0
17.0,26.0,25.0,24.0,34.0,38.0,42.0,42.0,43.0,42.0,45.0,43.0,47.0,42.0,53.0,51.0,44.0,50.0,45.0,48.0,53.0,44.0,59.0,57.0,54.0,53.0,54.0,57.0,60.0,66.0,72.0,56.0,60.0,56.0,64.0,59.0,61.0,61.0,53.0,61.0,63.0,68.0,68.0,73.0,72.0,70.0,69.0,66.0
35.0,27.0,27.0,27.0,29.0,29.0,24.0,25.0,25.0,23.0,21.0,22.0,22.0,29.0,25.0,31.0,31.0,27.0,20.0,26.0,32.0,27.0,30.0,32.0,31.0,27.0,24.0,28.0,35.0,42.0,38.0,42.0,39.0,40.0,40.0,46.0,37.0,34.0,41.0,41.0,35.0,41.0,46.0,37.0,38.0,43.0,41.0,43.0
15.0,18.0,12.0,17.0,13.0,12.0,17.0,15.0,14.0,13.0,14.0,15.0,17.0,14.0,12.0,13.0,17.0,18.0,18.0,20.0,24.0,14.0,11.0,18.0,20.0,19.0,28.0,28.0,21.0,19.0,32.0,24.0,26.0,20.0,21.0,20.0,20.0,19.0,19.0,16.0,17.0,18.0,28.0,26.0,26.0,25.0,23.0,27.0
3.0,2.0,7.0,6.0,5.0,3.0,3.0,5.0,4.0,5.0,3.0,6.0,4.0,6.0,7.0,6.0,9.0,11.0,5.0,8.0,8.0,8.0,10.0,11.0,11.0,13.0,9.0,12.0,21.0,16.0,9.0,16.0,11.0,12.0,9.0,20.0,14.0,16.0,17.0,12.0,10.0,12.0,13.0,13.0,15.0,12.0,17.0,18.0
12.0,12.0,10.0,8.0,10.0,11.0,12.0,9.0,10.0,10.0,9.0,8.0,10.0,10.0,4.0,7.0,8.0,6.0,13.0,5.0,5.0,3.0,5.0,6.0,9.0,5.0,14.0,12.0,8.0,4.0,2.0,6.0,10.0,10.0,6.0,12.0,13.0,8.0,7.0,11.0,17.0,13.0,12.0,9.0,9.0,13.0,14.0,15.0
1.0,2.0,2.0,3.0,3.0,4.0,9.0,9.0,10.0,9.0,9.0,7.0,8.0,6.0,10.0,5.0,8.0,9.0,8.0,12.0,8.0,8.0,10.0,11.0,7.0,12.0,8.0,8.0,7.0,13.0,9.0,10.0,14.0,14.0,13.0,12.0,9.0,11.0,11.0,15.0,10.0,10.0,11.0,8.0,11.0,11.0,10.0,16.0
1.0,0.0,2.0,6.0,5.0,4.0,1.0,2.0,2.0,4.0,6.0,4.0,5.0,5.0,6.0,6.0,4.0,3.0,5.0,5.0,4.0,3.0,2.0,1.0,2.0,2.0,3.0,4.0,5.0,3.0,3.0,7.0,5.0,6.0,6.0,5.0,4.0,8.0,5.0,5.0,6.0,7.0,8.0,6.0,8.0,11.0,7.0,6.0
3.0,3.0,1.0,1.0,1.0,1.0,1.0,1.0,2.0,2.0,3.0,3.0,2.0,6.0,2.0,3.0,4.0,4.0,4.0,1.0,2.0,2.0,4.0,2.0,3.0,3.0,3.0,2.0,1.0,2.0,5.0,3.0,5.0,5.0,2.0,5.0,2.0,2.0,3.0,6.0,7.0,6.0,6.0,5.0,9.0,9.0,10.0,4.0
0.0,1.0,0.0,0.0,0.0,0.0,0.0,0.0,1.0,1.0,2.0,2.0,1.0,0.0,2.0,1.0,0.0,1.0,1.0,1.0,3.0,3.0,1.0,2.0,1.0,2.0,3.0,4.0,1.0,2.0,3.0,3.0,3.0,2.0,4.0,1.0,2.0,4.0,3.0,0.0,4.0,1.0,4.0,1.0,1.0,1.0,2.0,2.0
0.0,0.0,1.0,1.0,1.0,1.0,1.0,1.0,1.0,1.0,1.0,2.0,2.0,2.0,2.0,3.0,2.0,3.0,2.0,1.0,4.0,6.0,4.0,2.0,5.0,4.0,4.0,1.0,3.0,2.0,4.0,3.0,2.0,2.0,1.0,3.0,2.0,2.0,1.0,3.0,2.0,1.0,3.0,4.0,4.0,4.0,3.0,2.0
0.0,0.0,0.0,0.0,0.0,0.0,0.0,1.0,0.0,0.0,1.0,0.0,0.0,1.0,1.0,3.0,3.0,2.0,1.0,1.0,1.0,0.0,2.0,1.0,0.0,1.0,1.0,0.0,0.0,1.0,1.0,1.0,1.0,0.0,1.0,3.0,1.0,1.0,1.0,0.0,1.0,3.0,2.0,1.0,2.0,1.0,3.0,3.0
0.0,0.0,0.0,0.0,0.0,1.0,0.0,0.0,0.0,0.0,0.0,0.0,2.0,2.0,2.0,1.0,1.0,2.0,2.0,0.0,4.0,2.0,0.0,2.0,0.0,2.0,1.0,2.0,1.0,2.0,1.0,1.0,1.0,2.0,2.0,2.0,2.0,1.0,0.0,1.0,1.0,0.0,0.0,1.0,1.0,4.0,2.0,4.0
0.0,0.0,0.0,1.0,0.0,1.0,1.0,0.0,0.0,1.0,1.0,1.0,2.0,0.0,0.0,1.0,1.0,3.0,1.0,1.0,3.0,2.0,2.0,1.0,1.0,1.0,2.0,0.0,2.0,2.0,4.0,2.0,3.0,2.0,2.0,3.0,2.0,2.0,0.0,0.0,0.0,2.0,1.0,2.0,2.0,1.0,2.0,2.0
0.0,0.0,0.0,0.0,0.0,0.0,0.0,2.0,1.0,0.0,0.0,2.0,1.0,2.0,0.0,0.0,1.0,1.0,1.0,1.0,1.0,2.0,1.0,3.0,0.0,1.0,2.0,2.0,1.0,1.0,0.0,1.0,2.0,2.0,1.0,0.0,1.0,1.0,1.0,0.0,0.0,0.0,0.0,1.0,0.0,1.0,0.0,1.0
0.0,0.0,1.0,0.0,0.0,1.0,1.0,1.0,1.0,1.0,1.0,1.0,1.0,1.0,2.0,1.0,1.0,0.0,0.0,1.0,2.0,0.0,0.0,1.0,2.0,3.0,2.0,0.0,3.0,1.0,1.0,2.0,0.0,1.0,1.0,1.0,1.0,3.0,0.0,2.0,0.0,1.0,3.0,1.0,2.0,2.0,2.0,0.0
0.0,0.0,0.0,0.0,1.0,0.0,0.0,1.0,2.0,0.0,0.0,0.0,0.0,1.0,0.0,3.0,1.0,2.0,2.0,1.0,2.0,1.0,1.0,1.0,1.0,0.0,1.0,1.0,0.0,2.0,0.0,2.0,2.0,0.0,1.0,0.0,0.0,0.0,1.0,0.0,1.0,1.0,1.0,1.0,1.0,1.0,1.0,1.0
1.0,1.0,1.0,1.0,1.0,1.0,4.0,2.0,1.0,3.0,3.0,2.0,3.0,1.0,1.0,0.0,1.0,2.0,2.0,1.0,1.0,0.0,0.0,1.0,1.0,2.0,1.0,1.0,0.0,2.0,5.0,2.0,2.0,3.0,0.0,0.0,0.0,1.0,1.0,0.0,2.0,5.0,5.0,6.0,4.0,2.0,3.0,3.0
51.0,51.0,49.0,47.0,45.0,41.0,42.0,47.0,42.0,42.0,46.0,40.0,52.0,52.0,53.0,55.0,49.0,47.0,41.0,46.0,28.0,29.0,28.0,27.0,35.0,35.0,38.0,39.0,37.0,38.0,34.0,32.0,39.0,40.0,38.0,39.0,48.0,55.0,45.0,42.0,40.0,47.0,50.0,47.0,46.0,43.0,40.0,38.0
39.0,39.0,35.0,36.0,35.0,40.0,39.0,37.0,39.0,39.0,39.0,45.0,39.0,43.0,44.0,36.0,35.0,24.0,33.0,35.0,44.0,40.0,36.0,34.0,31.0,36.0,32.0,42.0,42.0,44.0,45.0,47.0,44.0,41.0,39.0,43.0,49.0,40.0,42.0,41.0,42.0,41.0,39.0,46.0,45.0,50.0,47.0,38.0
2.0,13.0,14.0,12.0,12.0,13.0,16.0,17.0,22.0,20.0,18.0,18.0,24.0,20.0,19.0,25.0,18.0,24.0,22.0,27.0,29.0,34.0,35.0,36.0,37.0,34.0,39.0,32.0,34.0,36.0,31.0,24.0,32.0,27.0,36.0,34.0,37.0,39.0,25.0,29.0,26.0,33.0,28.0,32.0,35.0,32.0,32.0,36.0
56.0,60.0,52.0,56.0,58.0,55.0,58.0,58.0,60.0,61.0,58.0,54.0,50.0,51.0,48.0,42.0,41.0,39.0,34.0,41.0,41.0,47.0,48.0,44.0,40.0,38.0,34.0,50.0,48.0,51.0,53.0,48.0,42.0,52.0,55.0,44.0,43.0,46.0,51.0,45.0,47.0,33.0,40.0,38.0,39.0,36.0,34.0,30.0
46.0,35.0,31.0,38.0,37.0,42.0,42.0,38.0,40.0,35.0,37.0,43.0,40.0,42.0,35.0,33.0,36.0,41.0,43.0,41.0,40.0,41.0,39.0,39.0,37.0,36.0,34.0,31.0,33.0,39.0,47.0,47.0,44.0,44.0,53.0,50.0,40.0,45.0,48.0,48.0,49.0,48.0,44.0,50.0,47.0,50.0,48.0,58.0
43.0,38.0,38.0,42.0,41.0,44.0,39.0,45.0,48.0,50.0,51.0,48.0,38.0,36.0,45.0,53.0,45.0,48.0,44.0,38.0,39.0,48.0,36.0,37.0,43.0,42.0,49.0,47.0,45.0,44.0,39.0,41.0,39.0,50.0,38.0,51.0,44.0,44.0,50.0,46.0,46.0,60.0,57.0,56.0,62.0,60.0,65.0,60.0
43.0,34.0,37.0,37.0,38.0,32.0,38.0,34.0,35.0,37.0,35.0,29.0,35.0,30.0,26.0,26.0,32.0,35.0,36.0,35.0,40.0,48.0,52.0,46.0,45.0,49.0,38.0,35.0,35.0,38.0,45.0,40.0,44.0,41.0,45.0,36.0,39.0,41.0,45.0,44.0,51.0,38.0,36.0,40.0,37.0,38.0,43.0,42.0
35.0,43.0,39.0,39.0,33.0,38.0,40.0,41.0,40.0,37.0,34.0,38.0,38.0,42.0,49.0,39.0,39.0,39.0,47.0,42.0,57.0,48.0,41.0,38.0,48.0,46.0,47.0,53.0,57.0,50.0,46.0,42.0,55.0,50.0,37.0,33.0,40.0,33.0,32.0,38.0,41.0,33.0,38.0,32.0,35.0,36.0,36.0,40.0
80.0,86.0,80.0,80.0,77.0,79.0,77.0,76.0,79.0,78.0,80.0,79.0,80.0,75.0,73.0,69.0,70.0,70.0,67.0,65.0,57.0,55.0,47.0,62.0,60.0,57.0,55.0,49.0,47.0,51.0,50.0,53.0,53.0,51.0,48.0,53.0,54.0,59.0,64.0,61.0,57.0,68.0,60.0,62.0,64.0,60.0,53.0,52.0
52.0,52.0,59.0,52.0,51.0,56.0,53.0,50.0,50.0,52.0,48.0,49.0,54.0,45.0,51.0,53.0,46.0,55.0,43.0,50.0,57.0,51.0,48.0,44.0,50.0,50.0,42.0,54.0,48.0,42.0,50.0,44.0,54.0,49.0,52.0,51.0,49.0,54.0,44.0,55.0,46.0,46.0,52.0,54.0,60.0,59.0,59.0,61.0
41.0,43.0,42.0,41.0,47.0,40.0,46.0,44.0,44.0,47.0,53.0,58.0,49.0,46.0,48.0,51.0,59.0,56.0,57.0,55.0,40.0,57.0,56.0,50.0,45.0,52.0,62.0,55.0,60.0,61.0,51.0,50.0,45.0,48.0,42.0,39.0,46.0,58.0,54.0,46.0,49.0,53.0,53.0,50.0,49.0,48.0,43.0,48.0
279.0,260.0,241.0,236.0,225.0,209.0,211.0,215.0,200.0,200.0,189.0,188.0,181.0,181.0,154.0,159.0,159.0,131.0,122.0,148.0,126.0,136.0,135.0,122.0,120.0,129.0,118.0,110.0,106.0,107.0,108.0,114.0,113.0,98.0,102.0,107.0,110.0,101.0,96.0,102.0,107.0,96.0,98.0,100.0,99.0,88.0,93.0,83.0
121.0,113.0,113.0,110.0,115.0,119.0,112.0,111.0,125.0,118.0,113.0,109.0,106.0,107.0,100.0,90.0,83.0,84.0,92.0,72.0,82.0,72.0,82.0,89.0,89.0,82.0,74.0,78.0,84.0,72.0,69.0,80.0,69.0,64.0,59.0,68.0,57.0,68.0,80.0,85.0,73.0,79.0,74.0,74.0,72.0,70.0,72.0,80.0
8.0,10.0,11.0,13.0,16.0,18.0,21.0,19.0,13.0,17.0,22.0,25.0,31.0,28.0,32.0,28.0,32.0,42.0,32.0,45.0,46.0,46.0,38.0,35.0,43.0,45.0,40.0,33.0,31.0,39.0,36.0,34.0,35.0,46.0,41.0,31.0,40.0,33.0,32.0,35.0,41.0,45.0,42.0,42.0,44.0,43.0,49.0,39.0
7.0,8.0,8.0,11.0,15.0,13.0,18.0,19.0,22.0,16.0,17.0,18.0,17.0,21.0,17.0,20.0,27.0,18.0,25.0,24.0,29.0,22.0,22.0,24.0,22.0,25.0,19.0,26.0,26.0,22.0,26.0,22.0,28.0,29.0,29.0,37.0,34.0,34.0,29.0,29.0,26.0,26.0,27.0,27.0,26.0,37.0,34.0,48.0
19.0,18.0,23.0,27.0,23.0,26.0,24.0,24.0,24.0,25.0,22.0,24.0,22.0,20.0,27.0,21.0,19.0,24.0,25.0,24.0,27.0,31.0,23.0,28.0,29.0,30.0,28.0,28.0,27.0,28.0,23.0,27.0,18.0,23.0,24.0,24.0,20.0,21.0,26.0,24.0,31.0,24.0,29.0,26.0,24.0,22.0,31.0,33.0
26.0,16.0,17.0,16.0,22.0,21.0,17.0,17.0,20.0,27.0,24.0,17.0,19.0,18.0,17.0,15.0,18.0,17.0,22.0,20.0,21.0,23.0,24.0,22.0,26.0,24.0,24.0,20.0,23.0,25.0,30.0,23.0,24.0,23.0,22.0,18.0,20.0,24.0,27.0,29.0,23.0,34.0,30.0,29.0,24.0,27.0,25.0,23.0
15.0,17.0,18.0,22.0,19.0,16.0,18.0,17.0,18.0,13.0,18.0,21.0,17.0,17.0,16.0,26.0,21.0,21.0,15.0,17.0,15.0,21.0,21.0,21.0,21.0,23.0,21.0,32.0,31.0,29.0,29.0,32.0,42.0,39.0,35.0,39.0,34.0,39.0,42.0,43.0,42.0,44.0,33.0,31.0,39.0,38.0,37.0,38.0
16.0,21.0,19.0,22.0,23.0,22.0,22.0,22.0,21.0,19.0,16.0,18.0,21.0,22.0,23.0,22.0,26.0,28.0,29.0,28.0,28.0,29.0,29.0,24.0,29.0,25.0,24.0,26.0,27.0,28.0,21.0,25.0,20.0,27.0,28.0,28.0,34.0,35.0,41.0,37.0,29.0,32.0,40.0,37.0,34.0,39.0,26.0,37.0
47.0,45.0,44.0,48.0,41.0,41.0,40.0,39.0,42.0,40.0,39.0,40.0,37.0,34.0,33.0,32.0,31.0,36.0,39.0,32.0,32.0,32.0,41.0,42.0,38.0,35.0,37.0,41.0,36.0,44.0,36.0,43.0,42.0,38.0,43.0,35.0,46.0,43.0,37.0,32.0,30.0,42.0,42.0,45.0,58.0,53.0,50.0,50.0
11.0,8.0,11.0,9.0,9.0,8.0,9.0,12.0,11.0,7.0,11.0,14.0,14.0,14.0,21.0,25.0,21.0,26.0,28.0,33.0,28.0,38.0,33.0,45.0,39.0,57.0,48.0,56.0,60.0,61.0,59.0,55.0,53.0,59.0,46.0,57.0,49.0,57.0,53.0,59.0,62.0,63.0,66.0,60.0,59.0,60.0,68.0,72.0
10.0,12.0,13.0,16.0,19.0,19.0,21.0,24.0,22.0,28.0,25.0,25.0,22.0,23.0,20.0,31.0,32.0,32.0,30.0,37.0,45.0,44.0,54.0,47.0,60.0,57.0,50.0,52.0,54.0,63.0,73.0,77.0,74.0,73.0,70.0,77.0,90.0,83.0,82.0,84.0,86.0,95.0,97.0,92.0,98.0,102.0,96.0,88.0
14.0,19.0,25.0,28.0,32.0,35.0,32.0,34.0,38.0,35.0,32.0,40.0,34.0,44.0,50.0,57.0,63.0,58.0,69.0,68.0,70.0,75.0,79.0,87.0,91.0,88.0,101.0,108.0,110.0,100.0,105.0,108.0,98.0,116.0,113.0,123.0,120.0,127.0,115.0,100.0,110.0,110.0,113.0,123.0,107.0,113.0,122.0,126.0
73.0,68.0,72.0,70.0,82.0,78.0,75.0,77.0,87.0,97.0,100.0,102.0,96.0,103.0,103.0,99.0,103.0,118.0,109.0,136.0,136.0,155.0,162.0,158.0,134.0,152.0,136.0,155.0,158.0,130.0,142.0,153.0,148.0,144.0,145.0,150.0,157.0,153.0,146.0,166.0,165.0,166.0,142.0,141.0,148.0,151.0,140.0,158.0
306.0,292.0,285.0,285.0,283.0,271.0,280.0,280.0,269.0,261.0,255.0,254.0,258.0,257.0,234.0,253.0,218.0,211.0,229.0,219.0,231.0,245.0,238.0,233.0,242.0,235.0,244.0,226.0,230.0,237.0,205.0,201.0,221.0,223.0,223.0,244.0,247.0,238.0,256.0,249.0,225.0,237.0,231.0,208.0,240.0,246.0,243.0,232.0
80.0,107.0,117.0,126.0,126.0,141.0,127.0,132.0,131.0,132.0,145.0,141.0,149.0,149.0,182.0,174.0,186.0,185.0,195.0,205.0,205.0,203.0,198.0,210.0,196.0,207.0,227.0,208.0,215.0,209.0,224.0,221.0,212.0,222.0,254.0,261.0,239.0,241.0,237.0,233.0,242.0,240.0,239.0,254.0,230.0,236.0,244.0,250.0
219.0,218.0,208.0,195.0,201.0,201.0,201.0,208.0,213.0,212.0,209.0,218.0,229.0,231.0,221.0,217.0,220.0,215.0,209.0,190.0,211.0,213.0,223.0,235.0,226.0,244.0,234.0,233.0,235.0,217.0,233.0,237.0,241.0,257.0,239.0,265.0,241.0,233.0,223.0,250.0,243.0,255.0,270.0,272.0,266.0,256.0,255.0,256.0
155.0,170.0,171.0,178.0,175.0,178.0,178.0,174.0,175.0,185.0,196.0,187.0,181.0,193.0,195.0,227.0,195.0,200.0,220.0,213.0,207.0,229.0,228.0,220.0,225.0,214.0,219.0,234.0,230.0,214.0,208.0,219.0,207.0,209.0,219.0,201.0,221.0,224.0,228.0,216.0,220.0,225.0,220.0,223.0,212.0,225.0,224.0,240.0
247.0,224.0,229.0,230.0,226.0,232.0,236.0,226.0,226.0,232.0,234.0,224.0,221.0,248.0,240.0,223.0,240.0,248.0,246.0,253.0,257.0,233.0,227.0,228.0,246.0,265.0,238.0,247.0,231.0,254.0,251.0,235.0,243.0,220.0,239.0,221.0,229.0,232.0,229.0,220.0,225.0,219.0,224.0,227.0,221.0,215.0,213.0,191.0
201.0,212.0,209.0,201.0,204.0,201.0,200.0,202.0,207.0,203.0,206.0,208.0,196.0,186.0,193.0,186.0,176.0,164.0,179.0,172.0,160.0,182.0,175.0,187.0,182.0,184.0,188.0,194.0,204.0,173.0,175.0,177.0,155.0,177.0,165.0,170.0,184.0,192.0,193.0,199.0,183.0,169.0,163.0,168.0,165.0,180.0,173.0,189.0
52.0,63.0,74.0,76.0,77.0,86.0,86.0,78.0,81.0,83.0,75.0,80.0,80.0,89.0,84.0,110.0,104.0,109.0,97.0,97.0,98.0,93.0,104.0,94.0,99.0,97.0,104.0,101.0,98.0,98.0,85.0,105.0,120.0,103.0,107.0,125.0,119.0,110.0,114.0,111.0,112.0,108.0,113.0,120.0,120.0,116.0,119.0,114.0
34.0,36.0,30.0,35.0,35.0,40.0,43.0,42.0,45.0,48.0,52.0,46.0,55.0,56.0,62.0,52.0,55.0,65.0,74.0,70.0,66.0,75.0,62.0,63.0,65.0,71.0,72.0,73.0,65.0,71.0,74.0,68.0,76.0,76.0,61.0,73.0,77.0,93.0,91.0,80.0,77.0,82.0,79.0,80.0,79.0,83.0,94.0,73.0
25.0,28.0,31.0,27.0,29.0,28.0,32.0,32.0,32.0,34.0,36.0,34.0,38.0,33.0,35.0,35.0,26.0,24.0,31.0,38.0,33.0,38.0,37.0,35.0,30.0,38.0,34.0,38.0,41.0,34.0,31.0,37.0,34.0,44.0,39.0,37.0,37.0,35.0,42.0,37.0,46.0,51.0,43.0,41.0,42.0,52.0,35.0,43.0
14.0,8.0,8.0,7.0,8.0,8.0,8.0,12.0,10.0,10.0,10.0,9.0,8.0,15.0,12.0,18.0,20.0,17.0,16.0,11.0,9.0,8.0,10.0,15.0,20.0,24.0,21.0,20.0,20.0,21.0,19.0,30.0,23.0,26.0,32.0,23.0,26.0,29.0,28.0,28.0,26.0,26.0,25.0,27.0,26.0,21.0,28.0,26.0
5.0,11.0,9.0,13.0,11.0,10.0,10.0,5.0,8.0,11.0,10.0,10.0,13.0,10.0,5.0,6.0,8.0,6.0,7.0,7.0,4.0,15.0,15.0,15.0,13.0,11.0,12.0,12.0,12.0,12.0,12.0,13.0,20.0,21.0,18.0,17.0,14.0,16.0,10.0,15.0,14.0,17.0,13.0,23.0,20.0,19.0,17.0,20.0
9.0,7.0,10.0,9.0,11.0,9.0,7.0,9.0,5.0,4.0,5.0,5.0,9.0,4.0,8.0,6.0,7.0,6.0,8.0,5.0,10.0,10.0,8.0,12.0,11.0,11.0,8.0,13.0,8.0,15.0,12.0,9.0,11.0,9.0,12.0,6.0,5.0,7.0,10.0,12.0,10.0,15.0,10.0,10.0,10.0,13.0,15.0,14.0
5.0,4.0,5.0,5.0,5.0,3.0,4.0,5.0,6.0,7.0,5.0,4.0,6.0,8.0,8.0,6.0,6.0,9.0,10.0,3.0,6.0,3.0,6.0,5.0,8.0,8.0,9.0,3.0,9.0,9.0,7.0,8.0,6.0,7.0,9.0,4.0,9.0,4.0,8.0,9.0,10.0,13.0,16.0,16.0,16.0,16.0,11.0,11.0
9.0,11.0,10.0,7.0,8.0,11.0,11.0,11.0,11.0,14.0,13.0,14.0,10.0,11.0,10.0,10.0,10.0,14.0,10.0,14.0,10.0,11.0,8.0,11.0,11.0,10.0,9.0,9.0,11.0,9.0,9.0,10.0,10.0,9.0,10.0,12.0,11.0,11.0,10.0,11.0,12.0,5.0,12.0,15.0,13.0,14.0,14.0,14.0
0.0,3.0,4.0,3.0,4.0,4.0,5.0,4.0,4.0,4.0,3.0,3.0,5.0,6.0,6.0,5.0,4.0,4.0,4.0,3.0,5.0,7.0,7.0,6.0,3.0,3.0,3.0,3.0,5.0,4.0,2.0,1.0,5.0,2.0,3.0,7.0,5.0,9.0,8.0,6.0,4.0,7.0,6.0,8.0,10.0,5.0,8.0,4.0
0.0,0.0,1.0,2.0,1.0,2.0,1.0,2.0,2.0,2.0,2.0,1.0,2.0,1.0,2.0,1.0,4.0,3.0,4.0,3.0,3.0,0.0,3.0,3.0,3.0,2.0,3.0,5.0,10.0,3.0,3.0,6.0,1.0,2.0,2.0,3.0,6.0,1.0,1.0,1.0,1.0,3.0,1.0,1.0,0.0,2.0,0.0,5.0
0.0,0.0,2.0,1.0,2.0,2.0,2.0,1.0,1.0,1.0,1.0,1.0,2.0,3.0,2.0,1.0,1.0,1.0,2.0,2.0,3.0,3.0,1.0,2.0,3.0,3.0,3.0,2.0,1.0,5.0,3.0,3.0,3.0,3.0,5.0,3.0,4.0,4.0,4.0,3.0,1.0,3.0,3.0,3.0,5.0,4.0,4.0,2.0
0.0,1.0,0.0,1.0,0.0,0.0,1.0,1.0,2.0,3.0,2.0,2.0,0.0,0.0,2.0,2.0,1.0,0.0,3.0,3.0,1.0,0.0,2.0,1.0,2.0,0.0,0.0,2.0,0.0,0.0,1.0,3.0,3.0,2.0,2.0,3.0,1.0,2.0,2.0,2.0,3.0,3.0,1.0,2.0,2.0,3.0,4.0,4.0
0.0,0.0,0.0,0.0,2.0,2.0,3.0,1.0,1.0,0.0,0.0,1.0,1.0,2.0,0.0,0.0,2.0,2.0,2.0,4.0,1.0,2.0,2.0,1.0,3.0,4.0,4.0,4.0,3.0,3.0,0.0,1.0,4.0,4.0,2.0,0.0,2.0,1.0,2.0,2.0,1.0,1.0,1.0,0.0,0.0,2.0,1.0,3.0
0.0,0.0,0.0,0.0,0.0,1.0,0.0,0.0,0.0,0.0,0.0,0.0,0.0,0.0,0.0,0.0,0.0,1.0,0.0,0.0,0.0,1.0,1.0,2.0,0.0,1.0,0.0,0.0,1.0,2.0,5.0,3.0,2.0,1.0,2.0,3.0,3.0,3.0,2.0,1.0,3.0,2.0,4.0,3.0,3.0,2.0,3.0,2.0
0.0,0.0,0.0,1.0,0.0,0.0,1.0,0.0,0.0,1.0,1.0,0.0,0.0,1.0,0.0,1.0,0.0,1.0,0.0,0.0,0.0,0.0,1.0,0.0,0.0,0.0,1.0,0.0,0.0,1.0,0.0,0.0,0.0,2.0,0.0,1.0,1.0,1.0,1.0,1.0,0.0,1.0,2.0,1.0,2.0,1.0,1.0,0.0
0.0,0.0,0.0,1.0,1.0,0.0,1.0,0.0,2.0,0.0,0.0,0.0,0.0,0.0,1.0,0.0,0.0,0.0,0.0,0.0,0.0,3.0,1.0,0.0,2.0,1.0,1.0,3.0,2.0,1.0,2.0,1.0,3.0,0.0,2.0,0.0,0.0,1.0,3.0,2.0,3.0,3.0,1.0,1.0,0.0,2.0,2.0,1.0
0.0,0.0,0.0,0.0,1.0,1.0,0.0,1.0,0.0,0.0,0.0,0.0,0.0,0.0,1.0,1.0,1.0,0.0,0.0,2.0,4.0,0.0,1.0,1.0,0.0,1.0,0.0,1.0,0.0,3.0,0.0,1.0,1.0,2.0,1.0,2.0,2.0,0.0,0.0,2.0,1.0,1.0,0.0,0.0,0.0,1.0,1.0,1.0
0.0,0.0,0.0,0.0,0.0,1.0,0.0,2.0,0.0,0.0,0.0,0.0,0.0,1.0,0.0,1.0,1.0,1.0,1.0,2.0,0.0,1.0,0.0,0.0,2.0,2.0,2.0,1.0,4.0,0.0,2.0,1.0,3.0,2.0,2.0,1.0,1.0,2.0,3.0,3.0,2.0,1.0,1.0,0.0,0.0,1.0,1.0,2.0
52.0,59.0,57.0,61.0,57.0,59.0,61.0,56.0,59.0,55.0,52.0,54.0,47.0,50.0,50.0,45.0,56.0,48.0,49.0,48.0,48.0,44.0,42.0,40.0,47.0,45.0,39.0,35.0,38.0,42.0,45.0,45.0,45.0,41.0,36.0,31.0,40.0,39.0,48.0,54.0,53.0,50.0,49.0,41.0,40.0,47.0,42.0,37.0
44.0,31.0,35.0,37.0,41.0,37.0,36.0,39.0,34.0,35.0,39.0,34.0,33.0,37.0,34.0,44.0,38.0,46.0,38.0,40.0,41.0,50.0,51.0,64.0,53.0,52.0,48.0,45.0,37.0,40.0,43.0,39.0,43.0,45.0,45.0,46.0,51.0,47.0,43.0,44.0,40.0,39.0,34.0,42.0,31.0,33.0,36.0,47.0
17.0,26.0,24.0,22.0,25.0,24.0,25.0,23.0,26.0,26.0,23.0,27.0,32.0,27.0,30.0,34.0,36.0,37.0,45.0,44.0,44.0,37.0,36.0,34.0,35.0,32.0,29.0,32.0,43.0,32.0,32.0,33.0,38.0,54.0,48.0,36.0,39.0,39.0,41.0,44.0,52.0,37.0,44.0,40.0,46.0,45.0,44.0,45.0
51.0,50.0,57.0,55.0,49.0,52.0,52.0,52.0,48.0,47.0,53.0,45.0,49.0,53.0,44.0,49.0,49.0,44.0,47.0,40.0,51.0,46.0,51.0,44.0,50.0,42.0,43.0,47.0,48.0,58.0,53.0,61.0,63.0,52.0,49.0,52.0,51.0,54.0,62.0,55.0,54.0,61.0,48.0,52.0,60.0,61.0,68.0,68.0
74.0,80.0,76.0,66.0,65.0,66.0,66.0,72.0,67.0,68.0,61.0,60.0,60.0,59.0,74.0,49.0,56.0,58.0,62.0,57.0,68.0,60.0,52.0,60.0,60.0,55.0,65.0,59.0,62.0,53.0,53.0,57.0,55.0,60.0,63.0,63.0,60.0,74.0,66.0,70.0,69.0,61.0,63.0,73.0,69.0,74.0,70.0,70.0
20.0,19.0,18.0,20.0,13.0,21.0,25.0,17.0,22.0,18.0,25.0,25.0,25.0,34.0,37.0,49.0,47.0,51.0,49.0,48.0,50.0,52.0,46.0,56.0,51.0,60.0,61.0,56.0,49.0,42.0,49.0,51.0,56.0,51.0,64.0,57.0,58.0,56.0,62.0,61.0,56.0,59.0,65.0,62.0,58.0,65.0,59.0,63.0
16.0,25.0,22.0,25.0,30.0,25.0,22.0,24.0,20.0,22.0,24.0,25.0,30.0,30.0,31.0,37.0,40.0,43.0,48.0,51.0,50.0,46.0,49.0,42.0,45.0,41.0,47.0,48.0,46.0,57.0,56.0,55.0,48.0,56.0,55.0,55.0,61.0,55.0,57.0,55.0,52.0,56.0,51.0,52.0,49.0,53.0,49.0,54.0
57.0,48.0,50.0,48.0,49.0,49.0,48.0,47.0,47.0,48.0,53.0,46.0,41.0,46.0,46.0,48.0,53.0,54.0,44.0,43.0,46.0,56.0,49.0,46.0,39.0,43.0,44.0,53.0,54.0,57.0,55.0,55.0,59.0,56.0,61.0,51.0,47.0,56.0,55.0,64.0,59.0,63.0,56.0,62.0,55.0,55.0,50.0,56.0
48.0,48.0,45.0,50.0,52.0,56.0,51.0,48.0,52.0,57.0,48.0,51.0,50.0,45.0,44.0,38.0,45.0,41.0,43.0,43.0,36.0,26.0,33.0,30.0,30.0,30.0,38.0,37.0,45.0,36.0,46.0,31.0,34.0,44.0,47.0,57.0,45.0,57.0,57.0,52.0,59.0,60.0,62.0,65.0,61.0,59.0,57.0,65.0
41.0,38.0,40.0,42.0,46.0,40.0,46.0,45.0,40.0,41.0,44.0,38.0,42.0,52.0,40.0,50.0,41.0,46.0,43.0,54.0,53.0,60.0,56.0,46.0,47.0,51.0,54.0,54.0,43.0,51.0,52.0,64.0,55.0,51.0,52.0,51.0,59.0,50.0,66.0,53.0,58.0,56.0,57.0,55.0,48.0,51.0,55.0,52.0
33.0,30.0,37.0,37.0,37.0,44.0,39.0,48.0,49.0,49.0,48.0,53.0,46.0,54.0,49.0,48.0,48.0,52.0,59.0,40.0,51.0,49.0,50.0,51.0,55.0,60.0,55.0,64.0,66.0,57.0,60.0,74.0,66.0,61.0,62.0,62.0,69.0,57.0,59.0,48.0,54.0,60.0,63.0,55.0,58.0,60.0,64.0,65.0
66.0,71.0,72.0,74.0,70.0,71.0,79.0,67.0,66.0,65.0,67.0,59.0,60.0,61.0,76.0,65.0,71.0,89.0,71.0,65.0,81.0,68.0,70.0,77.0,71.0,72.0,73.0,75.0,81.0,86.0,78.0,79.0,76.0,81.0,80.0,72.0,70.0,71.0,71.0,77.0,74.0,69.0,62.0,70.0,64.0,67.0,70.0,71.0
53.0,58.0,59.0,54.0,54.0,56.0,58.0,62.0,57.0,56.0,59.0,57.0,52.0,58.0,52.0,61.0,54.0,67.0,69.0,72.0,66.0,75.0,74.0,71.0,71.0,60.0,67.0,70.0,65.0,61.0,65.0,73.0,71.0,59.0,63.0,62.0,64.0,66.0,65.0,60.0,60.0,66.0,63.0,56.0,77.0,78.0,73.0,72.0
67.0,55.0,57.0,60.0,55.0,53.0,47.0,41.0,47.0,45.0,46.0,54.0,51.0,53.0,48.0,54.0,51.0,40.0,50.0,47.0,44.0,46.0,50.0,46.0,40.0,41.0,48.0,40.0,42.0,45.0,48.0,39.0,52.0,52.0,50.0,51.0,52.0,51.0,48.0,47.0,46.0,50.0,49.0,53.0,46.0,58.0,50.0,46.0
22.0,22.0,21.0,23.0,21.0,27.0,28.0,33.0,25.0,28.0,34.0,30.0,31.0,29.0,35.0,34.0,35.0,39.0,28.0,29.0,23.0,29.0,20.0,31.0,25.0,30.0,26.0,32.0,31.0,25.0,29.0,41.0,33.0,34.0,28.0,23.0,33.0,36.0,31.0,35.0,31.0,32.0,37.0,26.0,42.0,42.0,29.0,28.0
6.0,12.0,11.0,9.0,13.0,17.0,18.0,18.0,14.0,16.0,17.0,20.0,25.0,22.0,23.0,26.0,19.0,24.0,28.0,29.0,29.0,30.0,34.0,23.0,30.0,30.0,37.0,37.0,42.0,38.0,30.0,30.0,34.0,34.0,36.0,27.0,28.0,31.0,34.0,34.0,38.0,40.0,32.0,42.0,35.0,36.0,41.0,48.0
12.0,13.0,19.0,15.0,13.0,13.0,16.0,14.0,23.0,17.0,26.0,26.0,23.0,26.0,23.0,25.0,22.0,25.0,24.0,26.0,26.0,24.0,26.0,33.0,30.0,28.0,26.0,31.0,23.0,27.0,29.0,29.0,25.0,19.0,24.0,33.0,35.0,33.0,33.0,36.0,37.0,35.0,45.0,47.0,36.0,33.0,34.0,39.0
4.0,6.0,4.0,4.0,5.0,7.0,8.0,9.0,9.0,7.0,8.0,16.0,14.0,19.0,21.0,21.0,25.0,12.0,17.0,13.0,15.0,21.0,19.0,19.0,21.0,22.0,27.0,32.0,35.0,31.0,33.0,27.0,31.0,29.0,35.0,29.0,27.0,35.0,37.0,32.0,32.0,29.0,34.0,27.0,36.0,41.0,41.0,46.0
25.0,28.0,31.0,31.0,31.0,30.0,31.0,30.0,30.0,29.0,29.0,28.0,29.0,32.0,31.0,36.0,25.0,17.0,19.0,19.0,26.0,24.0,25.0,27.0,34.0,39.0,42.0,35.0,40.0,38.0,34.0,38.0,34.0,37.0,41.0,45.0,45.0,44.0,42.0,38.0,47.0,52.0,40.0,52.0,45.0,44.0,55.0,55.0
14.0,14.0,16.0,14.0,18.0,14.0,16.0,18.0,16.0,14.0,20.0,17.0,17.0,23.0,26.0,26.0,30.0,30.0,19.0,29.0,27.0,36.0,26.0,31.0,29.0,37.0,32.0,29.0,42.0,47.0,45.0,40.0,51.0,44.0,37.0,42.0,43.0,44.0,50.0,62.0,56.0,60.0,70.0,65.0,67.0,70.0,71.0,66.0
14.0,15.0,12.0,14.0,13.0,16.0,17.0,18.0,21.0,26.0,24.0,23.0,29.0,27.0,19.0,31.0,30.0,35.0,38.0,41.0,56.0,57.0,63.0,59.0,71.0,60.0,69.0,72.0,73.0,71.0,85.0,77.0,81.0,83.0,85.0,75.0,68.0,73.0,83.0,74.0,90.0,97.0,87.0,92.0,88.0,100.0,108.0,103.0
8.0,12.0,11.0,11.0,20.0,21.0,25.0,30.0,27.0,26.0,27.0,34.0,34.0,36.0,38.0,43.0,47.0,39.0,66.0,72.0,83.0,78.0,86.0,94.0,93.0,82.0,88.0,91.0,89.0,104.0,95.0,119.0,103.0,105.0,118.0,120.0,114.0,130.0,120.0,128.0,122.0,127.0,151.0,133.0,129.0,143.0,122.0,135.0
68.0,62.0,71.0,77.0,80.0,80.0,85.0,82.0,84.0,85.0,92.0,85.0,96.0,96.0,91.0,96.0,110.0,135.0,137.0,160.0,153.0,182.0,173.0,170.0,156.0,169.0,188.0,183.0,171.0,192.0,204.0,187.0,197.0,200.0,207.0,202.0,205.0,184.0,198.0,204.0,209.0,190.0,194.0,194.0,220.0,196.0,201.0,201.0
101.0,124.0,120.0,130.0,131.0,145.0,145.0,149.0,145.0,153.0,155.0,147.0,157.0,153.0,157.0,173.0,185.0,209.0,220.0,212.0,242.0,233.0,229.0,247.0,265.0,264.0,249.0,260.0,254.0,261.0,267.0,273.0,273.0,271.0,257.0,270.0,264.0,261.0,246.0,259.0,254.0,266.0,281.0,307.0,279.0,285.0,287.0,294.0
181.0,190.0,194.0,202.0,204.0,204.0,207.0,196.0,198.0,197.0,207.0,225.0,224.0,222.0,223.0,265.0,282.0,275.0,295.0,303.0,305.0,305.0,308.0,306.0,323.0,318.0,343.0,328.0,328.0,314.0,339.0,321.0,334.0,349.0,340.0,335.0,342.0,327.0,330.0,317.0,324.0,298.0,309.0,329.0,305.0,308.0,317.0,319.0
103.0,111.0,126.0,133.0,144.0,140.0,158.0,154.0,160.0,169.0,165.0,167.0,165.0,183.0,198.0,201.0,228.0,267.0,283.0,286.0,279.0,274.0,272.0,282.0,282.0,300.0,290.0,315.0,347.0,329.0,320.0,317.0,296.0,300.0,311.0,298.0,314.0,304.0,300.0,319.0,301.0,304.0,323.0,305.0,318.0,298.0,307.0,316.0
52.0,86.0,100.0,113.0,117.0,123.0,119.0,131.0,141.0,137.0,145.0,142.0,167.0,156.0,182.0,208.0,203.0,235.0,254.0,262.0,273.0,292.0,268.0,268.0,299.0,289.0,306.0,276.0,281.0,310.0,292.0,290.0,299.0,292.0,277.0,266.0,270.0,278.0,283.0,249.0,251.0,264.0,272.0,258.0,273.0,285.0,287.0,280.0
90.0,110.0,120.0,122.0,119.0,126.0,126.0,127.0,132.0,128.0,129.0,137.0,147.0,153.0,157.0,184.0,187.0,181.0,194.0,199.0,194.0,190.0,210.0,216.0,208.0,225.0,229.0,239.0,217.0,201.0,222.0,224.0,236.0,248.0,222.0,230.0,221.0,225.0,227.0,253.0,237.0,235.0,230.0,247.0,234.0,223.0,229.0,239.0
186.0,177.0,180.0,186.0,186.0,184.0,190.0,199.0,193.0,192.0,191.0,190.0,193.0,185.0,180.0,193.0,186.0,188.0,206.0,194.0,205.0,211.0,185.0,194.0,207.0,218.0,202.0,211.0,219.0,220.0,210.0,233.0,219.0,213.0,210.0,229.0,215.0,208.0,213.0,200.0,220.0,236.0,216.0,225.0,217.0,220.0,207.0,215.0
102.0,108.0,100.0,111.0,114.0,110.0,106.0,105.0,99.0,104.0,109.0,106.0,111.0,128.0,114.0,109.0,140.0,145.0,143.0,162.0,172.0,160.0,162.0,183.0,167.0,167.0,172.0,152.0,159.0,164.0,174.0,158.0,172.0,167.0,172.0,180.0,178.0,147.0,161.0,163.0,162.0,163.0,164.0,151.0,167.0,158.0,160.0,164.0
78.0,84.0,83.0,80.0,87.0,86.0,90.0,87.0,89.0,82.0,89.0,96.0,91.0,88.0,95.0,93.0,89.0,95.0,107.0,108.0,102.0,116.0,103.0,108.0,98.0,101.0,96.0,108.0,118.0,106.0,110.0,109.0,100.0,126.0,117.0,91.0,104.0,120.0,108.0,101.0,113.0,118.0,116.0,112.0,114.0,123.0,128.0,122.0
8.0,9.0,16.0,16.0,18.0,21.0,23.0,22.0,24.0,25.0,27.0,30.0,27.0,27.0,29.0,31.0,44.0,50.0,46.0,57.0,68.0,58.0,45.0,49.0,52.0,52.0,54.0,59.0,64.0,74.0,66.0,68.0,72.0,72.0,76.0,70.0,75.0,75.0,68.0,85.0,77.0,70.0,72.0,76.0,77.0,69.0,76.0,83.0
9.0,14.0,14.0,15.0,15.0,15.0,16.0,12.0,16.0,18.0,13.0,22.0,18.0,21.0,18.0,25.0,29.0,29.0,34.0,27.0,37.0,35.0,43.0,43.0,46.0,36.0,40.0,37.0,37.0,42.0,44.0,33.0,33.0,43.0,39.0,45.0,51.0,41.0,37.0,38.0,38.0,37.0,43.0,40.0,39.0,36.0,43.0,46.0
7.0,14.0,14.0,15.0,13.0,17.0,14.0,19.0,19.0,19.0,23.0,19.0,19.0,16.0,12.0,17.0,14.0,18.0,18.0,23.0,21.0,23.0,26.0,24.0,21.0,19.0,21.0,21.0,26.0,16.0,17.0,21.0,24.0,18.0,17.0,19.0,24.0,22.0,21.0,20.0,27.0,25.0,23.0,17.0,21.0,21.0,21.0,17.0
13.0,14.0,14.0,12.0,14.0,13.0,13.0,11.0,13.0,14.0,17.0,16.0,18.0,15.0,13.0,11.0,16.0,10.0,13.0,8.0,14.0,12.0,20.0,18.0,20.0,13.0,12.0,8.0,14.0,17.0,15.0,14.0,13.0,21.0,19.0,22.0,17.0,21.0,17.0,20.0,24.0,21.0,26.0,20.0,23.0,23.0,19.0,19.0
3.0,2.0,3.0,6.0,4.0,6.0,6.0,6.0,4.0,8.0,8.0,12.0,9.0,14.0,14.0,9.0,13.0,16.0,10.0,11.0,6.0,10.0,11.0,7.0,9.0,12.0,13.0,11.0,15.0,10.0,21.0,12.0,14.0,12.0,11.0,8.0,10.0,12.0,15.0,7.0,15.0,11.0,8.0,13.0,8.0,12.0,12.0,14.0
19.0,25.0,25.0,22.0,21.0,21.0,20.0,21.0,20.0,16.0,19.0,17.0,13.0,16.0,14.0,23.0,19.0,13.0,11.0,14.0,16.0,14.0,11.0,16.0,15.0,12.0,16.0,12.0,16.0,20.0,21.0,17.0,13.0,15.0,13.0,13.0,15.0,11.0,12.0,14.0,17.0,13.0,10.0,5.0,14.0,11.0,14.0,19.0
13.0,8.0,10.0,10.0,8.0,8.0,10.0,10.0,8.0,8.0,10.0,12.0,13.0,14.0,11.0,8.0,13.0,13.0,14.0,11.0,8.0,9.0,12.0,8.0,12.0,10.0,8.0,13.0,14.0,10.0,7.0,6.0,8.0,9.0,8.0,9.0,9.0,8.0,14.0,15.0,9.0,8.0,8.0,10.0,10.0,7.0,9.0,8.0
14.0,11.0,6.0,9.0,5.0,5.0,4.0,7.0,6.0,8.0,7.0,8.0,12.0,9.0,9.0,9.0,12.0,13.0,10.0,16.0,15.0,13.0,11.0,13.0,13.0,12.0,15.0,11.0,7.0,15.0,13.0,16.0,8.0,11.0,14.0,7.0,13.0,12.0,10.0,6.0,11.0,10.0,11.0,11.0,10.0,9.0,7.0,11.0
3.0,3.0,2.0,3.0,4.0,4.0,4.0,4.0,3.0,3.0,5.0,3.0,1.0,3.0,5.0,6.0,4.0,6.0,8.0,8.0,7.0,10.0,9.0,7.0,4.0,8.0,5.0,6.0,2.0,6.0,9.0,8.0,8.0,7.0,5.0,11.0,4.0,6.0,7.0,12.0,8.0,6.0,5.0,5.0,5.0,5.0,6.0,8.0
3.0,5.0,3.0,4.0,1.0,2.0,2.0,1.0,1.0,1.0,2.0,2.0,4.0,3.0,4.0,3.0,3.0,5.0,5.0,6.0,4.0,7.0,7.0,10.0,10.0,7.0,6.0,5.0,10.0,3.0,6.0,3.0,7.0,7.0,7.0,2.0,5.0,3.0,5.0,4.0,6.0,5.0,5.0,5.0,5.0,7.0,7.0,3.0
4.0,2.0,4.0,2.0,3.0,1.0,3.0,2.0,2.0,1.0,1.0,1.0,0.0,0.0,1.0,2.0,4.0,1.0,2.0,3.0,5.0,1.0,6.0,2.0,3.0,5.0,5.0,1.0,4.0,8.0,5.0,2.0,2.0,3.0,5.0,4.0,4.0,2.0,3.0,4.0,6.0,4.0,5.0,3.0,4.0,6.0,4.0,5.0
4.0,2.0,3.0,5.0,3.0,3.0,1.0,4.0,2.0,3.0,2.0,1.0,3.0,1.0,3.0,4.0,4.0,2.0,3.0,2.0,2.0,3.0,0.0,0.0,2.0,1.0,2.0,3.0,1.0,0.0,1.0,2.0,4.0,1.0,1.0,3.0,3.0,4.0,2.0,2.0,2.0,3.0,3.0,5.0,5.0,2.0,5.0,1.0
0.0,0.0,0.0,0.0,1.0,0.0,0.0,0.0,0.0,0.0,1.0,2.0,0.0,1.0,1.0,0.0,2.0,2.0,0.0,1.0,2.0,1.0,1.0,2.0,2.0,1.0,0.0,1.0,3.0,1.0,1.0,3.0,5.0,2.0,3.0,3.0,1.0,2.0,3.0,5.0,4.0,3.0,4.0,3.0,2.0,1.0,2.0,7.0
0.0,1.0,1.0,0.0,1.0,2.0,2.0,2.0,2.0,2.0,2.0,1.0,2.0,1.0,1.0,1.0,1.0,1.0,3.0,2.0,3.0,3.0,3.0,0.0,0.0,1.0,1.0,1.0,0.0,0.0,0.0,0.0,1.0,1.0,3.0,3.0,2.0,2.0,1.0,1.0,2.0,2.0,0.0,1.0,2.0,4.0,1.0,1.0
3.0,2.0,2.0,2.0,1.0,1.0,0.0,0.0,0.0,0.0,0.0,1.0,0.0,1.0,0.0,1.0,0.0,1.0,1.0,1.0,0.0,1.0,1.0,0.0,1.0,2.0,1.0,1.0,2.0,1.0,0.0,0.0,0.0,3.0,2.0,1.0,4.0,2.0,1.0,1.0,0.0,1.0,1.0,1.0,1.0,0.0,0.0,2.0
0.0,0.0,0.0,0.0,0.0,0.0,0.0,0.0,0.0,1.0,2.0,1.0,0.0,0.0,1.0,1.0,2.0,1.0,0.0,1.0,0.0,0.0,0.0,0.0,0.0,0.0,0.0,1.0,0.0,2.0,1.0,0.0,0.0,0.0,0.0,1.0,2.0,1.0,2.0,2.0,2.0,1.0,2.0,1.0,1.0,1.0,1.0,1.0
0.0,0.0,0.0,0.0,0.0,0.0,0.0,0.0,2.0,1.0,0.0,0.0,0.0,1.0,0.0,0.0,0.0,0.0,1.0,0.0,0.0,0.0,1.0,1.0,0.0,0.0,0.0,1.0,1.0,2.0,4.0,4.0,2.0,2.0,2.0,2.0,2.0,3.0,2.0,3.0,1.0,1.0,1.0,2.0,2.0,1.0,0.0,0.0
54.0,48.0,49.0,45.0,46.0,47.0,43.0,44.0,43.0,45.0,51.0,41.0,40.0,37.0,39.0,51.0,38.0,43.0,46.0,53.0,44.0,40.0,39.0,43.0,44.0,45.0,50.0,52.0,41.0,42.0,39.0,44.0,46.0,49.0,43.0,47.0,39.0,41.0,43.0,33.0,31.0,41.0,41.0,43.0,46.0,35.0,47.0,53.0
94.0,99.0,95.0,102.0,98.0,97.0,92.0,88.0,90.0,91.0,84.0,79.0,80.0,75.0,72.0,72.0,71.0,68.0,68.0,63.0,68.0,62.0,67.0,60.0,59.0,54.0,62.0,62.0,72.0,71.0,65.0,54.0,58.0,58.0,66.0,62.0,48.0,48.0,49.0,51.0,55.0,51.0,49.0,58.0,52.0,51.0,46.0,48.0
77.0,64.0,65.0,66.0,57.0,53.0,53.0,51.0,50.0,51.0,50.0,52.0,54.0,53.0,57.0,54.0,52.0,61.0,52.0,57.0,58.0,66.0,60.0,59.0,57.0,58.0,51.0,59.0,52.0,62.0,66.0,74.0,65.0,59.0,47.0,51.0,48.0,42.0,45.0,53.0,46.0,47.0,53.0,46.0,48.0,50.0,55.0,44.0
48.0,56.0,54.0,54.0,59.0,55.0,53.0,54.0,53.0,48.0,50.0,60.0,50.0,59.0,56.0,47.0,53.0,41.0,55.0,53.0,49.0,45.0,50.0,53.0,49.0,48.0,48.0,48.0,47.0,64.0,53.0,61.0,54.0,51.0,55.0,56.0,55.0,50.0,58.0,49.0,65.0,67.0,67.0,63.0,75.0,67.0,63.0,74.0
67.0,61.0,64.0,68.0,75.0,71.0,73.0,66.0,64.0,70.0,70.0,67.0,72.0,72.0,59.0,59.0,69.0,62.0,53.0,68.0,58.0,70.0,72.0,68.0,63.0,68.0,64.0,74.0,82.0,70.0,78.0,80.0,81.0,73.0,62.0,67.0,84.0,83.0,59.0,86.0,76.0,79.0,74.0,73.0,68.0,74.0,74.0,63.0
140.0,126.0,124.0,117.0,111.0,106.0,112.0,112.0,103.0,108.0,99.0,98.0,106.0,101.0,100.0,109.0,105.0,92.0,93.0,82.0,92.0,81.0,87.0,84.0,75.0,81.0,80.0,75.0,80.0,95.0,86.0,85.0,81.0,93.0,92.0,94.0,93.0,83.0,99.0,85.0,85.0,87.0,89.0,93.0,90.0,83.0,82.0,102.0
24.0,29.0,33.0,32.0,29.0,38.0,36.0,40.0,47.0,47.0,47.0,51.0,53.0,57.0,49.0,52.0,52.0,51.0,47.0,55.0,54.0,49.0,54.0,51.0,63.0,52.0,57.0,63.0,63.0,61.0,65.0,58.0,77.0,71.0,73.0,70.0,84.0,84.0,77.0,78.0,67.0,66.0,74.0,72.0,75.0,71.0,70.0,64.0
59.0,48.0,46.0,48.0,47.0,49.0,48.0,47.0,42.0,38.0,38.0,40.0,37.0,41.0,43.0,49.0,40.0,46.0,46.0,50.0,41.0,38.0,39.0,45.0,50.0,55.0,55.0,50.0,61.0,64.0,60.0,72.0,67.0,65.0,71.0,65.0,74.0,58.0,62.0,62.0,61.0,54.0,65.0,63.0,70.0,61.0,63.0,55.0
18.0,22.0,24.0,24.0,26.0,26.0,32.0,32.0,33.0,28.0,30.0,34.0,40.0,47.0,42.0,45.0,44.0,39.0,45.0,35.0,37.0,49.0,48.0,60.0,67.0,53.0,46.0,54.0,52.0,58.0,54.0,65.0,60.0,61.0,55.0,56.0,56.0,51.0,61.0,59.0,55.0,55.0,61.0,55.0,62.0,62.0,63.0,63.0
68.0,76.0,69.0,68.0,68.0,63.0,61.0,60.0,60.0,60.0,59.0,57.0,64.0,61.0,63.0,54.0,45.0,47.0,46.0,52.0,57.0,55.0,60.0,65.0,64.0,59.0,69.0,62.0,62.0,64.0,76.0,78.0,79.0,70.0,85.0,69.0,63.0,76.0,79.0,84.0,75.0,72.0,65.0,68.0,70.0,71.0,68.0,64.0
32.0,31.0,27.0,28.0,26.0,33.0,39.0,40.0,41.0,42.0,40.0,43.0,38.0,38.0,48.0,51.0,56.0,53.0,45.0,41.0,37.0,41.0,36.0,42.0,56.0,54.0,58.0,61.0,66.0,65.0,66.0,60.0,65.0,64.0,62.0,72.0,61.0,77.0,64.0,75.0,74.0,65.0,68.0,63.0,65.0,60.0,60.0,62.0
39.0,51.0,52.0,51.0,53.0,48.0,50.0,53.0,54.0,48.0,52.0,45.0,49.0,51.0,55.0,70.0,57.0,54.0,55.0,61.0,56.0,55.0,49.0,58.0,66.0,59.0,58.0,62.0,53.0,60.0,61.0,60.0,64.0,59.0,59.0,70.0,68.0,66.0,72.0,70.0,70.0,70.0,75.0,79.0,79.0,74.0,59.0,68.0
37.0,43.0,44.0,47.0,47.0,40.0,42.0,44.0,49.0,48.0,46.0,39.0,46.0,36.0,43.0,46.0,43.0,47.0,50.0,54.0,65.0,59.0,63.0,62.0,69.0,73.0,64.0,77.0,77.0,61.0,58.0,71.0,64.0,59.0,70.0,57.0,70.0,59.0,58.0,60.0,64.0,70.0,63.0,70.0,59.0,53.0,53.0,57.0
47.0,48.0,51.0,45.0,45.0,42.0,42.0,38.0,38.0,37.0,34.0,32.0,36.0,46.0,44.0,36.0,49.0,39.0,52.0,47.0,47.0,50.0,44.0,50.0,50.0,51.0,47.0,62.0,50.0,63.0,65.0,66.0,60.0,68.0,56.0,63.0,58.0,54.0,61.0,58.0,56.0,59.0,63.0,56.0,64.0,61.0,62.0,66.0
58.0,59.0,56.0,55.0,54.0,60.0,61.0,61.0,67.0,63.0,60.0,53.0,52.0,52.0,50.0,50.0,40.0,45.0,44.0,42.0,49.0,53.0,56.0,49.0,53.0,49.0,46.0,42.0,45.0,53.0,55.0,45.0,56.0,44.0,43.0,50.0,52.0,48.0,32.0,39.0,35.0,38.0,43.0,50.0,45.0,58.0,64.0,59.0
22.0,26.0,27.0,28.0,26.0,28.0,29.0,26.0,26.0,30.0,30.0,38.0,29.0,32.0,35.0,35.0,38.0,36.0,42.0,39.0,46.0,42.0,38.0,37.0,29.0,33.0,28.0,33.0,39.0,45.0,39.0,39.0,37.0,45.0,45.0,52.0,53.0,62.0,53.0,47.0,43.0,43.0,52.0,47.0,53.0,48.0,49.0,44.0
14.0,19.0,19.0,16.0,20.0,21.0,25.0,30.0,23.0,28.0,22.0,17.0,33.0,25.0,27.0,29.0,39.0,36.0,29.0,38.0,37.0,49.0,41.0,40.0,43.0,39.0,39.0,38.0,28.0,26.0,31.0,28.0,35.0,33.0,37.0,42.0,41.0,42.0,52.0,47.0,57.0,63.0,56.0,55.0,53.0,50.0,55.0,60.0
14.0,9.0,10.0,13.0,16.0,18.0,18.0,18.0,18.0,22.0,25.0,26.0,27.0,30.0,29.0,32.0,39.0,41.0,38.0,41.0,35.0,34.0,41.0,43.0,36.0,35.0,42.0,33.0,34.0,36.0,35.0,50.0,45.0,49.0,41.0,43.0,44.0,45.0,43.0,52.0,45.0,55.0,53.0,61.0,49.0,55.0,55.0,57.0
20.0,24.0,20.0,22.0,21.0,23.0,31.0,31.0,29.0,33.0,36.0,33.0,35.0,31.0,33.0,34.0,37.0,40.0,40.0,50.0,44.0,44.0,53.0,51.0,60.0,61.0,51.0,59.0,60.0,63.0,59.0,62.0,66.0,71.0,76.0,68.0,75.0,74.0,63.0,70.0,75.0,60.0,77.0,76.0,77.0,81.0,75.0,77.0
49.0,51.0,55.0,54.0,58.0,61.0,57.0,56.0,58.0,58.0,58.0,58.0,57.0,56.0,66.0,61.0,64.0,51.0,65.0,65.0,71.0,69.0,74.0,76.0,82.0,92.0,93.0,90.0,97.0,96.0,115.0,108.0,98.0,104.0,106.0,116.0,115.0,105.0,110.0,105.0,100.0,114.0,114.0,124.0,124.0,127.0,123.0,121.0
8.0,5.0,9.0,16.0,17.0,21.0,28.0,26.0,29.0,39.0,32.0,42.0,42.0,45.0,49.0,56.0,69.0,67.0,83.0,93.0,96.0,102.0,107.0,111.0,112.0,120.0,122.0,139.0,139.0,130.0,128.0,147.0,158.0,162.0,153.0,153.0,153.0,145.0,129.0,141.0,136.0,155.0,152.0,148.0,158.0,146.0,152.0,162.0
13.0,28.0,34.0,42.0,43.0,48.0,52.0,47.0,56.0,53.0,60.0,63.0,68.0,76.0,84.0,107.0,113.0,143.0,144.0,157.0,153.0,171.0,169.0,164.0,167.0,173.0,197.0,185.0,196.0,177.0,194.0,196.0,205.0,213.0,210.0,209.0,212.0,202.0,216.0,206.0,232.0,238.0,204.0,229.0,224.0,228.0,236.0,250.0
97.0,124.0,132.0,139.0,136.0,135.0,141.0,156.0,155.0,165.0,169.0,169.0,167.0,178.0,206.0,239.0,271.0,256.0,267.0,276.0,320.0,320.0,317.0,310.0,317.0,333.0,331.0,339.0,346.0,348.0,343.0,342.0,348.0,349.0,356.0,372.0,348.0,336.0,334.0,345.0,339.0,331.0,338.0,328.0,334.0,342.0,340.0,340.0
659.0,625.0,614.0,604.0,588.0,579.0,575.0,581.0,601.0,591.0,573.0,568.0,586.0,557.0,569.0,561.0,561.0,538.0,561.0,580.0,566.0,575.0,604.0,583.0,586.0,567.0,601.0,595.0,571.0,576.0,561.0,551.0,565.0,548.0,544.0,538.0,567.0,534.0,561.0,544.0,563.0,563.0,535.0,524.0,533.0,523.0,544.0,505.0
1058.0,1017.0,1007.0,1004.0,1004.0,1004.0,1010.0,1007.0,994.0,986.0,999.0,975.0,955.0,961.0,976.0,921.0,904.0,905.0,913.0,895.0,848.0,859.0,842.0,835.0,831.0,816.0,794.0,774.0,765.0,747.0,747.0,753.0,768.0,735.0,748.0,729.0,731.0,716.0,717.0,743.0,706.0,756.0,745.0,727.0,684.0,707.0,707.0,692.0
677.0,679.0,673.0,666.0,662.0,678.0,657.0,663.0,664.0,669.0,681.0,685.0,676.0,676.0,670.0,681.0,704.0,680.0,636.0,644.0,667.0,635.0,686.0,680.0,683.0,681.0,633.0,638.0,626.0,641.0,615.0,629.0,623.0,606.0,590.0,603.0,579.0,610.0,612.0,600.0,605.0,577.0,567.0,588.0,599.0,583.0,585.0,568.0
1092.0,1044.0,1038.0,1045.0,1033.0,1006.0,1009.0,1013.0,987.0,1003.0,1002.0,1007.0,1007.0,996.0,933.0,886.0,884.0,836.0,816.0,795.0,807.0,757.0,787.0,761.0,766.0,733.0,712.0,727.0,696.0,683.0,716.0,690.0,655.0,638.0,648.0,630.0,634.0,666.0,662.0,607.0,632.0,628.0,618.0,595.0,571.0,591.0,593.0,591.0
566.0,555.0,546.0,538.0,529.0,532.0,530.0,527.0,530.0,514.0,508.0,511.0,495.0,500.0,497.0,468.0,459.0,474.0,416.0,414.0,410.0,400.0,398.0,406.0,391.0,383.0,390.0,353.0,370.0,388.0,358.0,382.0,379.0,370.0,372.0,341.0,348.0,361.0,364.0,378.0,361.0,358.0,347.0,373.0,388.0,386.0,380.0,368.0
262.0,255.0,248.0,247.0,257.0,259.0,251.0,249.0,254.0,252.0,246.0,236.0,249.0,234.0,268.0,266.0,245.0,230.0,252.0,249.0,245.0,257.0,261.0,251.0,255.0,259.0,250.0,246.0,273.0,263.0,259.0,243.0,268.0,256.0,265.0,252.0,256.0,252.0,251.0,256.0,255.0,256.0,270.0,267.0,260.0,281.0,263.0,268.0
166.0,160.0,158.0,152.0,156.0,168.0,162.0,156.0,148.0,154.0,161.0,161.0,166.0,162.0,149.0,141.0,141.0,137.0,154.0,138.0,140.0,145.0,154.0,156.0,156.0,156.0,151.0,175.0,140.0,157.0,154.0,151.0,156.0,171.0,155.0,179.0,165.0,163.0,163.0,149.0,155.0,175.0,182.0,170.0,171.0,171.0,184.0,178.0
196.0,186.0,183.0,176.0,173.0,177.0,179.0,181.0,167.0,170.0,172.0,169.0,155.0,160.0,169.0,168.0,140.0,150.0,133.0,134.0,135.0,133.0,148.0,139.0,143.0,137.0,150.0,141.0,132.0,144.0,142.0,142.0,135.0,144.0,155.0,141.0,130.0,148.0,155.0,163.0,147.0,141.0,134.0,136.0,141.0,136.0,147.0,143.0
67.0,66.0,73.0,73.0,75.0,68.0,73.0,65.0,68.0,79.0,73.0,74.0,77.0,72.0,81.0,84.0,90.0,93.0,84.0,80.0,72.0,78.0,78.0,84.0,78.0,67.0,69.0,72.0,84.0,69.0,72.0,76.0,80.0,68.0,89.0,93.0,102.0,89.0,102.0,97.0,99.0,81.0,92.0,88.0,92.0,83.0,86.0,87.0
43.0,42.0,37.0,35.0,42.0,39.0,32.0,39.0,38.0,38.0,38.0,35.0,39.0,37.0,42.0,40.0,54.0,41.0,49.0,53.0,43.0,45.0,41.0,40.0,43.0,51.0,43.0,46.0,38.0,41.0,52.0,47.0,45.0,50.0,50.0,51.0,54.0,65.0,57.0,57.0,53.0,57.0,54.0,55.0,52.0,63.0,56.0,57.0
40.0,31.0,34.0,31.0,31.0,33.0,36.0,33.0,32.0,30.0,32.0,26.0,27.0,30.0,28.0,33.0,34.0,43.0,40.0,36.0,44.0,38.0,33.0,34.0,35.0,38.0,40.0,43.0,43.0,41.0,34.0,40.0,30.0,35.0,32.0,30.0,29.0,26.0,23.0,30.0,32.0,32.0,28.0,27.0,29.0,27.0,36.0,40.0
18.0,23.0,23.0,20.0,23.0,21.0,22.0,21.0,19.0,18.0,15.0,17.0,15.0,24.0,29.0,27.0,33.0,34.0,20.0,27.0,25.0,24.0,23.0,24.0,29.0,25.0,29.0,30.0,22.0,26.0,21.0,20.0,24.0,26.0,24.0,27.0,23.0,29.0,28.0,23.0,29.0,21.0,19.0,22.0,19.0,19.0,30.0,20.0
15.0,14.0,13.0,16.0,19.0,19.0,15.0,16.0,15.0,19.0,15.0,13.0,15.0,12.0,13.0,11.0,10.0,12.0,19.0,16.0,14.0,13.0,13.0,15.0,16.0,18.0,19.0,16.0,17.0,19.0,23.0,28.0,22.0,20.0,22.0,22.0,19.0,19.0,16.0,20.0,11.0,19.0,24.0,23.0,20.0,18.0,17.0,13.0
18.0,11.0,11.0,9.0,7.0,7.0,8.0,9.0,11.0,6.0,11.0,6.0,11.0,8.0,9.0,13.0,12.0,13.0,13.0,18.0,18.0,16.0,15.0,12.0,11.0,16.0,14.0,13.0,6.0,11.0,14.0,15.0,15.0,10.0,13.0,12.0,14.0,14.0,12.0,8.0,18.0,19.0,16.0,20.0,18.0,22.0,27.0,27.0
15.0,21.0,20.0,23.0,23.0,24.0,21.0,22.0,19.0,20.0,16.0,18.0,18.0,18.0,18.0,16.0,20.0,17.0,13.0,18.0,19.0,22.0,14.0,21.0,17.0,14.0,20.0,20.0,24.0,21.0,22.0,23.0,24.0,20.0,15.0,21.0,19.0,23.0,23.0,20.0,18.0,20.0,18.0,16.0,16.0,17.0,10.0,13.0
13.0,8.0,9.0,8.0,10.0,7.0,7.0,9.0,13.0,10.0,13.0,11.0,12.0,8.0,8.0,14.0,13.0,16.0,7.0,11.0,11.0,13.0,11.0,14.0,14.0,13.0,8.0,12.0,16.0,10.0,5.0,9.0,18.0,15.0,7.0,15.0,12.0,15.0,17.0,21.0,19.0,18.0,19.0,15.0,12.0,13.0,14.0,13.0
8.0,9.0,4.0,4.0,5.0,6.0,8.0,5.0,4.0,5.0,6.0,8.0,8.0,6.0,12.0,10.0,13.0,10.0,11.0,9.0,12.0,9.0,9.0,10.0,13.0,12.0,18.0,9.0,15.0,14.0,15.0,11.0,15.0,15.0,17.0,15.0,12.0,10.0,10.0,7.0,8.0,12.0,15.0,12.0,14.0,11.0,14.0,14.0
15.0,11.0,13.0,14.0,10.0,10.0,10.0,10.0,8.0,8.0,7.0,5.0,6.0,9.0,7.0,6.0,5.0,11.0,12.0,9.0,9.0,10.0,6.0,8.0,12.0,14.0,11.0,11.0,6.0,10.0,14.0,16.0,7.0,10.0,12.0,11.0,8.0,11.0,13.0,12.0,12.0,15.0,12.0,13.0,9.0,11.0,10.0,9.0
5.0,8.0,4.0,6.0,6.0,8.0,6.0,6.0,7.0,9.0,6.0,6.0,5.0,11.0,6.0,7.0,9.0,10.0,6.0,7.0,4.0,5.0,8.0,10.0,8.0,7.0,5.0,5.0,5.0,5.0,5.0,9.0,8.0,5.0,3.0,5.0,4.0,6.0,6.0,8.0,4.0,7.0,5.0,6.0,7.0,5.0,4.0,6.0
2.0,2.0,4.0,3.0,2.0,2.0,3.0,2.0,2.0,6.0,3.0,5.0,4.0,4.0,7.0,5.0,3.0,5.0,5.0,6.0,6.0,3.0,4.0,5.0,3.0,2.0,2.0,2.0,6.0,4.0,4.0,6.0,6.0,5.0,9.0,2.0,5.0,5.0,4.0,2.0,3.0,4.0,3.0,3.0,5.0,6.0,3.0,3.0
2.0,2.0,1.0,3.0,2.0,1.0,1.0,0.0,1.0,0.0,1.0,0.0,0.0,2.0,0.0,3.0,3.0,3.0,1.0,1.0,2.0,2.0,1.0,2.0,1.0,3.0,4.0,3.0,2.0,4.0,6.0,2.0,2.0,5.0,5.0,2.0,5.0,5.0,2.0,1.0,3.0,3.0,4.0,4.0,3.0,3.0,7.0,2.0
1.0,0.0,1.0,0.0,0.0,2.0,1.0,1.0,1.0,1.0,0.0,1.0,1.0,1.0,2.0,2.0,1.0,0.0,1.0,3.0,1.0,3.0,2.0,6.0,2.0,1.0,2.0,1.0,2.0,1.0,1.0,4.0,2.0,2.0,3.0,1.0,1.0,0.0,5.0,3.0,3.0,0.0,1.0,1.0,2.0,2.0,3.0,3.0
0.0,1.0,0.0,0.0,0.0,0.0,0.0,0.0,0.0,0.0,1.0,0.0,1.0,1.0,1.0,0.0,0.0,2.0,1.0,0.0,0.0,0.0,2.0,1.0,1.0,1.0,3.0,4.0,2.0,1.0,0.0,1.0,1.0,1.0,2.0,2.0,2.0,4.0,0.0,2.0,1.0,7.0,1.0,1.0,0.0,1.0,0.0,0.0
0.0,0.0,0.0,0.0,0.0,0.0,0.0,0.0,0.0,0.0,0.0,0.0,2.0,1.0,1.0,1.0,0.0,1.0,2.0,2.0,0.0,0.0,0.0,0.0,0.0,0.0,0.0,0.0,1.0,1.0,3.0,2.0,2.0,2.0,2.0,2.0,3.0,3.0,3.0,2.0,3.0,2.0,2.0,1.0,1.0,1.0,1.0,0.0
0.0,0.0,0.0,0.0,0.0,0.0,0.0,0.0,0.0,0.0,0.0,0.0,0.0,0.0,0.0,0.0,0.0,0.0,0.0,0.0,1.0,1.0,0.0,1.0,0.0,1.0,1.0,0.0,2.0,2.0,0.0,2.0,2.0,2.0,2.0,2.0,1.0,1.0,1.0,2.0,2.0,1.0,2.0,2.0,1.0,1.0,2.0,2.0
34.0,35.0,38.0,40.0,43.0,37.0,38.0,32.0,36.0,36.0,37.0,38.0,41.0,43.0,44.0,34.0,50.0,46.0,54.0,51.0,43.0,47.0,43.0,42.0,41.0,50.0,47.0,38.0,44.0,38.0,43.0,47.0,41.0,41.0,47.0,48.0,55.0,54.0,46.0,58.0,53.0,58.0,60.0,59.0,61.0,66.0,59.0,55.0
27.0,38.0,33.0,29.0,31.0,38.0,43.0,44.0,39.0,40.0,42.0,43.0,42.0,52.0,40.0,49.0,45.0,59.0,54.0,52.0,51.0,52.0,43.0,51.0,51.0,56.0,60.0,56.0,44.0,49.0,54.0,55.0,50.0,51.0,49.0,46.0,50.0,48.0,59.0,50.0,55.0,64.0,57.0,51.0,51.0,42.0,38.0,43.0
95.0,99.0,100.0,95.0,97.0,95.0,93.0,91.0,94.0,96.0,97.0,89.0,86.0,72.0,68.0,70.0,73.0,69.0,70.0,63.0,76.0,67.0,81.0,69.0,71.0,68.0,77.0,68.0,79.0,68.0,75.0,78.0,83.0,78.0,82.0,76.0,81.0,88.0,73.0,66.0,65.0,65.0,67.0,71.0,69.0,69.0,60.0,58.0
92.0,86.0,82.0,90.0,90.0,91.0,88.0,87.0,87.0,91.0,82.0,85.0,93.0,83.0,85.0,82.0,74.0,74.0,77.0,88.0,73.0,92.0,73.0,81.0,76.0,79.0,75.0,82.0,85.0,90.0,81.0,74.0,77.0,78.0,79.0,75.0,82.0,91.0,80.0,89.0,69.0,80.0,80.0,79.0,91.0,88.0,103.0,86.0
54.0,58.0,60.0,63.0,59.0,58.0,63.0,67.0,63.0,54.0,64.0,67.0,54.0,62.0,77.0,91.0,85.0,86.0,93.0,82.0,93.0,70.0,77.0,75.0,74.0,73.0,82.0,89.0,79.0,94.0,88.0,80.0,86.0,78.0,76.0,85.0,79.0,76.0,83.0,68.0,88.0,78.0,99.0,82.0,73.0,78.0,68.0,97.0
48.0,62.0,60.0,58.0,64.0,62.0,67.0,69.0,73.0,71.0,76.0,74.0,78.0,73.0,87.0,69.0,70.0,74.0,68.0,73.0,64.0,83.0,81.0,81.0,79.0,82.0,91.0,83.0,82.0,82.0,83.0,75.0,80.0,88.0,86.0,82.0,77.0,82.0,81.0,86.0,84.0,79.0,74.0,86.0,89.0,81.0,90.0,82.0
28.0,22.0,24.0,25.0,22.0,29.0,31.0,28.0,33.0,30.0,34.0,39.0,39.0,53.0,43.0,52.0,62.0,53.0,51.0,58.0,63.0,59.0,65.0,68.0,75.0,69.0,70.0,76.0,73.0,78.0,88.0,91.0,80.0,79.0,89.0,91.0,76.0,75.0,72.0,63.0,83.0,80.0,79.0,81.0,87.0,84.0,88.0,97.0
40.0,49.0,46.0,48.0,50.0,43.0,47.0,48.0,50.0,57.0,54.0,56.0,61.0,48.0,60.0,63.0,62.0,65.0,71.0,67.0,77.0,72.0,77.0,71.0,73.0,75.0,76.0,75.0,84.0,75.0,76.0,72.0,84.0,90.0,79.0,84.0,75.0,82.0,72.0,81.0,81.0,86.0,83.0,92.0,95.0,99.0,105.0,89.0
12.0,25.0,32.0,27.0,29.0,32.0,31.0,34.0,36.0,42.0,41.0,46.0,42.0,43.0,37.0,44.0,48.0,52.0,49.0,62.0,56.0,56.0,62.0,57.0,59.0,66.0,66.0,67.0,68.0,67.0,62.0,77.0,91.0,92.0,87.0,92.0,101.0,97.0,101.0,106.0,98.0,110.0,100.0,99.0,94.0,102.0,98.0,106.0
4.0,16.0,10.0,19.0,30.0,33.0,27.0,37.0,42.0,42.0,51.0,55.0,47.0,51.0,62.0,59.0,63.0,66.0,71.0,68.0,82.0,87.0,85.0,75.0,79.0,94.0,83.0,89.0,87.0,83.0,79.0,84.0,82.0,90.0,106.0,101.0,103.0,97.0,94.0,95.0,95.0,85.0,107.0,106.0,104.0,111.0,114.0,114.0
27.0,39.0,40.0,41.0,43.0,48.0,49.0,52.0,59.0,52.0,59.0,56.0,64.0,66.0,70.0,73.0,78.0,73.0,75.0,82.0,81.0,86.0,86.0,92.0,82.0,84.0,91.0,89.0,92.0,95.0,94.0,92.0,101.0,95.0,112.0,126.0,128.0,116.0,117.0,106.0,111.0,119.0,106.0,111.0,112.0,105.0,102.0,101.0
76.0,68.0,59.0,63.0,65.0,68.0,68.0,67.0,63.0,66.0,65.0,63.0,60.0,55.0,59.0,61.0,73.0,73.0,75.0,69.0,71.0,77.0,67.0,62.0,73.0,75.0,75.0,74.0,73.0,74.0,85.0,82.0,86.0,95.0,105.0,92.0,83.0,84.0,100.0,104.0,94.0,97.0,93.0,100.0,87.0,97.0,101.0,102.0
23.0,23.0,35.0,27.0,33.0,40.0,36.0,38.0,40.0,44.0,45.0,43.0,49.0,48.0,57.0,51.0,42.0,51.0,44.0,46.0,45.0,49.0,59.0,53.0,50.0,58.0,67.0,60.0,61.0,66.0,69.0,64.0,64.0,69.0,69.0,62.0,48.0,65.0,65.0,69.0,82.0,69.0,80.0,90.0,68.0,76.0,72.0,76.0
11.0,19.0,26.0,27.0,30.0,30.0,32.0,34.0,30.0,30.0,35.0,41.0,37.0,38.0,41.0,43.0,47.0,45.0,36.0,45.0,52.0,52.0,57.0,45.0,60.0,54.0,63.0,55.0,61.0,48.0,54.0,62.0,75.0,66.0,61.0,68.0,66.0,62.0,55.0,58.0,73.0,71.0,75.0,72.0,81.0,76.0,74.0,74.0
78.0,76.0,73.0,80.0,87.0,78.0,71.0,73.0,69.0,68.0,60.0,67.0,65.0,66.0,61.0,62.0,59.0,75.0,65.0,67.0,55.0,69.0,67.0,76.0,61.0,61.0,63.0,73.0,76.0,61.0,65.0,63.0,60.0,64.0,70.0,59.0,64.0,56.0,77.0,73.0,83.0,77.0,70.0,62.0,72.0,67.0,79.0,81.0
76.0,78.0,75.0,75.0,72.0,73.0,67.0,67.0,66.0,70.0,69.0,64.0,62.0,62.0,64.0,70.0,79.0,66.0,72.0,62.0,67.0,51.0,61.0,57.0,49.0,56.0,65.0,67.0,62.0,64.0,71.0,73.0,73.0,67.0,73.0,78.0,84.0,86.0,80.0,85.0,92.0,81.0,79.0,90.0,81.0,72.0,75.0,70.0
111.0,113.0,107.0,104.0,100.0,103.0,100.0,101.0,103.0,97.0,98.0,101.0,93.0,95.0,90.0,81.0,73.0,82.0,75.0,81.0,73.0,73.0,73.0,70.0,74.0,76.0,86.0,79.0,83.0,75.0,70.0,73.0,79.0,80.0,81.0,79.0,84.0,81.0,90.0,87.0,91.0,75.0,79.0,74.0,78.0,87.0,88.0,84.0
22.0,29.0,41.0,33.0,40.0,37.0,36.0,42.0,38.0,37.0,38.0,35.0,37.0,41.0,47.0,54.0,53.0,50.0,65.0,62.0,68.0,58.0,65.0,66.0,64.0,75.0,83.0,89.0,69.0,77.0,89.0,78.0,74.0,76.0,80.0,82.0,73.0,90.0,96.0,95.0,94.0,91.0,86.0,101.0,109.0,95.0,98.0,96.0
15.0,18.0,18.0,22.0,23.0,30.0,31.0,30.0,40.0,45.0,35.0,46.0,38.0,40.0,52.0,54.0,55.0,74.0,87.0,67.0,75.0,81.0,91.0,95.0,115.0,107.0,112.0,109.0,115.0,119.0,113.0,96.0,123.0,120.0,119.0,116.0,136.0,140.0,130.0,125.0,135.0,123.0,123.0,140.0,136.0,123.0,123.0,141.0
17.0,29.0,39.0,41.0,45.0,41.0,44.0,50.0,47.0,44.0,53.0,54.0,70.0,80.0,87.0,91.0,93.0,114.0,118.0,143.0,156.0,144.0,153.0,147.0,167.0,155.0,155.0,169.0,166.0,163.0,163.0,180.0,170.0,186.0,166.0,195.0,179.0,176.0,177.0,190.0,176.0,190.0,187.0,182.0,171.0,173.0,170.0,165.0
11.0,36.0,43.0,47.0,51.0,59.0,64.0,72.0,81.0,91.0,99.0,104.0,97.0,100.0,111.0,140.0,161.0,180.0,193.0,194.0,230.0,257.0,233.0,270.0,282.0,250.0,255.0,253.0,255.0,273.0,264.0,266.0,278.0,260.0,282.0,269.0,283.0,285.0,294.0,275.0,286.0,283.0,279.0,280.0,287.0,280.0,292.0,281.0
271.0,265.0,260.0,260.0,263.0,273.0,265.0,275.0,276.0,269.0,273.0,275.0,298.0,305.0,334.0,316.0,358.0,356.0,375.0,380.0,390.0,384.0,377.0,407.0,387.0,394.0,388.0,410.0,393.0,408.0,408.0,405.0,404.0,407.0,391.0,402.0,416.0,418.0,427.0,426.0,381.0,352.0,358.0,375.0,369.0,385.0,376.0,388.0
803.0,788.0,781.0,773.0,791.0,794.0,786.0,782.0,783.0,773.0,771.0,766.0,767.0,783.0,766.0,747.0,743.0,782.0,751.0,735.0,714.0,700.0,711.0,696.0,696.0,718.0,697.0,683.0,687.0,674.0,660.0,639.0,658.0,625.0,654.0,629.0,655.0,684.0,669.0,630.0,624.0,625.0,627.0,653.0,618.0,613.0,627.0,613.0
1181.0,1173.0,1167.0,1163.0,1163.0,1151.0,1153.0,1149.0,1127.0,1125.0,1106.0,1108.0,1093.0,1116.0,1089.0,1077.0,1093.0,1077.0,1075.0,1034.0,1038.0,1013.0,1025.0,1032.0,1035.0,1007.0,996.0,959.0,990.0,976.0,933.0,907.0,926.0,913.0,881.0,877.0,875.0,861.0,851.0,880.0,866.0,862.0,868.0,847.0,816.0,858.0,816.0,822.0
1293.0,1310.0,1308.0,1305.0,1287.0,1278.0,1260.0,1251.0,1242.0,1222.0,1217.0,1210.0,1198.0,1188.0,1172.0,1200.0,1227.0,1220.0,1184.0,1188.0,1174.0,1146.0,1136.0,1124.0,1152.0,1115.0,1102.0,1109.0,1061.0,1050.0,1051.0,1045.0,993.0,1018.0,978.0,961.0,973.0,975.0,932.0,922.0,950.0,923.0,910.0,904.0,953.0,894.0,907.0,915.0
890.0,884.0,883.0,872.0,868.0,874.0,886.0,881.0,889.0,892.0,870.0,874.0,860.0,855.0,858.0,854.0,831.0,877.0,834.0,810.0,782.0,771.0,767.0,795.0,781.0,777.0,821.0,743.0,783.0,760.0,754.0,734.0,716.0,754.0,741.0,723.0,753.0,723.0,730.0,727.0,696.0,669.0,663.0,675.0,671.0,670.0,639.0,651.0
541.0,552.0,555.0,557.0,550.0,548.0,556.0,528.0,542.0,544.0,547.0,553.0,551.0,549.0,531.0,545.0,519.0,560.0,550.0,551.0,566.0,578.0,551.0,580.0,571.0,554.0,544.0,588.0,559.0,559.0,560.0,541.0,542.0,504.0,525.0,501.0,509.0,489.0,488.0,501.0,475.0,476.0,468.0,463.0,442.0,431.0,450.0,442.0
425.0,431.0,423.0,417.0,415.0,422.0,414.0,424.0,416.0,415.0,415.0,415.0,433.0,394.0,396.0,384.0,396.0,399.0,404.0,398.0,377.0,412.0,399.0,379.0,388.0,396.0,396.0,425.0,424.0,417.0,428.0,414.0,418.0,415.0,378.0,404.0,405.0,392.0,406.0,400.0,411.0,422.0,403.0,392.0,408.0,402.0,381.0,405.0
137.0,151.0,150.0,159.0,169.0,161.0,164.0,167.0,174.0,178.0,178.0,188.0,170.0,209.0,203.0,239.0,246.0,250.0,246.0,262.0,280.0,292.0,275.0,285.0,301.0,291.0,279.0,279.0,274.0,301.0,307.0,294.0,282.0,287.0,283.0,303.0,297.0,294.0,299.0,290.0,266.0,286.0,294.0,292.0,294.0,287.0,282.0,285.0
156.0,170.0,165.0,159.0,157.0,164.0,164.0,170.0,179.0,163.0,165.0,146.0,151.0,147.0,155.0,141.0,161.0,184.0,167.0,181.0,168.0,183.0,170.0,179.0,182.0,182.0,183.0,175.0,189.0,189.0,194.0,202.0,215.0,179.0,209.0,195.0,199.0,197.0,176.0,185.0,195.0,197.0,205.0,222.0,218.0,204.0,206.0,202.0
71.0,73.0,76.0,65.0,64.0,64.0,74.0,74.0,79.0,72.0,66.0,71.0,73.0,76.0,79.0,82.0,96.0,96.0,81.0,96.0,108.0,108.0,102.0,95.0,84.0,101.0,102.0,109.0,113.0,107.0,120.0,112.0,105.0,134.0,117.0,111.0,124.0,124.0,133.0,117.0,123.0,111.0,123.0,127.0,131.0,125.0,117.0,115.0
66.0,68.0,59.0,67.0,63.0,68.0,69.0,72.0,76.0,77.0,82.0,80.0,80.0,81.0,74.0,68.0,70.0,67.0,80.0,75.0,77.0,68.0,69.0,77.0,72.0,74.0,70.0,69.0,67.0,67.0,71.0,77.0,80.0,84.0,86.0,86.0,80.0,88.0,77.0,77.0,85.0,86.0,83.0,97.0,91.0,99.0,97.0,95.0
26.0,20.0,25.0,25.0,29.0,24.0,23.0,22.0,30.0,25.0,28.0,31.0,35.0,41.0,31.0,43.0,40.0,39.0,31.0,44.0,43.0,53.0,42.0,41.0,44.0,46.0,43.0,47.0,42.0,50.0,56.0,52.0,50.0,43.0,58.0,51.0,51.0,50.0,41.0,49.0,48.0,46.0,44.0,47.0,50.0,41.0,42.0,49.0
3.0,15.0,13.0,14.0,12.0,14.0,16.0,16.0,13.0,16.0,12.0,20.0,21.0,23.0,27.0,27.0,19.0,20.0,36.0,28.0,39.0,33.0,38.0,28.0,34.0,29.0,19.0,16.0,21.0,22.0,21.0,21.0,27.0,23.0,15.0,21.0,21.0,20.0,27.0,28.0,22.0,19.0,27.0,22.0,33.0,27.0,28.0,24.0
22.0,13.0,11.0,11.0,16.0,14.0,13.0,14.0,17.0,16.0,18.0,20.0,21.0,19.0,22.0,18.0,23.0,21.0,24.0,24.0,20.0,20.0,22.0,23.0,17.0,23.0,27.0,24.0,17.0,28.0,19.0,21.0,21.0,18.0,21.0,19.0,21.0,26.0,28.0,25.0,27.0,25.0,28.0,27.0,26.0,29.0,28.0,32.0
39.0,38.0,37.0,38.0,37.0,37.0,43.0,42.0,41.0,40.0,40.0,37.0,30.0,32.0,27.0,29.0,32.0,25.0,21.0,23.0,24.0,23.0,20.0,22.0,23.0,25.0,29.0,28.0,29.0,27.0,31.0,30.0,37.0,27.0,26.0,30.0,34.0,28.0,26.0,32.0,37.0,36.0,33.0,29.0,22.0,22.0,27.0,33.0
0.0,13.0,14.0,12.0,10.0,9.0,6.0,8.0,9.0,13.0,11.0,11.0,13.0,12.0,14.0,16.0,13.0,13.0,9.0,10.0,14.0,14.0,15.0,17.0,9.0,11.0,12.0,15.0,17.0,15.0,17.0,17.0,14.0,14.0,11.0,18.0,12.0,21.0,16.0,17.0,12.0,18.0,20.0,17.0,18.0,20.0,18.0,20.0
3.0,6.0,9.0,7.0,10.0,8.0,13.0,7.0,11.0,9.0,15.0,13.0,14.0,13.0,16.0,15.0,15.0,16.0,17.0,15.0,20.0,15.0,25.0,21.0,25.0,26.0,26.0,26.0,26.0,22.0,23.0,19.0,18.0,24.0,20.0,16.0,16.0,11.0,14.0,13.0,15.0,16.0,18.0,18.0,19.0,19.0,16.0,23.0
7.0,5.0,3.0,8.0,10.0,13.0,9.0,13.0,10.0,12.0,10.0,11.0,8.0,10.0,12.0,11.0,15.0,14.0,16.0,16.0,11.0,12.0,17.0,17.0,14.0,14.0,16.0,15.0,18.0,20.0,17.0,14.0,10.0,15.0,17.0,14.0,13.0,15.0,14.0,12.0,10.0,10.0,9.0,12.0,9.0,15.0,18.0,13.0
3.0,1.0,6.0,6.0,4.0,5.0,5.0,3.0,7.0,5.0,7.0,3.0,4.0,6.0,5.0,9.0,10.0,4.0,8.0,13.0,8.0,7.0,12.0,5.0,11.0,12.0,10.0,17.0,12.0,16.0,14.0,12.0,11.0,13.0,12.0,15.0,11.0,9.0,10.0,11.0,9.0,14.0,13.0,7.0,8.0,8.0,10.0,9.0
2.0,5.0,3.0,4.0,9.0,9.0,9.0,13.0,13.0,11.0,10.0,11.0,10.0,5.0,7.0,7.0,3.0,7.0,6.0,9.0,11.0,10.0,11.0,12.0,7.0,5.0,10.0,9.0,11.0,10.0,8.0,13.0,10.0,9.0,7.0,8.0,12.0,15.0,9.0,8.0,11.0,6.0,10.0,11.0,11.0,12.0,7.0,11.0
1.0,3.0,7.0,3.0,6.0,5.0,3.0,4.0,3.0,2.0,4.0,3.0,4.0,3.0,2.0,1.0,1.0,2.0,2.0,4.0,7.0,5.0,3.0,6.0,3.0,4.0,2.0,2.0,1.0,3.0,3.0,3.0,5.0,4.0,7.0,7.0,5.0,4.0,9.0,7.0,5.0,6.0,5.0,8.0,7.0,12.0,8.0,7.0
0.0,3.0,3.0,3.0,2.0,1.0,2.0,2.0,3.0,2.0,4.0,2.0,1.0,0.0,0.0,0.0,0.0,1.0,2.0,2.0,2.0,3.0,3.0,2.0,4.0,3.0,3.0,4.0,2.0,2.0,3.0,2.0,3.0,5.0,2.0,5.0,5.0,7.0,6.0,5.0,6.0,4.0,6.0,2.0,3.0,3.0,4.0,5.0
0.0,0.0,2.0,0.0,0.0,1.0,2.0,3.0,2.0,2.0,2.0,2.0,2.0,1.0,0.0,0.0,0.0,0.0,1.0,1.0,1.0,1.0,0.0,0.0,0.0,1.0,4.0,2.0,3.0,2.0,0.0,3.0,4.0,3.0,3.0,2.0,2.0,1.0,2.0,5.0,4.0,2.0,4.0,4.0,4.0,3.0,4.0,3.0
0.0,0.0,0.0,1.0,1.0,0.0,1.0,1.0,0.0,0.0,0.0,0.0,0.0,0.0,1.0,1.0,1.0,0.0,2.0,3.0,2.0,2.0,2.0,1.0,5.0,5.0,3.0,2.0,1.0,1.0,2.0,2.0,3.0,2.0,2.0,2.0,0.0,2.0,3.0,6.0,4.0,5.0,6.0,8.0,6.0,5.0,4.0,4.0
0.0,0.0,0.0,0.0,0.0,0.0,1.0,0.0,1.0,0.0,0.0,1.0,0.0,0.0,1.0,1.0,1.0,3.0,2.0,1.0,1.0,3.0,2.0,1.0,1.0,2.0,3.0,4.0,3.0,3.0,3.0,4.0,2.0,2.0,1.0,0.0,0.0,1.0,2.0,2.0,2.0,1.0,4.0,3.0,2.0,2.0,2.0,4.0
0.0,0.0,0.0,0.0,0.0,0.0,0.0,1.0,0.0,0.0,0.0,0.0,0.0,1.0,1.0,0.0,1.0,0.0,1.0,0.0,3.0,1.0,1.0,0.0,0.0,1.0,2.0,1.0,1.0,0.0,1.0,0.0,3.0,2.0,1.0,1.0,2.0,4.0,2.0,2.0,1.0,1.0,2.0,1.0,1.0,2.0,3.0,4.0
0.0,0.0,0.0,0.0,0.0,0.0,1.0,1.0,1.0,1.0,1.0,1.0,1.0,0.0,0.0,0.0,0.0,0.0,1.0,0.0,0.0,0.0,1.0,1.0,2.0,0.0,0.0,3.0,1.0,1.0,2.0,1.0,2.0,1.0,1.0,2.0,2.0,2.0,3.0,1.0,4.0,1.0,1.0,2.0,2.0,3.0,3.0,3.0
41.0,36.0,39.0,40.0,40.0,40.0,38.0,43.0,46.0,43.0,44.0,43.0,49.0,45.0,49.0,44.0,45.0,47.0,48.0,48.0,56.0,53.0,54.0,47.0,47.0,38.0,50.0,49.0,47.0,48.0,45.0,47.0,39.0,43.0,38.0,37.0,38.0,44.0,46.0,41.0,49.0,38.0,46.0,42.0,47.0,47.0,45.0,53.0
83.0,82.0,75.0,69.0,69.0,68.0,74.0,73.0,73.0,75.0,64.0,65.0,69.0,69.0,81.0,70.0,62.0,65.0,63.0,60.0,56.0,61.0,65.0,68.0,76.0,75.0,62.0,74.0,64.0,67.0,70.0,50.0,64.0,55.0,55.0,59.0,51.0,59.0,50.0,65.0,64.0,59.0,58.0,60.0,59.0,63.0,58.0,55.0
65.0,64.0,69.0,63.0,63.0,68.0,64.0,70.0,61.0,58.0,62.0,64.0,64.0,64.0,68.0,63.0,91.0,74.0,71.0,87.0,87.0,77.0,68.0,78.0,80.0,71.0,67.0,92.0,78.0,74.0,81.0,75.0,71.0,72.0,82.0,77.0,66.0,64.0,82.0,80.0,76.0,61.0,71.0,66.0,75.0,73.0,77.0,70.0
49.0,51.0,43.0,53.0,55.0,55.0,57.0,61.0,66.0,67.0,61.0,58.0,62.0,74.0,66.0,83.0,75.0,78.0,73.0,66.0,78.0,77.0,78.0,62.0,72.0,83.0,88.0,77.0,87.0,76.0,77.0,81.0,73.0,83.0,81.0,86.0,78.0,74.0,92.0,95.0,91.0,94.0,74.0,75.0,69.0,79.0,76.0,82.0
103.0,91.0,99.0,104.0,98.0,103.0,99.0,89.0,88.0,100.0,103.0,104.0,105.0,103.0,100.0,91.0,104.0,92.0,93.0,102.0,104.0,105.0,99.0,102.0,101.0,107.0,97.0,99.0,105.0,100.0,106.0,102.0,104.0,106.0,106.0,112.0,104.0,101.0,93.0,105.0,92.0,91.0,86.0,95.0,95.0,99.0,95.0,89.0
195.0,185.0,185.0,179.0,185.0,179.0,175.0,180.0,174.0,170.0,175.0,173.0,171.0,167.0,147.0,140.0,150.0,145.0,137.0,145.0,132.0,134.0,140.0,140.0,123.0,136.0,120.0,126.0,127.0,123.0,108.0,134.0,127.0,129.0,117.0,106.0,123.0,128.0,125.0,127.0,135.0,120.0,128.0,114.0,116.0,132.0,128.0,126.0
167.0,163.0,166.0,160.0,162.0,163.0,161.0,160.0,159.0,161.0,155.0,158.0,159.0,148.0,142.0,139.0,114.0,124.0,128.0,115.0,120.0,119.0,114.0,118.0,110.0,109.0,110.0,111.0,102.0,104.0,103.0,94.0,101.0,103.0,111.0,123.0,112.0,108.0,123.0,111.0,120.0,118.0,106.0,108.0,109.0,112.0,109.0,107.0
39.0,43.0,50.0,57.0,59.0,60.0,59.0,64.0,61.0,62.0,70.0,78.0,85.0,87.0,98.0,79.0,83.0,94.0,100.0,109.0,106.0,115.0,109.0,107.0,112.0,113.0,110.0,107.0,102.0,116.0,113.0,129.0,121.0,121.0,106.0,107.0,105.0,116.0,107.0,112.0,116.0,129.0,120.0,130.0,123.0,118.0,121.0,131.0
77.0,66.0,69.0,70.0,63.0,71.0,71.0,79.0,72.0,74.0,83.0,81.0,78.0,103.0,90.0,106.0,107.0,114.0,122.0,136.0,138.0,145.0,137.0,144.0,135.0,147.0,146.0,173.0,163.0,141.0,146.0,148.0,156.0,149.0,152.0,152.0,171.0,162.0,159.0,153.0,161.0,150.0,162.0,157.0,151.0,138.0,149.0,159.0
183.0,182.0,181.0,195.0,199.0,183.0,192.0,182.0,186.0,194.0,191.0,187.0,181.0,169.0,183.0,180.0,190.0,182.0,205.0,213.0,215.0,203.0,194.0,180.0,181.0,181.0,196.0,175.0,193.0,167.0,203.0,189.0,185.0,193.0,199.0,187.0,174.0,196.0,185.0,195.0,192.0,193.0,205.0,194.0,202.0,188.0,186.0,199.0
163.0,157.0,160.0,159.0,150.0,159.0,162.0,161.0,162.0,161.0,154.0,174.0,173.0,174.0,171.0,177.0,166.0,176.0,177.0,181.0,196.0,187.0,183.0,179.0,167.0,186.0,168.0,172.0,171.0,179.0,153.0,172.0,169.0,185.0,162.0,182.0,174.0,180.0,185.0,186.0,164.0,179.0,170.0,170.0,186.0,173.0,190.0,182.0
60.0,83.0,93.0,92.0,95.0,95.0,88.0,87.0,93.0,100.0,112.0,105.0,105.0,108.0,95.0,97.0,95.0,107.0,95.0,105.0,114.0,112.0,135.0,121.0,116.0,115.0,114.0,118.0,122.0,120.0,118.0,122.0,128.0,128.0,121.0,119.0,122.0,131.0,130.0,128.0,133.0,123.0,137.0,125.0,141.0,145.0,145.0,141.0
105.0,90.0,93.0,98.0,100.0,97.0,97.0,102.0,97.0,101.0,94.0,105.0,95.0,99.0,95.0,104.0,92.0,83.0,103.0,97.0,86.0,84.0,90.0,88.0,92.0,88.0,86.0,83.0,83.0,62.0,73.0,84.0,82.0,93.0,81.0,101.0,94.0,96.0,101.0,99.0,80.0,100.0,100.0,91.0,102.0,99.0,93.0,99.0
59.0,63.0,48.0,54.0,52.0,54.0,59.0,54.0,56.0,60.0,59.0,60.0,56.0,62.0,65.0,69.0,73.0,73.0,70.0,70.0,86.0,79.0,79.0,91.0,77.0,86.0,94.0,81.0,75.0,82.0,81.0,80.0,72.0,69.0,75.0,74.0,69.0,75.0,76.0,74.0,81.0,72.0,84.0,87.0,87.0,80.0,89.0,100.0
121.0,102.0,112.0,110.0,96.0,100.0,89.0,92.0,100.0,97.0,100.0,93.0,99.0,103.0,105.0,100.0,115.0,109.0,116.0,108.0,112.0,99.0,96.0,93.0,103.0,104.0,98.0,101.0,89.0,113.0,101.0,107.0,109.0,105.0,114.0,115.0,109.0,110.0,90.0,94.0,101.0,110.0,109.0,107.0,106.0,117.0,106.0,105.0
70.0,78.0,81.0,85.0,87.0,83.0,92.0,88.0,88.0,88.0,85.0,86.0,94.0,93.0,92.0,91.0,84.0,99.0,87.0,99.0,79.0,77.0,85.0,86.0,84.0,85.0,81.0,77.0,90.0,87.0,101.0,86.0,82.0,96.0,93.0,97.0,101.0,104.0,112.0,109.0,95.0,107.0,103.0,98.0,113.0,109.0,101.0,100.0
151.0,130.0,129.0,121.0,133.0,125.0,127.0,126.0,123.0,124.0,130.0,133.0,126.0,132.0,124.0,116.0,117.0,99.0,106.0,91.0,98.0,103.0,107.0,102.0,100.0,97.0,109.0,103.0,94.0,106.0,102.0,116.0,114.0,107.0,97.0,115.0,116.0,110.0,109.0,102.0,108.0,100.0,98.0,120.0,117.0,121.0,114.0,113.0
59.0,64.0,64.0,73.0,63.0,70.0,71.0,71.0,72.0,79.0,80.0,83.0,81.0,85.0,95.0,85.0,93.0,94.0,85.0,114.0,105.0,111.0,119.0,132.0,127.0,122.0,119.0,107.0,118.0,122.0,126.0,121.0,130.0,134.0,133.0,123.0,139.0,137.0,134.0,157.0,152.0,167.0,169.0,135.0,150.0,159.0,139.0,147.0
71.0,93.0,99.0,97.0,105.0,97.0,102.0,108.0,107.0,106.0,106.0,109.0,117.0,132.0,113.0,144.0,142.0,158.0,167.0,168.0,178.0,182.0,179.0,181.0,174.0,189.0,176.0,175.0,170.0,180.0,166.0,194.0,179.0,206.0,196.0,194.0,185.0,191.0,192.0,178.0,157.0,190.0,199.0,181.0,182.0,188.0,192.0,167.0
474.0,447.0,444.0,442.0,428.0,431.0,432.0,428.0,436.0,435.0,429.0,422.0,426.0,405.0,401.0,382.0,371.0,386.0,391.0,392.0,370.0,385.0,373.0,385.0,389.0,381.0,371.0,370.0,369.0,354.0,376.0,336.0,349.0,338.0,340.0,324.0,339.0,329.0,324.0,345.0,364.0,326.0,335.0,346.0,356.0,350.0,344.0,364.0
506.0,486.0,485.0,496.0,506.0,491.0,499.0,493.0,494.0,476.0,476.0,483.0,503.0,506.0,516.0,483.0,516.0,510.0,520.0,535.0,546.0,532.0,574.0,537.0,510.0,537.0,531.0,523.0,552.0,531.0,517.0,540.0,514.0,511.0,499.0,468.0,490.0,509.0,491.0,504.0,472.0,459.0,449.0,439.0,450.0,464.0,452.0,454.0
886.0,890.0,881.0,875.0,875.0,869.0,864.0,867.0,855.0,861.0,855.0,852.0,865.0,850.0,852.0,877.0,819.0,853.0,875.0,808.0,809.0,805.0,778.0,770.0,764.0,759.0,778.0,773.0,729.0,730.0,741.0,745.0,748.0,742.0,727.0,739.0,724.0,700.0,697.0,679.0,722.0,713.0,717.0,695.0,693.0,705.0,681.0,684.0
1007.0,1003.0,1004.0,992.0,991.0,980.0,984.0,971.0,951.0,961.0,968.0,963.0,962.0,959.0,970.0,973.0,1012.0,966.0,975.0,996.0,966.0,945.0,947.0,956.0,983.0,939.0,920.0,912.0,929.0,912.0,907.0,884.0,872.0,935.0,860.0,883.0,858.0,855.0,823.0,796.0,804.0,802.0,788.0,802.0,803.0,764.0,775.0,770.0
881.0,898.0,890.0,893.0,889.0,872.0,882.0,865.0,877.0,876.0,881.0,881.0,864.0,884.0,889.0,935.0,928.0,966.0,949.0,946.0,939.0,976.0,975.0,989.0,943.0,948.0,943.0,933.0,905.0,914.0,918.0,900.0,869.0,848.0,858.0,866.0,873.0,872.0,866.0,874.0,839.0,859.0,839.0,843.0,842.0,833.0,804.0,798.0
1225.0,1176.0,1175.0,1181.0,1174.0,1176.0,1159.0,1150.0,1151.0,1152.0,1136.0,1137.0,1129.0,1107.0,1093.0,1035.0,1113.0,1043.0,1082.0,1030.0,1046.0,1016.0,1018.0,1025.0,1002.0,987.0,957.0,966.0,972.0,936.0,923.0,921.0,894.0,874.0,899.0,893.0,888.0,902.0,857.0,840.0,845.0,851.0,854.0,846.0,846.0,835.0,838.0,823.0
457.0,471.0,470.0,470.0,478.0,461.0,463.0,473.0,472.0,464.0,463.0,479.0,474.0,470.0,465.0,485.0,488.0,497.0,540.0,531.0,539.0,559.0,537.0,545.0,560.0,542.0,548.0,558.0,548.0,569.0,545.0,570.0,591.0,564.0,581.0,585.0,550.0,514.0,528.0,521.0,520.0,532.0,540.0,540.0,528.0,526.0,522.0,495.0
377.0,355.0,365.0,362.0,361.0,369.0,367.0,378.0,387.0,392.0,400.0,379.0,375.0,375.0,383.0,378.0,390.0,402.0,410.0,461.0,442.0,442.0,464.0,467.0,487.0,465.0,467.0,444.0,449.0,439.0,453.0,471.0,468.0,507.0,452.0,450.0,449.0,453.0,455.0,444.0,475.0,446.0,452.0,426.0,446.0,463.0,442.0,445.0
299.0,305.0,308.0,317.0,329.0,330.0,317.0,321.0,317.0,325.0,331.0,344.0,354.0,361.0,381.0,393.0,431.0,417.0,431.0,415.0,399.0,405.0,418.0,423.0,416.0,453.0,430.0,437.0,418.0,420.0,398.0,417.0,427.0,416.0,432.0,429.0,417.0,422.0,415.0,418.0,413.0,406.0,403.0,417.0,409.0,409.0,411.0,389.0
665.0,647.0,665.0,646.0,635.0,640.0,633.0,623.0,620.0,622.0,611.0,620.0,628.0,585.0,592.0,548.0,539.0,527.0,513.0,495.0,501.0,483.0,478.0,459.0,463.0,447.0,461.0,435.0,440.0,438.0,439.0,428.0,425.0,434.0,445.0,436.0,451.0,449.0,446.0,438.0,460.0,435.0,437.0,433.0,430.0,419.0,403.0,410.0
233.0,224.0,214.0,219.0,214.0,204.0,217.0,223.0,210.0,209.0,214.0,207.0,205.0,223.0,206.0,225.0,224.0,238.0,241.0,239.0,245.0,260.0,252.0,254.0,242.0,254.0,243.0,252.0,249.0,249.0,234.0,247.0,216.0,224.0,236.0,242.0,231.0,225.0,231.0,248.0,255.0,244.0,240.0,223.0,229.0,232.0,232.0,244.0
148.0,157.0,150.0,156.0,142.0,145.0,144.0,146.0,142.0,142.0,146.0,135.0,144.0,132.0,135.0,123.0,109.0,115.0,133.0,124.0,125.0,137.0,133.0,141.0,150.0,160.0,158.0,139.0,149.0,154.0,158.0,140.0,149.0,129.0,149.0,149.0,140.0,144.0,154.0,156.0,148.0,172.0,152.0,138.0,153.0,162.0,160.0,159.0
40.0,41.0,48.0,45.0,42.0,39.0,37.0,44.0,44.0,51.0,41.0,46.0,44.0,50.0,48.0,52.0,55.0,49.0,54.0,44.0,57.0,51.0,67.0,65.0,69.0,70.0,74.0,60.0,67.0,74.0,77.0,83.0,80.0,75.0,74.0,84.0,80.0,88.0,98.0,88.0,83.0,95.0,89.0,92.0,99.0,94.0,96.0,95.0
23.0,20.0,22.0,21.0,23.0,28.0,28.0,23.0,18.0,22.0,25.0,27.0,27.0,24.0,33.0,28.0,37.0,33.0,31.0,31.0,39.0,36.0,45.0,42.0,44.0,44.0,40.0,37.0,37.0,49.0,40.0,41.0,43.0,35.0,43.0,44.0,47.0,45.0,52.0,46.0,55.0,51.0,57.0,46.0,43.0,47.0,61.0,57.0
16.0,18.0,18.0,19.0,17.0,22.0,19.0,21.0,22.0,15.0,17.0,13.0,17.0,16.0,15.0,22.0,30.0,32.0,22.0,34.0,26.0,30.0,22.0,27.0,19.0,28.0,34.0,29.0,25.0,29.0,33.0,30.0,32.0,30.0,33.0,34.0,33.0,35.0,25.0,23.0,23.0,30.0,33.0,37.0,39.0,39.0,27.0,33.0
2.0,4.0,11.0,12.0,16.0,10.0,13.0,12.0,12.0,12.0,15.0,20.0,10.0,12.0,11.0,11.0,10.0,17.0,19.0,12.0,13.0,19.0,19.0,23.0,25.0,25.0,21.0,27.0,29.0,28.0,26.0,35.0,28.0,34.0,26.0,29.0,21.0,26.0,23.0,31.0,27.0,28.0,24.0,22.0,22.0,26.0,30.0,24.0
5.0,13.0,11.0,12.0,12.0,15.0,10.0,12.0,9.0,10.0,13.0,16.0,13.0,12.0,10.0,17.0,19.0,23.0,17.0,18.0,15.0,17.0,18.0,18.0,24.0,25.0,28.0,23.0,25.0,25.0,31.0,23.0,25.0,22.0,22.0,30.0,21.0,28.0,32.0,31.0,28.0,26.0,18.0,20.0,18.0,24.0,24.0,31.0
52.0,38.0,37.0,40.0,39.0,41.0,45.0,37.0,37.0,38.0,37.0,37.0,35.0,35.0,38.0,35.0,36.0,29.0,26.0,28.0,31.0,25.0,18.0,29.0,23.0,26.0,21.0,24.0,26.0,24.0,18.0,22.0,22.0,24.0,23.0,18.0,26.0,22.0,25.0,24.0,30.0,25.0,32.0,32.0,32.0,28.0,25.0,26.0
23.0,23.0,24.0,22.0,20.0,27.0,25.0,27.0,26.0,26.0,22.0,28.0,29.0,24.0,17.0,22.0,18.0,17.0,14.0,25.0,24.0,28.0,23.0,16.0,22.0,19.0,18.0,21.0,18.0,15.0,21.0,18.0,19.0,19.0,24.0,26.0,21.0,22.0,19.0,24.0,26.0,25.0,20.0,32.0,30.0,25.0,18.0,18.0
40.0,38.0,34.0,35.0,31.0,28.0,29.0,27.0,30.0,26.0,26.0,22.0,21.0,25.0,24.0,24.0,22.0,28.0,26.0,22.0,25.0,24.0,22.0,25.0,22.0,19.0,19.0,16.0,20.0,23.0,20.0,22.0,20.0,11.0,12.0,12.0,17.0,19.0,11.0,16.0,14.0,14.0,20.0,15.0,20.0,15.0,21.0,20.0
13.0,13.0,13.0,12.0,14.0,14.0,13.0,13.0,11.0,13.0,14.0,13.0,12.0,19.0,13.0,13.0,12.0,13.0,11.0,16.0,15.0,16.0,10.0,11.0,8.0,11.0,13.0,15.0,11.0,9.0,13.0,11.0,14.0,17.0,12.0,11.0,14.0,10.0,15.0,17.0,17.0,12.0,14.0,14.0,11.0,12.0,14.0,18.0
3.0,2.0,4.0,6.0,5.0,4.0,6.0,7.0,7.0,11.0,9.0,5.0,9.0,12.0,6.0,10.0,11.0,7.0,15.0,11.0,11.0,8.0,10.0,8.0,9.0,11.0,6.0,15.0,11.0,8.0,11.0,9.0,10.0,8.0,12.0,8.0,8.0,12.0,15.0,15.0,12.0,18.0,15.0,15.0,15.0,16.0,20.0,9.0
2.0,5.0,2.0,4.0,7.0,5.0,5.0,4.0,6.0,2.0,2.0,7.0,3.0,2.0,3.0,4.0,4.0,4.0,3.0,8.0,3.0,9.0,5.0,5.0,4.0,2.0,6.0,3.0,7.0,6.0,5.0,6.0,9.0,7.0,6.0,4.0,5.0,8.0,4.0,3.0,6.0,6.0,4.0,5.0,5.0,3.0,9.0,8.0
7.0,2.0,2.0,3.0,3.0,4.0,3.0,3.0,2.0,3.0,1.0,1.0,1.0,1.0,2.0,1.0,3.0,5.0,4.0,6.0,10.0,7.0,9.0,6.0,4.0,9.0,9.0,8.0,7.0,6.0,6.0,3.0,5.0,5.0,5.0,11.0,7.0,4.0,7.0,4.0,2.0,6.0,3.0,5.0,4.0,4.0,1.0,7.0
0.0,1.0,0.0,0.0,0.0,0.0,0.0,0.0,1.0,1.0,1.0,1.0,0.0,0.0,1.0,3.0,1.0,1.0,0.0,1.0,1.0,0.0,1.0,2.0,3.0,1.0,3.0,4.0,4.0,8.0,9.0,4.0,3.0,1.0,6.0,4.0,1.0,3.0,3.0,6.0,5.0,8.0,7.0,8.0,8.0,10.0,10.0,7.0
0.0,1.0,0.0,0.0,0.0,0.0,0.0,0.0,0.0,0.0,0.0,0.0,2.0,2.0,0.0,1.0,3.0,6.0,4.0,2.0,2.0,3.0,3.0,5.0,4.0,3.0,2.0,2.0,4.0,3.0,3.0,4.0,4.0,6.0,2.0,6.0,8.0,5.0,4.0,3.0,4.0,2.0,0.0,1.0,3.0,2.0,1.0,1.0
0.0,0.0,0.0,0.0,0.0,1.0,0.0,1.0,1.0,4.0,2.0,2.0,0.0,1.0,1.0,3.0,2.0,1.0,1.0,4.0,3.0,6.0,4.0,5.0,5.0,6.0,9.0,5.0,1.0,3.0,3.0,2.0,4.0,1.0,3.0,1.0,4.0,7.0,4.0,3.0,4.0,3.0,5.0,7.0,4.0,4.0,5.0,6.0
0.0,1.0,1.0,1.0,1.0,0.0,0.0,0.0,2.0,0.0,1.0,1.0,1.0,1.0,0.0,0.0,0.0,0.0,0.0,0.0,1.0,0.0,0.0,1.0,4.0,2.0,1.0,2.0,2.0,2.0,2.0,5.0,3.0,4.0,2.0,2.0,2.0,0.0,2.0,0.0,0.0,2.0,4.0,2.0,2.0,1.0,2.0,0.0
0.0,0.0,0.0,0.0,0.0,1.0,0.0,1.0,1.0,0.0,0.0,0.0,0.0,0.0,0.0,0.0,0.0,0.0,0.0,2.0,1.0,1.0,2.0,2.0,1.0,2.0,2.0,1.0,2.0,2.0,2.0,2.0,2.0,2.0,3.0,2.0,1.0,1.0,0.0,3.0,1.0,3.0,1.0,3.0,4.0,1.0,1.0,2.0
57.0,60.0,62.0,58.0,63.0,64.0,68.0,67.0,64.0,63.0,56.0,60.0,56.0,52.0,52.0,50.0,55.0,56.0,51.0,46.0,44.0,55.0,53.0,51.0,55.0,46.0,47.0,49.0,50.0,47.0,41.0,43.0,50.0,50.0,39.0,44.0,45.0,49.0,57.0,46.0,44.0,45.0,41.0,37.0,41.0,38.0,39.0,39.0
38.0,41.0,46.0,51.0,46.0,46.0,43.0,40.0,43.0,40.0,42.0,37.0,39.0,43.0,39.0,43.0,34.0,39.0,39.0,34.0,55.0,46.0,57.0,58.0,53.0,54.0,47.0,41.0,49.0,47.0,42.0,43.0,51.0,53.0,60.0,48.0,58.0,56.0,54.0,56.0,50.0,40.0,46.0,40.0,57.0,62.0,66.0,61.0
14.0,14.0,16.0,19.0,18.0,20.0,22.0,27.0,25.0,24.0,33.0,39.0,35.0,37.0,40.0,44.0,45.0,57.0,54.0,53.0,55.0,51.0,56.0,54.0,51.0,51.0,57.0,47.0,59.0,59.0,59.0,63.0,58.0,56.0,54.0,55.0,52.0,60.0,64.0,55.0,60.0,67.0,56.0,69.0,65.0,72.0,64.0,64.0
43.0,48.0,54.0,49.0,47.0,48.0,55.0,56.0,64.0,63.0,68.0,64.0,58.0,55.0,61.0,65.0,72.0,64.0,70.0,68.0,60.0,73.0,71.0,76.0,72.0,76.0,78.0,77.0,77.0,86.0,81.0,89.0,88.0,83.0,76.0,87.0,85.0,73.0,71.0,73.0,79.0,83.0,94.0,85.0,91.0,83.0,89.0,78.0
53.0,76.0,74.0,76.0,73.0,72.0,69.0,60.0,67.0,69.0,59.0,56.0,49.0,52.0,63.0,67.0,76.0,90.0,93.0,88.0,93.0,89.0,101.0,102.0,113.0,103.0,103.0,100.0,106.0,98.0,94.0,93.0,94.0,94.0,88.0,95.0,83.0,94.0,94.0,81.0,86.0,85.0,96.0,96.0,91.0,89.0,82.0,81.0
179.0,171.0,164.0,160.0,154.0,155.0,150.0,150.0,143.0,145.0,135.0,141.0,144.0,135.0,142.0,145.0,150.0,145.0,139.0,141.0,138.0,141.0,150.0,153.0,150.0,126.0,143.0,139.0,132.0,126.0,131.0,134.0,136.0,132.0,140.0,142.0,122.0,123.0,121.0,125.0,112.0,119.0,107.0,125.0,117.0,112.0,112.0,120.0
180.0,179.0,169.0,173.0,177.0,175.0,170.0,180.0,176.0,172.0,180.0,179.0,163.0,172.0,182.0,170.0,185.0,159.0,171.0,166.0,167.0,170.0,162.0,167.0,168.0,159.0,161.0,153.0,167.0,152.0,158.0,149.0,170.0,158.0,154.0,150.0,158.0,159.0,155.0,159.0,150.0,162.0,165.0,166.0,164.0,157.0,165.0,157.0
103.0,111.0,114.0,117.0,123.0,125.0,140.0,133.0,136.0,144.0,149.0,150.0,159.0,163.0,160.0,169.0,169.0,193.0,176.0,189.0,186.0,195.0,191.0,194.0,194.0,197.0,203.0,198.0,184.0,199.0,206.0,201.0,182.0,182.0,202.0,174.0,174.0,185.0,200.0,181.0,180.0,171.0,192.0,190.0,196.0,204.0,209.0,210.0
307.0,318.0,317.0,312.0,333.0,323.0,321.0,308.0,317.0,319.0,301.0,298.0,302.0,288.0,295.0,297.0,299.0,311.0,297.0,298.0,309.0,307.0,316.0,305.0,317.0,295.0,306.0,295.0,289.0,300.0,303.0,298.0,279.0,274.0,283.0,295.0,285.0,305.0,287.0,289.0,295.0,310.0,298.0,301.0,299.0,301.0,287.0,291.0
503.0,501.0,489.0,472.0,469.0,468.0,455.0,452.0,442.0,440.0,446.0,458.0,431.0,412.0,420.0,440.0,433.0,423.0,412.0,409.0,396.0,402.0,387.0,400.0,366.0,383.0,369.0,373.0,356.0,366.0,357.0,355.0,359.0,333.0,328.0,317.0,356.0,335.0,364.0,349.0,368.0,355.0,345.0,358.0,356.0,343.0,344.0,316.0
610.0,584.0,581.0,580.0,577.0,568.0,561.0,567.0,557.0,547.0,541.0,537.0,543.0,534.0,539.0,476.0,471.0,474.0,453.0,410.0,393.0,397.0,390.0,375.0,402.0,381.0,373.0,377.0,368.0,380.0,372.0,370.0,351.0,344.0,345.0,357.0,352.0,336.0,322.0,344.0,354.0,348.0,349.0,354.0,335.0,326.0,344.0,338.0
134.0,136.0,141.0,147.0,150.0,156.0,161.0,170.0,172.0,160.0,169.0,172.0,173.0,181.0,184.0,194.0,179.0,169.0,174.0,185.0,191.0,191.0,200.0,192.0,198.0,198.0,194.0,197.0,167.0,182.0,200.0,190.0,199.0,197.0,185.0,188.0,192.0,194.0,196.0,196.0,205.0,211.0,188.0,183.0,188.0,177.0,169.0,196.0
36.0,52.0,59.0,54.0,60.0,65.0,68.0,67.0,72.0,75.0,75.0,69.0,90.0,91.0,88.0,93.0,108.0,98.0,105.0,105.0,115.0,110.0,106.0,122.0,112.0,106.0,123.0,114.0,115.0,111.0,118.0,110.0,125.0,129.0,129.0,105.0,115.0,117.0,110.0,111.0,128.0,138.0,137.0,131.0,128.0,128.0,127.0,111.0
106.0,102.0,98.0,97.0,89.0,85.0,92.0,95.0,102.0,96.0,100.0,96.0,88.0,102.0,88.0,85.0,88.0,86.0,80.0,93.0,86.0,97.0,94.0,87.0,95.0,95.0,80.0,85.0,94.0,105.0,101.0,107.0,99.0,83.0,88.0,97.0,100.0,93.0,78.0,104.0,99.0,88.0,85.0,95.0,110.0,114.0,114.0,111.0
40.0,55.0,53.0,51.0,58.0,63.0,67.0,71.0,64.0,76.0,67.0,61.0,80.0,74.0,72.0,75.0,68.0,68.0,79.0,68.0,68.0,81.0,80.0,74.0,89.0,77.0,79.0,82.0,82.0,74.0,78.0,93.0,79.0,88.0,75.0,90.0,94.0,78.0,90.0,89.0,89.0,95.0,94.0,110.0,104.0,110.0,116.0,112.0
153.0,132.0,141.0,128.0,127.0,126.0,136.0,125.0,133.0,130.0,134.0,135.0,130.0,137.0,140.0,142.0,145.0,145.0,123.0,116.0,123.0,105.0,106.0,106.0,114.0,126.0,113.0,116.0,127.0,128.0,134.0,125.0,132.0,132.0,125.0,135.0,129.0,113.0,127.0,117.0,118.0,118.0,126.0,115.0,114.0,121.0,131.0,138.0
197.0,206.0,194.0,197.0,186.0,184.0,179.0,187.0,179.0,187.0,185.0,186.0,191.0,179.0,183.0,172.0,167.0,165.0,154.0,156.0,156.0,161.0,154.0,151.0,150.0,167.0,153.0,157.0,154.0,166.0,151.0,158.0,145.0,157.0,162.0,134.0,150.0,163.0,152.0,148.0,155.0,153.0,149.0,149.0,123.0,131.0,154.0,143.0
130.0,136.0,126.0,134.0,136.0,146.0,146.0,140.0,152.0,151.0,151.0,150.0,151.0,156.0,146.0,161.0,148.0,122.0,151.0,143.0,134.0,159.0,156.0,154.0,162.0,148.0,151.0,153.0,150.0,159.0,163.0,157.0,180.0,163.0,177.0,207.0,171.0,173.0,190.0,177.0,183.0,160.0,157.0,174.0,189.0,170.0,177.0,177.0
204.0,192.0,183.0,188.0,189.0,190.0,186.0,187.0,183.0,189.0,199.0,198.0,197.0,199.0,217.0,193.0,212.0,240.0,227.0,236.0,245.0,226.0,236.0,226.0,217.0,218.0,230.0,233.0,211.0,212.0,216.0,218.0,229.0,214.0,223.0,238.0,260.0,267.0,257.0,255.0,253.0,243.0,245.0,238.0,232.0,229.0,252.0,258.0
579.0,564.0,580.0,590.0,582.0,586.0,587.0,586.0,587.0,577.0,582.0,589.0,578.0,582.0,560.0,537.0,532.0,511.0,531.0,501.0,472.0,483.0,454.0,461.0,464.0,459.0,446.0,443.0,463.0,463.0,442.0,437.0,452.0,444.0,420.0,427.0,443.0,420.0,437.0,421.0,417.0,421.0,406.0,415.0,414.0,434.0,416.0,404.0
1289.0,1293.0,1273.0,1257.0,1227.0,1231.0,1234.0,1217.0,1204.0,1204.0,1208.0,1196.0,1180.0,1175.0,1148.0,1126.0,1101.0,1010.0,981.0,980.0,960.0,949.0,932.0,895.0,867.0,897.0,858.0,842.0,851.0,841.0,836.0,861.0,825.0,807.0,815.0,816.0,782.0,803.0,799.0,783.0,774.0,767.0,769.0,764.0,758.0,756.0,754.0,744.0
892.0,900.0,897.0,896.0,898.0,912.0,904.0,913.0,916.0,904.0,898.0,921.0,891.0,904.0,895.0,877.0,881.0,868.0,826.0,816.0,817.0,800.0,785.0,796.0,810.0,797.0,766.0,772.0,763.0,740.0,733.0,730.0,719.0,695.0,722.0,733.0,692.0,737.0,749.0,733.0,729.0,721.0,739.0,722.0,722.0,729.0,753.0,744.0
662.0,671.0,665.0,635.0,645.0,636.0,627.0,620.0,628.0,630.0,646.0,626.0,653.0,621.0,621.0,622.0,618.0,609.0,630.0,636.0,621.0,648.0,620.0,629.0,633.0,671.0,634.0,606.0,637.0,644.0,646.0,610.0,626.0,626.0,609.0,587.0,625.0,598.0,606.0,609.0,602.0,612.0,579.0,592.0,613.0,609.0,597.0,583.0
622.0,604.0,586.0,586.0,566.0,568.0,574.0,563.0,553.0,570.0,567.0,562.0,570.0,567.0,530.0,553.0,562.0,573.0,571.0,601.0,596.0,602.0,648.0,623.0,640.0,650.0,643.0,615.0,628.0,616.0,590.0,608.0,628.0,618.0,651.0,636.0,611.0,633.0,602.0,621.0,611.0,624.0,618.0,608.0,579.0,593.0,607.0,594.0
372.0,397.0,392.0,385.0,406.0,412.0,413.0,430.0,423.0,413.0,421.0,423.0,450.0,444.0,473.0,496.0,528.0,554.0,534.0,551.0,565.0,568.0,578.0,584.0,579.0,599.0,588.0,581.0,564.0,588.0,566.0,554.0,558.0,579.0,580.0,593.0,583.0,563.0,580.0,579.0,544.0,526.0,537.0,532.0,551.0,534.0,529.0,561.0
295.0,307.0,308.0,323.0,318.0,326.0,325.0,325.0,321.0,325.0,332.0,332.0,339.0,334.0,351.0,365.0,364.0,397.0,399.0,412.0,413.0,427.0,429.0,403.0,421.0,421.0,435.0,440.0,458.0,448.0,479.0,464.0,460.0,473.0,491.0,459.0,471.0,451.0,458.0,481.0,444.0,437.0,465.0,452.0,440.0,451.0,479.0,490.0
274.0,302.0,314.0,315.0,323.0,317.0,330.0,322.0,334.0,342.0,335.0,338.0,346.0,354.0,356.0,391.0,420.0,417.0,428.0,427.0,418.0,437.0,426.0,466.0,429.0,434.0,435.0,462.0,443.0,442.0,446.0,418.0,445.0,429.0,463.0,479.0,463.0,493.0,473.0,484.0,475.0,492.0,462.0,460.0,470.0,457.0,445.0,447.0
1083.0,1052.0,1043.0,1027.0,1026.0,1015.0,1002.0,988.0,992.0,982.0,972.0,969.0,968.0,975.0,959.0,907.0,882.0,845.0,832.0,770.0,793.0,770.0,756.0,723.0,721.0,713.0,713.0,698.0,721.0,676.0,685.0,682.0,671.0,685.0,664.0,658.0,672.0,609.0,647.0,636.0,634.0,647.0,646.0,641.0,631.0,612.0,648.0,619.0
872.0,873.0,860.0,849.0,839.0,824.0,823.0,818.0,815.0,812.0,817.0,810.0,797.0,774.0,764.0,781.0,768.0,705.0,671.0,680.0,672.0,645.0,662.0,644.0,653.0,594.0,598.0,624.0,571.0,588.0,588.0,590.0,576.0,575.0,581.0,564.0,561.0,559.0,542.0,559.0,555.0,539.0,536.0,544.0,514.0,509.0,514.0,525.0
258.0,241.0,249.0,245.0,243.0,241.0,236.0,232.0,233.0,243.0,242.0,248.0,238.0,233.0,233.0,241.0,251.0,243.0,234.0,263.0,260.0,260.0,245.0,255.0,267.0,280.0,268.0,260.0,262.0,258.0,251.0,272.0,281.0,277.0,255.0,265.0,282.0,303.0,274.0,286.0,283.0,277.0,271.0,277.0,278.0,288.0,263.0,243.0
11.0,32.0,27.0,32.0,34.0,43.0,49.0,42.0,45.0,49.0,43.0,60.0,49.0,51.0,58.0,70.0,78.0,93.0,97.0,94.0,110.0,112.0,115.0,111.0,112.0,112.0,132.0,129.0,131.0,137.0,130.0,127.0,121.0,134.0,128.0,124.0,125.0,124.0,113.0,115.0,116.0,120.0,126.0,117.0,112.0,111.0,115.0,123.0
47.0,39.0,45.0,46.0,52.0,49.0,51.0,56.0,58.0,49.0,56.0,48.0,54.0,47.0,53.0,46.0,54.0,55.0,41.0,58.0,54.0,56.0,43.0,47.0,59.0,63.0,58.0,68.0,54.0,55.0,63.0,64.0,68.0,67.0,69.0,67.0,77.0,72.0,75.0,75.0,81.0,79.0,64.0,72.0,73.0,72.0,81.0,78.0
32.0,35.0,31.0,35.0,36.0,34.0,38.0,39.0,36.0,38.0,43.0,42.0,49.0,52.0,43.0,43.0,35.0,41.0,43.0,42.0,38.0,40.0,36.0,43.0,42.0,41.0,43.0,52.0,45.0,36.0,42.0,44.0,39.0,45.0,39.0,40.0,34.0,45.0,48.0,50.0,54.0,41.0,48.0,51.0,47.0,56.0,52.0,59.0
34.0,24.0,29.0,28.0,26.0,24.0,22.0,19.0,24.0,25.0,22.0,24.0,19.0,23.0,28.0,35.0,29.0,22.0,30.0,24.0,29.0,27.0,34.0,27.0,31.0,27.0,32.0,30.0,29.0,25.0,25.0,27.0,28.0,28.0,33.0,27.0,24.0,24.0,28.0,32.0,28.0,30.0,30.0,27.0,33.0,28.0,29.0,30.0
2.0,8.0,5.0,7.0,4.0,8.0,11.0,12.0,12.0,15.0,16.0,17.0,26.0,22.0,20.0,14.0,14.0,14.0,19.0,20.0,16.0,26.0,18.0,32.0,27.0,30.0,35.0,33.0,32.0,28.0,28.0,32.0,32.0,29.0,28.0,26.0,27.0,30.0,23.0,25.0,29.0,30.0,29.0,30.0,26.0,30.0,30.0,28.0
12.0,11.0,13.0,13.0,18.0,14.0,16.0,17.0,15.0,17.0,18.0,18.0,19.0,16.0,21.0,21.0,20.0,23.0,26.0,22.0,32.0,27.0,35.0,24.0,24.0,25.0,30.0,29.0,26.0,30.0,29.0,29.0,22.0,24.0,20.0,27.0,26.0,20.0,31.0,27.0,29.0,37.0,31.0,22.0,27.0,27.0,25.0,25.0
59.0,55.0,52.0,46.0,46.0,47.0,42.0,44.0,45.0,42.0,46.0,45.0,45.0,40.0,42.0,37.0,34.0,36.0,30.0,31.0,27.0,23.0,26.0,24.0,32.0,31.0,22.0,23.0,24.0,19.0,22.0,23.0,25.0,28.0,27.0,26.0,29.0,27.0,30.0,36.0,34.0,28.0,36.0,34.0,30.0,29.0,30.0,32.0
29.0,32.0,28.0,32.0,29.0,29.0,27.0,30.0,33.0,33.0,28.0,26.0,30.0,37.0,35.0,32.0,35.0,32.0,38.0,33.0,35.0,32.0,29.0,38.0,26.0,28.0,31.0,26.0,23.0,22.0,27.0,27.0,28.0,29.0,25.0,32.0,29.0,32.0,36.0,31.0,28.0,28.0,28.0,26.0,35.0,29.0,31.0,30.0
3.0,7.0,9.0,7.0,5.0,7.0,11.0,8.0,5.0,11.0,6.0,9.0,7.0,7.0,13.0,13.0,12.0,14.0,13.0,16.0,12.0,9.0,9.0,8.0,14.0,11.0,13.0,16.0,17.0,14.0,13.0,12.0,14.0,18.0,22.0,19.0,20.0,10.0,18.0,23.0,22.0,23.0,23.0,25.0,23.0,22.0,25.0,18.0
2.0,1.0,1.0,0.0,2.0,5.0,6.0,7.0,6.0,5.0,9.0,7.0,13.0,7.0,8.0,11.0,15.0,9.0,10.0,12.0,8.0,11.0,12.0,11.0,16.0,14.0,11.0,11.0,9.0,8.0,5.0,11.0,11.0,9.0,13.0,15.0,14.0,15.0,15.0,12.0,8.0,11.0,10.0,14.0,11.0,16.0,19.0,15.0
2.0,4.0,7.0,7.0,6.0,3.0,3.0,3.0,3.0,2.0,2.0,4.0,5.0,3.0,9.0,7.0,3.0,9.0,11.0,11.0,8.0,8.0,11.0,13.0,13.0,10.0,11.0,14.0,11.0,11.0,13.0,11.0,14.0,12.0,8.0,14.0,7.0,7.0,10.0,10.0,7.0,10.0,13.0,9.0,14.0,12.0,8.0,13.0
11.0,9.0,9.0,9.0,7.0,8.0,6.0,7.0,4.0,6.0,5.0,7.0,6.0,7.0,3.0,3.0,10.0,5.0,7.0,11.0,7.0,4.0,8.0,5.0,5.0,5.0,4.0,4.0,8.0,9.0,12.0,5.0,2.0,7.0,7.0,6.0,9.0,5.0,6.0,5.0,8.0,6.0,9.0,11.0,9.0,13.0,11.0,10.0
9.0,13.0,12.0,11.0,9.0,8.0,13.0,11.0,12.0,11.0,11.0,11.0,10.0,12.0,16.0,14.0,13.0,11.0,8.0,7.0,6.0,8.0,11.0,8.0,9.0,11.0,11.0,15.0,12.0,12.0,10.0,9.0,6.0,5.0,7.0,8.0,6.0,7.0,10.0,5.0,3.0,4.0,7.0,10.0,8.0,8.0,8.0,10.0
1.0,0.0,3.0,2.0,3.0,3.0,2.0,3.0,2.0,4.0,6.0,7.0,5.0,4.0,5.0,7.0,7.0,2.0,3.0,3.0,4.0,8.0,5.0,5.0,5.0,3.0,5.0,8.0,11.0,8.0,9.0,8.0,7.0,6.0,4.0,7.0,10.0,8.0,7.0,8.0,7.0,7.0,10.0,6.0,6.0,5.0,10.0,7.0
1.0,0.0,0.0,0.0,0.0,1.0,1.0,2.0,2.0,1.0,4.0,5.0,5.0,2.0,7.0,5.0,5.0,5.0,5.0,7.0,11.0,9.0,8.0,8.0,4.0,8.0,4.0,5.0,3.0,8.0,7.0,4.0,5.0,3.0,6.0,8.0,9.0,12.0,9.0,10.0,9.0,12.0,10.0,8.0,9.0,5.0,5.0,8.0
1.0,2.0,3.0,0.0,0.0,3.0,4.0,3.0,4.0,4.0,5.0,6.0,4.0,5.0,3.0,5.0,2.0,4.0,6.0,6.0,7.0,8.0,9.0,6.0,5.0,3.0,3.0,2.0,9.0,6.0,3.0,5.0,5.0,9.0,11.0,8.0,7.0,5.0,7.0,10.0,11.0,6.0,10.0,9.0,10.0,9.0,11.0,11.0
4.0,1.0,1.0,3.0,3.0,3.0,3.0,4.0,1.0,5.0,4.0,3.0,3.0,2.0,1.0,1.0,2.0,3.0,3.0,3.0,6.0,3.0,3.0,4.0,7.0,4.0,4.0,5.0,4.0,4.0,4.0,3.0,2.0,3.0,4.0,5.0,7.0,9.0,6.0,4.0,7.0,9.0,7.0,6.0,6.0,9.0,7.0,5.0
0.0,1.0,1.0,1.0,0.0,0.0,1.0,0.0,1.0,0.0,2.0,2.0,3.0,2.0,5.0,3.0,2.0,2.0,2.0,2.0,2.0,4.0,3.0,3.0,3.0,3.0,6.0,5.0,3.0,4.0,4.0,6.0,4.0,6.0,4.0,1.0,1.0,1.0,4.0,5.0,3.0,2.0,3.0,5.0,4.0,7.0,9.0,8.0
7.0,12.0,13.0,12.0,13.0,16.0,14.0,18.0,21.0,24.0,22.0,21.0,21.0,21.0,24.0,33.0,29.0,27.0,32.0,37.0,33.0,32.0,37.0,40.0,34.0,41.0,34.0,31.0,33.0,32.0,36.0,36.0,33.0,36.0,44.0,48.0,49.0,41.0,30.0,29.0,32.0,40.0,36.0,37.0,33.0,35.0,32.0,35.0
45.0,34.0,30.0,28.0,24.0,22.0,25.0,24.0,24.0,23.0,20.0,29.0,25.0,32.0,33.0,32.0,32.0,31.0,33.0,40.0,38.0,37.0,41.0,38.0,43.0,49.0,49.0,51.0,51.0,47.0,41.0,48.0,49.0,52.0,42.0,38.0,36.0,35.0,33.0,37.0,34.0,40.0,30.0,33.0,34.0,38.0,42.0,54.0
34.0,54.0,54.0,51.0,49.0,50.0,49.0,55.0,59.0,57.0,60.0,60.0,55.0,51.0,43.0,47.0,54.0,49.0,51.0,53.0,50.0,58.0,56.0,52.0,52.0,62.0,59.0,69.0,64.0,59.0,60.0,62.0,61.0,61.0,68.0,67.0,65.0,61.0,74.0,63.0,60.0,63.0,64.0,59.0,60.0,53.0,68.0,62.0
101.0,85.0,91.0,86.0,88.0,89.0,83.0,85.0,88.0,96.0,87.0,86.0,95.0,88.0,88.0,85.0,88.0,73.0,84.0,92.0,82.0,74.0,79.0,83.0,97.0,89.0,90.0,87.0,83.0,90.0,89.0,85.0,90.0,85.0,85.0,86.0,80.0,90.0,88.0,89.0,95.0,99.0,110.0,114.0,95.0,90.0,84.0,89.0
170.0,147.0,137.0,138.0,147.0,130.0,135.0,142.0,137.0,132.0,142.0,128.0,137.0,130.0,117.0,118.0,125.0,132.0,139.0,122.0,128.0,120.0,116.0,118.0,115.0,126.0,121.0,131.0,120.0,112.0,103.0,108.0,95.0,106.0,108.0,103.0,111.0,114.0,100.0,110.0,112.0,114.0,116.0,101.0,119.0,123.0,123.0,131.0
253.0,261.0,248.0,248.0,246.0,243.0,248.0,239.0,245.0,227.0,224.0,221.0,219.0,213.0,219.0,213.0,200.0,190.0,190.0,182.0,188.0,166.0,169.0,158.0,183.0,166.0,167.0,154.0,155.0,152.0,150.0,155.0,159.0,147.0,142.0,134.0,144.0,122.0,138.0,154.0,162.0,157.0,150.0,155.0,147.0,148.0,163.0,140.0
219.0,227.0,235.0,229.0,231.0,236.0,231.0,234.0,245.0,251.0,258.0,243.0,261.0,248.0,230.0,236.0,205.0,201.0,194.0,185.0,193.0,205.0,192.0,195.0,177.0,202.0,188.0,195.0,219.0,209.0,212.0,215.0,203.0,206.0,213.0,208.0,212.0,221.0,201.0,197.0,213.0,191.0,198.0,189.0,186.0,191.0,186.0,193.0
237.0,252.0,256.0,269.0,264.0,266.0,269.0,283.0,285.0,288.0,279.0,282.0,270.0,288.0,287.0,280.0,298.0,295.0,283.0,307.0,306.0,263.0,296.0,287.0,281.0,282.0,298.0,277.0,270.0,279.0,265.0,266.0,264.0,266.0,268.0,296.0,253.0,265.0,240.0,253.0,233.0,226.0,232.0,228.0,227.0,242.0,240.0,242.0
676.0,667.0,655.0,658.0,648.0,643.0,643.0,669.0,659.0,643.0,631.0,618.0,613.0,594.0,591.0,572.0,531.0,528.0,506.0,487.0,445.0,482.0,467.0,471.0,439.0,455.0,449.0,445.0,430.0,405.0,397.0,400.0,408.0,421.0,407.0,376.0,412.0,381.0,362.0,390.0,379.0,402.0,387.0,365.0,377.0,352.0,363.0,335.0
800.0,806.0,809.0,798.0,785.0,794.0,787.0,772.0,766.0,761.0,747.0,723.0,723.0,709.0,735.0,710.0,693.0,666.0,611.0,599.0,614.0,568.0,574.0,551.0,565.0,529.0,525.0,536.0,533.0,510.0,496.0,504.0,472.0,486.0,474.0,495.0,476.0,481.0,485.0,459.0,462.0,458.0,467.0,461.0,438.0,433.0,425.0,419.0
715.0,683.0,663.0,645.0,637.0,647.0,637.0,633.0,629.0,628.0,614.0,605.0,598.0,585.0,550.0,547.0,528.0,515.0,521.0,511.0,468.0,449.0,455.0,474.0,450.0,464.0,428.0,418.0,427.0,414.0,418.0,415.0,432.0,413.0,429.0,386.0,384.0,383.0,381.0,366.0,363.0,354.0,364.0,366.0,355.0,374.0,352.0,345.0
388.0,365.0,361.0,356.0,357.0,340.0,331.0,332.0,330.0,328.0,339.0,325.0,326.0,308.0,309.0,293.0,303.0,275.0,277.0,266.0,259.0,279.0,261.0,244.0,245.0,255.0,250.0,249.0,262.0,245.0,241.0,245.0,235.0,245.0,240.0,245.0,232.0,234.0,233.0,241.0,238.0,231.0,220.0,218.0,224.0,212.0,223.0,222.0
90.0,109.0,116.0,105.0,107.0,129.0,114.0,114.0,107.0,108.0,108.0,119.0,116.0,116.0,121.0,129.0,130.0,141.0,135.0,144.0,145.0,132.0,134.0,129.0,130.0,120.0,121.0,146.0,138.0,146.0,123.0,145.0,138.0,148.0,151.0,137.0,128.0,146.0,151.0,141.0,140.0,131.0,146.0,150.0,140.0,163.0,157.0,162.0
134.0,109.0,111.0,101.0,100.0,97.0,97.0,97.0,94.0,93.0,85.0,88.0,91.0,80.0,89.0,86.0,94.0,82.0,86.0,90.0,93.0,103.0,92.0,102.0,98.0,106.0,110.0,100.0,114.0,112.0,119.0,105.0,104.0,107.0,85.0,107.0,118.0,107.0,100.0,111.0,130.0,114.0,128.0,125.0,122.0,115.0,109.0,111.0
75.0,83.0,82.0,78.0,79.0,81.0,84.0,87.0,90.0,93.0,99.0,96.0,87.0,92.0,88.0,104.0,102.0,113.0,101.0,105.0,105.0,120.0,101.0,106.0,104.0,118.0,114.0,132.0,132.0,119.0,138.0,124.0,116.0,107.0,120.0,121.0,103.0,117.0,121.0,120.0,126.0,135.0,120.0,117.0,120.0,106.0,105.0,118.0
87.0,98.0,96.0,116.0,111.0,109.0,104.0,111.0,109.0,105.0,108.0,107.0,105.0,109.0,117.0,106.0,108.0,110.0,121.0,116.0,105.0,95.0,113.0,96.0,102.0,106.0,113.0,121.0,121.0,125.0,114.0,115.0,118.0,130.0,126.0,121.0,130.0,138.0,119.0,124.0,105.0,123.0,118.0,126.0,113.0,125.0,124.0,130.0
87.0,104.0,106.0,103.0,100.0,100.0,102.0,94.0,97.0,101.0,91.0,97.0,108.0,109.0,108.0,117.0,121.0,130.0,121.0,121.0,127.0,106.0,124.0,144.0,147.0,128.0,133.0,127.0,148.0,130.0,130.0,143.0,157.0,134.0,139.0,137.0,122.0,131.0,137.0,137.0,132.0,148.0,150.0,143.0,169.0,160.0,154.0,163.0
208.0,179.0,184.0,183.0,186.0,187.0,192.0,202.0,198.0,187.0,190.0,197.0,204.0,199.0,192.0,194.0,193.0,168.0,176.0,183.0,183.0,188.0,172.0,187.0,174.0,201.0,193.0,202.0,190.0,170.0,193.0,168.0,168.0,170.0,176.0,167.0,176.0,183.0,175.0,185.0,179.0,186.0,193.0,191.0,183.0,186.0,181.0,174.0
271.0,287.0,293.0,291.0,292.0,292.0,286.0,275.0,280.0,290.0,293.0,301.0,293.0,280.0,279.0,277.0,265.0,268.0,283.0,268.0,271.0,254.0,236.0,233.0,266.0,245.0,244.0,249.0,230.0,248.0,247.0,272.0,250.0,255.0,268.0,277.0,280.0,279.0,307.0,271.0,269.0,282.0,268.0,295.0,286.0,290.0,284.0,279.0
611.0,597.0,581.0,565.0,571.0,555.0,543.0,556.0,545.0,554.0,546.0,526.0,522.0,516.0,525.0,518.0,490.0,455.0,485.0,469.0,482.0,446.0,455.0,466.0,453.0,446.0,471.0,455.0,462.0,437.0,434.0,434.0,433.0,431.0,433.0,428.0,414.0,429.0,449.0,451.0,437.0,445.0,445.0,438.0,437.0,406.0,412.0,414.0
919.0,885.0,868.0,877.0,871.0,858.0,868.0,862.0,852.0,841.0,840.0,841.0,825.0,837.0,796.0,781.0,780.0,783.0,770.0,734.0,730.0,719.0,721.0,735.0,691.0,687.0,678.0,682.0,635.0,655.0,653.0,640.0,652.0,660.0,614.0,618.0,628.0,610.0,585.0,601.0,619.0,586.0,585.0,573.0,552.0,536.0,575.0,559.0
567.0,589.0,572.0,579.0,586.0,602.0,599.0,604.0,604.0,615.0,610.0,599.0,591.0,599.0,641.0,636.0,581.0,635.0,651.0,629.0,626.0,613.0,631.0,609.0,589.0,606.0,635.0,620.0,602.0,623.0,614.0,609.0,599.0,612.0,588.0,530.0,573.0,518.0,566.0,541.0,545.0,564.0,536.0,539.0,545.0,559.0,531.0,543.0
364.0,378.0,399.0,407.0,415.0,410.0,405.0,408.0,412.0,402.0,413.0,408.0,409.0,427.0,424.0,433.0,446.0,428.0,455.0,481.0,480.0,444.0,467.0,497.0,485.0,483.0,480.0,503.0,503.0,541.0,530.0,543.0,521.0,509.0,494.0,509.0,502.0,484.0,503.0,486.0,480.0,466.0,482.0,454.0,452.0,455.0,486.0,476.0
602.0,579.0,591.0,591.0,587.0,578.0,577.0,570.0,570.0,573.0,579.0,571.0,554.0,538.0,574.0,567.0,548.0,574.0,570.0,587.0,581.0,561.0,576.0,568.0,579.0,563.0,584.0,574.0,560.0,567.0,577.0,568.0,589.0,558.0,540.0,566.0,577.0,570.0,592.0,571.0,590.0,554.0,573.0,604.0,584.0,580.0,571.0,580.0
793.0,805.0,807.0,804.0,808.0,802.0,811.0,801.0,807.0,826.0,809.0,804.0,800.0,791.0,772.0,768.0,748.0,699.0,726.0,713.0,717.0,695.0,709.0,712.0,666.0,668.0,696.0,680.0,693.0,679.0,687.0,681.0,669.0,669.0,676.0,662.0,665.0,670.0,637.0,661.0,646.0,649.0,632.0,634.0,631.0,641.0,612.0,612.0
402.0,411.0,426.0,414.0,410.0,409.0,421.0,418.0,425.0,418.0,423.0,421.0,406.0,420.0,426.0,445.0,465.0,445.0,467.0,458.0,482.0,480.0,479.0,487.0,505.0,510.0,483.0,517.0,490.0,520.0,516.0,522.0,515.0,465.0,471.0,489.0,501.0,504.0,495.0,479.0,488.0,474.0,477.0,463.0,481.0,499.0,478.0,472.0
574.0,549.0,502.0,524.0,524.0,530.0,511.0,530.0,510.0,516.0,516.0,501.0,497.0,498.0,485.0,502.0,474.0,523.0,500.0,498.0,513.0,458.0,501.0,484.0,472.0,480.0,490.0,483.0,498.0,478.0,477.0,462.0,470.0,487.0,470.0,468.0,492.0,494.0,493.0,479.0,486.0,493.0,475.0,482.0,460.0,467.0,467.0,483.0
614.0,621.0,620.0,628.0,624.0,610.0,608.0,611.0,613.0,618.0,623.0,619.0,626.0,631.0,632.0,636.0,621.0,655.0,636.0,626.0,591.0,609.0,580.0,558.0,581.0,550.0,555.0,523.0,529.0,525.0,518.0,518.0,517.0,521.0,508.0,503.0,473.0,501.0,520.0,498.0,497.0,494.0,500.0,502.0,508.0,507.0,490.0,493.0
513.0,494.0,487.0,493.0,490.0,507.0,502.0,506.0,504.0,502.0,486.0,474.0,473.0,469.0,461.0,462.0,478.0,481.0,463.0,453.0,418.0,428.0,433.0,453.0,426.0,437.0,427.0,415.0,426.0,429.0,426.0,395.0,394.0,396.0,414.0,396.0,380.0,369.0,372.0,394.0,383.0,380.0,393.0,381.0,369.0,375.0,366.0,362.0
60.0,75.0,83.0,89.0,86.0,89.0,96.0,102.0,112.0,97.0,114.0,115.0,111.0,113.0,121.0,114.0,124.0,134.0,162.0,156.0,168.0,148.0,159.0,169.0,165.0,177.0,198.0,187.0,182.0,190.0,191.0,184.0,191.0,172.0,176.0,176.0,157.0,170.0,168.0,165.0,167.0,177.0,184.0,166.0,182.0,171.0,190.0,180.0
8.0,12.0,13.0,15.0,22.0,21.0,21.0,24.0,27.0,33.0,29.0,35.0,41.0,39.0,51.0,51.0,49.0,55.0,71.0,80.0,84.0,92.0,87.0,95.0,95.0,93.0,81.0,98.0,99.0,90.0,88.0,96.0,103.0,97.0,101.0,109.0,108.0,101.0,106.0,92.0,97.0,95.0,99.0,107.0,104.0,102.0,114.0,109.0
17.0,16.0,18.0,19.0,16.0,22.0,20.0,17.0,19.0,22.0,27.0,32.0,28.0,31.0,26.0,33.0,27.0,27.0,33.0,26.0,28.0,35.0,37.0,44.0,39.0,40.0,39.0,44.0,48.0,46.0,51.0,55.0,52.0,53.0,51.0,58.0,65.0,57.0,62.0,60.0,50.0,52.0,60.0,54.0,55.0,58.0,59.0,58.0
21.0,20.0,24.0,21.0,23.0,23.0,21.0,23.0,17.0,20.0,19.0,20.0,15.0,20.0,21.0,19.0,27.0,26.0,33.0,32.0,33.0,30.0,35.0,26.0,32.0,30.0,31.0,31.0,37.0,33.0,32.0,31.0,38.0,33.0,36.0,38.0,46.0,35.0,32.0,43.0,39.0,40.0,39.0,39.0,42.0,49.0,45.0,52.0
39.0,40.0,34.0,37.0,35.0,33.0,35.0,32.0,30.0,29.0,31.0,28.0,29.0,33.0,20.0,20.0,24.0,27.0,16.0,23.0,25.0,24.0,22.0,29.0,30.0,30.0,25.0,19.0,27.0,23.0,26.0,25.0,19.0,23.0,26.0,24.0,28.0,33.0,29.0,26.0,38.0,26.0,31.0,29.0,34.0,26.0,33.0,32.0
13.0,10.0,15.0,12.0,12.0,14.0,13.0,17.0,20.0,19.0,18.0,18.0,22.0,21.0,20.0,27.0,25.0,23.0,15.0,20.0,17.0,21.0,25.0,22.0,23.0,26.0,27.0,26.0,29.0,28.0,31.0,29.0,23.0,22.0,30.0,33.0,28.0,24.0,31.0,31.0,30.0,32.0,27.0,27.0,21.0,30.0,20.0,25.0
2.0,10.0,9.0,13.0,13.0,17.0,20.0,16.0,21.0,20.0,14.0,13.0,10.0,17.0,19.0,17.0,20.0,19.0,13.0,13.0,18.0,17.0,18.0,18.0,18.0,15.0,21.0,24.0,15.0,16.0,19.0,19.0,13.0,18.0,17.0,16.0,22.0,18.0,17.0,20.0,19.0,20.0,22.0,23.0,29.0,20.0,16.0,19.0
26.0,28.0,29.0,30.0,28.0,28.0,27.0,27.0,27.0,30.0,31.0,29.0,33.0,33.0,33.0,35.0,26.0,25.0,26.0,22.0,25.0,32.0,28.0,21.0,22.0,27.0,29.0,30.0,29.0,32.0,21.0,19.0,21.0,22.0,20.0,15.0,25.0,24.0,20.0,15.0,25.0,29.0,33.0,29.0,27.0,31.0,25.0,19.0
46.0,44.0,42.0,42.0,47.0,42.0,43.0,38.0,39.0,35.0,35.0,37.0,32.0,30.0,30.0,28.0,32.0,28.0,26.0,32.0,25.0,28.0,26.0,23.0,26.0,25.0,22.0,26.0,30.0,36.0,28.0,27.0,22.0,19.0,19.0,21.0,20.0,22.0,25.0,23.0,28.0,29.0,28.0,33.0,22.0,25.0,24.0,32.0
19.0,8.0,10.0,10.0,8.0,9.0,14.0,17.0,15.0,14.0,17.0,13.0,15.0,15.0,17.0,14.0,14.0,17.0,18.0,12.0,15.0,14.0,15.0,20.0,18.0,18.0,14.0,13.0,13.0,14.0,15.0,14.0,16.0,18.0,17.0,15.0,18.0,18.0,15.0,12.0,11.0,19.0,15.0,16.0,20.0,13.0,12.0,15.0
9.0,10.0,9.0,8.0,11.0,9.0,11.0,15.0,10.0,11.0,9.0,12.0,12.0,8.0,13.0,11.0,9.0,13.0,15.0,12.0,11.0,13.0,15.0,14.0,14.0,15.0,14.0,14.0,15.0,13.0,17.0,13.0,11.0,14.0,7.0,8.0,6.0,10.0,7.0,11.0,16.0,15.0,16.0,14.0,7.0,8.0,8.0,12.0
12.0,10.0,13.0,12.0,12.0,14.0,12.0,10.0,12.0,11.0,12.0,11.0,11.0,11.0,12.0,8.0,9.0,11.0,10.0,9.0,13.0,15.0,13.0,11.0,14.0,17.0,17.0,13.0,14.0,8.0,3.0,8.0,7.0,9.0,9.0,8.0,8.0,8.0,11.0,12.0,12.0,10.0,11.0,10.0,14.0,12.0,11.0,12.0
2.0,8.0,8.0,8.0,10.0,7.0,10.0,11.0,9.0,9.0,8.0,10.0,9.0,10.0,11.0,8.0,8.0,8.0,13.0,14.0,10.0,11.0,10.0,13.0,7.0,8.0,6.0,6.0,8.0,6.0,12.0,11.0,8.0,8.0,10.0,7.0,7.0,6.0,6.0,7.0,2.0,9.0,3.0,9.0,10.0,10.0,9.0,7.0
29.0,23.0,21.0,22.0,19.0,21.0,19.0,18.0,24.0,23.0,24.0,20.0,20.0,16.0,17.0,11.0,13.0,15.0,15.0,13.0,11.0,11.0,10.0,7.0,12.0,12.0,12.0,11.0,10.0,8.0,13.0,10.0,12.0,12.0,7.0,8.0,9.0,8.0,6.0,8.0,8.0,6.0,7.0,5.0,7.0,8.0,11.0,12.0
1.0,5.0,2.0,1.0,1.0,4.0,6.0,5.0,6.0,4.0,8.0,10.0,8.0,11.0,9.0,8.0,8.0,12.0,17.0,9.0,11.0,15.0,9.0,10.0,11.0,12.0,15.0,9.0,10.0,13.0,8.0,10.0,7.0,7.0,8.0,9.0,6.0,10.0,8.0,9.0,7.0,13.0,7.0,7.0,10.0,10.0,6.0,6.0
9.0,11.0,11.0,12.0,9.0,7.0,11.0,10.0,9.0,11.0,10.0,9.0,10.0,10.0,9.0,10.0,11.0,10.0,12.0,15.0,14.0,8.0,12.0,13.0,18.0,13.0,12.0,19.0,18.0,12.0,14.0,15.0,12.0,10.0,9.0,9.0,10.0,6.0,10.0,12.0,14.0,10.0,9.0,14.0,12.0,10.0,10.0,4.0
12.0,13.0,10.0,13.0,15.0,14.0,9.0,11.0,9.0,10.0,10.0,9.0,12.0,15.0,9.0,9.0,8.0,16.0,20.0,14.0,14.0,11.0,16.0,15.0,14.0,17.0,15.0,18.0,12.0,14.0,19.0,20.0,15.0,19.0,15.0,16.0,8.0,11.0,11.0,7.0,13.0,10.0,12.0,12.0,8.0,10.0,11.0,9.0
1.0,6.0,6.0,4.0,5.0,4.0,3.0,4.0,5.0,3.0,3.0,4.0,3.0,3.0,7.0,6.0,8.0,9.0,9.0,9.0,1.0,6.0,2.0,5.0,6.0,9.0,7.0,5.0,6.0,8.0,8.0,6.0,10.0,11.0,12.0,13.0,12.0,11.0,8.0,10.0,7.0,5.0,4.0,7.0,7.0,8.0,6.0,9.0
3.0,1.0,3.0,2.0,1.0,2.0,1.0,1.0,1.0,1.0,2.0,2.0,1.0,2.0,1.0,2.0,3.0,4.0,6.0,7.0,9.0,4.0,6.0,7.0,8.0,10.0,5.0,5.0,4.0,5.0,8.0,7.0,10.0,8.0,7.0,6.0,13.0,9.0,11.0,7.0,6.0,6.0,6.0,7.0,11.0,9.0,7.0,8.0
32.0,31.0,29.0,33.0,35.0,33.0,38.0,38.0,37.0,38.0,48.0,47.0,42.0,46.0,47.0,47.0,44.0,47.0,43.0,40.0,38.0,44.0,40.0,43.0,38.0,36.0,34.0,36.0,39.0,35.0,41.0,46.0,47.0,47.0,48.0,44.0,41.0,41.0,45.0,44.0,41.0,50.0,48.0,46.0,51.0,51.0,43.0,40.0
68.0,77.0,72.0,71.0,66.0,66.0,62.0,65.0,65.0,64.0,65.0,60.0,66.0,60.0,60.0,54.0,52.0,54.0,55.0,57.0,61.0,59.0,55.0,58.0,61.0,53.0,61.0,55.0,50.0,57.0,57.0,53.0,64.0,51.0,50.0,50.0,60.0,48.0,44.0,44.0,51.0,34.0,46.0,48.0,39.0,38.0,48.0,42.0
70.0,65.0,61.0,62.0,70.0,66.0,65.0,63.0,64.0,70.0,61.0,63.0,65.0,64.0,53.0,52.0,59.0,58.0,55.0,64.0,51.0,56.0,64.0,52.0,54.0,60.0,60.0,54.0,58.0,68.0,65.0,59.0,53.0,61.0,68.0,75.0,67.0,66.0,62.0,57.0,58.0,62.0,59.0,61.0,63.0,70.0,59.0,57.0
69.0,78.0,75.0,81.0,73.0,79.0,84.0,82.0,76.0,76.0,75.0,77.0,73.0,71.0,75.0,77.0,70.0,89.0,81.0,74.0,78.0,81.0,81.0,75.0,75.0,74.0,76.0,66.0,72.0,69.0,68.0,73.0,88.0,71.0,77.0,90.0,80.0,75.0,88.0,83.0,76.0,70.0,63.0,59.0,68.0,60.0,66.0,70.0
159.0,143.0,144.0,150.0,152.0,154.0,146.0,148.0,142.0,143.0,141.0,143.0,134.0,134.0,129.0,132.0,113.0,101.0,99.0,106.0,113.0,102.0,103.0,100.0,94.0,84.0,92.0,107.0,112.0,105.0,105.0,98.0,87.0,93.0,97.0,103.0,108.0,112.0,116.0,114.0,85.0,102.0,99.0,108.0,107.0,115.0,115.0,103.0
187.0,183.0,184.0,185.0,181.0,190.0,184.0,177.0,183.0,198.0,191.0,197.0,182.0,180.0,175.0,171.0,166.0,172.0,151.0,170.0,159.0,168.0,154.0,157.0,154.0,151.0,147.0,138.0,132.0,148.0,147.0,142.0,145.0,150.0,157.0,148.0,143.0,140.0,151.0,129.0,138.0,126.0,156.0,154.0,147.0,149.0,147.0,134.0
268.0,272.0,278.0,268.0,265.0,267.0,271.0,249.0,259.0,253.0,248.0,261.0,243.0,251.0,246.0,246.0,248.0,233.0,243.0,216.0,196.0,203.0,207.0,221.0,224.0,212.0,200.0,204.0,201.0,216.0,198.0,187.0,185.0,198.0,200.0,189.0,191.0,180.0,186.0,194.0,201.0,200.0,193.0,177.0,196.0,185.0,177.0,204.0
423.0,416.0,404.0,412.0,408.0,405.0,404.0,397.0,389.0,395.0,407.0,384.0,389.0,380.0,381.0,341.0,362.0,370.0,361.0,336.0,333.0,318.0,308.0,304.0,312.0,308.0,326.0,330.0,343.0,343.0,326.0,325.0,317.0,318.0,319.0,309.0,292.0,289.0,275.0,293.0,277.0,284.0,277.0,279.0,286.0,288.0,269.0,268.0
512.0,524.0,525.0,531.0,523.0,521.0,512.0,509.0,519.0,516.0,508.0,508.0,517.0,531.0,523.0,512.0,491.0,460.0,449.0,457.0,461.0,445.0,468.0,456.0,443.0,439.0,428.0,444.0,440.0,431.0,423.0,404.0,413.0,406.0,414.0,418.0,418.0,403.0,387.0,392.0,398.0,396.0,374.0,383.0,385.0,389.0,386.0,384.0
679.0,677.0,669.0,664.0,675.0,648.0,656.0,629.0,624.0,630.0,625.0,620.0,625.0,626.0,594.0,604.0,579.0,540.0,536.0,525.0,528.0,521.0,508.0,462.0,474.0,442.0,457.0,463.0,462.0,468.0,442.0,444.0,435.0,434.0,427.0,428.0,425.0,418.0,426.0,439.0,406.0,396.0,412.0,409.0,399.0,420.0,407.0,401.0
781.0,734.0,727.0,703.0,692.0,685.0,673.0,663.0,678.0,657.0,653.0,664.0,631.0,613.0,596.0,566.0,547.0,490.0,477.0,483.0,453.0,439.0,435.0,469.0,459.0,468.0,445.0,443.0,440.0,430.0,435.0,432.0,396.0,422.0,391.0,413.0,420.0,425.0,411.0,427.0,408.0,402.0,376.0,370.0,374.0,367.0,395.0,385.0
103.0,130.0,111.0,121.0,131.0,127.0,145.0,144.0,133.0,147.0,138.0,139.0,145.0,163.0,160.0,187.0,184.0,214.0,224.0,200.0,219.0,216.0,199.0,201.0,210.0,193.0,222.0,211.0,208.0,214.0,220.0,206.0,214.0,214.0,228.0,211.0,216.0,206.0,205.0,217.0,225.0,229.0,256.0,248.0,236.0,230.0,223.0,219.0
52.0,59.0,71.0,77.0,81.0,77.0,83.0,87.0,83.0,81.0,75.0,82.0,84.0,85.0,90.0,102.0,109.0,118.0,123.0,136.0,124.0,137.0,151.0,143.0,147.0,159.0,162.0,153.0,159.0,174.0,174.0,164.0,166.0,165.0,170.0,182.0,172.0,184.0,187.0,181.0,162.0,190.0,178.0,196.0,203.0,205.0,198.0,206.0
20.0,30.0,34.0,44.0,42.0,47.0,50.0,50.0,57.0,53.0,50.0,58.0,68.0,77.0,89.0,82.0,86.0,85.0,93.0,87.0,105.0,98.0,129.0,116.0,130.0,125.0,137.0,143.0,142.0,145.0,143.0,137.0,151.0,138.0,143.0,129.0,156.0,149.0,146.0,151.0,147.0,147.0,140.0,138.0,145.0,139.0,152.0,142.0
70.0,77.0,82.0,87.0,88.0,91.0,85.0,88.0,92.0,90.0,100.0,90.0,94.0,88.0,79.0,87.0,87.0,94.0,89.0,99.0,95.0,80.0,75.0,98.0,91.0,98.0,103.0,101.0,105.0,93.0,98.0,107.0,118.0,134.0,125.0,116.0,127.0,125.0,122.0,126.0,132.0,114.0,112.0,116.0,131.0,148.0,148.0,131.0
104.0,103.0,105.0,97.0,99.0,103.0,101.0,104.0,104.0,111.0,113.0,116.0,113.0,105.0,106.0,115.0,106.0,99.0,104.0,96.0,105.0,103.0,93.0,106.0,100.0,106.0,108.0,104.0,99.0,117.0,113.0,103.0,102.0,109.0,109.0,131.0,113.0,104.0,112.0,109.0,127.0,111.0,120.0,107.0,117.0,115.0,128.0,118.0
125.0,106.0,107.0,107.0,109.0,109.0,105.0,108.0,112.0,106.0,116.0,114.0,108.0,115.0,121.0,101.0,117.0,112.0,107.0,111.0,123.0,118.0,111.0,122.0,125.0,116.0,115.0,115.0,132.0,116.0,124.0,125.0,140.0,142.0,164.0,144.0,144.0,139.0,129.0,142.0,148.0,136.0,141.0,148.0,129.0,126.0,136.0,126.0
51.0,60.0,61.0,69.0,75.0,71.0,84.0,77.0,73.0,80.0,72.0,76.0,83.0,82.0,82.0,83.0,98.0,112.0,121.0,102.0,116.0,125.0,135.0,125.0,127.0,126.0,133.0,142.0,134.0,154.0,146.0,164.0,160.0,158.0,158.0,170.0,174.0,159.0,173.0,190.0,175.0,189.0,170.0,193.0,177.0,186.0,166.0,170.0
126.0,141.0,155.0,144.0,149.0,152.0,147.0,154.0,161.0,154.0,146.0,152.0,156.0,166.0,165.0,186.0,179.0,188.0,175.0,196.0,209.0,191.0,203.0,197.0,206.0,232.0,207.0,223.0,244.0,233.0,249.0,233.0,246.0,263.0,228.0,247.0,245.0,281.0,232.0,221.0,228.0,246.0,234.0,236.0,247.0,242.0,221.0,222.0
280.0,295.0,296.0,291.0,297.0,293.0,303.0,306.0,296.0,307.0,313.0,324.0,315.0,325.0,331.0,321.0,319.0,316.0,324.0,324.0,330.0,348.0,328.0,326.0,329.0,328.0,352.0,360.0,331.0,356.0,345.0,347.0,351.0,352.0,379.0,362.0,360.0,339.0,334.0,338.0,345.0,332.0,326.0,330.0,317.0,326.0,336.0,327.0
791.0,793.0,806.0,787.0,783.0,786.0,768.0,761.0,766.0,752.0,741.0,734.0,756.0,726.0,718.0,694.0,700.0,715.0,663.0,647.0,661.0,629.0,650.0,637.0,647.0,597.0,581.0,582.0,582.0,586.0,581.0,593.0,559.0,592.0,601.0,570.0,563.0,554.0,561.0,566.0,552.0,576.0,568.0,548.0,560.0,540.0,522.0,551.0
549.0,550.0,554.0,552.0,542.0,524.0,517.0,533.0,526.0,528.0,513.0,514.0,529.0,523.0,526.0,544.0,545.0,528.0,532.0,516.0,507.0,545.0,543.0,543.0,543.0,532.0,511.0,496.0,488.0,491.0,508.0,495.0,526.0,507.0,492.0,520.0,484.0,519.0,494.0,517.0,500.0,511.0,539.0,517.0,516.0,508.0,520.0,511.0
463.0,477.0,468.0,483.0,484.0,482.0,491.0,491.0,478.0,481.0,475.0,471.0,448.0,463.0,470.0,473.0,443.0,466.0,450.0,488.0,478.0,483.0,472.0,486.0,487.0,475.0,477.0,483.0,492.0,469.0,484.0,476.0,487.0,482.0,492.0,493.0,501.0,510.0,493.0,516.0,521.0,509.0,473.0,498.0,509.0,496.0,454.0,493.0
411.0,392.0,402.0,392.0,389.0,404.0,399.0,391.0,395.0,397.0,414.0,406.0,421.0,420.0,432.0,442.0,454.0,453.0,500.0,454.0,470.0,474.0,449.0,440.0,447.0,435.0,445.0,477.0,483.0,462.0,469.0,499.0,482.0,491.0,478.0,494.0,479.0,482.0,466.0,488.0,469.0,492.0,499.0,483.0,473.0,454.0,484.0,469.0
1105.0,1071.0,1061.0,1064.0,1048.0,1040.0,1031.0,1035.0,1034.0,1020.0,1014.0,1011.0,985.0,983.0,954.0,927.0,872.0,871.0,782.0,796.0,768.0,786.0,793.0,768.0,749.0,715.0,735.0,743.0,740.0,753.0,689.0,706.0,695.0,704.0,704.0,684.0,688.0,668.0,680.0,669.0,658.0,638.0,653.0,624.0,618.0,623.0,637.0,618.0
513.0,536.0,530.0,505.0,515.0,527.0,531.0,532.0,536.0,524.0,532.0,523.0,508.0,517.0,505.0,508.0,519.0,541.0,557.0,531.0,506.0,508.0,517.0,498.0,505.0,527.0,490.0,494.0,504.0,468.0,529.0,526.0,514.0,503.0,517.0,510.0,523.0,521.0,516.0,499.0,524.0,528.0,504.0,523.0,511.0,505.0,516.0,482.0
810.0,781.0,779.0,777.0,768.0,757.0,761.0,749.0,745.0,733.0,734.0,732.0,714.0,673.0,672.0,583.0,600.0,556.0,561.0,545.0,541.0,515.0,510.0,531.0,503.0,491.0,513.0,515.0,497.0,519.0,512.0,526.0,493.0,510.0,507.0,523.0,509.0,552.0,534.0,520.0,501.0,499.0,507.0,509.0,513.0,501.0,504.0,477.0
320.0,326.0,327.0,335.0,334.0,347.0,338.0,336.0,336.0,339.0,335.0,346.0,347.0,356.0,332.0,337.0,335.0,308.0,326.0,345.0,335.0,343.0,347.0,349.0,343.0,340.0,349.0,353.0,342.0,333.0,327.0,330.0,365.0,337.0,345.0,357.0,348.0,325.0,335.0,316.0,313.0,321.0,325.0,331.0,317.0,331.0,334.0,317.0
183.0,194.0,197.0,192.0,199.0,200.0,199.0,193.0,191.0,183.0,194.0,205.0,195.0,194.0,196.0,220.0,210.0,212.0,212.0,226.0,254.0,247.0,254.0,242.0,248.0,242.0,228.0,229.0,241.0,248.0,256.0,245.0,259.0,247.0,253.0,256.0,252.0,250.0,229.0,245.0,256.0,273.0,244.0,247.0,244.0,238.0,236.0,258.0
3.0,13.0,22.0,25.0,30.0,31.0,36.0,33.0,40.0,46.0,37.0,39.0,48.0,53.0,56.0,68.0,81.0,87.0,78.0,104.0,93.0,107.0,91.0,108.0,116.0,110.0,113.0,117.0,135.0,117.0,125.0,113.0,119.0,124.0,135.0,128.0,118.0,116.0,126.0,131.0,131.0,122.0,133.0,135.0,136.0,134.0,126.0,131.0
46.0,40.0,37.0,38.0,39.0,36.0,35.0,37.0,35.0,37.0,38.0,38.0,36.0,42.0,45.0,46.0,47.0,46.0,58.0,60.0,58.0,61.0,61.0,61.0,59.0,56.0,57.0,59.0,60.0,70.0,72.0,76.0,76.0,85.0,79.0,80.0,84.0,73.0,77.0,81.0,68.0,81.0,85.0,81.0,79.0,83.0,73.0,78.0
5.0,15.0,7.0,9.0,8.0,11.0,12.0,14.0,16.0,22.0,18.0,23.0,21.0,22.0,25.0,21.0,27.0,20.0,19.0,21.0,21.0,23.0,28.0,27.0,32.0,35.0,38.0,36.0,42.0,38.0,35.0,46.0,46.0,33.0,48.0,44.0,38.0,35.0,39.0,34.0,45.0,32.0,38.0,42.0,43.0,44.0,45.0,38.0
48.0,37.0,36.0,37.0,36.0,35.0,29.0,30.0,34.0,27.0,24.0,23.0,28.0,27.0,27.0,28.0,28.0,36.0,26.0,25.0,25.0,19.0,20.0,21.0,24.0,22.0,30.0,30.0,27.0,28.0,25.0,23.0,28.0,37.0,31.0,35.0,29.0,45.0,39.0,40.0,37.0,47.0,44.0,41.0,39.0,26.0,32.0,31.0
8.0,9.0,7.0,8.0,12.0,16.0,13.0,12.0,10.0,13.0,12.0,13.0,13.0,10.0,18.0,16.0,10.0,14.0,16.0,15.0,20.0,25.0,21.0,27.0,21.0,24.0,30.0,27.0,30.0,23.0,29.0,26.0,25.0,27.0,28.0,26.0,33.0,26.0,31.0,31.0,27.0,25.0,22.0,27.0,22.0,28.0,19.0,26.0
31.0,31.0,29.0,28.0,23.0,25.0,29.0,26.0,25.0,26.0,24.0,30.0,31.0,32.0,28.0,28.0,33.0,21.0,27.0,30.0,26.0,26.0,37.0,21.0,29.0,27.0,38.0,31.0,25.0,33.0,22.0,22.0,35.0,34.0,33.0,27.0,24.0,30.0,27.0,28.0,28.0,34.0,31.0,27.0,26.0,28.0,34.0,27.0
39.0,35.0,35.0,37.0,35.0,36.0,33.0,32.0,30.0,32.0,32.0,26.0,30.0,28.0,30.0,23.0,28.0,29.0,31.0,25.0,26.0,22.0,21.0,27.0,23.0,30.0,20.0,26.0,35.0,24.0,20.0,28.0,31.0,25.0,25.0,28.0,25.0,27.0,23.0,26.0,31.0,27.0,33.0,35.0,32.0,29.0,30.0,30.0
22.0,19.0,17.0,19.0,20.0,16.0,16.0,18.0,19.0,18.0,15.0,19.0,13.0,18.0,17.0,14.0,16.0,17.0,18.0,18.0,19.0,12.0,18.0,22.0,16.0,16.0,18.0,21.0,19.0,15.0,22.0,15.0,19.0,17.0,17.0,17.0,18.0,9.0,17.0,14.0,15.0,15.0,13.0,20.0,25.0,18.0,22.0,17.0
8.0,15.0,19.0,17.0,11.0,10.0,10.0,13.0,7.0,11.0,12.0,10.0,11.0,7.0,9.0,13.0,16.0,14.0,13.0,14.0,15.0,17.0,14.0,13.0,17.0,14.0,13.0,17.0,12.0,20.0,10.0,21.0,15.0,17.0,23.0,19.0,25.0,24.0,17.0,17.0,20.0,18.0,19.0,15.0,16.0,22.0,23.0,18.0
15.0,13.0,12.0,14.0,18.0,20.0,10.0,13.0,16.0,14.0,10.0,12.0,11.0,10.0,9.0,10.0,8.0,15.0,10.0,11.0,9.0,14.0,17.0,20.0,15.0,19.0,9.0,9.0,10.0,9.0,13.0,15.0,11.0,9.0,14.0,14.0,14.0,12.0,11.0,11.0,7.0,7.0,10.0,9.0,13.0,7.0,12.0,12.0
3.0,5.0,9.0,8.0,7.0,8.0,9.0,9.0,10.0,10.0,10.0,10.0,7.0,10.0,9.0,10.0,8.0,9.0,8.0,7.0,8.0,10.0,6.0,7.0,7.0,6.0,11.0,9.0,9.0,13.0,9.0,11.0,10.0,8.0,7.0,10.0,12.0,14.0,11.0,8.0,9.0,8.0,6.0,6.0,5.0,8.0,10.0,13.0
10.0,11.0,10.0,9.0,8.0,7.0,8.0,7.0,9.0,14.0,9.0,8.0,9.0,8.0,11.0,8.0,13.0,8.0,10.0,7.0,5.0,6.0,10.0,6.0,9.0,7.0,9.0,9.0,9.0,8.0,7.0,12.0,9.0,7.0,8.0,6.0,14.0,10.0,16.0,10.0,14.0,12.0,16.0,13.0,11.0,16.0,12.0,11.0
19.0,16.0,14.0,14.0,13.0,12.0,11.0,11.0,10.0,8.0,13.0,9.0,7.0,7.0,9.0,11.0,10.0,9.0,9.0,13.0,13.0,12.0,11.0,14.0,15.0,17.0,17.0,16.0,12.0,15.0,14.0,10.0,11.0,6.0,7.0,7.0,7.0,16.0,9.0,6.0,14.0,10.0,14.0,11.0,11.0,14.0,12.0,11.0
18.0,17.0,21.0,23.0,21.0,18.0,16.0,15.0,12.0,14.0,11.0,11.0,11.0,16.0,12.0,7.0,11.0,9.0,8.0,10.0,10.0,9.0,9.0,8.0,13.0,10.0,8.0,8.0,11.0,13.0,12.0,10.0,4.0,8.0,9.0,11.0,11.0,9.0,13.0,13.0,11.0,7.0,11.0,16.0,12.0,8.0,6.0,17.0
32.0,27.0,25.0,22.0,24.0,20.0,19.0,21.0,20.0,19.0,14.0,13.0,17.0,14.0,15.0,15.0,12.0,15.0,18.0,15.0,16.0,19.0,17.0,16.0,13.0,22.0,19.0,14.0,14.0,10.0,10.0,12.0,16.0,12.0,22.0,16.0,17.0,18.0,13.0,14.0,13.0,12.0,19.0,17.0,14.0,12.0,16.0,12.0
19.0,13.0,17.0,17.0,18.0,19.0,20.0,18.0,18.0,15.0,16.0,16.0,16.0,13.0,17.0,11.0,17.0,16.0,11.0,17.0,20.0,19.0,23.0,24.0,24.0,24.0,13.0,8.0,12.0,15.0,14.0,16.0,16.0,15.0,9.0,11.0,11.0,11.0,14.0,9.0,12.0,16.0,8.0,7.0,12.0,12.0,12.0,17.0
9.0,12.0,17.0,12.0,12.0,14.0,13.0,13.0,14.0,14.0,15.0,15.0,13.0,16.0,15.0,14.0,15.0,12.0,15.0,20.0,29.0,26.0,16.0,15.0,14.0,18.0,19.0,16.0,11.0,16.0,13.0,15.0,19.0,14.0,20.0,12.0,18.0,12.0,8.0,9.0,11.0,14.0,15.0,9.0,11.0,17.0,19.0,10.0
18.0,15.0,15.0,16.0,15.0,15.0,16.0,15.0,15.0,13.0,15.0,17.0,13.0,15.0,17.0,18.0,15.0,17.0,19.0,16.0,16.0,8.0,12.0,8.0,5.0,8.0,12.0,18.0,19.0,14.0,12.0,13.0,14.0,16.0,19.0,17.0,16.0,12.0,14.0,15.0,13.0,11.0,10.0,13.0,12.0,12.0,18.0,21.0
18.0,19.0,17.0,18.0,18.0,18.0,18.0,18.0,18.0,21.0,19.0,17.0,18.0,18.0,19.0,18.0,17.0,13.0,15.0,14.0,15.0,18.0,20.0,20.0,22.0,20.0,18.0,13.0,16.0,12.0,11.0,13.0,12.0,15.0,10.0,15.0,12.0,14.0,14.0,13.0,13.0,15.0,16.0,16.0,19.0,17.0,17.0,17.0
12.0,11.0,13.0,14.0,20.0,20.0,22.0,19.0,20.0,20.0,16.0,18.0,19.0,21.0,17.0,21.0,26.0,31.0,36.0,33.0,35.0,28.0,22.0,19.0,27.0,28.0,29.0,35.0,38.0,30.0,26.0,29.0,26.0,29.0,30.0,36.0,28.0,30.0,32.0,35.0,35.0,33.0,40.0,46.0,38.0,42.0,50.0,47.0
48.0,44.0,49.0,51.0,43.0,43.0,37.0,36.0,35.0,37.0,37.0,42.0,47.0,45.0,45.0,52.0,58.0,49.0,50.0,43.0,45.0,43.0,39.0,43.0,40.0,45.0,42.0,44.0,44.0,51.0,53.0,47.0,49.0,53.0,43.0,45.0,48.0,50.0,44.0,54.0,51.0,47.0,52.0,44.0,49.0,47.0,42.0,48.0
158.0,139.0,137.0,122.0,125.0,122.0,123.0,123.0,123.0,120.0,127.0,123.0,115.0,105.0,102.0,82.0,80.0,60.0,56.0,53.0,56.0,64.0,55.0,56.0,54.0,54.0,59.0,57.0,55.0,61.0,60.0,64.0,60.0,60.0,72.0,63.0,63.0,68.0,75.0,62.0,64.0,68.0,60.0,70.0,71.0,71.0,72.0,65.0
57.0,53.0,50.0,50.0,50.0,42.0,41.0,42.0,41.0,44.0,49.0,45.0,50.0,49.0,67.0,65.0,61.0,60.0,59.0,58.0,61.0,48.0,43.0,55.0,49.0,49.0,55.0,66.0,54.0,46.0,53.0,45.0,51.0,57.0,64.0,52.0,58.0,46.0,51.0,63.0,55.0,42.0,51.0,53.0,51.0,54.0,58.0,51.0
9.0,21.0,20.0,20.0,21.0,25.0,29.0,24.0,30.0,33.0,36.0,40.0,37.0,40.0,33.0,46.0,53.0,52.0,71.0,82.0,77.0,68.0,75.0,66.0,62.0,73.0,63.0,68.0,68.0,75.0,73.0,67.0,76.0,64.0,57.0,71.0,66.0,73.0,59.0,66.0,64.0,77.0,79.0,69.0,67.0,73.0,69.0,77.0
23.0,36.0,47.0,48.0,46.0,38.0,46.0,58.0,59.0,52.0,71.0,67.0,73.0,64.0,74.0,83.0,91.0,106.0,81.0,83.0,96.0,95.0,89.0,85.0,81.0,107.0,92.0,89.0,87.0,79.0,85.0,95.0,80.0,90.0,103.0,90.0,105.0,102.0,120.0,111.0,103.0,98.0,99.0,100.0,93.0,99.0,103.0,101.0
183.0,171.0,184.0,185.0,188.0,191.0,192.0,192.0,193.0,193.0,175.0,172.0,173.0,177.0,180.0,196.0,194.0,196.0,192.0,177.0,180.0,177.0,189.0,182.0,181.0,176.0,179.0,166.0,174.0,182.0,188.0,174.0,164.0,164.0,169.0,168.0,164.0,170.0,160.0,168.0,175.0,184.0,178.0,169.0,164.0,154.0,155.0,159.0
541.0,527.0,508.0,499.0,485.0,483.0,476.0,475.0,479.0,477.0,453.0,459.0,453.0,429.0,403.0,388.0,355.0,348.0,366.0,356.0,345.0,352.0,335.0,327.0,313.0,303.0,320.0,311.0,303.0,288.0,297.0,307.0,296.0,292.0,259.0,277.0,273.0,251.0,274.0,264.0,273.0,233.0,252.0,267.0,256.0,257.0,257.0,234.0
476.0,455.0,456.0,450.0,450.0,451.0,441.0,426.0,421.0,403.0,409.0,415.0,392.0,385.0,387.0,381.0,361.0,383.0,356.0,351.0,356.0,356.0,337.0,330.0,319.0,307.0,307.0,310.0,300.0,295.0,291.0,292.0,275.0,285.0,277.0,270.0,318.0,302.0,293.0,287.0,289.0,284.0,276.0,268.0,262.0,240.0,244.0,246.0
335.0,341.0,343.0,340.0,344.0,356.0,357.0,363.0,355.0,350.0,346.0,341.0,330.0,340.0,331.0,352.0,327.0,298.0,314.0,293.0,292.0,298.0,288.0,298.0,285.0,307.0,302.0,295.0,275.0,274.0,299.0,286.0,292.0,296.0,312.0,289.0,285.0,291.0,309.0,327.0,310.0,304.0,301.0,294.0,275.0,268.0,266.0,280.0
177.0,198.0,186.0,199.0,191.0,196.0,192.0,202.0,193.0,199.0,204.0,206.0,223.0,218.0,216.0,231.0,248.0,259.0,257.0,248.0,251.0,272.0,269.0,253.0,277.0,269.0,274.0,272.0,269.0,279.0,280.0,280.0,276.0,262.0,266.0,276.0,272.0,276.0,272.0,246.0,258.0,248.0,240.0,239.0,247.0,223.0,237.0,237.0
113.0,97.0,122.0,131.0,122.0,116.0,122.0,121.0,133.0,128.0,146.0,144.0,157.0,158.0,156.0,162.0,175.0,172.0,170.0,172.0,166.0,185.0,191.0,196.0,197.0,205.0,196.0,193.0,215.0,213.0,209.0,215.0,214.0,222.0,222.0,226.0,220.0,229.0,225.0,229.0,242.0,215.0,203.0,202.0,218.0,209.0,215.0,223.0
126.0,135.0,132.0,140.0,143.0,154.0,147.0,154.0,160.0,158.0,172.0,168.0,170.0,177.0,188.0,164.0,157.0,171.0,189.0,189.0,189.0,209.0,218.0,202.0,203.0,214.0,205.0,203.0,193.0,189.0,205.0,197.0,194.0,210.0,203.0,202.0,217.0,218.0,212.0,196.0,195.0,208.0,223.0,192.0,201.0,200.0,206.0,205.0
102.0,104.0,110.0,120.0,135.0,133.0,123.0,131.0,130.0,133.0,135.0,119.0,127.0,126.0,118.0,128.0,143.0,142.0,134.0,153.0,155.0,175.0,151.0,179.0,168.0,197.0,194.0,184.0,201.0,197.0,189.0,190.0,204.0,205.0,207.0,216.0,184.0,186.0,187.0,202.0,206.0,208.0,177.0,188.0,196.0,205.0,204.0,206.0
42.0,57.0,61.0,58.0,73.0,65.0,82.0,77.0,77.0,75.0,76.0,91.0,94.0,101.0,108.0,122.0,109.0,116.0,121.0,129.0,146.0,129.0,156.0,147.0,172.0,171.0,178.0,157.0,137.0,162.0,169.0,154.0,144.0,144.0,153.0,154.0,163.0,175.0,183.0,178.0,173.0,160.0,169.0,179.0,178.0,179.0,165.0,176.0
126.0,111.0,105.0,109.0,106.0,116.0,113.0,108.0,111.0,113.0,110.0,117.0,111.0,125.0,127.0,129.0,135.0,123.0,130.0,130.0,135.0,154.0,150.0,152.0,147.0,155.0,159.0,164.0,163.0,145.0,147.0,154.0,143.0,160.0,157.0,162.0,177.0,171.0,170.0,155.0,155.0,155.0,159.0,157.0,154.0,152.0,155.0,155.0
54.0,63.0,65.0,67.0,68.0,80.0,75.0,75.0,80.0,90.0,92.0,84.0,80.0,80.0,75.0,79.0,81.0,86.0,91.0,112.0,110.0,118.0,113.0,122.0,124.0,117.0,107.0,119.0,119.0,132.0,137.0,145.0,142.0,126.0,124.0,123.0,112.0,133.0,139.0,118.0,125.0,140.0,139.0,141.0,152.0,144.0,151.0,157.0
58.0,64.0,62.0,69.0,61.0,68.0,59.0,62.0,71.0,68.0,65.0,69.0,71.0,73.0,93.0,75.0,99.0,101.0,111.0,112.0,112.0,117.0,127.0,122.0,129.0,152.0,153.0,129.0,148.0,146.0,145.0,153.0,149.0,159.0,162.0,161.0,155.0,157.0,159.0,172.0,156.0,167.0,185.0,165.0,161.0,164.0,170.0,181.0
91.0,95.0,92.0,98.0,102.0,98.0,105.0,112.0,107.0,112.0,115.0,107.0,110.0,119.0,122.0,139.0,128.0,156.0,154.0,172.0,163.0,164.0,165.0,158.0,179.0,162.0,162.0,180.0,160.0,176.0,166.0,181.0,198.0,219.0,201.0,185.0,210.0,196.0,211.0,178.0,210.0,196.0,194.0,203.0,221.0,201.0,205.0,214.0
176.0,166.0,170.0,181.0,176.0,173.0,175.0,174.0,176.0,183.0,190.0,194.0,200.0,190.0,196.0,214.0,228.0,242.0,241.0,255.0,242.0,248.0,261.0,264.0,264.0,264.0,265.0,248.0,263.0,273.0,266.0,272.0,275.0,275.0,276.0,280.0,271.0,285.0,253.0,266.0,255.0,248.0,265.0,279.0,261.0,279.0,271.0,265.0
522.0,523.0,510.0,503.0,496.0,505.0,507.0,499.0,506.0,484.0,482.0,465.0,452.0,463.0,461.0,444.0,427.0,433.0,418.0,413.0,410.0,425.0,409.0,410.0,390.0,392.0,376.0,373.0,398.0,384.0,394.0,399.0,383.0,387.0,392.0,374.0,398.0,358.0,400.0,374.0,390.0,377.0,380.0,367.0,375.0,386.0,380.0,370.0
602.0,574.0,572.0,580.0,574.0,554.0,554.0,560.0,551.0,564.0,547.0,557.0,562.0,556.0,540.0,533.0,518.0,525.0,452.0,483.0,473.0,487.0,481.0,472.0,465.0,470.0,473.0,471.0,469.0,443.0,444.0,459.0,439.0,458.0,448.0,462.0,485.0,464.0,427.0,439.0,438.0,427.0,437.0,441.0,436.0,423.0,424.0,395.0
423.0,433.0,417.0,408.0,413.0,419.0,415.0,407.0,419.0,420.0,426.0,418.0,421.0,412.0,404.0,402.0,402.0,396.0,402.0,379.0,404.0,381.0,384.0,392.0,410.0,417.0,403.0,414.0,397.0,418.0,425.0,392.0,407.0,408.0,435.0,444.0,445.0,453.0,443.0,433.0,452.0,423.0,412.0,397.0,413.0,446.0,428.0,413.0
497.0,495.0,501.0,510.0,508.0,492.0,494.0,485.0,483.0,466.0,471.0,473.0,491.0,481.0,458.0,432.0,447.0,425.0,427.0,441.0,419.0,435.0,412.0,446.0,465.0,458.0,435.0,431.0,420.0,430.0,435.0,420.0,439.0,437.0,446.0,425.0,409.0,398.0,397.0,401.0,410.0,430.0,440.0,451.0,449.0,458.0,436.0,436.0
400.0,414.0,410.0,410.0,414.0,409.0,411.0,405.0,400.0,400.0,408.0,416.0,418.0,419.0,431.0,433.0,439.0,467.0,448.0,444.0,461.0,445.0,447.0,437.0,452.0,457.0,468.0,440.0,427.0,416.0,438.0,423.0,405.0,439.0,411.0,423.0,404.0,410.0,398.0,392.0,392.0,382.0,367.0,369.0,374.0,403.0,404.0,399.0
530.0,528.0,524.0,524.0,513.0,517.0,510.0,508.0,501.0,508.0,489.0,493.0,498.0,490.0,455.0,464.0,461.0,438.0,447.0,431.0,425.0,447.0,426.0,449.0,426.0,423.0,417.0,430.0,408.0,433.0,427.0,427.0,440.0,447.0,455.0,447.0,474.0,457.0,453.0,435.0,453.0,467.0,449.0,443.0,435.0,427.0,446.0,449.0
136.0,139.0,152.0,151.0,162.0,157.0,145.0,155.0,174.0,174.0,158.0,150.0,176.0,188.0,190.0,218.0,206.0,210.0,237.0,233.0,240.0,236.0,243.0,229.0,252.0,264.0,275.0,260.0,289.0,282.0,267.0,270.0,261.0,236.0,257.0,258.0,253.0,283.0,288.0,301.0,286.0,293.0,294.0,297.0,295.0,297.0,293.0,298.0
141.0,140.0,140.0,136.0,138.0,138.0,157.0,151.0,142.0,152.0,157.0,155.0,155.0,156.0,150.0,168.0,175.0,172.0,164.0,175.0,180.0,183.0,197.0,197.0,202.0,210.0,202.0,229.0,206.0,214.0,189.0,203.0,213.0,237.0,220.0,223.0,222.0,244.0,248.0,239.0,236.0,236.0,255.0,243.0,224.0,232.0,238.0,231.0
67.0,65.0,66.0,67.0,79.0,65.0,66.0,72.0,77.0,85.0,83.0,69.0,83.0,84.0,94.0,89.0,105.0,106.0,125.0,110.0,108.0,119.0,117.0,106.0,117.0,129.0,158.0,139.0,143.0,139.0,153.0,144.0,140.0,145.0,149.0,162.0,159.0,143.0,157.0,148.0,152.0,123.0,144.0,138.0,140.0,142.0,136.0,137.0
1.0,7.0,9.0,12.0,13.0,22.0,17.0,21.0,18.0,21.0,19.0,29.0,28.0,33.0,43.0,39.0,40.0,46.0,36.0,37.0,53.0,52.0,60.0,57.0,53.0,64.0,51.0,71.0,55.0,72.0,70.0,78.0,80.0,81.0,80.0,80.0,79.0,88.0,82.0,77.0,81.0,102.0,80.0,93.0,88.0,96.0,93.0,90.0
1.0,3.0,6.0,4.0,4.0,9.0,14.0,9.0,12.0,9.0,12.0,10.0,15.0,9.0,10.0,16.0,23.0,27.0,23.0,32.0,34.0,33.0,34.0,41.0,37.0,33.0,36.0,36.0,33.0,38.0,37.0,34.0,41.0,39.0,40.0,41.0,48.0,51.0,49.0,53.0,57.0,50.0,58.0,57.0,63.0,51.0,71.0,58.0
19.0,14.0,18.0,16.0,11.0,9.0,11.0,13.0,11.0,11.0,12.0,12.0,16.0,19.0,17.0,19.0,15.0,17.0,24.0,22.0,26.0,23.0,30.0,26.0,24.0,32.0,34.0,29.0,31.0,34.0,34.0,37.0,31.0,39.0,25.0,33.0,35.0,43.0,45.0,42.0,48.0,53.0,46.0,48.0,42.0,44.0,43.0,43.0
28.0,29.0,29.0,30.0,33.0,30.0,36.0,33.0,32.0,32.0,29.0,29.0,34.0,24.0,26.0,27.0,29.0,26.0,27.0,28.0,28.0,25.0,18.0,29.0,27.0,25.0,16.0,19.0,20.0,24.0,23.0,24.0,24.0,29.0,32.0,26.0,38.0,40.0,25.0,24.0,32.0,25.0,37.0,34.0,30.0,30.0,23.0,31.0
11.0,12.0,15.0,14.0,14.0,13.0,13.0,16.0,15.0,13.0,19.0,18.0,12.0,20.0,13.0,19.0,19.0,17.0,20.0,19.0,24.0,22.0,19.0,19.0,17.0,19.0,15.0,17.0,13.0,17.0,15.0,24.0,26.0,24.0,19.0,28.0,20.0,20.0,24.0,21.0,22.0,21.0,20.0,14.0,25.0,20.0,28.0,18.0
47.0,49.0,40.0,41.0,40.0,38.0,38.0,36.0,42.0,39.0,35.0,36.0,38.0,35.0,41.0,32.0,33.0,38.0,36.0,35.0,40.0,28.0,30.0,33.0,24.0,22.0,26.0,25.0,23.0,23.0,31.0,26.0,22.0,25.0,23.0,29.0,24.0,18.0,21.0,24.0,19.0,27.0,20.0,24.0,17.0,18.0,21.0,24.0
1.0,8.0,7.0,7.0,9.0,11.0,8.0,13.0,8.0,12.0,16.0,8.0,9.0,14.0,11.0,22.0,17.0,16.0,16.0,20.0,22.0,26.0,28.0,19.0,27.0,21.0,20.0,16.0,24.0,19.0,19.0,14.0,15.0,23.0,17.0,13.0,16.0,17.0,19.0,19.0,15.0,11.0,13.0,19.0,11.0,14.0,14.0,13.0
1.0,7.0,11.0,9.0,7.0,10.0,10.0,7.0,6.0,8.0,7.0,11.0,15.0,12.0,11.0,11.0,11.0,15.0,10.0,11.0,10.0,16.0,11.0,16.0,13.0,10.0,13.0,9.0,13.0,19.0,15.0,17.0,18.0,22.0,23.0,22.0,25.0,26.0,25.0,22.0,20.0,19.0,18.0,13.0,15.0,18.0,18.0,17.0
16.0,14.0,12.0,10.0,12.0,10.0,10.0,14.0,12.0,10.0,12.0,13.0,10.0,9.0,12.0,11.0,13.0,12.0,15.0,17.0,17.0,14.0,20.0,12.0,13.0,15.0,15.0,10.0,18.0,15.0,17.0,13.0,17.0,24.0,22.0,30.0,18.0,20.0,18.0,19.0,16.0,14.0,15.0,14.0,10.0,15.0,11.0,12.0
21.0,23.0,19.0,21.0,22.0,18.0,21.0,20.0,18.0,18.0,20.0,17.0,20.0,17.0,12.0,16.0,17.0,15.0,18.0,13.0,16.0,15.0,13.0,11.0,16.0,15.0,13.0,12.0,10.0,10.0,13.0,13.0,14.0,19.0,14.0,19.0,19.0,13.0,11.0,13.0,11.0,14.0,11.0,11.0,13.0,18.0,7.0,11.0
8.0,3.0,4.0,3.0,3.0,1.0,4.0,3.0,2.0,2.0,1.0,4.0,6.0,6.0,8.0,8.0,6.0,7.0,7.0,9.0,13.0,6.0,9.0,6.0,3.0,4.0,6.0,7.0,6.0,6.0,9.0,8.0,7.0,8.0,8.0,8.0,4.0,3.0,6.0,5.0,5.0,5.0,7.0,10.0,9.0,9.0,10.0,9.0
3.0,6.0,6.0,6.0,5.0,7.0,6.0,6.0,7.0,2.0,4.0,3.0,4.0,4.0,5.0,5.0,6.0,7.0,6.0,4.0,6.0,7.0,5.0,6.0,9.0,9.0,6.0,10.0,9.0,7.0,5.0,7.0,9.0,8.0,10.0,10.0,8.0,10.0,7.0,9.0,11.0,11.0,10.0,7.0,11.0,10.0,8.0,7.0
5.0,1.0,1.0,4.0,2.0,5.0,3.0,3.0,1.0,6.0,3.0,6.0,5.0,6.0,6.0,4.0,4.0,8.0,9.0,8.0,6.0,10.0,8.0,9.0,5.0,10.0,12.0,12.0,12.0,11.0,9.0,14.0,11.0,8.0,11.0,14.0,10.0,14.0,13.0,15.0,10.0,12.0,13.0,12.0,9.0,10.0,9.0,13.0
5.0,4.0,4.0,5.0,5.0,3.0,5.0,6.0,5.0,6.0,6.0,7.0,10.0,7.0,12.0,11.0,13.0,11.0,7.0,9.0,8.0,11.0,14.0,12.0,14.0,10.0,9.0,14.0,11.0,14.0,13.0,12.0,13.0,15.0,15.0,12.0,12.0,13.0,16.0,11.0,10.0,12.0,8.0,5.0,5.0,7.0,7.0,3.0
7.0,10.0,9.0,7.0,7.0,7.0,7.0,7.0,8.0,9.0,11.0,13.0,11.0,12.0,14.0,8.0,11.0,9.0,9.0,13.0,15.0,12.0,13.0,17.0,11.0,11.0,15.0,11.0,9.0,13.0,15.0,15.0,9.0,16.0,10.0,14.0,13.0,16.0,10.0,22.0,18.0,17.0,18.0,16.0,16.0,15.0,16.0,9.0
13.0,13.0,15.0,15.0,14.0,15.0,12.0,12.0,13.0,14.0,15.0,14.0,12.0,11.0,13.0,12.0,8.0,11.0,15.0,22.0,17.0,16.0,21.0,16.0,16.0,15.0,18.0,16.0,16.0,12.0,11.0,13.0,12.0,11.0,11.0,9.0,4.0,8.0,15.0,12.0,7.0,11.0,12.0,12.0,8.0,9.0,10.0,11.0
46.0,38.0,32.0,35.0,32.0,28.0,29.0,26.0,26.0,27.0,26.0,25.0,24.0,22.0,20.0,21.0,19.0,20.0,17.0,11.0,16.0,20.0,17.0,21.0,19.0,14.0,14.0,15.0,15.0,11.0,19.0,13.0,19.0,18.0,15.0,12.0,15.0,14.0,11.0,9.0,8.0,14.0,12.0,11.0,12.0,6.0,4.0,12.0
22.0,18.0,19.0,19.0,17.0,18.0,18.0,18.0,18.0,18.0,18.0,19.0,19.0,14.0,14.0,13.0,13.0,14.0,15.0,15.0,13.0,17.0,18.0,21.0,17.0,17.0,16.0,19.0,21.0,20.0,20.0,21.0,18.0,15.0,10.0,15.0,18.0,20.0,19.0,19.0,16.0,19.0,15.0,17.0,15.0,23.0,18.0,8.0
4.0,7.0,6.0,7.0,8.0,7.0,7.0,8.0,10.0,7.0,6.0,6.0,5.0,4.0,7.0,8.0,12.0,6.0,10.0,9.0,7.0,10.0,9.0,5.0,7.0,6.0,9.0,11.0,15.0,14.0,14.0,13.0,13.0,10.0,19.0,9.0,12.0,17.0,15.0,16.0,16.0,14.0,20.0,17.0,16.0,11.0,11.0,12.0
12.0,14.0,13.0,10.0,8.0,14.0,16.0,16.0,13.0,16.0,17.0,20.0,16.0,17.0,17.0,13.0,12.0,23.0,20.0,25.0,25.0,28.0,21.0,24.0,22.0,23.0,25.0,20.0,22.0,32.0,25.0,20.0,25.0,30.0,37.0,26.0,33.0,22.0,26.0,23.0,28.0,26.0,26.0,32.0,45.0,43.0,44.0,42.0
10.0,13.0,20.0,19.0,25.0,21.0,21.0,23.0,26.0,23.0,26.0,18.0,18.0,24.0,22.0,26.0,19.0,23.0,21.0,17.0,17.0,14.0,23.0,24.0,26.0,28.0,24.0,26.0,22.0,22.0,25.0,27.0,25.0,31.0,30.0,32.0,25.0,35.0,34.0,33.0,24.0,35.0,33.0,35.0,27.0,31.0,32.0,30.0
34.0,39.0,34.0,43.0,32.0,37.0,34.0,34.0,35.0,35.0,31.0,33.0,24.0,26.0,28.0,31.0,32.0,24.0,29.0,31.0,29.0,26.0,31.0,33.0,33.0,32.0,26.0,29.0,30.0,25.0,31.0,36.0,35.0,32.0,33.0,23.0,31.0,29.0,24.0,28.0,38.0,37.0,38.0,30.0,30.0,33.0,38.0,38.0
13.0,16.0,22.0,21.0,23.0,22.0,26.0,25.0,22.0,22.0,22.0,25.0,29.0,23.0,21.0,26.0,34.0,30.0,37.0,36.0,45.0,40.0,37.0,44.0,40.0,33.0,38.0,40.0,40.0,39.0,36.0,37.0,26.0,46.0,36.0,37.0,35.0,36.0,37.0,44.0,42.0,46.0,55.0,49.0,46.0,48.0,45.0,49.0
2.0,1.0,8.0,7.0,11.0,20.0,18.0,18.0,16.0,17.0,21.0,27.0,28.0,33.0,36.0,31.0,28.0,37.0,37.0,37.0,40.0,57.0,56.0,57.0,51.0,46.0,45.0,46.0,52.0,50.0,52.0,51.0,60.0,50.0,51.0,53.0,49.0,49.0,46.0,45.0,51.0,54.0,56.0,58.0,60.0,56.0,64.0,57.0
26.0,32.0,35.0,35.0,34.0,32.0,36.0,38.0,40.0,47.0,49.0,47.0,45.0,58.0,53.0,50.0,58.0,54.0,60.0,55.0,52.0,52.0,58.0,55.0,65.0,54.0,55.0,62.0,51.0,59.0,65.0,66.0,71.0,77.0,67.0,69.0,60.0,72.0,70.0,67.0,68.0,58.0,57.0,62.0,62.0,69.0,63.0,74.0
69.0,76.0,78.0,78.0,81.0,86.0,84.0,80.0,82.0,85.0,80.0,83.0,93.0,92.0,91.0,99.0,101.0,103.0,96.0,101.0,111.0,114.0,99.0,114.0,113.0,118.0,119.0,102.0,109.0,113.0,117.0,98.0,105.0,103.0,110.0,103.0,109.0,110.0,104.0,107.0,119.0,129.0,114.0,118.0,127.0,112.0,118.0,115.0
138.0,157.0,153.0,160.0,159.0,152.0,153.0,160.0,148.0,144.0,168.0,161.0,159.0,175.0,180.0,170.0,168.0,158.0,153.0,174.0,170.0,180.0,178.0,176.0,171.0,179.0,165.0,165.0,174.0,184.0,183.0,176.0,177.0,174.0,180.0,161.0,161.0,158.0,157.0,175.0,155.0,165.0,158.0,160.0,163.0,168.0,171.0,167.0
419.0,388.0,366.0,349.0,348.0,338.0,329.0,328.0,328.0,335.0,318.0,310.0,303.0,303.0,299.0,272.0,279.0,261.0,278.0,246.0,217.0,223.0,232.0,212.0,208.0,214.0,210.0,198.0,202.0,199.0,195.0,198.0,194.0,196.0,202.0,204.0,193.0,202.0,207.0,207.0,212.0,224.0,224.0,220.0,220.0,220.0,204.0,208.0
192.0,186.0,191.0,184.0,184.0,176.0,186.0,181.0,180.0,181.0,193.0,201.0,195.0,199.0,200.0,176.0,198.0,200.0,220.0,183.0,200.0,194.0,197.0,205.0,189.0,177.0,196.0,194.0,197.0,183.0,190.0,175.0,191.0,195.0,180.0,185.0,183.0,176.0,188.0,188.0,179.0,186.0,194.0,194.0,194.0,193.0,189.0,170.0
156.0,155.0,155.0,164.0,162.0,166.0,167.0,181.0,180.0,184.0,181.0,173.0,175.0,185.0,185.0,185.0,183.0,191.0,193.0,214.0,215.0,213.0,203.0,191.0,179.0,205.0,190.0,187.0,188.0,191.0,188.0,190.0,190.0,190.0,198.0,195.0,200.0,198.0,187.0,193.0,194.0,195.0,197.0,208.0,187.0,202.0,197.0,193.0
219.0,233.0,231.0,226.0,231.0,241.0,244.0,236.0,246.0,240.0,239.0,239.0,234.0,229.0,239.0,240.0,265.0,253.0,239.0,235.0,239.0,235.0,240.0,238.0,260.0,244.0,259.0,267.0,249.0,244.0,242.0,242.0,249.0,243.0,247.0,232.0,233.0,239.0,246.0,243.0,227.0,238.0,255.0,268.0,257.0,258.0,255.0,252.0
606.0,577.0,579.0,580.0,587.0,568.0,580.0,559.0,569.0,559.0,544.0,542.0,517.0,495.0,458.0,459.0,400.0,386.0,402.0,386.0,389.0,377.0,353.0,367.0,349.0,333.0,335.0,309.0,330.0,317.0,326.0,332.0,324.0,328.0,320.0,352.0,342.0,329.0,353.0,352.0,342.0,332.0,334.0,338.0,331.0,340.0,325.0,317.0
327.0,337.0,343.0,336.0,331.0,331.0,323.0,328.0,315.0,321.0,331.0,343.0,331.0,308.0,328.0,331.0,341.0,351.0,354.0,348.0,356.0,339.0,363.0,336.0,357.0,350.0,340.0,344.0,321.0,320.0,318.0,302.0,311.0,328.0,334.0,329.0,338.0,341.0,332.0,331.0,324.0,335.0,350.0,329.0,327.0,318.0,310.0,297.0
341.0,332.0,320.0,325.0,320.0,324.0,317.0,308.0,317.0,306.0,306.0,313.0,318.0,309.0,309.0,306.0,305.0,293.0,288.0,295.0,290.0,298.0,284.0,305.0,280.0,273.0,273.0,274.0,284.0,299.0,288.0,298.0,290.0,276.0,299.0,285.0,288.0,272.0,274.0,272.0,287.0,292.0,280.0,289.0,279.0,278.0,284.0,278.0
157.0,164.0,167.0,163.0,179.0,175.0,170.0,174.0,172.0,173.0,168.0,167.0,167.0,186.0,176.0,184.0,190.0,199.0,198.0,189.0,192.0,198.0,202.0,183.0,187.0,178.0,190.0,188.0,200.0,199.0,214.0,210.0,217.0,204.0,207.0,209.0,217.0,191.0,188.0,209.0,202.0,214.0,212.0,203.0,196.0,195.0,197.0,200.0
96.0,91.0,104.0,113.0,106.0,103.0,106.0,107.0,114.0,110.0,114.0,110.0,114.0,99.0,112.0,111.0,118.0,144.0,147.0,141.0,136.0,138.0,148.0,156.0,160.0,153.0,128.0,143.0,144.0,164.0,166.0,164.0,149.0,158.0,139.0,146.0,148.0,152.0,166.0,183.0,187.0,171.0,175.0,178.0,177.0,175.0,173.0,172.0
156.0,151.0,154.0,144.0,146.0,139.0,148.0,149.0,143.0,150.0,151.0,150.0,155.0,158.0,144.0,150.0,150.0,137.0,149.0,158.0,159.0,161.0,148.0,153.0,153.0,137.0,156.0,153.0,161.0,146.0,152.0,150.0,164.0,167.0,167.0,167.0,164.0,162.0,171.0,165.0,161.0,159.0,141.0,146.0,140.0,160.0,162.0,160.0
148.0,157.0,171.0,175.0,180.0,179.0,177.0,183.0,182.0,185.0,176.0,184.0,190.0,185.0,185.0,190.0,209.0,192.0,177.0,174.0,203.0,196.0,198.0,191.0,179.0,195.0,192.0,188.0,179.0,170.0,179.0,197.0,170.0,176.0,184.0,181.0,162.0,175.0,187.0,191.0,200.0,189.0,205.0,189.0,198.0,201.0,208.0,209.0
117.0,130.0,129.0,125.0,133.0,139.0,130.0,132.0,146.0,142.0,144.0,137.0,145.0,151.0,158.0,190.0,187.0,167.0,200.0,192.0,185.0,195.0,174.0,172.0,177.0,178.0,186.0,181.0,193.0,194.0,217.0,190.0,211.0,221.0,206.0,218.0,221.0,226.0,243.0,223.0,218.0,223.0,210.0,209.0,222.0,219.0,228.0,214.0
224.0,228.0,238.0,243.0,249.0,241.0,244.0,246.0,244.0,251.0,242.0,250.0,249.0,246.0,253.0,254.0,240.0,228.0,256.0,227.0,222.0,228.0,256.0,248.0,239.0,246.0,259.0,275.0,260.0,260.0,255.0,243.0,258.0,242.0,260.0,260.0,263.0,283.0,259.0,286.0,254.0,253.0,246.0,248.0,258.0,251.0,253.0,269.0
143.0,152.0,159.0,167.0,170.0,180.0,179.0,175.0,176.0,169.0,180.0,192.0,192.0,202.0,202.0,216.0,234.0,231.0,264.0,245.0,270.0,257.0,253.0,247.0,280.0,265.0,269.0,240.0,258.0,267.0,248.0,244.0,250.0,250.0,274.0,276.0,264.0,290.0,283.0,283.0,275.0,291.0,285.0,282.0,282.0,285.0,284.0,303.0
244.0,238.0,243.0,254.0,249.0,256.0,253.0,260.0,261.0,254.0,260.0,251.0,278.0,263.0,276.0,274.0,293.0,303.0,306.0,324.0,300.0,295.0,285.0,286.0,284.0,296.0,291.0,311.0,305.0,303.0,305.0,328.0,335.0,322.0,292.0,311.0,307.0,291.0,310.0,323.0,337.0,321.0,319.0,329.0,313.0,311.0,311.0,323.0
250.0,265.0,253.0,263.0,267.0,271.0,272.0,281.0,273.0,282.0,284.0,302.0,290.0,288.0,319.0,315.0,285.0,312.0,320.0,353.0,339.0,325.0,347.0,335.0,316.0,320.0,337.0,336.0,324.0,340.0,332.0,331.0,322.0,321.0,316.0,313.0,319.0,312.0,322.0,340.0,354.0,343.0,364.0,342.0,364.0,343.0,362.0,363.0
608.0,601.0,603.0,584.0,575.0,580.0,579.0,585.0,590.0,596.0,595.0,586.0,580.0,565.0,541.0,500.0,485.0,499.0,499.0,477.0,481.0,492.0,481.0,455.0,463.0,454.0,448.0,433.0,454.0,438.0,461.0,446.0,452.0,429.0,480.0,458.0,464.0,440.0,467.0,439.0,444.0,444.0,438.0,460.0,424.0,428.0,419.0,413.0
171.0,170.0,180.0,186.0,202.0,203.0,193.0,189.0,196.0,191.0,203.0,214.0,207.0,227.0,234.0,266.0,263.0,290.0,282.0,314.0,309.0,306.0,331.0,315.0,314.0,295.0,311.0,326.0,338.0,318.0,319.0,325.0,329.0,335.0,309.0,319.0,312.0,334.0,295.0,311.0,284.0,287.0,305.0,299.0,298.0,295.0,291.0,291.0
99.0,117.0,121.0,125.0,114.0,116.0,119.0,124.0,113.0,124.0,127.0,134.0,142.0,127.0,135.0,135.0,158.0,153.0,169.0,190.0,192.0,203.0,181.0,172.0,196.0,203.0,179.0,182.0,210.0,206.0,202.0,193.0,200.0,200.0,231.0,213.0,222.0,204.0,209.0,212.0,222.0,202.0,205.0,203.0,226.0,216.0,213.0,215.0
60.0,55.0,57.0,56.0,59.0,64.0,65.0,71.0,81.0,80.0,76.0,78.0,79.0,86.0,83.0,81.0,67.0,75.0,76.0,84.0,92.0,96.0,106.0,109.0,110.0,112.0,130.0,128.0,130.0,144.0,137.0,139.0,154.0,154.0,142.0,159.0,151.0,136.0,143.0,140.0,128.0,132.0,120.0,128.0,133.0,140.0,145.0,153.0
16.0,19.0,18.0,25.0,25.0,22.0,24.0,29.0,27.0,20.0,21.0,33.0,29.0,35.0,41.0,54.0,46.0,47.0,54.0,62.0,62.0,61.0,69.0,77.0,55.0,71.0,61.0,61.0,64.0,67.0,68.0,76.0,79.0,79.0,88.0,84.0,81.0,71.0,76.0,85.0,84.0,93.0,84.0,85.0,91.0,101.0,90.0,101.0
5.0,4.0,4.0,8.0,10.0,12.0,12.0,13.0,16.0,19.0,21.0,15.0,18.0,15.0,18.0,19.0,24.0,30.0,35.0,33.0,34.0,34.0,35.0,34.0,44.0,39.0,46.0,44.0,49.0,47.0,57.0,46.0,39.0,40.0,39.0,37.0,48.0,49.0,48.0,62.0,58.0,63.0,65.0,58.0,66.0,56.0,65.0,69.0
2.0,3.0,2.0,1.0,1.0,3.0,6.0,7.0,4.0,6.0,6.0,6.0,8.0,12.0,14.0,18.0,18.0,21.0,23.0,15.0,11.0,17.0,18.0,16.0,21.0,22.0,20.0,19.0,27.0,29.0,22.0,24.0,19.0,17.0,20.0,20.0,28.0,33.0,32.0,32.0,35.0,34.0,37.0,37.0,34.0,38.0,40.0,38.0
3.0,6.0,7.0,9.0,12.0,8.0,5.0,5.0,6.0,4.0,5.0,7.0,7.0,8.0,10.0,18.0,13.0,16.0,12.0,16.0,17.0,22.0,15.0,12.0,14.0,14.0,24.0,24.0,23.0,17.0,21.0,28.0,27.0,26.0,26.0,25.0,18.0,16.0,23.0,26.0,21.0,23.0,34.0,21.0,24.0,29.0,30.0,31.0
4.0,7.0,10.0,6.0,7.0,7.0,7.0,7.0,7.0,11.0,10.0,7.0,6.0,7.0,6.0,10.0,13.0,13.0,11.0,12.0,11.0,16.0,16.0,11.0,15.0,11.0,10.0,17.0,19.0,17.0,17.0,19.0,22.0,14.0,20.0,19.0,19.0,19.0,22.0,22.0,19.0,20.0,19.0,23.0,22.0,24.0,26.0,30.0
10.0,8.0,6.0,9.0,8.0,7.0,5.0,3.0,9.0,6.0,8.0,8.0,7.0,9.0,7.0,8.0,10.0,12.0,13.0,10.0,13.0,26.0,19.0,15.0,14.0,16.0,13.0,14.0,11.0,17.0,17.0,16.0,20.0,21.0,28.0,17.0,16.0,11.0,18.0,13.0,13.0,16.0,12.0,10.0,12.0,14.0,16.0,15.0
11.0,8.0,8.0,9.0,8.0,9.0,8.0,7.0,7.0,9.0,9.0,8.0,13.0,8.0,12.0,8.0,12.0,11.0,6.0,15.0,10.0,6.0,7.0,11.0,15.0,7.0,11.0,12.0,14.0,10.0,11.0,9.0,10.0,9.0,7.0,11.0,15.0,12.0,10.0,10.0,11.0,14.0,16.0,15.0,11.0,20.0,12.0,15.0
8.0,1.0,3.0,2.0,1.0,1.0,4.0,6.0,4.0,4.0,4.0,8.0,7.0,7.0,7.0,8.0,11.0,6.0,13.0,9.0,13.0,6.0,12.0,8.0,10.0,13.0,15.0,19.0,15.0,16.0,14.0,9.0,6.0,7.0,10.0,11.0,8.0,16.0,11.0,14.0,12.0,9.0,9.0,15.0,18.0,16.0,15.0,13.0
6.0,9.0,6.0,4.0,5.0,2.0,4.0,4.0,5.0,1.0,5.0,2.0,1.0,2.0,6.0,7.0,6.0,3.0,5.0,9.0,3.0,4.0,7.0,9.0,13.0,10.0,16.0,10.0,12.0,13.0,11.0,14.0,19.0,17.0,20.0,15.0,17.0,14.0,14.0,11.0,14.0,11.0,11.0,12.0,13.0,9.0,9.0,10.0
5.0,5.0,5.0,6.0,7.0,9.0,5.0,4.0,4.0,7.0,3.0,7.0,4.0,5.0,3.0,3.0,4.0,6.0,2.0,5.0,5.0,5.0,4.0,8.0,3.0,7.0,4.0,9.0,7.0,7.0,6.0,13.0,14.0,9.0,11.0,12.0,12.0,7.0,8.0,9.0,8.0,11.0,8.0,11.0,11.0,5.0,7.0,6.0
4.0,1.0,3.0,3.0,3.0,5.0,6.0,5.0,8.0,8.0,7.0,7.0,2.0,5.0,6.0,6.0,6.0,3.0,2.0,6.0,3.0,5.0,4.0,1.0,1.0,5.0,9.0,5.0,2.0,6.0,6.0,4.0,8.0,8.0,10.0,10.0,9.0,9.0,13.0,9.0,12.0,8.0,9.0,5.0,8.0,11.0,12.0,6.0
0.0,0.0,0.0,0.0,3.0,3.0,3.0,2.0,2.0,2.0,3.0,2.0,3.0,3.0,5.0,3.0,3.0,4.0,6.0,7.0,8.0,8.0,5.0,7.0,7.0,5.0,3.0,8.0,8.0,9.0,8.0,7.0,10.0,5.0,4.0,6.0,4.0,5.0,3.0,4.0,6.0,5.0,7.0,5.0,6.0,6.0,5.0,5.0
0.0,1.0,2.0,2.0,3.0,6.0,4.0,6.0,2.0,4.0,2.0,3.0,2.0,4.0,4.0,4.0,4.0,7.0,6.0,6.0,5.0,7.0,7.0,7.0,4.0,3.0,3.0,2.0,2.0,3.0,2.0,5.0,5.0,5.0,3.0,6.0,7.0,5.0,0.0,1.0,2.0,5.0,3.0,3.0,4.0,4.0,4.0,7.0
0.0,2.0,1.0,2.0,1.0,0.0,0.0,1.0,2.0,1.0,1.0,3.0,3.0,3.0,1.0,3.0,5.0,3.0,3.0,3.0,3.0,1.0,2.0,1.0,2.0,2.0,2.0,0.0,1.0,4.0,3.0,1.0,5.0,5.0,3.0,8.0,9.0,6.0,6.0,4.0,3.0,2.0,2.0,2.0,1.0,4.0,7.0,4.0
1.0,2.0,1.0,1.0,1.0,1.0,2.0,2.0,4.0,3.0,3.0,2.0,2.0,3.0,3.0,8.0,8.0,7.0,5.0,4.0,1.0,1.0,4.0,1.0,1.0,0.0,1.0,1.0,4.0,3.0,6.0,7.0,5.0,7.0,7.0,2.0,5.0,4.0,7.0,6.0,6.0,6.0,6.0,6.0,8.0,6.0,8.0,11.0
0.0,1.0,2.0,3.0,3.0,4.0,3.0,2.0,4.0,3.0,3.0,6.0,5.0,6.0,8.0,7.0,4.0,5.0,8.0,2.0,4.0,3.0,2.0,7.0,8.0,6.0,8.0,7.0,10.0,6.0,5.0,5.0,5.0,3.0,3.0,6.0,4.0,1.0,5.0,4.0,5.0,8.0,7.0,9.0,8.0,7.0,8.0,10.0
1.0,1.0,2.0,4.0,4.0,3.0,5.0,7.0,4.0,6.0,5.0,3.0,6.0,9.0,6.0,7.0,6.0,7.0,8.0,4.0,7.0,5.0,11.0,3.0,11.0,11.0,8.0,8.0,10.0,10.0,10.0,6.0,4.0,5.0,5.0,7.0,8.0,7.0,4.0,8.0,5.0,4.0,3.0,3.0,7.0,10.0,5.0,6.0
0.0,8.0,9.0,5.0,6.0,7.0,6.0,8.0,8.0,5.0,6.0,6.0,5.0,7.0,9.0,8.0,11.0,13.0,9.0,12.0,9.0,10.0,7.0,12.0,8.0,11.0,11.0,10.0,9.0,10.0,6.0,6.0,3.0,8.0,10.0,10.0,9.0,12.0,13.0,15.0,17.0,10.0,10.0,10.0,8.0,10.0,12.0,11.0
2.0,4.0,4.0,2.0,4.0,3.0,4.0,3.0,2.0,3.0,2.0,2.0,5.0,8.0,7.0,9.0,6.0,6.0,8.0,10.0,11.0,9.0,11.0,12.0,12.0,11.0,7.0,5.0,7.0,11.0,10.0,8.0,8.0,10.0,6.0,6.0,7.0,9.0,10.0,8.0,10.0,17.0,13.0,11.0,12.0,10.0,12.0,13.0
9.0,6.0,6.0,5.0,5.0,5.0,8.0,7.0,7.0,6.0,7.0,11.0,10.0,10.0,9.0,5.0,5.0,6.0,6.0,4.0,4.0,5.0,5.0,8.0,9.0,4.0,7.0,10.0,10.0,9.0,10.0,12.0,10.0,13.0,12.0,13.0,10.0,10.0,9.0,9.0,12.0,8.0,5.0,8.0,7.0,9.0,11.0,12.0
11.0,17.0,15.0,14.0,14.0,15.0,15.0,16.0,18.0,14.0,12.0,16.0,15.0,12.0,16.0,14.0,17.0,20.0,17.0,19.0,26.0,26.0,25.0,26.0,25.0,25.0,22.0,28.0,23.0,21.0,20.0,25.0,24.0,23.0,19.0,21.0,21.0,27.0,26.0,33.0,26.0,24.0,28.0,28.0,29.0,30.0,29.0,28.0
8.0,9.0,9.0,11.0,8.0,9.0,8.0,10.0,8.0,12.0,14.0,11.0,14.0,16.0,11.0,11.0,12.0,14.0,23.0,20.0,19.0,19.0,18.0,27.0,21.0,25.0,30.0,21.0,23.0,22.0,22.0,20.0,21.0,22.0,25.0,21.0,17.0,22.0,25.0,18.0,22.0,23.0,25.0,18.0,19.0,15.0,19.0,27.0
12.0,12.0,11.0,13.0,13.0,10.0,10.0,14.0,11.0,9.0,15.0,14.0,13.0,15.0,17.0,20.0,17.0,18.0,19.0,29.0,29.0,27.0,26.0,22.0,20.0,18.0,16.0,18.0,27.0,30.0,22.0,18.0,24.0,27.0,20.0,22.0,22.0,24.0,28.0,35.0,26.0,30.0,27.0,36.0,32.0,36.0,27.0,30.0
7.0,7.0,7.0,9.0,13.0,14.0,13.0,12.0,15.0,16.0,9.0,16.0,20.0,16.0,18.0,12.0,17.0,16.0,17.0,15.0,16.0,21.0,11.0,12.0,15.0,18.0,16.0,26.0,26.0,26.0,28.0,25.0,24.0,21.0,28.0,25.0,25.0,21.0,21.0,21.0,24.0,25.0,28.0,22.0,29.0,25.0,27.0,28.0
6.0,7.0,5.0,9.0,10.0,13.0,12.0,16.0,13.0,12.0,12.0,17.0,15.0,16.0,17.0,15.0,15.0,22.0,10.0,17.0,14.0,20.0,22.0,14.0,20.0,19.0,19.0,18.0,21.0,16.0,20.0,28.0,24.0,20.0,19.0,21.0,29.0,29.0,27.0,28.0,32.0,29.0,27.0,31.0,26.0,33.0,32.0,33.0
4.0,5.0,6.0,9.0,12.0,11.0,10.0,11.0,15.0,11.0,14.0,10.0,14.0,13.0,21.0,19.0,27.0,27.0,25.0,25.0,28.0,29.0,28.0,34.0,31.0,34.0,30.0,35.0,38.0,39.0,42.0,42.0,37.0,32.0,28.0,36.0,47.0,47.0,42.0,41.0,39.0,51.0,45.0,47.0,46.0,38.0,39.0,37.0
28.0,29.0,30.0,32.0,28.0,33.0,34.0,37.0,41.0,34.0,35.0,37.0,41.0,38.0,42.0,45.0,49.0,39.0,46.0,48.0,42.0,36.0,45.0,45.0,46.0,48.0,53.0,71.0,73.0,67.0,60.0,72.0,66.0,74.0,72.0,63.0,62.0,61.0,66.0,65.0,76.0,71.0,81.0,78.0,78.0,80.0,77.0,76.0
21.0,26.0,38.0,34.0,47.0,47.0,45.0,47.0,50.0,57.0,49.0,57.0,59.0,57.0,60.0,54.0,53.0,58.0,63.0,66.0,61.0,69.0,72.0,74.0,74.0,72.0,76.0,82.0,88.0,83.0,79.0,83.0,92.0,100.0,76.0,86.0,74.0,74.0,85.0,84.0,96.0,93.0,91.0,100.0,96.0,101.0,94.0,102.0
12.0,26.0,35.0,38.0,36.0,41.0,52.0,47.0,50.0,51.0,65.0,63.0,72.0,66.0,66.0,81.0,74.0,89.0,80.0,95.0,93.0,102.0,111.0,97.0,115.0,97.0,102.0,109.0,104.0,110.0,117.0,123.0,109.0,107.0,114.0,100.0,127.0,109.0,113.0,121.0,117.0,110.0,127.0,117.0,119.0,118.0,126.0,122.0
30.0,41.0,47.0,56.0,55.0,60.0,52.0,55.0,59.0,60.0,62.0,70.0,70.0,78.0,87.0,82.0,83.0,110.0,108.0,120.0,101.0,124.0,117.0,128.0,131.0,137.0,119.0,125.0,122.0,132.0,114.0,134.0,104.0,108.0,124.0,118.0,109.0,113.0,116.0,128.0,132.0,111.0,124.0,121.0,114.0,117.0,119.0,119.0
8.0,30.0,35.0,37.0,41.0,42.0,45.0,56.0,61.0,69.0,68.0,71.0,83.0,91.0,85.0,113.0,109.0,117.0,110.0,114.0,119.0,114.0,129.0,132.0,143.0,158.0,166.0,145.0,141.0,139.0,137.0,139.0,155.0,139.0,132.0,154.0,140.0,145.0,147.0,137.0,143.0,162.0,160.0,155.0,171.0,175.0,185.0,187.0
475.0,463.0,470.0,465.0,461.0,455.0,453.0,459.0,450.0,452.0,440.0,430.0,434.0,412.0,406.0,373.0,357.0,356.0,343.0,336.0,334.0,310.0,323.0,322.0,327.0,328.0,324.0,325.0,304.0,305.0,328.0,321.0,307.0,310.0,310.0,292.0,289.0,312.0,306.0,304.0,302.0,303.0,294.0,295.0,299.0,297.0,277.0,290.0
431.0,449.0,435.0,426.0,427.0,435.0,422.0,431.0,421.0,426.0,428.0,431.0,431.0,427.0,432.0,459.0,456.0,479.0,475.0,480.0,457.0,478.0,465.0,470.0,459.0,460.0,435.0,442.0,414.0,434.0,417.0,406.0,407.0,415.0,413.0,394.0,397.0,394.0,398.0,386.0,387.0,378.0,366.0,368.0,384.0,345.0,349.0,349.0
1192.0,1140.0,1140.0,1137.0,1119.0,1101.0,1101.0,1086.0,1072.0,1077.0,1046.0,1039.0,1042.0,1019.0,1015.0,969.0,982.0,928.0,882.0,868.0,815.0,790.0,801.0,817.0,764.0,755.0,765.0,723.0,707.0,707.0,701.0,713.0,700.0,670.0,666.0,659.0,654.0,661.0,639.0,590.0,603.0,600.0,602.0,610.0,589.0,615.0,608.0,599.0
658.0,672.0,671.0,672.0,657.0,658.0,656.0,645.0,653.0,636.0,644.0,624.0,617.0,637.0,626.0,629.0,610.0,630.0,627.0,587.0,603.0,596.0,589.0,583.0,566.0,559.0,554.0,540.0,542.0,515.0,511.0,502.0,508.0,521.0,503.0,503.0,477.0,485.0,475.0,469.0,458.0,434.0,457.0,450.0,444.0,431.0,429.0,438.0
420.0,413.0,418.0,424.0,415.0,419.0,426.0,422.0,417.0,413.0,418.0,401.0,402.0,392.0,402.0,391.0,367.0,359.0,371.0,347.0,345.0,352.0,346.0,329.0,323.0,317.0,312.0,324.0,303.0,302.0,297.0,280.0,294.0,280.0,301.0,302.0,292.0,307.0,302.0,314.0,316.0,304.0,290.0,300.0,298.0,305.0,298.0,282.0
105.0,122.0,119.0,108.0,121.0,122.0,128.0,135.0,132.0,134.0,132.0,145.0,131.0,130.0,122.0,136.0,145.0,169.0,177.0,191.0,169.0,182.0,187.0,176.0,197.0,181.0,198.0,183.0,218.0,185.0,171.0,170.0,193.0,181.0,189.0,194.0,176.0,194.0,197.0,172.0,192.0,173.0,199.0,176.0,190.0,184.0,196.0,209.0
159.0,159.0,157.0,163.0,167.0,177.0,176.0,167.0,163.0,154.0,163.0,155.0,158.0,160.0,166.0,154.0,142.0,149.0,163.0,160.0,160.0,173.0,149.0,166.0,137.0,149.0,158.0,164.0,151.0,165.0,160.0,160.0,159.0,143.0,154.0,145.0,147.0,142.0,144.0,146.0,146.0,162.0,154.0,162.0,160.0,160.0,158.0,164.0
386.0,376.0,380.0,373.0,361.0,356.0,350.0,351.0,345.0,334.0,336.0,332.0,328.0,316.0,305.0,287.0,255.0,276.0,253.0,246.0,228.0,221.0,230.0,227.0,235.0,219.0,215.0,223.0,212.0,210.0,219.0,211.0,208.0,207.0,196.0,211.0,207.0,210.0,203.0,207.0,191.0,203.0,215.0,221.0,221.0,203.0,194.0,205.0
375.0,372.0,354.0,354.0,356.0,354.0,357.0,342.0,338.0,336.0,338.0,337.0,314.0,305.0,304.0,280.0,277.0,276.0,242.0,227.0,240.0,227.0,214.0,212.0,222.0,221.0,190.0,197.0,212.0,214.0,194.0,195.0,203.0,207.0,221.0,197.0,208.0,196.0,202.0,208.0,228.0,206.0,217.0,201.0,204.0,209.0,208.0,197.0
221.0,222.0,232.0,238.0,231.0,237.0,239.0,226.0,228.0,225.0,227.0,233.0,217.0,222.0,232.0,251.0,235.0,225.0,215.0,208.0,212.0,223.0,210.0,198.0,202.0,219.0,224.0,235.0,206.0,223.0,189.0,220.0,214.0,208.0,209.0,207.0,208.0,214.0,218.0,212.0,213.0,220.0,217.0,218.0,220.0,223.0,227.0,225.0
164.0,178.0,181.0,174.0,186.0,190.0,203.0,202.0,197.0,192.0,190.0,187.0,200.0,220.0,215.0,225.0,224.0,239.0,218.0,233.0,231.0,220.0,235.0,221.0,218.0,258.0,243.0,220.0,236.0,232.0,262.0,232.0,222.0,244.0,244.0,244.0,244.0,230.0,249.0,250.0,270.0,249.0,276.0,264.0,253.0,248.0,252.0,262.0
335.0,310.0,305.0,304.0,292.0,299.0,300.0,304.0,301.0,307.0,307.0,296.0,297.0,298.0,300.0,282.0,304.0,290.0,285.0,294.0,289.0,305.0,303.0,283.0,292.0,272.0,284.0,298.0,304.0,301.0,305.0,287.0,292.0,281.0,254.0,259.0,289.0,293.0,272.0,271.0,239.0,264.0,269.0,273.0,265.0,267.0,280.0,249.0
586.0,597.0,584.0,573.0,566.0,561.0,571.0,561.0,563.0,553.0,549.0,556.0,545.0,541.0,528.0,515.0,507.0,489.0,491.0,462.0,459.0,460.0,445.0,445.0,442.0,446.0,451.0,426.0,407.0,419.0,380.0,396.0,387.0,370.0,380.0,374.0,375.0,364.0,397.0,365.0,398.0,406.0,377.0,379.0,376.0,393.0,357.0,370.0
744.0,726.0,723.0,702.0,700.0,708.0,692.0,685.0,678.0,660.0,641.0,637.0,660.0,645.0,641.0,634.0,594.0,602.0,592.0,603.0,544.0,560.0,549.0,552.0,548.0,499.0,488.0,509.0,512.0,479.0,495.0,482.0,463.0,472.0,474.0,475.0,459.0,494.0,460.0,474.0,449.0,448.0,451.0,434.0,445.0,429.0,416.0,401.0
293.0,296.0,300.0,318.0,303.0,315.0,331.0,331.0,316.0,317.0,312.0,316.0,310.0,328.0,333.0,322.0,329.0,321.0,314.0,292.0,320.0,317.0,308.0,320.0,312.0,323.0,329.0,303.0,280.0,323.0,289.0,302.0,309.0,305.0,298.0,318.0,307.0,330.0,310.0,310.0,313.0,314.0,304.0,315.0,321.0,315.0,310.0,323.0
106.0,95.0,98.0,103.0,111.0,110.0,122.0,123.0,117.0,114.0,108.0,116.0,122.0,129.0,121.0,153.0,138.0,141.0,168.0,171.0,174.0,167.0,166.0,181.0,176.0,174.0,187.0,202.0,202.0,188.0,200.0,189.0,185.0,195.0,186.0,184.0,206.0,185.0,204.0,183.0,195.0,188.0,193.0,198.0,184.0,193.0,203.0,215.0
2.0,14.0,17.0,19.0,24.0,30.0,32.0,34.0,38.0,36.0,41.0,41.0,47.0,49.0,42.0,46.0,46.0,52.0,69.0,69.0,68.0,79.0,69.0,94.0,91.0,97.0,101.0,94.0,99.0,100.0,104.0,107.0,112.0,115.0,128.0,126.0,110.0,131.0,117.0,139.0,127.0,138.0,132.0,129.0,133.0,130.0,129.0,119.0
46.0,42.0,42.0,36.0,38.0,39.0,39.0,38.0,34.0,39.0,37.0,38.0,40.0,47.0,43.0,41.0,47.0,55.0,57.0,54.0,55.0,52.0,62.0,54.0,70.0,67.0,65.0,67.0,69.0,65.0,64.0,60.0,70.0,66.0,62.0,68.0,78.0,73.0,88.0,76.0,101.0,81.0,77.0,82.0,83.0,92.0,89.0,85.0
17.0,18.0,20.0,19.0,18.0,19.0,18.0,17.0,18.0,19.0,19.0,21.0,22.0,21.0,22.0,25.0,21.0,22.0,24.0,28.0,31.0,31.0,35.0,36.0,33.0,39.0,42.0,38.0,40.0,37.0,43.0,37.0,50.0,47.0,43.0,48.0,39.0,51.0,65.0,60.0,62.0,58.0,57.0,70.0,55.0,60.0,60.0,66.0
11.0,13.0,14.0,12.0,11.0,13.0,12.0,10.0,15.0,12.0,14.0,15.0,14.0,15.0,19.0,20.0,19.0,15.0,12.0,21.0,21.0,14.0,18.0,21.0,17.0,19.0,17.0,25.0,24.0,24.0,24.0,21.0,19.0,23.0,18.0,26.0,24.0,25.0,18.0,27.0,26.0,23.0,32.0,26.0,33.0,30.0,28.0,34.0
9.0,8.0,8.0,10.0,8.0,9.0,7.0,7.0,8.0,9.0,11.0,13.0,10.0,8.0,11.0,8.0,10.0,10.0,9.0,8.0,10.0,10.0,14.0,14.0,16.0,19.0,21.0,18.0,13.0,22.0,19.0,22.0,18.0,19.0,18.0,24.0,26.0,20.0,18.0,22.0,23.0,30.0,21.0,30.0,27.0,27.0,28.0,30.0
4.0,3.0,5.0,5.0,5.0,9.0,8.0,8.0,6.0,6.0,6.0,6.0,8.0,8.0,12.0,11.0,12.0,14.0,16.0,16.0,15.0,12.0,17.0,14.0,12.0,9.0,10.0,9.0,18.0,21.0,18.0,17.0,21.0,22.0,15.0,17.0,21.0,24.0,23.0,20.0,21.0,14.0,21.0,18.0,19.0,20.0,18.0,16.0
8.0,11.0,7.0,6.0,8.0,6.0,5.0,7.0,5.0,6.0,7.0,5.0,8.0,5.0,4.0,10.0,9.0,10.0,13.0,15.0,18.0,11.0,11.0,10.0,7.0,10.0,7.0,7.0,14.0,11.0,8.0,6.0,10.0,11.0,8.0,10.0,12.0,10.0,14.0,16.0,17.0,20.0,13.0,15.0,14.0,16.0,7.0,7.0
5.0,3.0,9.0,6.0,5.0,3.0,6.0,7.0,7.0,6.0,8.0,9.0,7.0,8.0,5.0,8.0,3.0,8.0,6.0,8.0,4.0,8.0,5.0,9.0,9.0,12.0,11.0,12.0,14.0,7.0,12.0,12.0,10.0,7.0,10.0,10.0,10.0,13.0,8.0,8.0,8.0,5.0,14.0,12.0,13.0,7.0,12.0,16.0
5.0,8.0,6.0,7.0,8.0,9.0,7.0,6.0,9.0,6.0,6.0,5.0,6.0,7.0,11.0,4.0,6.0,9.0,12.0,9.0,8.0,10.0,6.0,10.0,11.0,12.0,16.0,11.0,13.0,11.0,11.0,9.0,6.0,8.0,6.0,9.0,12.0,9.0,12.0,11.0,8.0,12.0,12.0,12.0,9.0,15.0,15.0,12.0
17.0,12.0,11.0,11.0,11.0,11.0,11.0,13.0,10.0,12.0,11.0,9.0,11.0,10.0,7.0,10.0,13.0,8.0,7.0,10.0,7.0,6.0,6.0,7.0,6.0,5.0,4.0,5.0,6.0,4.0,8.0,4.0,5.0,6.0,6.0,7.0,5.0,6.0,6.0,5.0,9.0,9.0,10.0,5.0,7.0,6.0,7.0,6.0
12.0,6.0,9.0,10.0,8.0,7.0,10.0,5.0,4.0,5.0,8.0,6.0,8.0,5.0,6.0,4.0,5.0,12.0,7.0,7.0,8.0,6.0,10.0,9.0,7.0,7.0,3.0,4.0,8.0,10.0,11.0,4.0,7.0,6.0,5.0,3.0,4.0,7.0,4.0,3.0,5.0,8.0,9.0,11.0,10.0,8.0,10.0,7.0
0.0,6.0,2.0,2.0,4.0,3.0,1.0,3.0,3.0,4.0,2.0,3.0,2.0,3.0,1.0,1.0,3.0,1.0,3.0,3.0,6.0,3.0,3.0,3.0,5.0,4.0,3.0,3.0,6.0,2.0,3.0,4.0,5.0,9.0,3.0,4.0,4.0,9.0,5.0,4.0,2.0,5.0,4.0,2.0,2.0,9.0,6.0,7.0
0.0,0.0,3.0,2.0,2.0,2.0,4.0,0.0,0.0,1.0,2.0,1.0,2.0,2.0,1.0,3.0,2.0,2.0,2.0,5.0,3.0,6.0,8.0,6.0,6.0,6.0,5.0,5.0,4.0,6.0,5.0,5.0,4.0,5.0,7.0,6.0,5.0,3.0,7.0,5.0,5.0,4.0,4.0,6.0,7.0,6.0,5.0,5.0
0.0,0.0,0.0,0.0,0.0,0.0,0.0,3.0,4.0,3.0,4.0,3.0,2.0,2.0,6.0,2.0,3.0,2.0,1.0,0.0,2.0,0.0,1.0,0.0,0.0,1.0,1.0,1.0,0.0,0.0,1.0,0.0,0.0,2.0,2.0,2.0,1.0,2.0,2.0,3.0,0.0,1.0,5.0,3.0,2.0,1.0,1.0,5.0
0.0,0.0,0.0,0.0,0.0,0.0,0.0,0.0,0.0,0.0,0.0,0.0,1.0,1.0,0.0,2.0,0.0,1.0,0.0,0.0,2.0,2.0,0.0,0.0,2.0,2.0,1.0,1.0,1.0,0.0,1.0,2.0,3.0,2.0,4.0,1.0,2.0,1.0,1.0,1.0,2.0,2.0,2.0,4.0,6.0,6.0,4.0,3.0
0.0,0.0,1.0,0.0,0.0,0.0,1.0,1.0,0.0,0.0,1.0,2.0,2.0,2.0,2.0,2.0,4.0,3.0,2.0,2.0,1.0,0.0,1.0,3.0,2.0,0.0,0.0,2.0,0.0,1.0,1.0,2.0,4.0,3.0,3.0,5.0,3.0,3.0,2.0,3.0,3.0,3.0,2.0,3.0,1.0,1.0,4.0,4.0
1.0,1.0,0.0,1.0,1.0,3.0,2.0,2.0,2.0,3.0,2.0,3.0,1.0,1.0,3.0,5.0,5.0,4.0,2.0,3.0,2.0,6.0,5.0,2.0,3.0,4.0,5.0,8.0,4.0,4.0,1.0,3.0,1.0,1.0,2.0,2.0,3.0,5.0,8.0,7.0,9.0,7.0,6.0,6.0,4.0,4.0,2.0,2.0
0.0,0.0,1.0,1.0,2.0,1.0,3.0,2.0,1.0,0.0,1.0,1.0,2.0,2.0,1.0,4.0,7.0,3.0,3.0,5.0,7.0,9.0,9.0,11.0,5.0,10.0,9.0,8.0,5.0,6.0,6.0,6.0,7.0,6.0,4.0,4.0,5.0,4.0,1.0,5.0,4.0,3.0,3.0,2.0,6.0,5.0,7.0,5.0
0.0,3.0,2.0,4.0,4.0,3.0,2.0,2.0,3.0,5.0,6.0,8.0,5.0,4.0,4.0,5.0,8.0,4.0,7.0,11.0,8.0,7.0,7.0,6.0,8.0,6.0,9.0,7.0,8.0,7.0,8.0,9.0,6.0,3.0,4.0,5.0,5.0,5.0,6.0,6.0,7.0,6.0,7.0,7.0,4.0,5.0,6.0,10.0
18.0,9.0,12.0,12.0,11.0,14.0,11.0,10.0,10.0,10.0,8.0,9.0,7.0,7.0,6.0,11.0,13.0,10.0,10.0,8.0,11.0,9.0,9.0,6.0,7.0,11.0,4.0,6.0,9.0,8.0,10.0,6.0,11.0,8.0,9.0,6.0,3.0,3.0,3.0,3.0,5.0,5.0,8.0,5.0,8.0,5.0,5.0,6.0
0.0,4.0,1.0,3.0,5.0,5.0,3.0,4.0,5.0,4.0,6.0,3.0,5.0,4.0,6.0,10.0,9.0,6.0,4.0,4.0,5.0,6.0,3.0,6.0,3.0,5.0,5.0,6.0,6.0,6.0,3.0,6.0,6.0,6.0,5.0,7.0,9.0,7.0,8.0,10.0,10.0,12.0,12.0,12.0,13.0,8.0,12.0,13.0
12.0,11.0,10.0,10.0,10.0,9.0,11.0,10.0,14.0,14.0,13.0,13.0,20.0,18.0,20.0,22.0,23.0,29.0,30.0,25.0,19.0,18.0,21.0,20.0,17.0,19.0,22.0,21.0,25.0,25.0,27.0,25.0,32.0,25.0,24.0,29.0,28.0,30.0,25.0,24.0,26.0,23.0,24.0,24.0,31.0,25.0,28.0,34.0
4.0,2.0,4.0,8.0,11.0,10.0,12.0,15.0,13.0,12.0,12.0,12.0,9.0,10.0,11.0,11.0,18.0,15.0,15.0,13.0,18.0,17.0,14.0,13.0,29.0,16.0,20.0,19.0,24.0,22.0,25.0,24.0,25.0,32.0,26.0,23.0,27.0,17.0,21.0,20.0,23.0,18.0,18.0,25.0,15.0,18.0,17.0,19.0
10.0,4.0,6.0,5.0,7.0,7.0,9.0,6.0,8.0,8.0,6.0,6.0,7.0,8.0,8.0,14.0,8.0,11.0,10.0,7.0,13.0,12.0,24.0,24.0,17.0,26.0,17.0,10.0,16.0,22.0,19.0,21.0,20.0,22.0,21.0,24.0,24.0,23.0,25.0,23.0,23.0,25.0,26.0,20.0,23.0,17.0,23.0,24.0
11.0,11.0,11.0,12.0,11.0,11.0,15.0,14.0,11.0,13.0,14.0,13.0,15.0,12.0,13.0,7.0,14.0,14.0,8.0,16.0,15.0,19.0,16.0,19.0,19.0,13.0,23.0,21.0,23.0,18.0,15.0,12.0,19.0,18.0,19.0,15.0,20.0,18.0,16.0,16.0,18.0,18.0,16.0,16.0,9.0,14.0,17.0,18.0
4.0,2.0,10.0,6.0,6.0,5.0,4.0,7.0,4.0,6.0,5.0,6.0,7.0,8.0,11.0,11.0,14.0,11.0,14.0,7.0,13.0,7.0,15.0,11.0,13.0,17.0,11.0,13.0,9.0,14.0,17.0,16.0,17.0,19.0,22.0,26.0,19.0,34.0,31.0,31.0,29.0,35.0,26.0,22.0,27.0,32.0,21.0,23.0
2.0,7.0,6.0,6.0,5.0,7.0,8.0,9.0,10.0,9.0,9.0,9.0,12.0,8.0,6.0,19.0,10.0,13.0,16.0,12.0,18.0,20.0,19.0,13.0,21.0,20.0,26.0,18.0,18.0,17.0,21.0,24.0,25.0,27.0,26.0,26.0,27.0,25.0,28.0,32.0,26.0,26.0,25.0,28.0,28.0,24.0,28.0,29.0
9.0,3.0,6.0,10.0,12.0,9.0,12.0,14.0,11.0,16.0,18.0,17.0,14.0,14.0,26.0,17.0,25.0,18.0,29.0,25.0,25.0,27.0,27.0,33.0,25.0,29.0,32.0,29.0,27.0,30.0,27.0,34.0,35.0,32.0,38.0,39.0,39.0,43.0,42.0,27.0,29.0,29.0,28.0,39.0,39.0,34.0,34.0,37.0
3.0,6.0,6.0,6.0,9.0,11.0,10.0,8.0,12.0,12.0,18.0,17.0,12.0,13.0,19.0,16.0,18.0,29.0,27.0,30.0,37.0,41.0,41.0,35.0,38.0,45.0,41.0,48.0,42.0,37.0,44.0,43.0,49.0,48.0,50.0,42.0,49.0,43.0,43.0,44.0,46.0,54.0,44.0,46.0,49.0,50.0,56.0,51.0
5.0,3.0,4.0,3.0,7.0,11.0,12.0,23.0,17.0,14.0,15.0,17.0,17.0,20.0,23.0,26.0,32.0,30.0,30.0,37.0,45.0,39.0,34.0,54.0,45.0,47.0,61.0,61.0,60.0,58.0,59.0,61.0,59.0,51.0,46.0,58.0,52.0,68.0,60.0,52.0,62.0,62.0,60.0,57.0,56.0,63.0,55.0,67.0
1.0,5.0,8.0,12.0,15.0,20.0,22.0,18.0,18.0,21.0,20.0,23.0,24.0,29.0,29.0,47.0,41.0,41.0,47.0,50.0,55.0,47.0,55.0,58.0,63.0,68.0,62.0,67.0,75.0,71.0,71.0,61.0,65.0,61.0,67.0,60.0,75.0,76.0,68.0,75.0,73.0,79.0,73.0,79.0,78.0,71.0,80.0,68.0
9.0,21.0,22.0,23.0,31.0,32.0,33.0,33.0,34.0,27.0,30.0,27.0,38.0,50.0,69.0,66.0,71.0,74.0,74.0,84.0,79.0,91.0,83.0,85.0,85.0,77.0,85.0,93.0,94.0,98.0,108.0,98.0,107.0,116.0,103.0,123.0,131.0,127.0,132.0,113.0,120.0,120.0,112.0,114.0,120.0,118.0,125.0,134.0
321.0,291.0,280.0,274.0,255.0,263.0,260.0,259.0,253.0,256.0,251.0,251.0,244.0,245.0,232.0,228.0,239.0,211.0,229.0,219.0,232.0,218.0,212.0,216.0,209.0,207.0,197.0,193.0,200.0,205.0,194.0,212.0,222.0,206.0,216.0,232.0,218.0,217.0,222.0,224.0,217.0,203.0,211.0,209.0,207.0,207.0,215.0,209.0
588.0,553.0,550.0,550.0,552.0,540.0,537.0,521.0,514.0,505.0,518.0,510.0,489.0,498.0,468.0,432.0,425.0,433.0,433.0,446.0,434.0,415.0,398.0,392.0,386.0,398.0,423.0,385.0,406.0,374.0,373.0,366.0,352.0,367.0,346.0,370.0,359.0,369.0,365.0,352.0,361.0,358.0,359.0,358.0,344.0,359.0,350.0,350.0
834.0,832.0,808.0,799.0,780.0,780.0,768.0,773.0,779.0,766.0,759.0,754.0,732.0,737.0,715.0,713.0,732.0,696.0,651.0,654.0,642.0,633.0,618.0,609.0,619.0,612.0,582.0,596.0,558.0,573.0,535.0,553.0,567.0,541.0,547.0,535.0,519.0,503.0,504.0,511.0,506.0,503.0,471.0,482.0,496.0,476.0,454.0,433.0
779.0,762.0,756.0,735.0,751.0,731.0,724.0,719.0,705.0,709.0,704.0,718.0,711.0,712.0,727.0,677.0,651.0,622.0,601.0,573.0,580.0,572.0,553.0,561.0,522.0,523.0,535.0,510.0,546.0,510.0,537.0,554.0,529.0,523.0,520.0,514.0,508.0,485.0,500.0,484.0,447.0,469.0,475.0,454.0,433.0,441.0,432.0,417.0
486.0,455.0,427.0,434.0,423.0,412.0,419.0,416.0,415.0,408.0,403.0,397.0,391.0,378.0,357.0,348.0,359.0,323.0,310.0,331.0,314.0,305.0,320.0,321.0,319.0,307.0,311.0,326.0,319.0,324.0,322.0,317.0,294.0,310.0,289.0,280.0,267.0,297.0,277.0,273.0,276.0,282.0,263.0,265.0,269.0,251.0,266.0,250.0
103.0,108.0,124.0,133.0,126.0,124.0,121.0,128.0,135.0,136.0,135.0,145.0,151.0,145.0,145.0,155.0,148.0,154.0,153.0,134.0,155.0,153.0,152.0,144.0,149.0,146.0,152.0,164.0,148.0,164.0,164.0,168.0,166.0,175.0,180.0,178.0,190.0,193.0,199.0,202.0,177.0,181.0,177.0,175.0,180.0,200.0,179.0,183.0
143.0,131.0,128.0,133.0,133.0,137.0,131.0,129.0,128.0,135.0,137.0,131.0,123.0,141.0,138.0,128.0,142.0,142.0,125.0,133.0,121.0,121.0,133.0,129.0,123.0,132.0,124.0,129.0,138.0,135.0,146.0,117.0,121.0,106.0,107.0,134.0,128.0,122.0,127.0,134.0,136.0,142.0,132.0,126.0,133.0,125.0,137.0,136.0
184.0,185.0,176.0,176.0,177.0,173.0,168.0,166.0,159.0,162.0,169.0,175.0,181.0,178.0,178.0,174.0,172.0,151.0,158.0,159.0,160.0,143.0,140.0,129.0,146.0,145.0,161.0,143.0,162.0,142.0,133.0,151.0,144.0,139.0,143.0,146.0,139.0,154.0,161.0,157.0,157.0,157.0,148.0,156.0,155.0,159.0,147.0,139.0
411.0,400.0,378.0,366.0,361.0,359.0,342.0,340.0,336.0,340.0,336.0,313.0,312.0,313.0,296.0,267.0,250.0,235.0,225.0,209.0,199.0,192.0,186.0,175.0,175.0,174.0,185.0,183.0,188.0,197.0,188.0,181.0,173.0,175.0,169.0,169.0,167.0,173.0,167.0,161.0,166.0,177.0,168.0,162.0,177.0,185.0,189.0,185.0
228.0,233.0,225.0,231.0,244.0,237.0,232.0,227.0,238.0,236.0,229.0,223.0,221.0,212.0,200.0,202.0,195.0,184.0,182.0,182.0,177.0,172.0,177.0,174.0,169.0,167.0,186.0,162.0,156.0,156.0,168.0,155.0,172.0,177.0,163.0,176.0,185.0,162.0,165.0,170.0,190.0,172.0,171.0,172.0,185.0,191.0,197.0,178.0
75.0,93.0,104.0,110.0,111.0,113.0,119.0,125.0,127.0,131.0,132.0,143.0,137.0,137.0,143.0,153.0,158.0,154.0,155.0,156.0,176.0,176.0,174.0,184.0,196.0,177.0,182.0,174.0,166.0,160.0,163.0,174.0,180.0,176.0,172.0,198.0,178.0,192.0,180.0,172.0,163.0,172.0,163.0,168.0,172.0,178.0,169.0,180.0
315.0,305.0,311.0,313.0,317.0,309.0,329.0,326.0,314.0,328.0,313.0,314.0,311.0,287.0,310.0,290.0,284.0,270.0,277.0,258.0,254.0,259.0,240.0,265.0,240.0,259.0,249.0,268.0,265.0,281.0,258.0,252.0,233.0,242.0,253.0,248.0,261.0,268.0,265.0,261.0,256.0,258.0,273.0,259.0,274.0,258.0,262.0,270.0
654.0,620.0,616.0,605.0,626.0,606.0,588.0,573.0,583.0,566.0,569.0,557.0,542.0,547.0,544.0,516.0,495.0,480.0,440.0,441.0,438.0,434.0,438.0,444.0,429.0,417.0,438.0,410.0,418.0,384.0,368.0,363.0,385.0,376.0,356.0,371.0,370.0,373.0,374.0,361.0,392.0,397.0,377.0,376.0,378.0,365.0,368.0,354.0
1111.0,1111.0,1098.0,1096.0,1071.0,1051.0,1039.0,1058.0,1035.0,1057.0,1049.0,1018.0,996.0,988.0,947.0,904.0,890.0,817.0,807.0,787.0,762.0,739.0,715.0,724.0,696.0,682.0,653.0,634.0,632.0,624.0,621.0,628.0,624.0,610.0,640.0,619.0,614.0,606.0,602.0,603.0,603.0,572.0,579.0,582.0,594.0,585.0,560.0,558.0
464.0,465.0,466.0,456.0,454.0,445.0,441.0,426.0,448.0,441.0,436.0,435.0,431.0,418.0,436.0,407.0,412.0,418.0,390.0,399.0,380.0,381.0,388.0,358.0,382.0,366.0,357.0,386.0,374.0,348.0,372.0,375.0,346.0,350.0,347.0,333.0,336.0,304.0,313.0,321.0,320.0,324.0,330.0,320.0,327.0,326.0,335.0,328.0
74.0,89.0,100.0,106.0,122.0,124.0,118.0,123.0,124.0,119.0,119.0,127.0,121.0,126.0,137.0,131.0,154.0,145.0,135.0,147.0,161.0,169.0,179.0,181.0,192.0,188.0,187.0,195.0,219.0,231.0,227.0,226.0,236.0,201.0,189.0,191.0,178.0,175.0,194.0,193.0,202.0,197.0,201.0,195.0,188.0,188.0,190.0,187.0
32.0,36.0,45.0,40.0,38.0,40.0,42.0,42.0,51.0,52.0,53.0,62.0,56.0,70.0,80.0,81.0,92.0,83.0,83.0,79.0,83.0,74.0,89.0,81.0,89.0,88.0,88.0,83.0,94.0,84.0,100.0,105.0,100.0,114.0,118.0,109.0,117.0,116.0,111.0,110.0,107.0,101.0,103.0,99.0,107.0,114.0,116.0,112.0
67.0,61.0,56.0,59.0,55.0,54.0,56.0,53.0,58.0,53.0,53.0,50.0,51.0,52.0,57.0,63.0,52.0,59.0,52.0,61.0,61.0,55.0,50.0,56.0,57.0,63.0,66.0,64.0,60.0,66.0,71.0,74.0,70.0,72.0,69.0,70.0,67.0,73.0,79.0,81.0,70.0,69.0,74.0,77.0,76.0,86.0,81.0,75.0
1.0,7.0,9.0,13.0,9.0,8.0,9.0,11.0,14.0,18.0,17.0,21.0,21.0,20.0,23.0,28.0,29.0,23.0,26.0,27.0,32.0,25.0,31.0,31.0,35.0,30.0,25.0,31.0,34.0,24.0,27.0,31.0,38.0,42.0,45.0,36.0,51.0,46.0,49.0,43.0,42.0,42.0,44.0,46.0,44.0,46.0,43.0,44.0
1.0,2.0,5.0,7.0,8.0,9.0,8.0,10.0,5.0,9.0,8.0,6.0,8.0,6.0,12.0,8.0,16.0,19.0,21.0,15.0,16.0,20.0,19.0,20.0,25.0,17.0,22.0,23.0,18.0,19.0,27.0,25.0,22.0,18.0,23.0,31.0,28.0,27.0,27.0,25.0,24.0,30.0,27.0,30.0,31.0,33.0,33.0,26.0
16.0,13.0,13.0,9.0,10.0,10.0,11.0,9.0,10.0,10.0,11.0,12.0,6.0,10.0,5.0,10.0,10.0,12.0,11.0,12.0,11.0,11.0,13.0,16.0,12.0,17.0,23.0,13.0,19.0,13.0,21.0,15.0,20.0,12.0,18.0,17.0,16.0,17.0,18.0,20.0,23.0,15.0,16.0,15.0,14.0,20.0,21.0,21.0
1.0,1.0,2.0,1.0,1.0,2.0,3.0,6.0,7.0,7.0,5.0,3.0,7.0,6.0,8.0,8.0,9.0,8.0,8.0,10.0,10.0,8.0,7.0,10.0,8.0,14.0,10.0,14.0,10.0,20.0,10.0,11.0,11.0,15.0,14.0,14.0,7.0,15.0,15.0,15.0,11.0,14.0,16.0,8.0,13.0,15.0,11.0,17.0
8.0,10.0,7.0,6.0,7.0,8.0,10.0,7.0,11.0,8.0,8.0,9.0,8.0,8.0,6.0,7.0,6.0,5.0,10.0,11.0,6.0,9.0,4.0,5.0,7.0,6.0,6.0,9.0,5.0,2.0,7.0,11.0,7.0,10.0,9.0,4.0,5.0,6.0,11.0,8.0,11.0,8.0,10.0,15.0,7.0,8.0,11.0,5.0
1.0,2.0,2.0,5.0,5.0,4.0,4.0,3.0,1.0,2.0,3.0,8.0,7.0,5.0,8.0,5.0,8.0,3.0,4.0,4.0,5.0,6.0,9.0,5.0,7.0,5.0,6.0,7.0,3.0,8.0,3.0,8.0,9.0,8.0,8.0,7.0,2.0,4.0,3.0,4.0,8.0,7.0,10.0,9.0,12.0,9.0,11.0,10.0
0.0,1.0,2.0,3.0,5.0,5.0,4.0,5.0,6.0,9.0,9.0,6.0,5.0,4.0,2.0,6.0,2.0,4.0,5.0,6.0,5.0,4.0,5.0,8.0,5.0,5.0,3.0,5.0,6.0,5.0,2.0,2.0,5.0,5.0,5.0,7.0,8.0,7.0,3.0,7.0,8.0,5.0,4.0,5.0,10.0,5.0,8.0,8.0
0.0,2.0,4.0,3.0,3.0,2.0,1.0,2.0,4.0,3.0,4.0,10.0,6.0,4.0,4.0,5.0,6.0,7.0,6.0,6.0,5.0,9.0,7.0,7.0,3.0,4.0,5.0,5.0,2.0,3.0,3.0,9.0,5.0,7.0,6.0,9.0,7.0,5.0,8.0,7.0,4.0,8.0,6.0,7.0,8.0,7.0,4.0,6.0
0.0,2.0,2.0,1.0,1.0,1.0,0.0,1.0,1.0,0.0,0.0,0.0,1.0,5.0,3.0,2.0,2.0,4.0,4.0,5.0,7.0,7.0,7.0,8.0,5.0,7.0,6.0,2.0,2.0,3.0,2.0,4.0,5.0,4.0,3.0,2.0,4.0,7.0,6.0,4.0,6.0,4.0,2.0,2.0,3.0,2.0,2.0,4.0
0.0,1.0,0.0,1.0,0.0,0.0,2.0,2.0,3.0,2.0,3.0,3.0,2.0,1.0,3.0,2.0,2.0,4.0,2.0,3.0,3.0,5.0,6.0,3.0,6.0,4.0,3.0,7.0,4.0,5.0,6.0,4.0,4.0,2.0,4.0,4.0,2.0,2.0,3.0,3.0,3.0,3.0,3.0,4.0,2.0,5.0,5.0,5.0
1.0,0.0,1.0,1.0,0.0,1.0,1.0,2.0,0.0,0.0,1.0,0.0,1.0,1.0,0.0,1.0,2.0,0.0,2.0,0.0,3.0,2.0,1.0,4.0,1.0,5.0,4.0,4.0,6.0,3.0,3.0,2.0,2.0,1.0,0.0,2.0,2.0,3.0,2.0,4.0,4.0,6.0,3.0,6.0,4.0,5.0,6.0,7.0
0.0,0.0,0.0,0.0,0.0,0.0,0.0,0.0,1.0,0.0,0.0,2.0,3.0,1.0,0.0,1.0,0.0,1.0,0.0,1.0,2.0,0.0,1.0,1.0,4.0,2.0,0.0,1.0,2.0,1.0,3.0,3.0,1.0,1.0,3.0,1.0,3.0,1.0,3.0,3.0,3.0,3.0,4.0,3.0,4.0,3.0,4.0,1.0
0.0,0.0,1.0,0.0,0.0,0.0,0.0,0.0,0.0,0.0,0.0,1.0,0.0,2.0,2.0,0.0,1.0,1.0,1.0,0.0,0.0,1.0,2.0,1.0,0.0,1.0,3.0,1.0,1.0,3.0,1.0,1.0,1.0,0.0,0.0,1.0,2.0,2.0,2.0,1.0,2.0,0.0,0.0,0.0,1.0,2.0,1.0,2.0
0.0,0.0,0.0,0.0,0.0,0.0,0.0,0.0,0.0,0.0,0.0,0.0,2.0,3.0,2.0,2.0,1.0,2.0,1.0,0.0,1.0,3.0,1.0,0.0,1.0,1.0,1.0,5.0,6.0,4.0,4.0,2.0,3.0,3.0,4.0,4.0,4.0,5.0,1.0,3.0,0.0,1.0,0.0,1.0,2.0,1.0,0.0,3.0
0.0,0.0,1.0,1.0,1.0,0.0,1.0,1.0,0.0,1.0,2.0,1.0,1.0,2.0,2.0,1.0,2.0,2.0,2.0,2.0,3.0,0.0,2.0,4.0,2.0,3.0,2.0,3.0,4.0,3.0,3.0,5.0,3.0,5.0,2.0,2.0,2.0,5.0,5.0,3.0,3.0,4.0,5.0,2.0,1.0,0.0,4.0,2.0
0.0,3.0,1.0,1.0,3.0,4.0,2.0,2.0,3.0,4.0,4.0,2.0,6.0,3.0,3.0,2.0,2.0,5.0,3.0,3.0,5.0,4.0,3.0,1.0,3.0,2.0,3.0,3.0,4.0,5.0,8.0,6.0,9.0,2.0,2.0,5.0,9.0,6.0,6.0,4.0,5.0,2.0,1.0,3.0,4.0,3.0,3.0,4.0
11.0,10.0,10.0,8.0,6.0,5.0,5.0,6.0,7.0,6.0,8.0,8.0,9.0,11.0,10.0,6.0,3.0,5.0,6.0,2.0,7.0,4.0,3.0,9.0,4.0,3.0,5.0,4.0,5.0,7.0,6.0,6.0,7.0,10.0,10.0,7.0,6.0,3.0,1.0,3.0,4.0,5.0,5.0,5.0,5.0,4.0,4.0,3.0
19.0,13.0,8.0,8.0,8.0,4.0,6.0,5.0,5.0,6.0,4.0,4.0,5.0,8.0,9.0,5.0,7.0,7.0,4.0,8.0,8.0,6.0,10.0,7.0,9.0,7.0,9.0,12.0,6.0,8.0,10.0,9.0,8.0,9.0,9.0,8.0,8.0,6.0,8.0,7.0,4.0,8.0,5.0,4.0,4.0,8.0,7.0,7.0
2.0,3.0,8.0,4.0,3.0,4.0,7.0,6.0,4.0,4.0,5.0,7.0,4.0,4.0,6.0,6.0,3.0,4.0,5.0,9.0,10.0,7.0,6.0,7.0,6.0,7.0,6.0,5.0,4.0,5.0,6.0,6.0,4.0,2.0,5.0,6.0,4.0,7.0,5.0,6.0,5.0,5.0,6.0,4.0,6.0,9.0,8.0,6.0
12.0,19.0,25.0,24.0,22.0,21.0,22.0,22.0,25.0,29.0,29.0,28.0,25.0,30.0,29.0,40.0,36.0,27.0,23.0,26.0,29.0,26.0,20.0,22.0,22.0,21.0,19.0,28.0,26.0,24.0,24.0,24.0,21.0,28.0,38.0,29.0,23.0,23.0,20.0,23.0,25.0,26.0,26.0,24.0,29.0,25.0,25.0,20.0
45.0,47.0,45.0,41.0,42.0,44.0,41.0,41.0,39.0,39.0,40.0,40.0,42.0,44.0,36.0,28.0,33.0,39.0,31.0,30.0,28.0,35.0,38.0,34.0,26.0,33.0,30.0,35.0,37.0,29.0,35.0,34.0,41.0,43.0,29.0,32.0,25.0,30.0,33.0,31.0,26.0,30.0,27.0,27.0,32.0,36.0,40.0,39.0
2.0,5.0,4.0,9.0,10.0,10.0,6.0,12.0,7.0,9.0,8.0,10.0,10.0,11.0,16.0,11.0,10.0,17.0,21.0,17.0,15.0,16.0,15.0,14.0,18.0,20.0,20.0,21.0,20.0,19.0,16.0,16.0,18.0,13.0,20.0,21.0,22.0,16.0,15.0,21.0,24.0,18.0,19.0,19.0,22.0,22.0,16.0,23.0
6.0,4.0,5.0,4.0,7.0,11.0,10.0,7.0,7.0,5.0,6.0,4.0,3.0,3.0,5.0,9.0,7.0,12.0,11.0,15.0,12.0,7.0,17.0,14.0,8.0,11.0,15.0,14.0,9.0,15.0,11.0,13.0,9.0,15.0,11.0,15.0,11.0,20.0,18.0,18.0,15.0,16.0,18.0,16.0,13.0,15.0,20.0,16.0
10.0,10.0,6.0,7.0,7.0,6.0,7.0,5.0,7.0,8.0,11.0,8.0,7.0,10.0,10.0,8.0,8.0,8.0,16.0,14.0,12.0,19.0,17.0,15.0,11.0,6.0,6.0,9.0,16.0,15.0,12.0,18.0,18.0,20.0,22.0,20.0,25.0,17.0,22.0,19.0,21.0,21.0,17.0,19.0,18.0,23.0,15.0,23.0
13.0,11.0,11.0,11.0,8.0,9.0,11.0,9.0,10.0,12.0,11.0,10.0,14.0,13.0,15.0,13.0,17.0,19.0,11.0,13.0,12.0,14.0,14.0,20.0,15.0,20.0,18.0,13.0,18.0,18.0,14.0,16.0,14.0,18.0,23.0,22.0,22.0,24.0,27.0,27.0,34.0,22.0,26.0,28.0,25.0,22.0,28.0,29.0
22.0,22.0,21.0,18.0,17.0,13.0,11.0,9.0,8.0,11.0,11.0,11.0,14.0,13.0,16.0,18.0,16.0,12.0,14.0,17.0,23.0,23.0,16.0,16.0,19.0,23.0,17.0,26.0,28.0,22.0,21.0,26.0,21.0,21.0,25.0,34.0,36.0,30.0,22.0,31.0,26.0,32.0,29.0,26.0,33.0,29.0,35.0,29.0
2.0,5.0,4.0,7.0,4.0,7.0,4.0,7.0,8.0,7.0,5.0,9.0,7.0,7.0,9.0,12.0,10.0,12.0,10.0,10.0,10.0,16.0,15.0,17.0,17.0,15.0,22.0,22.0,21.0,23.0,35.0,24.0,23.0,26.0,26.0,26.0,20.0,25.0,24.0,31.0,32.0,31.0,29.0,29.0,25.0,35.0,30.0,30.0
6.0,9.0,10.0,13.0,12.0,10.0,12.0,8.0,12.0,14.0,11.0,10.0,14.0,12.0,13.0,15.0,17.0,17.0,20.0,19.0,21.0,20.0,18.0,17.0,27.0,37.0,34.0,28.0,31.0,25.0,25.0,23.0,35.0,39.0,43.0,46.0,47.0,44.0,43.0,46.0,35.0,40.0,39.0,41.0,35.0,31.0,34.0,37.0
1.0,1.0,4.0,4.0,4.0,6.0,6.0,9.0,10.0,11.0,14.0,14.0,12.0,17.0,14.0,17.0,21.0,19.0,20.0,14.0,30.0,30.0,34.0,34.0,34.0,33.0,36.0,40.0,34.0,41.0,45.0,47.0,36.0,46.0,37.0,36.0,39.0,38.0,38.0,34.0,36.0,40.0,44.0,47.0,49.0,52.0,51.0,39.0
2.0,4.0,8.0,11.0,12.0,14.0,13.0,18.0,16.0,15.0,14.0,23.0,23.0,19.0,28.0,26.0,26.0,30.0,35.0,31.0,35.0,36.0,44.0,43.0,46.0,47.0,49.0,47.0,60.0,65.0,62.0,68.0,72.0,58.0,66.0,66.0,61.0,70.0,65.0,71.0,69.0,65.0,70.0,69.0,68.0,63.0,66.0,76.0
22.0,36.0,37.0,43.0,41.0,39.0,45.0,47.0,46.0,49.0,53.0,52.0,57.0,59.0,64.0,71.0,68.0,63.0,68.0,85.0,87.0,94.0,102.0,89.0,103.0,100.0,104.0,112.0,119.0,118.0,109.0,118.0,125.0,124.0,115.0,118.0,113.0,115.0,111.0,127.0,122.0,136.0,129.0,139.0,137.0,136.0,129.0,138.0
25.0,36.0,45.0,44.0,51.0,56.0,63.0,59.0,63.0,60.0,66.0,65.0,82.0,75.0,86.0,93.0,102.0,133.0,143.0,152.0,157.0,164.0,176.0,180.0,157.0,166.0,160.0,167.0,166.0,171.0,173.0,167.0,170.0,169.0,163.0,150.0,173.0,161.0,144.0,165.0,167.0,178.0,187.0,173.0,163.0,157.0,171.0,167.0
93.0,103.0,107.0,112.0,104.0,106.0,107.0,104.0,107.0,114.0,113.0,116.0,126.0,122.0,143.0,155.0,145.0,171.0,177.0,180.0,199.0,179.0,184.0,180.0,188.0,199.0,186.0,208.0,202.0,193.0,193.0,183.0,186.0,171.0,178.0,187.0,171.0,186.0,191.0,181.0,182.0,189.0,195.0,189.0,205.0,193.0,190.0,203.0
78.0,108.0,115.0,117.0,124.0,129.0,128.0,132.0,125.0,127.0,124.0,132.0,139.0,134.0,150.0,158.0,183.0,171.0,187.0,207.0,191.0,198.0,192.0,199.0,210.0,196.0,198.0,196.0,191.0,177.0,185.0,203.0,200.0,214.0,197.0,196.0,224.0,211.0,215.0,204.0,209.0,208.0,211.0,214.0,211.0,207.0,206.0,205.0
104.0,101.0,108.0,106.0,106.0,104.0,110.0,112.0,114.0,117.0,118.0,109.0,114.0,101.0,91.0,108.0,111.0,128.0,144.0,147.0,145.0,152.0,147.0,155.0,162.0,158.0,150.0,156.0,154.0,160.0,163.0,153.0,153.0,152.0,151.0,149.0,142.0,143.0,155.0,180.0,167.0,163.0,168.0,168.0,156.0,153.0,160.0,167.0
40.0,47.0,49.0,50.0,59.0,63.0,62.0,66.0,60.0,55.0,53.0,60.0,60.0,74.0,79.0,75.0,86.0,80.0,80.0,85.0,95.0,79.0,80.0,73.0,87.0,100.0,84.0,88.0,90.0,98.0,97.0,90.0,96.0,112.0,105.0,93.0,106.0,109.0,107.0,96.0,118.0,107.0,100.0,105.0,113.0,109.0,112.0,98.0
137.0,135.0,134.0,130.0,131.0,130.0,131.0,127.0,133.0,135.0,134.0,128.0,133.0,127.0,124.0,119.0,103.0,121.0,104.0,104.0,105.0,106.0,107.0,105.0,109.0,106.0,124.0,115.0,102.0,110.0,107.0,123.0,108.0,117.0,120.0,115.0,120.0,113.0,111.0,128.0,111.0,99.0,115.0,113.0,112.0,115.0,114.0,118.0
86.0,71.0,84.0,75.0,66.0,72.0,71.0,73.0,72.0,73.0,69.0,69.0,66.0,70.0,78.0,86.0,82.0,80.0,89.0,71.0,79.0,84.0,91.0,100.0,84.0,93.0,73.0,91.0,87.0,88.0,90.0,82.0,99.0,96.0,104.0,104.0,95.0,104.0,100.0,94.0,109.0,104.0,104.0,118.0,105.0,97.0,107.0,109.0
55.0,68.0,73.0,75.0,72.0,69.0,82.0,80.0,78.0,74.0,81.0,86.0,88.0,80.0,75.0,94.0,91.0,94.0,88.0,92.0,101.0,100.0,107.0,101.0,106.0,95.0,93.0,105.0,111.0,94.0,112.0,109.0,99.0,84.0,90.0,91.0,95.0,95.0,98.0,104.0,95.0,106.0,90.0,95.0,91.0,94.0,94.0,95.0
48.0,45.0,57.0,56.0,48.0,58.0,58.0,62.0,63.0,56.0,54.0,67.0,61.0,59.0,73.0,75.0,85.0,90.0,92.0,95.0,86.0,104.0,102.0,100.0,98.0,103.0,98.0,101.0,104.0,106.0,102.0,107.0,88.0,96.0,102.0,102.0,86.0,106.0,106.0,97.0,89.0,89.0,103.0,98.0,101.0,107.0,96.0,118.0
111.0,97.0,97.0,97.0,103.0,102.0,93.0,97.0,102.0,106.0,107.0,100.0,107.0,102.0,106.0,106.0,118.0,118.0,117.0,104.0,122.0,120.0,122.0,119.0,125.0,121.0,124.0,130.0,131.0,125.0,127.0,125.0,139.0,141.0,129.0,135.0,132.0,134.0,138.0,125.0,129.0,123.0,131.0,134.0,125.0,126.0,135.0,139.0
66.0,69.0,76.0,88.0,91.0,92.0,97.0,101.0,105.0,96.0,108.0,116.0,115.0,112.0,126.0,141.0,134.0,143.0,147.0,163.0,146.0,157.0,145.0,138.0,140.0,144.0,148.0,143.0,144.0,161.0,162.0,162.0,167.0,151.0,150.0,162.0,157.0,136.0,153.0,153.0,152.0,134.0,138.0,130.0,131.0,137.0,155.0,154.0
278.0,295.0,297.0,305.0,297.0,298.0,287.0,280.0,284.0,297.0,288.0,287.0,273.0,294.0,295.0,266.0,275.0,266.0,285.0,263.0,260.0,259.0,255.0,246.0,261.0,276.0,255.0,265.0,257.0,265.0,263.0,266.0,255.0,236.0,243.0,251.0,245.0,232.0,231.0,250.0,260.0,257.0,252.0,254.0,260.0,260.0,259.0,260.0
681.0,675.0,652.0,633.0,629.0,626.0,629.0,641.0,632.0,605.0,599.0,602.0,598.0,592.0,554.0,574.0,542.0,517.0,475.0,485.0,451.0,422.0,427.0,409.0,429.0,437.0,425.0,413.0,417.0,401.0,420.0,407.0,375.0,382.0,384.0,373.0,378.0,363.0,389.0,377.0,385.0,379.0,374.0,371.0,359.0,345.0,364.0,337.0
658.0,634.0,622.0,616.0,605.0,591.0,591.0,572.0,573.0,569.0,576.0,574.0,557.0,535.0,529.0,509.0,452.0,432.0,435.0,401.0,394.0,385.0,376.0,381.0,352.0,364.0,361.0,356.0,342.0,333.0,318.0,335.0,329.0,338.0,332.0,320.0,302.0,331.0,313.0,333.0,308.0,326.0,325.0,323.0,306.0,296.0,291.0,289.0
214.0,204.0,205.0,199.0,202.0,207.0,204.0,202.0,198.0,199.0,204.0,196.0,210.0,204.0,190.0,189.0,191.0,193.0,189.0,191.0,190.0,200.0,187.0,190.0,182.0,181.0,192.0,164.0,165.0,174.0,166.0,169.0,192.0,177.0,170.0,191.0,194.0,196.0,181.0,183.0,180.0,181.0,171.0,184.0,183.0,183.0,179.0,183.0
5.0,33.0,30.0,38.0,38.0,43.0,48.0,55.0,57.0,51.0,58.0,63.0,68.0,72.0,70.0,78.0,71.0,81.0,85.0,77.0,83.0,92.0,82.0,79.0,88.0,100.0,94.0,101.0,87.0,100.0,102.0,91.0,92.0,97.0,110.0,105.0,105.0,108.0,110.0,104.0,103.0,105.0,100.0,90.0,96.0,96.0,91.0,97.0
73.0,59.0,66.0,63.0,67.0,66.0,61.0,67.0,63.0,65.0,69.0,66.0,65.0,63.0,67.0,59.0,58.0,48.0,59.0,66.0,62.0,65.0,66.0,57.0,58.0,58.0,61.0,71.0,65.0,67.0,52.0,66.0,66.0,59.0,76.0,68.0,68.0,82.0,74.0,77.0,77.0,75.0,80.0,81.0,81.0,77.0,79.0,79.0
32.0,30.0,30.0,36.0,34.0,36.0,38.0,37.0,40.0,38.0,41.0,35.0,34.0,32.0,32.0,36.0,37.0,38.0,47.0,45.0,42.0,40.0,37.0,42.0,39.0,38.0,40.0,39.0,35.0,44.0,45.0,41.0,44.0,47.0,41.0,49.0,49.0,49.0,52.0,51.0,59.0,55.0,46.0,52.0,65.0,60.0,60.0,62.0
5.0,8.0,6.0,3.0,7.0,8.0,11.0,13.0,10.0,9.0,11.0,11.0,11.0,16.0,14.0,16.0,19.0,24.0,18.0,17.0,16.0,18.0,18.0,19.0,17.0,22.0,16.0,15.0,23.0,24.0,18.0,21.0,22.0,28.0,30.0,29.0,27.0,23.0,23.0,23.0,20.0,27.0,27.0,26.0,24.0,28.0,31.0,29.0
13.0,12.0,13.0,12.0,13.0,10.0,11.0,12.0,11.0,9.0,8.0,7.0,8.0,7.0,8.0,9.0,4.0,9.0,11.0,9.0,14.0,14.0,13.0,17.0,24.0,17.0,12.0,14.0,14.0,16.0,13.0,17.0,13.0,16.0,15.0,14.0,17.0,19.0,17.0,22.0,25.0,23.0,28.0,21.0,19.0,22.0,17.0,22.0
3.0,3.0,2.0,3.0,5.0,7.0,6.0,5.0,4.0,4.0,4.0,5.0,4.0,6.0,9.0,11.0,8.0,9.0,9.0,8.0,5.0,13.0,13.0,9.0,13.0,7.0,11.0,10.0,12.0,9.0,14.0,10.0,10.0,6.0,5.0,7.0,9.0,11.0,11.0,12.0,13.0,15.0,9.0,13.0,14.0,9.0,16.0,12.0
5.0,3.0,4.0,5.0,4.0,3.0,1.0,3.0,2.0,7.0,5.0,4.0,3.0,3.0,9.0,6.0,7.0,9.0,7.0,8.0,14.0,11.0,15.0,12.0,11.0,12.0,10.0,7.0,9.0,12.0,11.0,12.0,14.0,9.0,10.0,8.0,12.0,8.0,9.0,7.0,15.0,11.0,11.0,12.0,17.0,16.0,13.0,18.0
4.0,7.0,7.0,6.0,6.0,7.0,6.0,7.0,6.0,5.0,7.0,6.0,6.0,9.0,7.0,6.0,6.0,8.0,4.0,4.0,8.0,7.0,5.0,9.0,3.0,5.0,9.0,10.0,10.0,9.0,11.0,11.0,5.0,10.0,5.0,5.0,5.0,9.0,5.0,8.0,5.0,5.0,9.0,10.0,9.0,7.0,9.0,6.0
2.0,5.0,5.0,4.0,1.0,3.0,2.0,2.0,5.0,4.0,5.0,2.0,3.0,4.0,6.0,5.0,7.0,6.0,10.0,7.0,6.0,8.0,11.0,7.0,4.0,6.0,8.0,12.0,5.0,10.0,10.0,9.0,10.0,9.0,8.0,9.0,6.0,9.0,7.0,5.0,7.0,11.0,8.0,8.0,2.0,4.0,6.0,4.0
0.0,0.0,1.0,2.0,4.0,5.0,5.0,7.0,3.0,4.0,4.0,4.0,5.0,6.0,3.0,2.0,4.0,8.0,6.0,11.0,4.0,4.0,4.0,4.0,6.0,6.0,5.0,5.0,4.0,4.0,7.0,6.0,7.0,9.0,9.0,8.0,6.0,2.0,6.0,4.0,3.0,3.0,6.0,3.0,5.0,5.0,3.0,4.0
0.0,1.0,2.0,2.0,1.0,3.0,4.0,2.0,1.0,1.0,0.0,1.0,0.0,1.0,1.0,5.0,4.0,5.0,13.0,8.0,8.0,7.0,5.0,7.0,6.0,5.0,5.0,5.0,5.0,6.0,4.0,5.0,6.0,3.0,3.0,3.0,7.0,5.0,6.0,7.0,4.0,3.0,5.0,4.0,7.0,3.0,5.0,5.0
0.0,0.0,2.0,1.0,2.0,3.0,2.0,2.0,2.0,2.0,3.0,2.0,3.0,3.0,4.0,2.0,2.0,6.0,5.0,4.0,3.0,5.0,5.0,3.0,4.0,4.0,4.0,4.0,3.0,1.0,4.0,4.0,1.0,2.0,2.0,1.0,2.0,4.0,4.0,4.0,1.0,2.0,1.0,3.0,2.0,2.0,2.0,3.0
0.0,1.0,0.0,0.0,0.0,0.0,0.0,0.0,1.0,1.0,0.0,0.0,0.0,0.0,2.0,2.0,1.0,1.0,0.0,1.0,2.0,2.0,2.0,2.0,2.0,0.0,3.0,3.0,5.0,4.0,2.0,3.0,4.0,1.0,1.0,1.0,1.0,1.0,2.0,2.0,3.0,0.0,3.0,3.0,0.0,1.0,1.0,2.0
0.0,0.0,0.0,0.0,1.0,0.0,1.0,1.0,0.0,1.0,0.0,0.0,0.0,1.0,0.0,0.0,0.0,2.0,0.0,0.0,0.0,0.0,0.0,0.0,0.0,1.0,2.0,3.0,1.0,2.0,2.0,5.0,4.0,4.0,3.0,5.0,1.0,3.0,4.0,2.0,2.0,4.0,3.0,2.0,0.0,0.0,1.0,1.0
0.0,0.0,0.0,1.0,0.0,0.0,0.0,0.0,0.0,0.0,1.0,0.0,0.0,0.0,0.0,1.0,0.0,0.0,1.0,2.0,1.0,1.0,1.0,0.0,1.0,1.0,1.0,1.0,1.0,2.0,2.0,2.0,1.0,2.0,1.0,1.0,2.0,3.0,2.0,5.0,4.0,4.0,4.0,4.0,4.0,2.0,3.0,2.0
0.0,0.0,0.0,0.0,0.0,0.0,0.0,0.0,0.0,1.0,1.0,2.0,2.0,2.0,1.0,0.0,2.0,0.0,0.0,0.0,1.0,1.0,0.0,0.0,0.0,1.0,1.0,0.0,2.0,0.0,1.0,1.0,1.0,0.0,1.0,2.0,2.0,0.0,1.0,0.0,0.0,1.0,0.0,1.0,0.0,1.0,0.0,1.0
0.0,1.0,1.0,0.0,0.0,0.0,0.0,1.0,1.0,0.0,0.0,1.0,1.0,1.0,1.0,5.0,1.0,1.0,1.0,3.0,2.0,3.0,3.0,4.0,5.0,2.0,6.0,4.0,2.0,3.0,1.0,2.0,3.0,4.0,2.0,0.0,1.0,0.0,1.0,3.0,1.0,1.0,1.0,1.0,0.0,2.0,0.0,0.0
4.0,1.0,2.0,2.0,3.0,4.0,4.0,4.0,2.0,2.0,2.0,4.0,1.0,2.0,3.0,1.0,0.0,4.0,6.0,6.0,4.0,4.0,4.0,3.0,6.0,7.0,5.0,4.0,3.0,6.0,3.0,3.0,1.0,4.0,5.0,3.0,0.0,3.0,3.0,1.0,3.0,3.0,2.0,1.0,3.0,2.0,2.0,2.0
0.0,6.0,3.0,7.0,6.0,5.0,3.0,4.0,4.0,4.0,4.0,3.0,2.0,6.0,4.0,5.0,6.0,4.0,3.0,5.0,4.0,7.0,3.0,4.0,3.0,4.0,4.0,1.0,5.0,3.0,5.0,2.0,5.0,1.0,4.0,4.0,2.0,2.0,1.0,1.0,2.0,2.0,2.0,1.0,0.0,1.0,1.0,4.0
5.0,7.0,8.0,4.0,4.0,5.0,4.0,2.0,2.0,3.0,3.0,3.0,4.0,2.0,3.0,3.0,7.0,4.0,6.0,2.0,3.0,4.0,5.0,6.0,4.0,4.0,3.0,6.0,5.0,5.0,2.0,6.0,5.0,8.0,3.0,4.0,7.0,7.0,6.0,4.0,3.0,2.0,6.0,4.0,3.0,4.0,5.0,5.0
4.0,2.0,1.0,3.0,3.0,2.0,3.0,3.0,4.0,5.0,2.0,3.0,3.0,3.0,5.0,2.0,1.0,4.0,4.0,7.0,4.0,3.0,3.0,1.0,3.0,3.0,3.0,3.0,6.0,2.0,2.0,4.0,3.0,5.0,5.0,6.0,6.0,2.0,1.0,2.0,3.0,4.0,3.0,3.0,4.0,2.0,3.0,3.0
94.0,90.0,87.0,79.0,78.0,82.0,85.0,78.0,77.0,76.0,78.0,74.0,80.0,74.0,79.0,71.0,67.0,72.0,72.0,68.0,68.0,63.0,57.0,56.0,48.0,49.0,60.0,61.0,57.0,52.0,45.0,46.0,42.0,45.0,43.0,46.0,53.0,50.0,45.0,44.0,48.0,46.0,42.0,57.0,46.0,47.0,52.0,56.0
115.0,107.0,103.0,104.0,95.0,93.0,96.0,96.0,89.0,90.0,84.0,86.0,81.0,78.0,69.0,73.0,53.0,54.0,56.0,58.0,58.0,57.0,64.0,56.0,58.0,43.0,53.0,45.0,50.0,59.0,56.0,56.0,65.0,52.0,48.0,50.0,48.0,46.0,53.0,46.0,42.0,46.0,54.0,50.0,45.0,53.0,49.0,42.0
13.0,15.0,12.0,13.0,20.0,15.0,21.0,17.0,22.0,15.0,16.0,10.0,16.0,16.0,15.0,20.0,22.0,23.0,25.0,25.0,22.0,22.0,18.0,22.0,21.0,27.0,21.0,23.0,21.0,21.0,18.0,13.0,13.0,17.0,13.0,15.0,24.0,26.0,25.0,25.0,17.0,20.0,19.0,28.0,29.0,24.0,25.0,23.0
2.0,4.0,10.0,11.0,9.0,9.0,6.0,7.0,10.0,12.0,13.0,13.0,7.0,10.0,12.0,10.0,9.0,11.0,13.0,7.0,14.0,6.0,5.0,8.0,13.0,12.0,12.0,11.0,14.0,11.0,16.0,13.0,12.0,6.0,12.0,9.0,5.0,9.0,12.0,14.0,13.0,11.0,13.0,11.0,10.0,10.0,10.0,9.0
5.0,4.0,4.0,5.0,5.0,8.0,9.0,7.0,8.0,6.0,5.0,11.0,13.0,10.0,10.0,12.0,8.0,11.0,12.0,14.0,10.0,14.0,10.0,11.0,13.0,16.0,15.0,12.0,4.0,10.0,5.0,9.0,10.0,10.0,10.0,12.0,12.0,9.0,10.0,9.0,10.0,5.0,10.0,6.0,8.0,11.0,9.0,15.0
1.0,8.0,8.0,6.0,9.0,7.0,6.0,10.0,8.0,9.0,9.0,9.0,7.0,9.0,11.0,9.0,13.0,10.0,9.0,10.0,17.0,14.0,15.0,13.0,14.0,9.0,13.0,10.0,11.0,12.0,14.0,10.0,8.0,12.0,17.0,21.0,16.0,15.0,18.0,19.0,18.0,21.0,14.0,15.0,18.0,19.0,26.0,16.0
21.0,11.0,11.0,13.0,11.0,11.0,15.0,13.0,16.0,11.0,13.0,13.0,12.0,13.0,16.0,13.0,13.0,18.0,14.0,15.0,17.0,17.0,16.0,10.0,14.0,17.0,13.0,12.0,14.0,19.0,18.0,12.0,18.0,17.0,10.0,14.0,13.0,25.0,22.0,18.0,22.0,24.0,28.0,28.0,25.0,21.0,18.0,19.0
1.0,6.0,4.0,5.0,9.0,7.0,8.0,9.0,7.0,9.0,9.0,7.0,7.0,8.0,7.0,11.0,11.0,10.0,9.0,13.0,16.0,13.0,9.0,14.0,18.0,12.0,18.0,17.0,11.0,15.0,11.0,20.0,20.0,19.0,17.0,14.0,19.0,15.0,24.0,27.0,23.0,16.0,18.0,20.0,18.0,24.0,29.0,28.0
16.0,12.0,12.0,8.0,7.0,7.0,2.0,6.0,6.0,6.0,6.0,8.0,5.0,14.0,10.0,14.0,9.0,17.0,20.0,14.0,15.0,13.0,17.0,15.0,19.0,18.0,19.0,23.0,20.0,23.0,22.0,23.0,20.0,18.0,23.0,24.0,22.0,27.0,26.0,24.0,26.0,24.0,24.0,26.0,28.0,18.0,19.0,17.0
8.0,5.0,4.0,5.0,7.0,5.0,6.0,11.0,9.0,10.0,12.0,13.0,14.0,10.0,11.0,9.0,10.0,18.0,20.0,25.0,18.0,22.0,19.0,25.0,15.0,20.0,21.0,18.0,26.0,25.0,29.0,31.0,32.0,30.0,23.0,29.0,30.0,24.0,27.0,33.0,37.0,42.0,38.0,30.0,30.0,36.0,36.0,38.0
3.0,5.0,7.0,9.0,9.0,10.0,10.0,9.0,10.0,10.0,13.0,17.0,15.0,15.0,11.0,11.0,16.0,20.0,23.0,23.0,22.0,28.0,26.0,30.0,28.0,30.0,31.0,28.0,27.0,35.0,29.0,31.0,37.0,38.0,31.0,38.0,46.0,50.0,37.0,46.0,44.0,47.0,44.0,50.0,45.0,46.0,49.0,54.0
5.0,3.0,6.0,5.0,5.0,3.0,6.0,6.0,7.0,12.0,13.0,13.0,14.0,16.0,18.0,25.0,29.0,25.0,33.0,44.0,41.0,38.0,45.0,54.0,53.0,48.0,49.0,50.0,44.0,41.0,43.0,42.0,50.0,56.0,69.0,68.0,60.0,64.0,74.0,66.0,70.0,64.0,67.0,66.0,79.0,86.0,75.0,76.0
5.0,12.0,14.0,15.0,12.0,15.0,16.0,22.0,24.0,23.0,24.0,27.0,32.0,31.0,30.0,30.0,37.0,41.0,54.0,55.0,53.0,58.0,61.0,58.0,61.0,66.0,76.0,65.0,71.0,67.0,78.0,85.0,83.0,85.0,85.0,72.0,88.0,75.0,86.0,75.0,79.0,71.0,66.0,71.0,80.0,80.0,76.0,76.0
8.0,11.0,13.0,18.0,26.0,20.0,26.0,27.0,29.0,30.0,28.0,29.0,27.0,32.0,24.0,44.0,37.0,32.0,54.0,48.0,45.0,65.0,66.0,64.0,70.0,67.0,61.0,59.0,51.0,72.0,77.0,75.0,71.0,83.0,82.0,91.0,82.0,76.0,78.0,79.0,80.0,93.0,89.0,104.0,99.0,96.0,88.0,95.0
18.0,22.0,25.0,28.0,31.0,32.0,35.0,31.0,30.0,28.0,32.0,33.0,36.0,46.0,44.0,44.0,52.0,65.0,52.0,48.0,63.0,64.0,73.0,72.0,73.0,82.0,75.0,82.0,76.0,78.0,78.0,73.0,83.0,87.0,86.0,87.0,85.0,91.0,82.0,92.0,89.0,95.0,85.0,95.0,96.0,97.0,94.0,97.0
32.0,29.0,28.0,25.0,23.0,28.0,25.0,30.0,37.0,34.0,32.0,35.0,35.0,34.0,34.0,29.0,52.0,50.0,54.0,55.0,68.0,69.0,71.0,72.0,79.0,71.0,72.0,72.0,88.0,76.0,82.0,84.0,85.0,81.0,85.0,83.0,80.0,81.0,82.0,81.0,88.0,85.0,85.0,90.0,81.0,90.0,89.0,89.0
12.0,16.0,20.0,25.0,28.0,22.0,23.0,22.0,22.0,28.0,33.0,34.0,31.0,39.0,38.0,45.0,36.0,37.0,42.0,40.0,33.0,53.0,38.0,46.0,45.0,61.0,52.0,48.0,52.0,53.0,49.0,51.0,50.0,55.0,54.0,56.0,62.0,67.0,69.0,66.0,58.0,64.0,59.0,67.0,62.0,68.0,73.0,69.0
22.0,22.0,22.0,20.0,17.0,18.0,17.0,16.0,19.0,17.0,18.0,24.0,30.0,22.0,27.0,26.0,31.0,24.0,19.0,24.0,28.0,25.0,36.0,39.0,38.0,42.0,45.0,43.0,48.0,41.0,47.0,51.0,55.0,54.0,52.0,56.0,58.0,47.0,52.0,51.0,46.0,59.0,54.0,50.0,55.0,65.0,66.0,70.0
31.0,35.0,32.0,36.0,40.0,34.0,43.0,37.0,38.0,35.0,36.0,41.0,39.0,36.0,47.0,35.0,39.0,41.0,35.0,34.0,35.0,35.0,36.0,48.0,48.0,40.0,54.0,41.0,43.0,42.0,47.0,55.0,55.0,53.0,65.0,59.0,54.0,52.0,48.0,46.0,54.0,49.0,50.0,57.0,56.0,55.0,52.0,59.0
9.0,10.0,11.0,16.0,15.0,18.0,16.0,19.0,21.0,27.0,36.0,28.0,29.0,31.0,33.0,26.0,33.0,25.0,28.0,34.0,41.0,46.0,45.0,42.0,40.0,38.0,36.0,46.0,39.0,46.0,38.0,35.0,44.0,54.0,44.0,45.0,40.0,40.0,47.0,52.0,56.0,47.0,61.0,56.0,54.0,56.0,58.0,58.0
11.0,14.0,15.0,23.0,23.0,29.0,29.0,31.0,34.0,33.0,35.0,35.0,35.0,36.0,34.0,30.0,34.0,38.0,54.0,51.0,42.0,40.0,46.0,44.0,44.0,49.0,45.0,46.0,54.0,56.0,65.0,61.0,59.0,55.0,58.0,52.0,64.0,50.0,58.0,51.0,52.0,55.0,53.0,51.0,61.0,44.0,56.0,51.0
13.0,22.0,24.0,27.0,30.0,22.0,31.0,25.0,30.0,28.0,28.0,32.0,37.0,42.0,38.0,45.0,44.0,49.0,40.0,47.0,40.0,48.0,48.0,60.0,49.0,64.0,61.0,72.0,69.0,76.0,70.0,80.0,79.0,70.0,74.0,67.0,67.0,76.0,74.0,85.0,74.0,90.0,74.0,81.0,75.0,73.0,82.0,74.0
18.0,22.0,25.0,27.0,25.0,33.0,33.0,38.0,41.0,49.0,51.0,57.0,62.0,67.0,57.0,56.0,71.0,69.0,65.0,72.0,88.0,78.0,93.0,86.0,82.0,74.0,90.0,93.0,94.0,89.0,99.0,92.0,93.0,95.0,101.0,89.0,90.0,91.0,90.0,93.0,76.0,77.0,87.0,88.0,83.0,90.0,87.0,89.0
37.0,51.0,54.0,63.0,62.0,58.0,61.0,73.0,69.0,71.0,76.0,73.0,84.0,81.0,93.0,104.0,101.0,115.0,108.0,110.0,124.0,122.0,131.0,128.0,119.0,120.0,120.0,118.0,136.0,120.0,108.0,123.0,130.0,126.0,130.0,111.0,132.0,134.0,127.0,120.0,135.0,143.0,131.0,126.0,142.0,149.0,144.0,155.0
115.0,112.0,123.0,134.0,146.0,152.0,147.0,133.0,140.0,147.0,143.0,136.0,137.0,139.0,146.0,163.0,159.0,169.0,177.0,173.0,184.0,189.0,168.0,170.0,180.0,169.0,172.0,188.0,181.0,179.0,183.0,173.0,189.0,202.0,182.0,187.0,177.0,180.0,176.0,176.0,170.0,187.0,194.0,177.0,184.0,184.0,191.0,207.0
275.0,256.0,243.0,233.0,227.0,223.0,225.0,229.0,223.0,231.0,225.0,233.0,230.0,229.0,219.0,200.0,194.0,212.0,205.0,208.0,206.0,194.0,210.0,202.0,191.0,175.0,177.0,183.0,163.0,163.0,168.0,168.0,164.0,171.0,170.0,177.0,181.0,164.0,163.0,156.0,164.0,161.0,161.0,171.0,163.0,171.0,168.0,156.0
150.0,163.0,163.0,160.0,153.0,152.0,156.0,157.0,159.0,160.0,157.0,150.0,146.0,157.0,142.0,137.0,148.0,160.0,152.0,153.0,158.0,154.0,146.0,156.0,140.0,140.0,140.0,147.0,136.0,137.0,135.0,150.0,150.0,140.0,144.0,138.0,136.0,130.0,132.0,135.0,139.0,140.0,139.0,136.0,148.0,150.0,151.0,144.0
159.0,140.0,134.0,128.0,132.0,128.0,127.0,123.0,117.0,123.0,119.0,116.0,121.0,110.0,117.0,132.0,122.0,99.0,100.0,110.0,101.0,95.0,101.0,89.0,92.0,97.0,93.0,83.0,98.0,93.0,100.0,100.0,91.0,100.0,90.0,102.0,99.0,101.0,101.0,112.0,113.0,114.0,112.0,112.0,115.0,103.0,103.0,102.0
77.0,84.0,83.0,89.0,84.0,88.0,85.0,83.0,82.0,87.0,82.0,80.0,79.0,72.0,73.0,63.0,66.0,57.0,60.0,54.0,60.0,73.0,70.0,71.0,63.0,62.0,64.0,65.0,57.0,59.0,63.0,62.0,69.0,78.0,66.0,67.0,63.0,58.0,64.0,57.0,64.0,63.0,70.0,76.0,79.0,83.0,68.0,71.0
12.0,22.0,18.0,15.0,20.0,17.0,20.0,22.0,19.0,16.0,23.0,21.0,19.0,20.0,25.0,25.0,20.0,23.0,24.0,29.0,29.0,22.0,20.0,23.0,30.0,31.0,37.0,34.0,42.0,22.0,30.0,31.0,33.0,29.0,27.0,28.0,30.0,31.0,25.0,31.0,40.0,32.0,41.0,41.0,39.0,40.0,41.0,42.0
14.0,16.0,14.0,16.0,12.0,13.0,12.0,15.0,18.0,17.0,16.0,19.0,20.0,21.0,24.0,22.0,12.0,13.0,17.0,17.0,17.0,15.0,19.0,14.0,13.0,17.0,24.0,23.0,19.0,20.0,22.0,20.0,19.0,18.0,18.0,26.0,28.0,30.0,28.0,32.0,26.0,33.0,29.0,28.0,29.0,21.0,29.0,25.0
3.0,2.0,4.0,2.0,1.0,1.0,4.0,0.0,1.0,2.0,4.0,4.0,4.0,6.0,6.0,10.0,8.0,11.0,8.0,9.0,12.0,8.0,4.0,11.0,12.0,21.0,18.0,17.0,8.0,16.0,11.0,13.0,13.0,16.0,14.0,17.0,14.0,16.0,13.0,16.0,24.0,19.0,21.0,21.0,16.0,18.0,17.0,15.0
5.0,5.0,8.0,9.0,7.0,9.0,10.0,9.0,11.0,8.0,8.0,9.0,9.0,9.0,10.0,10.0,11.0,9.0,12.0,13.0,10.0,8.0,13.0,9.0,13.0,12.0,12.0,14.0,13.0,10.0,15.0,14.0,14.0,13.0,12.0,7.0,13.0,14.0,13.0,13.0,11.0,9.0,12.0,12.0,12.0,13.0,16.0,21.0
0.0,3.0,4.0,6.0,6.0,4.0,3.0,6.0,5.0,5.0,4.0,4.0,6.0,4.0,3.0,6.0,5.0,8.0,6.0,6.0,9.0,12.0,8.0,10.0,6.0,8.0,5.0,2.0,3.0,5.0,6.0,6.0,5.0,10.0,11.0,17.0,11.0,12.0,12.0,11.0,8.0,15.0,12.0,11.0,8.0,11.0,11.0,10.0
23.0,14.0,15.0,13.0,13.0,13.0,19.0,16.0,17.0,14.0,13.0,15.0,12.0,14.0,12.0,10.0,19.0,11.0,17.0,24.0,15.0,18.0,17.0,13.0,16.0,15.0,18.0,12.0,14.0,19.0,15.0,13.0,16.0,8.0,13.0,14.0,18.0,16.0,21.0,14.0,12.0,14.0,14.0,10.0,14.0,16.0,13.0,15.0
9.0,7.0,5.0,6.0,6.0,5.0,8.0,5.0,4.0,8.0,8.0,5.0,5.0,6.0,6.0,13.0,9.0,11.0,11.0,11.0,10.0,8.0,9.0,9.0,11.0,11.0,11.0,9.0,14.0,13.0,9.0,8.0,13.0,9.0,10.0,8.0,12.0,10.0,11.0,7.0,12.0,5.0,2.0,3.0,4.0,2.0,3.0,5.0
1.0,5.0,3.0,2.0,2.0,2.0,5.0,5.0,6.0,4.0,3.0,6.0,6.0,3.0,4.0,4.0,5.0,7.0,7.0,6.0,7.0,5.0,6.0,9.0,7.0,5.0,8.0,8.0,7.0,8.0,10.0,10.0,11.0,6.0,6.0,9.0,9.0,8.0,5.0,10.0,7.0,5.0,5.0,10.0,5.0,4.0,6.0,6.0
15.0,9.0,8.0,5.0,7.0,5.0,4.0,5.0,2.0,3.0,3.0,3.0,4.0,4.0,5.0,3.0,9.0,5.0,5.0,6.0,7.0,5.0,6.0,5.0,4.0,8.0,2.0,5.0,6.0,3.0,4.0,4.0,5.0,4.0,5.0,9.0,7.0,5.0,4.0,3.0,5.0,4.0,11.0,12.0,8.0,13.0,11.0,9.0
0.0,3.0,1.0,2.0,4.0,3.0,3.0,5.0,3.0,3.0,2.0,2.0,2.0,7.0,7.0,8.0,5.0,8.0,6.0,3.0,9.0,7.0,8.0,6.0,9.0,7.0,6.0,6.0,6.0,6.0,7.0,8.0,6.0,6.0,7.0,5.0,7.0,8.0,6.0,7.0,8.0,5.0,7.0,4.0,7.0,4.0,3.0,5.0
1.0,0.0,2.0,2.0,1.0,1.0,1.0,1.0,3.0,1.0,1.0,1.0,2.0,2.0,4.0,3.0,3.0,2.0,6.0,5.0,7.0,5.0,1.0,3.0,0.0,1.0,1.0,1.0,3.0,2.0,3.0,3.0,3.0,6.0,3.0,4.0,1.0,2.0,2.0,1.0,2.0,5.0,2.0,3.0,3.0,1.0,1.0,2.0
0.0,0.0,0.0,0.0,0.0,0.0,0.0,0.0,0.0,0.0,1.0,0.0,0.0,0.0,0.0,3.0,2.0,1.0,3.0,2.0,0.0,1.0,1.0,0.0,0.0,1.0,1.0,1.0,0.0,2.0,2.0,1.0,1.0,1.0,2.0,1.0,2.0,1.0,0.0,0.0,0.0,3.0,2.0,1.0,1.0,2.0,2.0,2.0
2.0,0.0,0.0,0.0,0.0,0.0,0.0,0.0,0.0,1.0,0.0,0.0,0.0,1.0,0.0,0.0,1.0,2.0,3.0,1.0,3.0,2.0,3.0,5.0,2.0,2.0,2.0,1.0,3.0,1.0,3.0,1.0,1.0,0.0,1.0,1.0,1.0,0.0,1.0,3.0,3.0,1.0,2.0,2.0,3.0,5.0,3.0,4.0
0.0,0.0,0.0,0.0,0.0,0.0,0.0,0.0,0.0,1.0,1.0,2.0,0.0,1.0,1.0,1.0,1.0,1.0,1.0,1.0,1.0,1.0,1.0,1.0,2.0,1.0,0.0,3.0,0.0,2.0,1.0,2.0,1.0,1.0,1.0,0.0,0.0,0.0,0.0,0.0,0.0,0.0,1.0,1.0,1.0,2.0,4.0,3.0
0.0,0.0,0.0,1.0,0.0,0.0,1.0,0.0,0.0,0.0,1.0,0.0,1.0,1.0,1.0,1.0,1.0,0.0,0.0,0.0,1.0,0.0,0.0,1.0,2.0,2.0,0.0,1.0,2.0,2.0,1.0,2.0,2.0,1.0,4.0,3.0,2.0,2.0,2.0,2.0,2.0,2.0,2.0,1.0,3.0,3.0,2.0,0.0
1.0,0.0,0.0,0.0,1.0,0.0,1.0,0.0,0.0,1.0,0.0,1.0,2.0,1.0,0.0,0.0,0.0,1.0,2.0,4.0,1.0,0.0,1.0,2.0,2.0,2.0,2.0,1.0,4.0,3.0,3.0,1.0,0.0,2.0,1.0,1.0,2.0,2.0,1.0,2.0,1.0,2.0,2.0,3.0,2.0,1.0,2.0,3.0
0.0,0.0,2.0,0.0,0.0,1.0,3.0,3.0,3.0,2.0,1.0,1.0,2.0,1.0,0.0,1.0,0.0,1.0,0.0,2.0,2.0,0.0,1.0,1.0,3.0,5.0,1.0,6.0,1.0,2.0,1.0,1.0,1.0,0.0,0.0,0.0,2.0,1.0,2.0,0.0,1.0,1.0,2.0,1.0,0.0,0.0,1.0,1.0
1.0,1.0,2.0,4.0,4.0,4.0,1.0,0.0,0.0,0.0,1.0,3.0,0.0,0.0,1.0,3.0,1.0,2.0,4.0,2.0,2.0,1.0,2.0,3.0,4.0,1.0,5.0,1.0,4.0,3.0,1.0,3.0,0.0,1.0,3.0,2.0,0.0,2.0,2.0,2.0,3.0,6.0,1.0,3.0,1.0,1.0,1.0,2.0
0.0,0.0,0.0,0.0,0.0,2.0,2.0,2.0,1.0,3.0,4.0,2.0,1.0,2.0,1.0,1.0,1.0,1.0,2.0,2.0,3.0,4.0,3.0,2.0,2.0,2.0,2.0,2.0,0.0,2.0,3.0,2.0,5.0,3.0,0.0,1.0,3.0,5.0,3.0,6.0,5.0,3.0,3.0,3.0,4.0,6.0,4.0,5.0
83.0,85.0,80.0,82.0,80.0,75.0,73.0,70.0,74.0,76.0,70.0,75.0,68.0,61.0,58.0,67.0,75.0,74.0,64.0,57.0,57.0,51.0,52.0,52.0,52.0,58.0,47.0,34.0,40.0,44.0,43.0,39.0,40.0,45.0,44.0,41.0,44.0,40.0,38.0,40.0,36.0,36.0,36.0,31.0,39.0,44.0,37.0,34.0
54.0,49.0,50.0,45.0,48.0,47.0,41.0,41.0,42.0,36.0,44.0,43.0,45.0,46.0,50.0,48.0,44.0,41.0,46.0,48.0,42.0,41.0,46.0,49.0,48.0,40.0,45.0,44.0,44.0,40.0,37.0,37.0,41.0,42.0,32.0,41.0,32.0,42.0,32.0,29.0,30.0,26.0,34.0,34.0,37.0,38.0,31.0,26.0
25.0,32.0,32.0,30.0,28.0,36.0,28.0,30.0,30.0,31.0,27.0,28.0,28.0,27.0,24.0,21.0,28.0,22.0,22.0,27.0,32.0,31.0,31.0,28.0,30.0,29.0,32.0,26.0,27.0,22.0,24.0,31.0,27.0,27.0,34.0,24.0,27.0,24.0,29.0,19.0,29.0,21.0,19.0,27.0,21.0,23.0,22.0,23.0
17.0,14.0,11.0,13.0,13.0,12.0,12.0,12.0,12.0,13.0,10.0,13.0,11.0,11.0,15.0,14.0,13.0,12.0,10.0,10.0,11.0,13.0,11.0,11.0,15.0,16.0,16.0,11.0,16.0,12.0,15.0,15.0,16.0,16.0,16.0,17.0,15.0,13.0,15.0,19.0,15.0,18.0,16.0,11.0,18.0,15.0,17.0,21.0
0.0,4.0,3.0,1.0,4.0,2.0,3.0,6.0,4.0,8.0,6.0,5.0,7.0,5.0,3.0,4.0,10.0,5.0,10.0,9.0,9.0,10.0,4.0,8.0,9.0,18.0,12.0,13.0,9.0,4.0,6.0,5.0,5.0,8.0,9.0,10.0,11.0,12.0,8.0,9.0,9.0,8.0,11.0,16.0,9.0,11.0,13.0,12.0
7.0,10.0,10.0,12.0,9.0,12.0,11.0,10.0,12.0,11.0,11.0,12.0,11.0,9.0,7.0,6.0,5.0,2.0,2.0,6.0,5.0,6.0,11.0,12.0,9.0,7.0,6.0,11.0,10.0,11.0,14.0,16.0,14.0,16.0,14.0,11.0,14.0,12.0,14.0,12.0,16.0,20.0,15.0,12.0,17.0,17.0,16.0,20.0
20.0,22.0,18.0,18.0,19.0,15.0,14.0,16.0,16.0,21.0,19.0,18.0,23.0,20.0,18.0,17.0,20.0,12.0,16.0,11.0,11.0,15.0,9.0,8.0,11.0,7.0,13.0,10.0,10.0,11.0,20.0,21.0,14.0,10.0,14.0,13.0,12.0,10.0,11.0,13.0,16.0,17.0,16.0,23.0,18.0,14.0,15.0,15.0
10.0,11.0,18.0,15.0,15.0,12.0,13.0,12.0,13.0,10.0,11.0,13.0,14.0,18.0,17.0,21.0,18.0,25.0,23.0,14.0,19.0,18.0,21.0,18.0,13.0,17.0,11.0,15.0,11.0,15.0,17.0,17.0,18.0,18.0,22.0,18.0,17.0,22.0,18.0,24.0,16.0,25.0,23.0,23.0,26.0,22.0,21.0,24.0
24.0,21.0,18.0,21.0,21.0,24.0,24.0,18.0,15.0,20.0,17.0,15.0,16.0,15.0,16.0,13.0,20.0,20.0,9.0,14.0,12.0,12.0,22.0,22.0,18.0,20.0,18.0,20.0,26.0,19.0,22.0,22.0,17.0,25.0,23.0,23.0,20.0,19.0,22.0,23.0,19.0,21.0,30.0,33.0,33.0,30.0,28.0,28.0
4.0,6.0,8.0,7.0,5.0,6.0,9.0,8.0,7.0,5.0,7.0,8.0,6.0,6.0,10.0,10.0,15.0,8.0,8.0,13.0,13.0,19.0,16.0,15.0,17.0,14.0,13.0,15.0,23.0,22.0,20.0,23.0,15.0,20.0,23.0,22.0,15.0,19.0,22.0,22.0,20.0,24.0,28.0,26.0,31.0,32.0,34.0,31.0
6.0,7.0,5.0,3.0,4.0,6.0,5.0,4.0,5.0,5.0,4.0,6.0,11.0,15.0,11.0,19.0,19.0,16.0,13.0,15.0,23.0,15.0,14.0,14.0,20.0,13.0,18.0,18.0,18.0,32.0,28.0,16.0,27.0,23.0,25.0,28.0,33.0,19.0,24.0,23.0,30.0,35.0,28.0,25.0,34.0,35.0,35.0,31.0
9.0,19.0,14.0,13.0,14.0,15.0,14.0,16.0,19.0,15.0,16.0,13.0,10.0,13.0,23.0,13.0,16.0,15.0,16.0,13.0,13.0,17.0,14.0,22.0,23.0,23.0,22.0,25.0,23.0,32.0,33.0,29.0,30.0,37.0,33.0,32.0,31.0,35.0,28.0,42.0,44.0,41.0,42.0,41.0,34.0,40.0,44.0,48.0
26.0,19.0,19.0,16.0,21.0,13.0,18.0,18.0,15.0,15.0,14.0,17.0,17.0,11.0,18.0,16.0,14.0,20.0,18.0,20.0,23.0,23.0,30.0,23.0,25.0,29.0,36.0,27.0,29.0,31.0,29.0,29.0,34.0,37.0,34.0,39.0,30.0,39.0,44.0,35.0,41.0,41.0,38.0,48.0,47.0,46.0,50.0,50.0
2.0,4.0,5.0,6.0,4.0,7.0,3.0,5.0,6.0,9.0,10.0,8.0,14.0,15.0,18.0,12.0,20.0,23.0,22.0,24.0,22.0,24.0,29.0,28.0,25.0,24.0,29.0,39.0,34.0,31.0,29.0,36.0,29.0,30.0,31.0,33.0,44.0,43.0,42.0,39.0,46.0,37.0,45.0,37.0,46.0,40.0,42.0,30.0
3.0,2.0,7.0,5.0,7.0,14.0,14.0,11.0,10.0,15.0,9.0,12.0,13.0,17.0,23.0,19.0,23.0,21.0,23.0,25.0,27.0,25.0,22.0,27.0,34.0,33.0,43.0,31.0,38.0,32.0,34.0,32.0,41.0,26.0,37.0,37.0,39.0,51.0,47.0,43.0,40.0,41.0,39.0,52.0,47.0,51.0,47.0,55.0
3.0,7.0,3.0,4.0,4.0,5.0,6.0,9.0,12.0,9.0,14.0,13.0,14.0,15.0,17.0,17.0,15.0,9.0,12.0,14.0,26.0,23.0,25.0,26.0,23.0,27.0,21.0,27.0,24.0,31.0,30.0,37.0,26.0,33.0,29.0,37.0,36.0,36.0,39.0,39.0,49.0,48.0,53.0,44.0,49.0,47.0,54.0,60.0
0.0,0.0,1.0,2.0,3.0,6.0,2.0,1.0,3.0,4.0,8.0,7.0,6.0,11.0,8.0,6.0,10.0,6.0,7.0,12.0,9.0,18.0,16.0,18.0,19.0,12.0,24.0,21.0,19.0,20.0,22.0,17.0,29.0,31.0,28.0,24.0,26.0,26.0,25.0,30.0,33.0,36.0,38.0,38.0,35.0,39.0,30.0,34.0
2.0,4.0,5.0,3.0,4.0,5.0,4.0,4.0,1.0,4.0,4.0,8.0,7.0,10.0,9.0,11.0,15.0,7.0,14.0,9.0,9.0,8.0,12.0,11.0,13.0,17.0,13.0,15.0,22.0,25.0,24.0,28.0,24.0,23.0,20.0,24.0,26.0,34.0,32.0,28.0,27.0,31.0,25.0,22.0,26.0,26.0,33.0,29.0
1.0,1.0,1.0,2.0,3.0,6.0,3.0,5.0,7.0,8.0,10.0,6.0,11.0,10.0,10.0,15.0,12.0,16.0,15.0,22.0,15.0,16.0,12.0,13.0,14.0,19.0,19.0,18.0,21.0,16.0,17.0,15.0,17.0,24.0,28.0,32.0,26.0,24.0,24.0,26.0,28.0,30.0,29.0,26.0,28.0,27.0,28.0,32.0
0.0,2.0,2.0,2.0,5.0,7.0,9.0,8.0,11.0,15.0,7.0,10.0,11.0,12.0,14.0,14.0,11.0,11.0,17.0,13.0,7.0,12.0,15.0,17.0,22.0,13.0,21.0,22.0,21.0,25.0,29.0,22.0,22.0,32.0,25.0,21.0,26.0,27.0,26.0,24.0,27.0,28.0,30.0,37.0,36.0,45.0,45.0,46.0
3.0,5.0,3.0,5.0,9.0,10.0,10.0,11.0,11.0,13.0,20.0,17.0,16.0,19.0,14.0,14.0,14.0,16.0,14.0,17.0,19.0,14.0,26.0,26.0,28.0,31.0,31.0,27.0,39.0,29.0,32.0,33.0,36.0,34.0,36.0,34.0,31.0,38.0,41.0,36.0,44.0,42.0,35.0,41.0,44.0,39.0,35.0,38.0
8.0,18.0,12.0,13.0,9.0,14.0,14.0,17.0,14.0,10.0,9.0,13.0,8.0,10.0,16.0,18.0,16.0,21.0,28.0,31.0,30.0,31.0,30.0,25.0,38.0,33.0,35.0,38.0,27.0,41.0,44.0,43.0,38.0,44.0,46.0,53.0,49.0,48.0,48.0,55.0,55.0,50.0,59.0,50.0,45.0,44.0,46.0,48.0
40.0,19.0,18.0,12.0,19.0,14.0,13.0,14.0,12.0,13.0,16.0,11.0,18.0,20.0,24.0,25.0,37.0,36.0,43.0,46.0,43.0,40.0,47.0,55.0,46.0,51.0,46.0,42.0,51.0,46.0,48.0,50.0,54.0,57.0,54.0,61.0,68.0,62.0,59.0,63.0,53.0,52.0,51.0,57.0,54.0,62.0,56.0,56.0
58.0,55.0,51.0,53.0,53.0,61.0,59.0,59.0,57.0,54.0,57.0,62.0,56.0,58.0,56.0,55.0,48.0,60.0,63.0,54.0,62.0,67.0,56.0,65.0,69.0,70.0,74.0,68.0,67.0,78.0,77.0,68.0,83.0,77.0,85.0,92.0,82.0,86.0,92.0,93.0,96.0,91.0,87.0,89.0,81.0,84.0,75.0,73.0
33.0,42.0,47.0,51.0,51.0,51.0,59.0,66.0,70.0,67.0,73.0,75.0,71.0,79.0,73.0,66.0,70.0,78.0,78.0,98.0,86.0,92.0,80.0,91.0,85.0,96.0,86.0,98.0,97.0,105.0,112.0,119.0,96.0,103.0,99.0,95.0,103.0,101.0,105.0,106.0,111.0,99.0,103.0,101.0,97.0,100.0,105.0,107.0
137.0,135.0,128.0,127.0,125.0,137.0,136.0,137.0,126.0,127.0,123.0,129.0,125.0,118.0,120.0,120.0,120.0,106.0,115.0,109.0,114.0,112.0,113.0,117.0,115.0,103.0,110.0,100.0,114.0,118.0,115.0,102.0,110.0,97.0,103.0,108.0,99.0,120.0,104.0,105.0,101.0,99.0,100.0,98.0,102.0,111.0,103.0,101.0
66.0,69.0,78.0,73.0,77.0,77.0,71.0,64.0,70.0,70.0,79.0,74.0,73.0,78.0,103.0,98.0,84.0,107.0,105.0,93.0,89.0,86.0,81.0,87.0,87.0,98.0,101.0,93.0,93.0,92.0,94.0,90.0,94.0,107.0,93.0,84.0,81.0,76.0,96.0,92.0,86.0,86.0,81.0,98.0,103.0,95.0,99.0,105.0
148.0,128.0,122.0,113.0,117.0,115.0,110.0,111.0,114.0,111.0,108.0,111.0,109.0,112.0,102.0,96.0,96.0,92.0,93.0,73.0,72.0,75.0,77.0,73.0,70.0,69.0,72.0,81.0,62.0,74.0,80.0,77.0,92.0,85.0,84.0,78.0,86.0,87.0,92.0,90.0,89.0,84.0,79.0,79.0,89.0,87.0,86.0,85.0
20.0,33.0,32.0,37.0,33.0,32.0,35.0,33.0,37.0,34.0,28.0,31.0,32.0,35.0,36.0,46.0,42.0,52.0,43.0,47.0,41.0,46.0,34.0,46.0,46.0,43.0,43.0,42.0,58.0,55.0,51.0,52.0,52.0,52.0,44.0,41.0,38.0,47.0,44.0,47.0,44.0,49.0,53.0,53.0,43.0,52.0,56.0,51.0
6.0,3.0,10.0,10.0,14.0,15.0,17.0,22.0,24.0,20.0,17.0,13.0,15.0,15.0,19.0,13.0,16.0,17.0,16.0,24.0,33.0,20.0,21.0,25.0,24.0,27.0,23.0,23.0,34.0,33.0,28.0,26.0,30.0,21.0,29.0,23.0,31.0,24.0,23.0,26.0,25.0,21.0,28.0,22.0,28.0,18.0,18.0,25.0
5.0,8.0,6.0,6.0,10.0,9.0,10.0,3.0,4.0,7.0,8.0,12.0,16.0,21.0,12.0,15.0,15.0,11.0,21.0,18.0,17.0,19.0,21.0,14.0,14.0,15.0,13.0,15.0,16.0,21.0,24.0,24.0,13.0,20.0,16.0,22.0,15.0,16.0,21.0,19.0,20.0,18.0,18.0,18.0,19.0,31.0,24.0,25.0
9.0,3.0,3.0,4.0,4.0,5.0,2.0,5.0,2.0,2.0,2.0,3.0,2.0,5.0,7.0,7.0,13.0,7.0,7.0,10.0,11.0,14.0,14.0,17.0,18.0,19.0,13.0,15.0,15.0,16.0,17.0,17.0,19.0,12.0,19.0,14.0,13.0,15.0,15.0,16.0,13.0,18.0,24.0,20.0,19.0,14.0,19.0,18.0
3.0,2.0,1.0,2.0,1.0,0.0,3.0,3.0,4.0,5.0,2.0,4.0,4.0,6.0,3.0,3.0,3.0,10.0,12.0,7.0,8.0,6.0,8.0,11.0,11.0,2.0,8.0,5.0,13.0,10.0,10.0,7.0,10.0,10.0,7.0,10.0,9.0,9.0,12.0,17.0,11.0,11.0,8.0,11.0,19.0,17.0,11.0,7.0
0.0,1.0,3.0,3.0,3.0,6.0,4.0,4.0,5.0,6.0,6.0,7.0,4.0,3.0,4.0,6.0,7.0,11.0,6.0,6.0,7.0,9.0,12.0,13.0,9.0,9.0,10.0,11.0,8.0,9.0,7.0,9.0,9.0,13.0,16.0,12.0,16.0,9.0,10.0,12.0,10.0,11.0,10.0,11.0,11.0,13.0,10.0,10.0
2.0,4.0,2.0,3.0,4.0,5.0,5.0,7.0,9.0,10.0,12.0,7.0,10.0,6.0,7.0,7.0,8.0,7.0,4.0,6.0,8.0,7.0,5.0,4.0,4.0,6.0,3.0,9.0,12.0,11.0,11.0,9.0,11.0,9.0,11.0,11.0,14.0,12.0,10.0,8.0,9.0,5.0,12.0,7.0,9.0,5.0,6.0,11.0
19.0,14.0,15.0,15.0,16.0,18.0,14.0,15.0,13.0,13.0,12.0,12.0,14.0,16.0,12.0,9.0,15.0,10.0,16.0,13.0,16.0,11.0,12.0,12.0,10.0,8.0,13.0,15.0,12.0,8.0,11.0,14.0,11.0,17.0,14.0,14.0,18.0,16.0,10.0,14.0,10.0,11.0,8.0,8.0,6.0,11.0,10.0,14.0
2.0,6.0,5.0,7.0,6.0,7.0,6.0,4.0,7.0,7.0,8.0,4.0,3.0,7.0,10.0,8.0,4.0,8.0,5.0,10.0,5.0,9.0,7.0,5.0,5.0,6.0,6.0,9.0,9.0,11.0,13.0,6.0,7.0,5.0,6.0,7.0,9.0,7.0,14.0,6.0,7.0,8.0,7.0,7.0,8.0,9.0,12.0,6.0
21.0,18.0,20.0,20.0,16.0,16.0,16.0,16.0,17.0,16.0,15.0,14.0,14.0,12.0,7.0,8.0,7.0,10.0,13.0,8.0,8.0,6.0,6.0,7.0,5.0,3.0,3.0,5.0,8.0,9.0,8.0,7.0,5.0,5.0,6.0,2.0,7.0,6.0,8.0,11.0,11.0,13.0,9.0,7.0,9.0,11.0,4.0,6.0
3.0,4.0,6.0,2.0,5.0,3.0,4.0,1.0,4.0,3.0,5.0,3.0,6.0,4.0,7.0,10.0,3.0,4.0,4.0,4.0,4.0,7.0,7.0,10.0,8.0,11.0,6.0,8.0,5.0,4.0,5.0,6.0,8.0,9.0,5.0,7.0,2.0,4.0,5.0,7.0,9.0,4.0,6.0,7.0,6.0,6.0,4.0,1.0
0.0,1.0,1.0,1.0,1.0,1.0,3.0,3.0,2.0,3.0,3.0,5.0,1.0,1.0,2.0,2.0,3.0,2.0,0.0,1.0,0.0,2.0,4.0,3.0,6.0,6.0,4.0,5.0,3.0,4.0,7.0,7.0,6.0,5.0,9.0,2.0,6.0,4.0,3.0,2.0,3.0,4.0,5.0,4.0,3.0,7.0,5.0,5.0
0.0,0.0,0.0,0.0,0.0,1.0,0.0,0.0,0.0,0.0,0.0,2.0,2.0,1.0,0.0,1.0,3.0,3.0,1.0,1.0,1.0,1.0,1.0,2.0,2.0,2.0,3.0,2.0,1.0,4.0,0.0,0.0,0.0,2.0,2.0,4.0,3.0,3.0,2.0,2.0,2.0,1.0,1.0,1.0,2.0,2.0,6.0,5.0
0.0,0.0,0.0,0.0,1.0,0.0,1.0,2.0,0.0,0.0,2.0,0.0,1.0,0.0,2.0,1.0,1.0,2.0,1.0,2.0,3.0,2.0,1.0,1.0,2.0,2.0,3.0,3.0,2.0,2.0,1.0,1.0,0.0,0.0,1.0,1.0,2.0,3.0,3.0,2.0,2.0,2.0,3.0,4.0,5.0,2.0,2.0,5.0
0.0,0.0,0.0,1.0,0.0,0.0,0.0,0.0,1.0,2.0,0.0,0.0,0.0,0.0,0.0,0.0,0.0,1.0,1.0,0.0,0.0,0.0,0.0,0.0,0.0,3.0,2.0,1.0,1.0,2.0,2.0,2.0,2.0,3.0,2.0,2.0,1.0,1.0,0.0,1.0,0.0,0.0,0.0,0.0,0.0,1.0,1.0,3.0
0.0,0.0,0.0,0.0,0.0,0.0,0.0,0.0,0.0,0.0,0.0,0.0,1.0,0.0,1.0,0.0,1.0,1.0,2.0,0.0,0.0,0.0,0.0,1.0,1.0,0.0,1.0,3.0,2.0,2.0,2.0,0.0,1.0,1.0,0.0,2.0,2.0,0.0,0.0,0.0,1.0,2.0,1.0,1.0,2.0,2.0,3.0,2.0
1.0,0.0,0.0,0.0,0.0,0.0,0.0,0.0,0.0,1.0,1.0,1.0,1.0,2.0,0.0,1.0,1.0,1.0,1.0,2.0,3.0,2.0,5.0,2.0,1.0,1.0,2.0,1.0,1.0,1.0,2.0,1.0,1.0,1.0,1.0,1.0,0.0,0.0,1.0,1.0,0.0,0.0,0.0,0.0,2.0,0.0,0.0,1.0
0.0,1.0,0.0,0.0,0.0,0.0,0.0,2.0,2.0,1.0,1.0,1.0,1.0,1.0,0.0,0.0,1.0,1.0,0.0,1.0,2.0,2.0,1.0,1.0,0.0,1.0,1.0,0.0,1.0,1.0,0.0,0.0,1.0,0.0,1.0,1.0,1.0,0.0,1.0,2.0,2.0,1.0,0.0,2.0,0.0,0.0,0.0,1.0
1.0,0.0,1.0,0.0,0.0,1.0,2.0,0.0,0.0,0.0,0.0,0.0,1.0,2.0,1.0,2.0,2.0,3.0,3.0,3.0,2.0,3.0,2.0,2.0,2.0,2.0,1.0,1.0,1.0,2.0,2.0,2.0,1.0,1.0,2.0,0.0,1.0,2.0,1.0,1.0,2.0,4.0,3.0,3.0,3.0,1.0,1.0,2.0
0.0,0.0,0.0,0.0,0.0,0.0,0.0,0.0,0.0,0.0,0.0,0.0,2.0,1.0,2.0,0.0,1.0,1.0,1.0,2.0,0.0,0.0,1.0,0.0,0.0,0.0,0.0,0.0,0.0,0.0,2.0,1.0,0.0,1.0,0.0,1.0,1.0,1.0,1.0,0.0,2.0,2.0,4.0,4.0,2.0,6.0,3.0,1.0
33.0,25.0,25.0,25.0,23.0,26.0,27.0,32.0,26.0,24.0,28.0,25.0,28.0,30.0,28.0,26.0,22.0,28.0,32.0,36.0,31.0,32.0,33.0,36.0,36.0,36.0,39.0,36.0,28.0,32.0,30.0,33.0,28.0,29.0,26.0,23.0,32.0,31.0,33.0,32.0,24.0,20.0,24.0,22.0,22.0,27.0,24.0,25.0
21.0,25.0,27.0,29.0,31.0,30.0,27.0,25.0,28.0,30.0,27.0,29.0,29.0,32.0,30.0,33.0,26.0,27.0,31.0,25.0,20.0,28.0,26.0,29.0,29.0,23.0,32.0,33.0,40.0,24.0,22.0,27.0,28.0,25.0,38.0,31.0,29.0,29.0,34.0,28.0,26.0,34.0,27.0,30.0,24.0,22.0,18.0,21.0
5.0,3.0,5.0,9.0,7.0,8.0,17.0,10.0,7.0,9.0,18.0,13.0,16.0,10.0,10.0,11.0,17.0,15.0,10.0,10.0,12.0,15.0,16.0,19.0,11.0,17.0,12.0,20.0,17.0,24.0,20.0,21.0,20.0,20.0,17.0,20.0,17.0,14.0,17.0,25.0,18.0,24.0,18.0,21.0,20.0,15.0,25.0,28.0
2.0,7.0,6.0,6.0,5.0,3.0,2.0,5.0,5.0,5.0,2.0,5.0,5.0,3.0,5.0,6.0,11.0,14.0,12.0,11.0,15.0,13.0,19.0,15.0,20.0,15.0,19.0,12.0,20.0,13.0,19.0,14.0,13.0,18.0,12.0,15.0,18.0,19.0,13.0,8.0,13.0,12.0,13.0,13.0,20.0,20.0,23.0,19.0
8.0,10.0,9.0,13.0,9.0,10.0,11.0,10.0,9.0,8.0,10.0,9.0,8.0,11.0,12.0,13.0,9.0,10.0,10.0,14.0,11.0,12.0,9.0,15.0,11.0,15.0,11.0,13.0,14.0,19.0,11.0,17.0,17.0,21.0,23.0,19.0,12.0,12.0,12.0,12.0,10.0,11.0,12.0,16.0,16.0,21.0,20.0,20.0
20.0,9.0,12.0,10.0,14.0,12.0,12.0,7.0,6.0,5.0,7.0,9.0,10.0,9.0,11.0,8.0,7.0,7.0,10.0,6.0,9.0,14.0,13.0,14.0,12.0,12.0,14.0,13.0,20.0,15.0,13.0,11.0,16.0,14.0,13.0,11.0,9.0,11.0,10.0,13.0,8.0,8.0,15.0,12.0,21.0,16.0,14.0,11.0
4.0,10.0,11.0,10.0,6.0,7.0,9.0,10.0,13.0,7.0,11.0,11.0,16.0,11.0,13.0,12.0,13.0,10.0,13.0,14.0,16.0,15.0,19.0,18.0,17.0,18.0,16.0,19.0,19.0,17.0,19.0,15.0,13.0,11.0,16.0,16.0,10.0,7.0,17.0,18.0,16.0,13.0,13.0,15.0,14.0,16.0,16.0,18.0
6.0,7.0,8.0,10.0,10.0,12.0,13.0,12.0,9.0,14.0,10.0,12.0,13.0,13.0,12.0,12.0,16.0,21.0,16.0,19.0,17.0,15.0,17.0,27.0,26.0,24.0,20.0,20.0,23.0,18.0,20.0,18.0,19.0,21.0,14.0,12.0,20.0,15.0,17.0,14.0,19.0,19.0,27.0,20.0,30.0,28.0,28.0,30.0
4.0,4.0,5.0,7.0,8.0,9.0,10.0,10.0,8.0,9.0,12.0,8.0,5.0,7.0,9.0,8.0,11.0,10.0,15.0,13.0,19.0,20.0,18.0,12.0,13.0,13.0,20.0,22.0,20.0,14.0,17.0,14.0,13.0,18.0,14.0,18.0,12.0,13.0,13.0,13.0,20.0,18.0,17.0,19.0,13.0,12.0,16.0,19.0
6.0,3.0,3.0,5.0,5.0,7.0,9.0,9.0,10.0,12.0,15.0,10.0,9.0,12.0,9.0,12.0,7.0,12.0,15.0,15.0,16.0,19.0,18.0,22.0,20.0,26.0,27.0,21.0,22.0,23.0,13.0,24.0,23.0,18.0,20.0,20.0,25.0,27.0,27.0,28.0,19.0,22.0,20.0,25.0,20.0,20.0,24.0,26.0
3.0,2.0,3.0,6.0,6.0,7.0,7.0,8.0,6.0,6.0,8.0,9.0,12.0,11.0,8.0,11.0,15.0,18.0,22.0,15.0,18.0,18.0,24.0,19.0,24.0,19.0,14.0,26.0,23.0,22.0,24.0,21.0,23.0,32.0,29.0,19.0,17.0,24.0,25.0,29.0,20.0,19.0,25.0,28.0,23.0,26.0,28.0,35.0
27.0,21.0,23.0,22.0,20.0,22.0,22.0,21.0,22.0,25.0,24.0,19.0,20.0,23.0,17.0,20.0,20.0,17.0,12.0,15.0,18.0,17.0,16.0,18.0,18.0,21.0,15.0,15.0,18.0,15.0,20.0,18.0,19.0,19.0,14.0,20.0,22.0,24.0,28.0,27.0,25.0,26.0,26.0,27.0,34.0,28.0,27.0,25.0
0.0,3.0,3.0,6.0,6.0,8.0,6.0,7.0,7.0,8.0,4.0,8.0,9.0,10.0,11.0,10.0,9.0,7.0,8.0,8.0,7.0,12.0,8.0,9.0,13.0,12.0,14.0,18.0,18.0,17.0,16.0,23.0,18.0,25.0,22.0,17.0,19.0,23.0,19.0,26.0,20.0,24.0,24.0,27.0,26.0,32.0,26.0,24.0
0.0,1.0,2.0,1.0,1.0,1.0,1.0,2.0,4.0,2.0,2.0,5.0,3.0,5.0,3.0,7.0,2.0,5.0,4.0,11.0,9.0,11.0,10.0,18.0,14.0,16.0,14.0,13.0,21.0,15.0,18.0,19.0,25.0,22.0,22.0,20.0,17.0,23.0,25.0,25.0,23.0,31.0,36.0,33.0,22.0,37.0,35.0,30.0
0.0,1.0,0.0,1.0,1.0,2.0,2.0,3.0,4.0,6.0,7.0,6.0,4.0,3.0,6.0,6.0,9.0,10.0,11.0,12.0,8.0,10.0,12.0,11.0,12.0,14.0,15.0,19.0,15.0,18.0,14.0,14.0,16.0,20.0,19.0,23.0,23.0,21.0,18.0,14.0,21.0,21.0,18.0,15.0,21.0,15.0,21.0,21.0
1.0,0.0,3.0,3.0,3.0,3.0,4.0,4.0,3.0,4.0,4.0,6.0,3.0,2.0,5.0,7.0,8.0,11.0,4.0,4.0,3.0,4.0,3.0,6.0,12.0,12.0,18.0,15.0,11.0,14.0,13.0,18.0,14.0,14.0,14.0,12.0,13.0,11.0,16.0,18.0,18.0,23.0,24.0,22.0,24.0,18.0,14.0,14.0
2.0,1.0,0.0,0.0,0.0,0.0,1.0,2.0,1.0,1.0,2.0,3.0,6.0,5.0,10.0,4.0,5.0,6.0,6.0,6.0,8.0,6.0,7.0,9.0,7.0,5.0,3.0,4.0,8.0,12.0,14.0,12.0,12.0,16.0,20.0,20.0,16.0,13.0,11.0,14.0,12.0,15.0,16.0,17.0,24.0,17.0,23.0,20.0
0.0,2.0,1.0,3.0,1.0,1.0,1.0,1.0,4.0,2.0,2.0,3.0,3.0,3.0,1.0,2.0,4.0,9.0,8.0,8.0,11.0,12.0,6.0,9.0,9.0,8.0,9.0,11.0,9.0,10.0,12.0,13.0,15.0,15.0,17.0,9.0,13.0,11.0,11.0,9.0,5.0,6.0,11.0,11.0,10.0,15.0,10.0,10.0
0.0,0.0,1.0,1.0,2.0,1.0,1.0,2.0,2.0,2.0,2.0,2.0,1.0,3.0,3.0,3.0,6.0,7.0,9.0,4.0,12.0,10.0,13.0,13.0,10.0,11.0,7.0,10.0,10.0,12.0,13.0,10.0,14.0,8.0,8.0,10.0,13.0,18.0,14.0,11.0,10.0,9.0,19.0,19.0,18.0,19.0,21.0,19.0
1.0,0.0,0.0,1.0,2.0,1.0,1.0,2.0,1.0,2.0,4.0,4.0,6.0,5.0,6.0,8.0,11.0,11.0,4.0,8.0,5.0,4.0,3.0,2.0,6.0,12.0,8.0,7.0,9.0,12.0,6.0,11.0,8.0,12.0,14.0,18.0,17.0,15.0,5.0,8.0,6.0,9.0,10.0,9.0,12.0,11.0,12.0,19.0
0.0,0.0,2.0,2.0,2.0,1.0,2.0,1.0,1.0,2.0,3.0,4.0,4.0,2.0,3.0,6.0,5.0,6.0,6.0,3.0,4.0,6.0,3.0,5.0,9.0,10.0,10.0,11.0,10.0,12.0,9.0,9.0,16.0,12.0,9.0,15.0,15.0,15.0,16.0,16.0,20.0,18.0,16.0,14.0,19.0,18.0,19.0,24.0
0.0,0.0,6.0,5.0,8.0,8.0,9.0,8.0,7.0,8.0,7.0,8.0,9.0,10.0,10.0,10.0,12.0,10.0,15.0,14.0,13.0,9.0,7.0,12.0,9.0,12.0,14.0,16.0,13.0,11.0,13.0,17.0,25.0,24.0,26.0,19.0,26.0,20.0,23.0,18.0,25.0,31.0,32.0,30.0,30.0,33.0,31.0,25.0
1.0,5.0,7.0,7.0,6.0,5.0,5.0,10.0,7.0,5.0,5.0,7.0,3.0,3.0,4.0,9.0,7.0,10.0,11.0,19.0,17.0,26.0,20.0,19.0,20.0,16.0,22.0,25.0,26.0,31.0,28.0,33.0,32.0,36.0,39.0,41.0,41.0,51.0,42.0,41.0,40.0,33.0,35.0,34.0,30.0,27.0,28.0,32.0
2.0,1.0,3.0,1.0,5.0,2.0,5.0,2.0,4.0,6.0,7.0,8.0,13.0,12.0,19.0,16.0,20.0,19.0,21.0,25.0,27.0,25.0,33.0,22.0,25.0,35.0,36.0,42.0,32.0,35.0,41.0,43.0,31.0,29.0,36.0,32.0,32.0,28.0,32.0,37.0,36.0,44.0,37.0,37.0,45.0,40.0,51.0,45.0
1.0,7.0,8.0,10.0,11.0,9.0,9.0,9.0,10.0,16.0,15.0,14.0,19.0,29.0,29.0,22.0,26.0,27.0,29.0,23.0,29.0,26.0,20.0,28.0,32.0,30.0,35.0,31.0,46.0,41.0,47.0,40.0,40.0,40.0,42.0,42.0,39.0,40.0,40.0,41.0,42.0,47.0,46.0,54.0,60.0,56.0,53.0,54.0
26.0,28.0,30.0,30.0,33.0,32.0,34.0,33.0,31.0,22.0,22.0,22.0,28.0,36.0,37.0,44.0,35.0,45.0,41.0,46.0,42.0,40.0,39.0,44.0,49.0,50.0,45.0,56.0,44.0,51.0,43.0,48.0,50.0,47.0,57.0,58.0,66.0,51.0,56.0,55.0,56.0,59.0,63.0,56.0,54.0,53.0,64.0,74.0
34.0,36.0,42.0,43.0,42.0,44.0,50.0,53.0,50.0,49.0,48.0,48.0,56.0,51.0,49.0,42.0,65.0,56.0,62.0,59.0,67.0,62.0,54.0,54.0,57.0,50.0,63.0,51.0,55.0,50.0,61.0,67.0,57.0,54.0,57.0,62.0,71.0,70.0,61.0,60.0,55.0,56.0,60.0,60.0,63.0,62.0,70.0,65.0
23.0,25.0,25.0,28.0,26.0,27.0,26.0,23.0,26.0,29.0,34.0,33.0,32.0,34.0,36.0,46.0,34.0,52.0,37.0,50.0,45.0,47.0,49.0,45.0,47.0,49.0,51.0,61.0,52.0,52.0,51.0,44.0,41.0,35.0,45.0,47.0,37.0,46.0,41.0,43.0,38.0,41.0,39.0,47.0,41.0,45.0,47.0,46.0
45.0,37.0,33.0,34.0,41.0,41.0,40.0,39.0,36.0,38.0,40.0,41.0,35.0,37.0,42.0,40.0,40.0,35.0,40.0,38.0,51.0,45.0,46.0,47.0,35.0,45.0,45.0,41.0,39.0,37.0,36.0,40.0,24.0,25.0,37.0,36.0,44.0,38.0,44.0,36.0,43.0,35.0,37.0,34.0,41.0,40.0,39.0,51.0
4.0,9.0,6.0,11.0,9.0,11.0,12.0,16.0,15.0,13.0,13.0,17.0,18.0,16.0,16.0,17.0,19.0,24.0,22.0,28.0,26.0,34.0,37.0,25.0,31.0,27.0,25.0,26.0,23.0,28.0,27.0,26.0,23.0,24.0,21.0,22.0,23.0,22.0,22.0,20.0,25.0,32.0,25.0,29.0,25.0,32.0,29.0,29.0
5.0,4.0,10.0,13.0,11.0,9.0,8.0,7.0,8.0,12.0,11.0,12.0,11.0,12.0,13.0,11.0,18.0,18.0,10.0,17.0,23.0,18.0,19.0,21.0,18.0,19.0,15.0,16.0,18.0,20.0,26.0,24.0,26.0,24.0,23.0,19.0,29.0,39.0,34.0,31.0,29.0,27.0,31.0,41.0,39.0,36.0,36.0,33.0
12.0,10.0,11.0,11.0,10.0,11.0,8.0,9.0,7.0,6.0,10.0,10.0,10.0,11.0,10.0,18.0,12.0,13.0,16.0,13.0,13.0,16.0,13.0,14.0,14.0,19.0,18.0,17.0,16.0,17.0,20.0,22.0,20.0,25.0,17.0,23.0,23.0,21.0,23.0,14.0,20.0,19.0,18.0,21.0,23.0,15.0,22.0,25.0
3.0,5.0,3.0,2.0,4.0,6.0,7.0,8.0,7.0,10.0,10.0,5.0,6.0,4.0,7.0,6.0,6.0,6.0,6.0,10.0,7.0,10.0,11.0,9.0,13.0,16.0,13.0,10.0,10.0,12.0,6.0,10.0,16.0,10.0,13.0,11.0,12.0,7.0,9.0,13.0,9.0,13.0,8.0,7.0,10.0,12.0,15.0,12.0
9.0,6.0,7.0,8.0,6.0,6.0,5.0,4.0,4.0,4.0,5.0,8.0,7.0,6.0,5.0,5.0,10.0,9.0,7.0,5.0,2.0,5.0,9.0,10.0,10.0,5.0,6.0,11.0,8.0,5.0,9.0,8.0,13.0,4.0,8.0,10.0,10.0,14.0,9.0,9.0,15.0,14.0,17.0,12.0,12.0,14.0,11.0,16.0
2.0,6.0,5.0,5.0,5.0,7.0,5.0,5.0,4.0,7.0,4.0,4.0,7.0,10.0,7.0,5.0,7.0,9.0,10.0,4.0,5.0,5.0,5.0,5.0,5.0,8.0,8.0,7.0,6.0,11.0,12.0,7.0,8.0,5.0,9.0,11.0,4.0,3.0,12.0,5.0,7.0,8.0,4.0,11.0,5.0,7.0,13.0,8.0
2.0,3.0,3.0,2.0,10.0,4.0,4.0,5.0,6.0,7.0,6.0,6.0,5.0,7.0,7.0,10.0,5.0,9.0,6.0,9.0,11.0,10.0,6.0,11.0,9.0,6.0,6.0,4.0,12.0,10.0,6.0,5.0,2.0,7.0,7.0,5.0,5.0,7.0,3.0,7.0,8.0,8.0,5.0,5.0,4.0,6.0,7.0,5.0
2.0,5.0,7.0,7.0,4.0,3.0,2.0,5.0,3.0,4.0,4.0,4.0,4.0,4.0,5.0,5.0,5.0,7.0,10.0,7.0,12.0,9.0,9.0,14.0,17.0,11.0,13.0,12.0,10.0,13.0,10.0,9.0,11.0,8.0,8.0,5.0,5.0,6.0,9.0,7.0,6.0,6.0,4.0,6.0,7.0,6.0,7.0,9.0
9.0,7.0,6.0,6.0,9.0,9.0,9.0,6.0,7.0,6.0,7.0,6.0,6.0,5.0,9.0,8.0,8.0,7.0,6.0,5.0,6.0,8.0,6.0,6.0,7.0,6.0,4.0,10.0,9.0,7.0,5.0,7.0,8.0,9.0,6.0,9.0,7.0,3.0,3.0,7.0,6.0,6.0,9.0,11.0,8.0,4.0,6.0,8.0
5.0,5.0,6.0,7.0,3.0,2.0,2.0,3.0,2.0,2.0,4.0,3.0,3.0,4.0,2.0,3.0,4.0,2.0,1.0,5.0,4.0,3.0,3.0,4.0,8.0,7.0,7.0,3.0,3.0,5.0,2.0,3.0,3.0,4.0,5.0,5.0,3.0,3.0,5.0,2.0,3.0,3.0,3.0,1.0,3.0,2.0,2.0,5.0
0.0,0.0,0.0,0.0,2.0,2.0,1.0,1.0,1.0,1.0,1.0,2.0,3.0,2.0,2.0,1.0,2.0,3.0,3.0,1.0,3.0,3.0,3.0,3.0,2.0,3.0,4.0,4.0,2.0,1.0,1.0,0.0,2.0,2.0,2.0,4.0,3.0,5.0,3.0,3.0,1.0,2.0,3.0,3.0,2.0,1.0,3.0,1.0
0.0,0.0,0.0,0.0,0.0,0.0,0.0,0.0,0.0,0.0,0.0,1.0,1.0,2.0,1.0,2.0,3.0,0.0,0.0,0.0,1.0,0.0,2.0,2.0,0.0,1.0,3.0,1.0,4.0,0.0,0.0,2.0,1.0,0.0,1.0,1.0,2.0,3.0,2.0,2.0,2.0,1.0,2.0,2.0,3.0,1.0,1.0,3.0
0.0,1.0,0.0,0.0,0.0,0.0,0.0,0.0,1.0,0.0,0.0,0.0,0.0,1.0,2.0,1.0,1.0,0.0,0.0,0.0,1.0,2.0,1.0,0.0,0.0,2.0,2.0,1.0,2.0,2.0,2.0,0.0,1.0,1.0,3.0,0.0,0.0,1.0,0.0,1.0,1.0,0.0,1.0,4.0,2.0,2.0,2.0,1.0
1.0,0.0,1.0,0.0,0.0,0.0,0.0,1.0,1.0,1.0,2.0,1.0,1.0,1.0,1.0,1.0,1.0,1.0,1.0,4.0,2.0,1.0,3.0,3.0,4.0,2.0,2.0,1.0,1.0,0.0,1.0,1.0,1.0,2.0,1.0,2.0,3.0,1.0,2.0,1.0,2.0,2.0,1.0,1.0,3.0,2.0,4.0,2.0
0.0,0.0,0.0,0.0,0.0,0.0,0.0,0.0,0.0,0.0,1.0,1.0,0.0,0.0,0.0,0.0,0.0,1.0,0.0,0.0,1.0,2.0,1.0,1.0,2.0,2.0,2.0,1.0,2.0,2.0,0.0,1.0,0.0,1.0,1.0,0.0,0.0,4.0,1.0,1.0,0.0,0.0,1.0,2.0,3.0,2.0,0.0,1.0
0.0,0.0,0.0,0.0,0.0,0.0,0.0,0.0,0.0,0.0,0.0,1.0,0.0,2.0,1.0,1.0,4.0,0.0,1.0,0.0,1.0,1.0,1.0,2.0,0.0,0.0,0.0,3.0,2.0,2.0,3.0,3.0,4.0,2.0,2.0,2.0,1.0,1.0,1.0,1.0,1.0,1.0,0.0,0.0,0.0,1.0,0.0,0.0
0.0,0.0,0.0,0.0,0.0,0.0,0.0,0.0,0.0,0.0,0.0,0.0,1.0,0.0,1.0,0.0,3.0,1.0,3.0,1.0,0.0,2.0,0.0,1.0,2.0,3.0,3.0,1.0,0.0,0.0,0.0,0.0,1.0,0.0,0.0,0.0,2.0,1.0,0.0,2.0,0.0,1.0,2.0,0.0,0.0,1.0,1.0,1.0
0.0,1.0,0.0,1.0,0.0,0.0,0.0,0.0,0.0,0.0,0.0,0.0,0.0,0.0,1.0,0.0,2.0,1.0,2.0,2.0,1.0,1.0,1.0,2.0,1.0,1.0,2.0,1.0,3.0,2.0,3.0,3.0,3.0,3.0,1.0,2.0,1.0,0.0,2.0,1.0,3.0,0.0,0.0,0.0,2.0,0.0,2.0,0.0
0.0,0.0,0.0,0.0,0.0,0.0,0.0,0.0,0.0,0.0,1.0,1.0,0.0,0.0,0.0,1.0,0.0,2.0,0.0,0.0,1.0,1.0,1.0,0.0,1.0,1.0,1.0,1.0,0.0,1.0,1.0,1.0,2.0,3.0,3.0,1.0,0.0,1.0,1.0,0.0,0.0,0.0,0.0,0.0,2.0,1.0,2.0,2.0
26.0,28.0,24.0,24.0,25.0,23.0,23.0,21.0,23.0,21.0,17.0,21.0,24.0,21.0,22.0,19.0,23.0,18.0,17.0,20.0,25.0,21.0,20.0,27.0,28.0,29.0,28.0,23.0,17.0,20.0,28.0,21.0,20.0,19.0,23.0,25.0,20.0,26.0,24.0,27.0,32.0,30.0,29.0,30.0,29.0,30.0,28.0,29.0
13.0,10.0,17.0,10.0,9.0,10.0,13.0,15.0,12.0,10.0,12.0,14.0,11.0,12.0,16.0,20.0,21.0,20.0,13.0,12.0,16.0,14.0,17.0,16.0,13.0,18.0,16.0,22.0,17.0,21.0,20.0,21.0,21.0,22.0,17.0,24.0,24.0,17.0,16.0,17.0,15.0,16.0,20.0,22.0,17.0,14.0,16.0,19.0
0.0,4.0,5.0,6.0,8.0,9.0,8.0,11.0,14.0,15.0,11.0,10.0,8.0,11.0,11.0,11.0,12.0,11.0,7.0,8.0,8.0,8.0,7.0,10.0,13.0,10.0,11.0,7.0,9.0,10.0,18.0,16.0,19.0,10.0,6.0,14.0,10.0,13.0,14.0,10.0,11.0,15.0,10.0,7.0,17.0,15.0,12.0,16.0
8.0,6.0,5.0,5.0,7.0,6.0,4.0,4.0,5.0,4.0,5.0,4.0,7.0,8.0,7.0,10.0,7.0,7.0,9.0,12.0,11.0,9.0,12.0,12.0,13.0,14.0,11.0,13.0,10.0,10.0,9.0,13.0,11.0,8.0,17.0,16.0,19.0,17.0,19.0,14.0,17.0,18.0,18.0,22.0,12.0,17.0,17.0,14.0
4.0,3.0,3.0,3.0,7.0,5.0,6.0,7.0,7.0,7.0,8.0,8.0,7.0,3.0,7.0,7.0,8.0,11.0,8.0,11.0,16.0,14.0,20.0,12.0,18.0,15.0,17.0,8.0,7.0,13.0,10.0,12.0,17.0,16.0,16.0,20.0,20.0,16.0,17.0,13.0,22.0,14.0,14.0,14.0,16.0,19.0,21.0,23.0
15.0,22.0,20.0,18.0,18.0,19.0,17.0,18.0,18.0,20.0,22.0,18.0,21.0,24.0,22.0,26.0,21.0,28.0,22.0,22.0,22.0,20.0,17.0,27.0,15.0,16.0,15.0,18.0,17.0,19.0,22.0,15.0,15.0,17.0,14.0,19.0,22.0,18.0,18.0,22.0,19.0,24.0,13.0,14.0,19.0,20.0,12.0,15.0
25.0,17.0,13.0,13.0,16.0,15.0,13.0,13.0,20.0,18.0,16.0,19.0,14.0,18.0,12.0,13.0,17.0,22.0,21.0,25.0,18.0,18.0,21.0,12.0,25.0,22.0,20.0,24.0,17.0,21.0,13.0,21.0,22.0,20.0,27.0,13.0,21.0,30.0,18.0,16.0,15.0,13.0,23.0,18.0,17.0,16.0,19.0,12.0
11.0,22.0,20.0,17.0,19.0,16.0,16.0,18.0,15.0,19.0,24.0,23.0,23.0,25.0,27.0,24.0,17.0,17.0,20.0,17.0,23.0,17.0,21.0,18.0,27.0,20.0,23.0,20.0,15.0,18.0,19.0,26.0,26.0,33.0,33.0,34.0,29.0,26.0,22.0,27.0,18.0,22.0,22.0,24.0,20.0,23.0,25.0,22.0
12.0,9.0,13.0,20.0,16.0,15.0,12.0,15.0,16.0,14.0,10.0,13.0,16.0,15.0,17.0,19.0,20.0,24.0,23.0,32.0,30.0,38.0,40.0,29.0,26.0,26.0,18.0,25.0,25.0,28.0,24.0,26.0,27.0,25.0,27.0,25.0,31.0,32.0,28.0,29.0,31.0,32.0,32.0,27.0,33.0,35.0,28.0,25.0
18.0,23.0,21.0,17.0,20.0,21.0,18.0,18.0,17.0,15.0,13.0,13.0,14.0,15.0,19.0,21.0,25.0,22.0,21.0,24.0,21.0,18.0,24.0,31.0,32.0,36.0,38.0,32.0,34.0,30.0,36.0,36.0,35.0,29.0,30.0,32.0,26.0,31.0,29.0,29.0,45.0,35.0,37.0,33.0,28.0,29.0,27.0,32.0
34.0,22.0,24.0,27.0,28.0,28.0,30.0,28.0,31.0,27.0,28.0,29.0,33.0,27.0,28.0,26.0,18.0,24.0,20.0,27.0,37.0,36.0,30.0,39.0,30.0,31.0,38.0,32.0,39.0,40.0,37.0,37.0,36.0,30.0,29.0,22.0,29.0,22.0,24.0,29.0,37.0,37.0,37.0,37.0,38.0,34.0,36.0,37.0
3.0,9.0,8.0,10.0,10.0,6.0,3.0,7.0,8.0,11.0,21.0,20.0,14.0,14.0,15.0,15.0,14.0,14.0,14.0,18.0,15.0,18.0,22.0,20.0,21.0,21.0,22.0,15.0,18.0,20.0,23.0,25.0,22.0,27.0,23.0,30.0,19.0,25.0,29.0,28.0,24.0,28.0,20.0,19.0,22.0,29.0,28.0,22.0
0.0,0.0,2.0,1.0,4.0,6.0,7.0,6.0,7.0,7.0,4.0,5.0,8.0,8.0,7.0,10.0,10.0,13.0,11.0,12.0,12.0,6.0,11.0,10.0,12.0,12.0,11.0,13.0,16.0,12.0,13.0,12.0,22.0,16.0,23.0,21.0,25.0,23.0,21.0,18.0,21.0,19.0,20.0,19.0,21.0,22.0,25.0,24.0
0.0,0.0,0.0,0.0,0.0,0.0,2.0,0.0,1.0,1.0,1.0,1.0,3.0,4.0,4.0,3.0,4.0,4.0,6.0,6.0,8.0,8.0,9.0,9.0,6.0,9.0,10.0,11.0,12.0,19.0,19.0,15.0,12.0,13.0,17.0,16.0,15.0,11.0,15.0,14.0,18.0,16.0,17.0,13.0,15.0,6.0,14.0,12.0
0.0,0.0,1.0,0.0,0.0,0.0,0.0,2.0,2.0,2.0,1.0,0.0,2.0,2.0,1.0,1.0,1.0,1.0,2.0,3.0,5.0,2.0,4.0,2.0,6.0,6.0,8.0,10.0,8.0,10.0,13.0,8.0,9.0,10.0,12.0,12.0,11.0,10.0,10.0,12.0,9.0,7.0,8.0,10.0,7.0,13.0,7.0,14.0
0.0,0.0,0.0,0.0,0.0,0.0,0.0,2.0,0.0,0.0,1.0,0.0,3.0,2.0,0.0,1.0,2.0,1.0,3.0,2.0,1.0,0.0,1.0,3.0,2.0,4.0,3.0,2.0,3.0,2.0,1.0,1.0,4.0,3.0,7.0,5.0,7.0,11.0,8.0,8.0,10.0,9.0,12.0,15.0,13.0,14.0,15.0,12.0
0.0,0.0,0.0,0.0,0.0,1.0,2.0,0.0,0.0,1.0,1.0,1.0,1.0,0.0,2.0,1.0,0.0,1.0,3.0,4.0,2.0,2.0,4.0,1.0,4.0,4.0,6.0,9.0,8.0,6.0,7.0,5.0,5.0,3.0,5.0,8.0,11.0,5.0,7.0,5.0,8.0,9.0,8.0,11.0,12.0,9.0,7.0,11.0
3.0,1.0,0.0,1.0,2.0,1.0,1.0,1.0,1.0,1.0,1.0,0.0,1.0,0.0,0.0,4.0,1.0,1.0,3.0,2.0,2.0,2.0,5.0,5.0,3.0,4.0,6.0,5.0,3.0,1.0,0.0,8.0,6.0,8.0,5.0,10.0,5.0,2.0,3.0,6.0,6.0,4.0,3.0,3.0,5.0,8.0,9.0,11.0
0.0,1.0,1.0,1.0,0.0,1.0,0.0,0.0,0.0,1.0,1.0,2.0,3.0,4.0,3.0,1.0,4.0,0.0,1.0,2.0,1.0,2.0,3.0,4.0,4.0,4.0,4.0,3.0,4.0,3.0,5.0,3.0,7.0,6.0,3.0,3.0,2.0,4.0,4.0,5.0,7.0,5.0,6.0,7.0,5.0,6.0,5.0,5.0
0.0,0.0,0.0,1.0,1.0,2.0,2.0,1.0,1.0,1.0,1.0,2.0,3.0,4.0,3.0,3.0,1.0,3.0,3.0,6.0,4.0,6.0,3.0,6.0,2.0,3.0,5.0,7.0,4.0,7.0,5.0,7.0,6.0,4.0,6.0,6.0,8.0,6.0,8.0,9.0,8.0,6.0,7.0,5.0,3.0,4.0,8.0,5.0
1.0,0.0,2.0,1.0,1.0,1.0,0.0,1.0,2.0,3.0,3.0,1.0,3.0,7.0,5.0,4.0,3.0,2.0,5.0,2.0,5.0,4.0,2.0,0.0,1.0,1.0,2.0,3.0,4.0,3.0,4.0,5.0,3.0,4.0,8.0,4.0,6.0,9.0,9.0,5.0,6.0,5.0,7.0,11.0,8.0,11.0,10.0,8.0
0.0,1.0,0.0,2.0,2.0,1.0,2.0,3.0,2.0,3.0,2.0,3.0,4.0,3.0,1.0,5.0,4.0,5.0,4.0,6.0,5.0,8.0,11.0,5.0,6.0,5.0,1.0,3.0,6.0,12.0,5.0,6.0,9.0,8.0,10.0,7.0,6.0,5.0,11.0,12.0,4.0,9.0,11.0,17.0,11.0,13.0,11.0,18.0
0.0,0.0,1.0,2.0,2.0,2.0,2.0,2.0,6.0,3.0,7.0,4.0,5.0,6.0,4.0,4.0,6.0,5.0,4.0,6.0,6.0,4.0,9.0,11.0,11.0,10.0,11.0,6.0,14.0,14.0,13.0,9.0,7.0,14.0,15.0,16.0,18.0,13.0,18.0,16.0,22.0,20.0,22.0,21.0,28.0,24.0,27.0,24.0
0.0,1.0,1.0,2.0,1.0,3.0,3.0,4.0,5.0,6.0,3.0,5.0,4.0,6.0,1.0,6.0,4.0,5.0,13.0,9.0,5.0,8.0,13.0,13.0,16.0,13.0,11.0,16.0,18.0,18.0,15.0,15.0,23.0,18.0,19.0,20.0,18.0,20.0,16.0,19.0,16.0,20.0,14.0,16.0,17.0,17.0,15.0,14.0
0.0,1.0,3.0,5.0,6.0,10.0,7.0,6.0,4.0,6.0,8.0,5.0,5.0,4.0,11.0,12.0,14.0,10.0,13.0,17.0,18.0,17.0,14.0,12.0,13.0,17.0,21.0,21.0,18.0,19.0,26.0,29.0,27.0,29.0,30.0,22.0,22.0,22.0,24.0,22.0,18.0,19.0,25.0,25.0,20.0,30.0,33.0,24.0
10.0,8.0,10.0,10.0,8.0,8.0,11.0,9.0,12.0,13.0,12.0,12.0,13.0,15.0,17.0,17.0,11.0,19.0,19.0,14.0,15.0,22.0,24.0,22.0,27.0,25.0,31.0,29.0,35.0,34.0,25.0,30.0,30.0,31.0,32.0,33.0,24.0,32.0,30.0,31.0,31.0,28.0,27.0,25.0,29.0,30.0,28.0,27.0
32.0,32.0,30.0,26.0,28.0,25.0,25.0,29.0,26.0,29.0,27.0,32.0,29.0,27.0,29.0,31.0,28.0,30.0,35.0,33.0,30.0,32.0,35.0,34.0,29.0,31.0,25.0,37.0,33.0,46.0,38.0,40.0,37.0,42.0,38.0,34.0,26.0,36.0,38.0,36.0,38.0,39.0,35.0,42.0,38.0,40.0,34.0,49.0
39.0,34.0,32.0,36.0,33.0,36.0,32.0,34.0,35.0,35.0,30.0,29.0,38.0,36.0,33.0,26.0,32.0,31.0,34.0,30.0,33.0,33.0,31.0,36.0,36.0,38.0,28.0,30.0,38.0,34.0,38.0,33.0,40.0,34.0,29.0,36.0,33.0,33.0,31.0,33.0,31.0,31.0,33.0,31.0,35.0,39.0,42.0,37.0
55.0,59.0,61.0,56.0,49.0,48.0,48.0,44.0,47.0,45.0,44.0,44.0,47.0,48.0,41.0,36.0,38.0,34.0,28.0,34.0,33.0,37.0,45.0,34.0,38.0,41.0,40.0,35.0,33.0,29.0,31.0,33.0,32.0,33.0,35.0,41.0,25.0,31.0,36.0,46.0,44.0,45.0,34.0,39.0,33.0,47.0,39.0,34.0
26.0,28.0,29.0,27.0,26.0,21.0,24.0,27.0,25.0,24.0,25.0,25.0,21.0,20.0,14.0,19.0,26.0,32.0,35.0,30.0,22.0,25.0,28.0,23.0,27.0,27.0,26.0,26.0,20.0,19.0,16.0,17.0,25.0,28.0,27.0,29.0,33.0,28.0,39.0,40.0,38.0,35.0,35.0,30.0,27.0,30.0,32.0,35.0
36.0,23.0,23.0,17.0,18.0,18.0,14.0,12.0,14.0,11.0,17.0,12.0,12.0,12.0,18.0,20.0,23.0,16.0,28.0,16.0,19.0,15.0,18.0,21.0,24.0,20.0,25.0,22.0,29.0,21.0,14.0,17.0,22.0,21.0,21.0,30.0,26.0,27.0,24.0,31.0,22.0,28.0,29.0,27.0,26.0,28.0,23.0,20.0
5.0,17.0,10.0,13.0,11.0,10.0,10.0,15.0,11.0,13.0,12.0,12.0,9.0,7.0,12.0,9.0,11.0,13.0,18.0,22.0,18.0,22.0,19.0,19.0,20.0,22.0,26.0,20.0,21.0,26.0,26.0,17.0,15.0,18.0,16.0,20.0,17.0,21.0,21.0,20.0,22.0,17.0,14.0,14.0,16.0,15.0,14.0,22.0
1.0,3.0,4.0,3.0,4.0,3.0,4.0,2.0,9.0,8.0,6.0,7.0,8.0,10.0,8.0,11.0,8.0,10.0,18.0,9.0,12.0,8.0,5.0,9.0,10.0,9.0,12.0,13.0,13.0,13.0,15.0,17.0,11.0,14.0,16.0,14.0,18.0,11.0,16.0,16.0,14.0,12.0,13.0,10.0,13.0,13.0,8.0,10.0
6.0,4.0,3.0,4.0,6.0,4.0,6.0,7.0,5.0,3.0,3.0,4.0,8.0,6.0,8.0,7.0,9.0,8.0,4.0,11.0,9.0,12.0,9.0,9.0,9.0,8.0,5.0,7.0,8.0,8.0,8.0,9.0,7.0,8.0,8.0,6.0,5.0,6.0,10.0,16.0,12.0,17.0,11.0,12.0,11.0,14.0,16.0,11.0
2.0,3.0,5.0,4.0,6.0,8.0,5.0,6.0,6.0,7.0,7.0,5.0,7.0,3.0,5.0,7.0,8.0,4.0,5.0,5.0,8.0,8.0,14.0,9.0,11.0,8.0,11.0,8.0,6.0,3.0,8.0,11.0,11.0,11.0,7.0,10.0,13.0,8.0,6.0,11.0,10.0,10.0,10.0,8.0,9.0,8.0,6.0,7.0
1.0,2.0,3.0,3.0,3.0,1.0,2.0,1.0,0.0,0.0,0.0,0.0,0.0,1.0,3.0,3.0,2.0,4.0,3.0,4.0,6.0,5.0,8.0,6.0,7.0,12.0,8.0,9.0,6.0,4.0,6.0,6.0,12.0,2.0,4.0,3.0,6.0,7.0,7.0,4.0,3.0,2.0,5.0,6.0,4.0,4.0,5.0,4.0
11.0,7.0,8.0,5.0,4.0,6.0,6.0,5.0,5.0,5.0,4.0,4.0,5.0,6.0,3.0,4.0,5.0,6.0,6.0,2.0,1.0,3.0,5.0,2.0,4.0,3.0,7.0,3.0,2.0,5.0,8.0,6.0,4.0,7.0,5.0,6.0,3.0,2.0,4.0,4.0,6.0,5.0,3.0,2.0,3.0,2.0,3.0,2.0
0.0,3.0,0.0,1.0,1.0,1.0,0.0,3.0,3.0,3.0,4.0,1.0,1.0,2.0,2.0,2.0,3.0,4.0,7.0,5.0,3.0,4.0,4.0,4.0,2.0,6.0,7.0,2.0,4.0,4.0,2.0,3.0,1.0,1.0,3.0,2.0,5.0,7.0,4.0,4.0,5.0,7.0,5.0,4.0,2.0,3.0,3.0,5.0
0.0,1.0,0.0,0.0,1.0,2.0,1.0,1.0,1.0,1.0,0.0,2.0,2.0,0.0,2.0,0.0,2.0,3.0,1.0,2.0,3.0,3.0,4.0,2.0,2.0,2.0,2.0,2.0,2.0,1.0,4.0,2.0,1.0,2.0,2.0,2.0,3.0,2.0,2.0,1.0,2.0,2.0,2.0,2.0,3.0,3.0,4.0,1.0
0.0,0.0,1.0,2.0,3.0,1.0,1.0,1.0,1.0,1.0,0.0,0.0,1.0,1.0,1.0,3.0,1.0,0.0,3.0,1.0,0.0,1.0,0.0,2.0,3.0,3.0,2.0,4.0,4.0,2.0,3.0,4.0,2.0,2.0,1.0,2.0,0.0,0.0,0.0,2.0,1.0,1.0,1.0,2.0,4.0,1.0,0.0,0.0
0.0,1.0,0.0,0.0,0.0,1.0,1.0,1.0,1.0,1.0,1.0,1.0,1.0,0.0,1.0,1.0,1.0,3.0,1.0,0.0,1.0,2.0,2.0,2.0,3.0,2.0,2.0,3.0,3.0,4.0,2.0,2.0,5.0,4.0,2.0,2.0,1.0,1.0,3.0,2.0,0.0,0.0,0.0,0.0,1.0,0.0,0.0,1.0
2.0,0.0,0.0,0.0,0.0,0.0,0.0,0.0,0.0,0.0,0.0,1.0,2.0,1.0,1.0,3.0,1.0,1.0,1.0,1.0,0.0,1.0,1.0,0.0,1.0,0.0,1.0,1.0,2.0,2.0,2.0,1.0,1.0,1.0,1.0,1.0,1.0,1.0,1.0,2.0,2.0,3.0,5.0,2.0,0.0,2.0,3.0,2.0
0.0,1.0,1.0,1.0,1.0,1.0,1.0,0.0,0.0,0.0,0.0,0.0,0.0,1.0,0.0,0.0,0.0,0.0,2.0,2.0,2.0,2.0,1.0,1.0,1.0,1.0,1.0,2.0,2.0,1.0,3.0,2.0,1.0,3.0,3.0,3.0,2.0,2.0,2.0,2.0,2.0,2.0,1.0,2.0,1.0,1.0,0.0,2.0
0.0,0.0,0.0,0.0,0.0,0.0,1.0,1.0,0.0,0.0,0.0,1.0,0.0,0.0,2.0,1.0,3.0,1.0,2.0,5.0,3.0,2.0,2.0,4.0,2.0,1.0,1.0,1.0,1.0,3.0,2.0,3.0,3.0,2.0,2.0,1.0,1.0,0.0,3.0,4.0,3.0,3.0,5.0,4.0,3.0,3.0,4.0,4.0
0.0,0.0,0.0,0.0,0.0,0.0,0.0,0.0,2.0,3.0,3.0,2.0,3.0,2.0,1.0,0.0,1.0,0.0,0.0,0.0,1.0,2.0,1.0,1.0,0.0,0.0,2.0,0.0,1.0,2.0,1.0,0.0,1.0,1.0,0.0,0.0,1.0,1.0,2.0,2.0,2.0,1.0,0.0,0.0,0.0,2.0,0.0,1.0
1.0,0.0,0.0,0.0,0.0,0.0,0.0,1.0,1.0,0.0,0.0,0.0,0.0,0.0,0.0,1.0,0.0,1.0,0.0,2.0,1.0,1.0,3.0,3.0,3.0,1.0,1.0,1.0,0.0,0.0,0.0,0.0,0.0,0.0,1.0,1.0,1.0,2.0,3.0,2.0,2.0,1.0,2.0,2.0,2.0,1.0,2.0,2.0
0.0,0.0,0.0,0.0,0.0,0.0,0.0,0.0,0.0,0.0,0.0,0.0,0.0,0.0,0.0,0.0,1.0,0.0,1.0,1.0,1.0,2.0,2.0,1.0,0.0,1.0,0.0,2.0,0.0,1.0,0.0,1.0,1.0,0.0,0.0,0.0,2.0,1.0,0.0,2.0,2.0,2.0,2.0,2.0,0.0,1.0,0.0,0.0
0.0,0.0,0.0,0.0,0.0,0.0,0.0,0.0,0.0,0.0,0.0,0.0,0.0,0.0,0.0,1.0,0.0,0.0,1.0,0.0,0.0,1.0,2.0,1.0,0.0,1.0,3.0,0.0,1.0,0.0,1.0,0.0,1.0,1.0,1.0,2.0,2.0,1.0,0.0,1.0,0.0,0.0,1.0,1.0,2.0,0.0,2.0,2.0
4.0,1.0,4.0,6.0,6.0,6.0,7.0,5.0,8.0,9.0,8.0,10.0,9.0,9.0,10.0,11.0,12.0,14.0,12.0,14.0,7.0,14.0,15.0,15.0,17.0,12.0,13.0,12.0,19.0,19.0,20.0,20.0,18.0,21.0,24.0,19.0,24.0,19.0,27.0,22.0,21.0,21.0,20.0,16.0,22.0,23.0,30.0,22.0
1.0,7.0,2.0,5.0,5.0,9.0,4.0,8.0,10.0,8.0,10.0,7.0,12.0,9.0,6.0,8.0,6.0,4.0,10.0,9.0,13.0,8.0,10.0,11.0,13.0,15.0,11.0,14.0,12.0,9.0,11.0,11.0,13.0,9.0,10.0,13.0,13.0,17.0,18.0,15.0,16.0,15.0,14.0,18.0,22.0,22.0,17.0,23.0
6.0,3.0,6.0,4.0,7.0,5.0,6.0,7.0,3.0,5.0,5.0,5.0,9.0,7.0,9.0,6.0,6.0,8.0,6.0,8.0,5.0,10.0,7.0,12.0,13.0,7.0,16.0,15.0,15.0,13.0,11.0,10.0,8.0,20.0,16.0,10.0,8.0,13.0,11.0,18.0,19.0,13.0,20.0,16.0,10.0,12.0,18.0,10.0
22.0,21.0,20.0,24.0,23.0,21.0,24.0,22.0,21.0,23.0,20.0,21.0,22.0,22.0,20.0,19.0,21.0,18.0,21.0,16.0,22.0,19.0,24.0,19.0,23.0,21.0,15.0,20.0,17.0,30.0,17.0,20.0,16.0,22.0,22.0,15.0,18.0,20.0,18.0,27.0,25.0,26.0,22.0,19.0,21.0,26.0,25.0,21.0
8.0,8.0,9.0,9.0,9.0,13.0,14.0,13.0,14.0,13.0,14.0,16.0,14.0,11.0,17.0,12.0,11.0,8.0,14.0,16.0,14.0,12.0,10.0,17.0,15.0,18.0,24.0,21.0,21.0,18.0,19.0,12.0,19.0,18.0,18.0,15.0,13.0,9.0,13.0,12.0,10.0,9.0,14.0,19.0,16.0,15.0,18.0,20.0
16.0,14.0,13.0,13.0,11.0,13.0,12.0,13.0,14.0,14.0,13.0,10.0,11.0,16.0,12.0,13.0,11.0,20.0,15.0,23.0,21.0,23.0,20.0,16.0,19.0,21.0,15.0,17.0,25.0,23.0,26.0,21.0,17.0,18.0,16.0,20.0,15.0,11.0,18.0,19.0,18.0,23.0,25.0,20.0,18.0,11.0,17.0,13.0
17.0,20.0,25.0,22.0,21.0,21.0,21.0,19.0,20.0,23.0,21.0,23.0,22.0,18.0,18.0,17.0,21.0,20.0,26.0,23.0,26.0,26.0,28.0,27.0,28.0,30.0,34.0,20.0,25.0,32.0,33.0,33.0,30.0,28.0,32.0,30.0,37.0,30.0,29.0,25.0,31.0,32.0,26.0,26.0,25.0,28.0,19.0,23.0
37.0,25.0,27.0,26.0,28.0,27.0,24.0,24.0,28.0,25.0,24.0,23.0,25.0,33.0,31.0,37.0,33.0,24.0,23.0,25.0,24.0,22.0,22.0,27.0,25.0,26.0,26.0,30.0,28.0,19.0,29.0,28.0,31.0,32.0,34.0,34.0,36.0,37.0,49.0,41.0,43.0,40.0,38.0,37.0,42.0,36.0,37.0,39.0
24.0,24.0,27.0,28.0,30.0,26.0,31.0,28.0,23.0,23.0,25.0,30.0,36.0,34.0,35.0,31.0,32.0,33.0,34.0,35.0,40.0,47.0,33.0,45.0,35.0,30.0,38.0,34.0,32.0,34.0,40.0,42.0,41.0,40.0,46.0,50.0,45.0,51.0,52.0,62.0,50.0,52.0,47.0,43.0,41.0,41.0,47.0,41.0
29.0,34.0,32.0,35.0,39.0,34.0,34.0,36.0,36.0,38.0,38.0,34.0,34.0,30.0,37.0,40.0,37.0,40.0,42.0,53.0,53.0,56.0,61.0,56.0,55.0,59.0,52.0,61.0,55.0,52.0,59.0,53.0,52.0,51.0,57.0,44.0,45.0,49.0,39.0,41.0,44.0,47.0,44.0,48.0,45.0,46.0,50.0,51.0
20.0,31.0,31.0,27.0,22.0,25.0,28.0,26.0,29.0,23.0,28.0,31.0,26.0,31.0,39.0,35.0,39.0,39.0,45.0,38.0,43.0,35.0,40.0,48.0,48.0,54.0,43.0,49.0,50.0,47.0,45.0,45.0,43.0,48.0,48.0,49.0,46.0,43.0,49.0,40.0,38.0,43.0,52.0,52.0,50.0,47.0,50.0,37.0
5.0,13.0,16.0,12.0,13.0,12.0,13.0,16.0,18.0,19.0,17.0,24.0,20.0,21.0,21.0,29.0,31.0,23.0,22.0,31.0,28.0,28.0,37.0,35.0,38.0,31.0,33.0,43.0,42.0,41.0,37.0,37.0,42.0,38.0,46.0,31.0,36.0,36.0,37.0,33.0,31.0,29.0,38.0,41.0,35.0,38.0,35.0,47.0
1.0,2.0,6.0,6.0,6.0,7.0,7.0,9.0,9.0,8.0,10.0,13.0,16.0,12.0,10.0,6.0,14.0,21.0,20.0,13.0,17.0,20.0,19.0,17.0,18.0,19.0,20.0,24.0,17.0,21.0,25.0,25.0,19.0,29.0,24.0,24.0,23.0,22.0,23.0,27.0,26.0,30.0,24.0,27.0,27.0,22.0,25.0,28.0
0.0,0.0,2.0,1.0,2.0,3.0,2.0,1.0,1.0,3.0,2.0,2.0,3.0,6.0,6.0,4.0,6.0,2.0,5.0,5.0,10.0,6.0,7.0,9.0,12.0,8.0,11.0,10.0,14.0,10.0,10.0,13.0,13.0,13.0,11.0,9.0,9.0,6.0,4.0,10.0,13.0,18.0,14.0,11.0,11.0,15.0,9.0,10.0
0.0,0.0,0.0,1.0,1.0,2.0,2.0,0.0,0.0,0.0,2.0,3.0,1.0,1.0,1.0,3.0,3.0,5.0,4.0,4.0,0.0,3.0,1.0,1.0,4.0,5.0,2.0,1.0,5.0,6.0,6.0,8.0,8.0,8.0,5.0,8.0,8.0,8.0,8.0,4.0,2.0,3.0,6.0,6.0,5.0,6.0,9.0,6.0
0.0,0.0,0.0,1.0,0.0,0.0,0.0,0.0,1.0,0.0,0.0,1.0,1.0,0.0,1.0,0.0,0.0,1.0,3.0,2.0,4.0,3.0,2.0,2.0,4.0,4.0,2.0,4.0,2.0,2.0,2.0,3.0,2.0,1.0,2.0,3.0,2.0,4.0,8.0,4.0,9.0,7.0,5.0,4.0,4.0,7.0,6.0,7.0
3.0,1.0,1.0,1.0,2.0,1.0,1.0,1.0,1.0,1.0,1.0,1.0,0.0,3.0,1.0,1.0,1.0,0.0,0.0,0.0,1.0,2.0,0.0,2.0,1.0,3.0,4.0,1.0,3.0,1.0,1.0,2.0,3.0,3.0,5.0,2.0,2.0,6.0,2.0,4.0,2.0,5.0,5.0,5.0,4.0,4.0,6.0,5.0
0.0,1.0,1.0,1.0,0.0,0.0,0.0,0.0,0.0,0.0,0.0,0.0,0.0,0.0,0.0,0.0,0.0,0.0,2.0,1.0,1.0,0.0,2.0,2.0,3.0,3.0,3.0,1.0,2.0,3.0,3.0,0.0,3.0,2.0,4.0,2.0,2.0,2.0,6.0,4.0,4.0,3.0,4.0,5.0,5.0,4.0,3.0,5.0
0.0,0.0,0.0,0.0,0.0,0.0,0.0,1.0,1.0,1.0,1.0,0.0,0.0,0.0,2.0,2.0,1.0,1.0,0.0,0.0,1.0,2.0,0.0,0.0,2.0,0.0,0.0,1.0,2.0,4.0,3.0,3.0,3.0,3.0,2.0,2.0,1.0,2.0,3.0,2.0,2.0,4.0,2.0,1.0,3.0,1.0,2.0,2.0
1.0,1.0,1.0,1.0,1.0,0.0,1.0,1.0,2.0,0.0,0.0,0.0,0.0,1.0,0.0,1.0,1.0,2.0,1.0,2.0,2.0,2.0,2.0,0.0,2.0,0.0,2.0,2.0,0.0,0.0,4.0,3.0,6.0,6.0,5.0,4.0,5.0,4.0,4.0,5.0,3.0,5.0,3.0,5.0,5.0,6.0,3.0,2.0
0.0,0.0,0.0,0.0,0.0,0.0,1.0,1.0,1.0,1.0,1.0,1.0,0.0,0.0,1.0,1.0,0.0,0.0,1.0,0.0,3.0,3.0,4.0,4.0,4.0,5.0,4.0,2.0,3.0,5.0,6.0,5.0,5.0,5.0,4.0,6.0,4.0,8.0,5.0,6.0,7.0,7.0,5.0,4.0,4.0,2.0,3.0,4.0
0.0,0.0,1.0,0.0,0.0,0.0,0.0,1.0,2.0,2.0,1.0,2.0,2.0,1.0,1.0,0.0,3.0,3.0,4.0,4.0,2.0,3.0,3.0,5.0,6.0,4.0,4.0,5.0,4.0,2.0,10.0,5.0,3.0,3.0,2.0,4.0,7.0,7.0,6.0,9.0,9.0,9.0,11.0,7.0,8.0,10.0,10.0,14.0
1.0,0.0,0.0,1.0,1.0,3.0,3.0,1.0,1.0,2.0,1.0,1.0,2.0,1.0,3.0,4.0,4.0,1.0,2.0,2.0,6.0,4.0,5.0,5.0,5.0,4.0,3.0,4.0,4.0,6.0,4.0,7.0,6.0,4.0,8.0,3.0,6.0,5.0,5.0,7.0,8.0,8.0,8.0,6.0,10.0,8.0,9.0,10.0
0.0,1.0,1.0,1.0,2.0,0.0,0.0,0.0,0.0,0.0,1.0,1.0,2.0,4.0,4.0,1.0,3.0,6.0,1.0,7.0,4.0,3.0,6.0,8.0,6.0,5.0,5.0,5.0,7.0,5.0,5.0,13.0,9.0,9.0,8.0,11.0,14.0,9.0,9.0,8.0,4.0,4.0,7.0,9.0,5.0,4.0,3.0,4.0
0.0,1.0,2.0,2.0,1.0,1.0,1.0,1.0,1.0,1.0,3.0,2.0,4.0,3.0,3.0,1.0,3.0,4.0,3.0,2.0,0.0,5.0,5.0,4.0,6.0,9.0,6.0,9.0,10.0,8.0,13.0,8.0,12.0,13.0,9.0,16.0,12.0,17.0,15.0,13.0,11.0,16.0,12.0,15.0,17.0,13.0,10.0,17.0
0.0,3.0,2.0,2.0,3.0,3.0,3.0,2.0,2.0,3.0,3.0,4.0,5.0,5.0,4.0,4.0,8.0,6.0,10.0,8.0,11.0,6.0,11.0,12.0,12.0,14.0,19.0,16.0,14.0,12.0,15.0,13.0,13.0,8.0,11.0,11.0,15.0,16.0,16.0,15.0,18.0,25.0,18.0,15.0,14.0,16.0,19.0,18.0
7.0,9.0,7.0,7.0,6.0,8.0,9.0,6.0,8.0,5.0,9.0,6.0,4.0,6.0,10.0,10.0,18.0,14.0,11.0,17.0,19.0,21.0,16.0,24.0,19.0,20.0,14.0,12.0,10.0,16.0,10.0,13.0,16.0,18.0,19.0,18.0,19.0,16.0,25.0,23.0,28.0,23.0,26.0,27.0,24.0,29.0,25.0,23.0
18.0,18.0,21.0,15.0,18.0,17.0,17.0,17.0,16.0,19.0,20.0,17.0,15.0,21.0,17.0,20.0,20.0,19.0,25.0,24.0,24.0,21.0,26.0,22.0,20.0,21.0,22.0,19.0,23.0,15.0,18.0,25.0,21.0,18.0,27.0,16.0,28.0,21.0,21.0,29.0,23.0,23.0,21.0,21.0,19.0,24.0,21.0,21.0
45.0,40.0,40.0,42.0,41.0,40.0,44.0,42.0,39.0,43.0,41.0,39.0,40.0,39.0,40.0,33.0,36.0,36.0,34.0,35.0,32.0,37.0,34.0,44.0,34.0,27.0,32.0,27.0,26.0,33.0,29.0,31.0,35.0,30.0,24.0,36.0,39.0,33.0,31.0,26.0,37.0,33.0,33.0,29.0,39.0,29.0,30.0,32.0
50.0,49.0,49.0,46.0,45.0,44.0,41.0,46.0,47.0,45.0,46.0,41.0,42.0,39.0,38.0,35.0,33.0,29.0,30.0,28.0,33.0,25.0,24.0,26.0,23.0,26.0,31.0,26.0,31.0,38.0,36.0,37.0,34.0,35.0,40.0,43.0,35.0,37.0,25.0,29.0,27.0,23.0,25.0,29.0,31.0,32.0,24.0,25.0
32.0,38.0,34.0,31.0,32.0,34.0,30.0,32.0,28.0,27.0,21.0,22.0,20.0,24.0,27.0,27.0,24.0,24.0,25.0,25.0,18.0,25.0,20.0,25.0,30.0,27.0,24.0,26.0,31.0,27.0,32.0,30.0,34.0,33.0,32.0,24.0,29.0,28.0,35.0,25.0,26.0,32.0,27.0,27.0,24.0,22.0,27.0,31.0
21.0,15.0,23.0,19.0,19.0,25.0,25.0,19.0,20.0,19.0,19.0,19.0,27.0,29.0,27.0,22.0,29.0,27.0,20.0,20.0,25.0,18.0,25.0,22.0,15.0,25.0,16.0,16.0,16.0,21.0,24.0,25.0,22.0,27.0,28.0,22.0,23.0,29.0,26.0,26.0,24.0,31.0,23.0,24.0,25.0,30.0,31.0,22.0
8.0,8.0,9.0,12.0,13.0,16.0,17.0,18.0,15.0,14.0,14.0,16.0,12.0,14.0,12.0,19.0,17.0,15.0,17.0,13.0,11.0,14.0,16.0,14.0,9.0,9.0,17.0,15.0,21.0,16.0,17.0,23.0,19.0,13.0,17.0,22.0,22.0,23.0,17.0,13.0,16.0,12.0,17.0,15.0,16.0,13.0,15.0,21.0
11.0,11.0,9.0,10.0,11.0,7.0,6.0,5.0,8.0,6.0,8.0,8.0,7.0,9.0,13.0,12.0,9.0,7.0,9.0,7.0,9.0,12.0,13.0,13.0,8.0,5.0,7.0,10.0,9.0,11.0,7.0,8.0,5.0,12.0,15.0,11.0,8.0,12.0,11.0,8.0,7.0,8.0,11.0,9.0,9.0,13.0,7.0,8.0
0.0,2.0,5.0,4.0,5.0,7.0,4.0,7.0,7.0,8.0,9.0,8.0,8.0,10.0,8.0,6.0,11.0,9.0,8.0,13.0,7.0,7.0,7.0,11.0,8.0,9.0,6.0,9.0,5.0,10.0,6.0,7.0,13.0,6.0,8.0,6.0,6.0,7.0,5.0,8.0,6.0,9.0,7.0,9.0,9.0,8.0,7.0,9.0
3.0,4.0,1.0,3.0,1.0,1.0,2.0,3.0,4.0,3.0,2.0,2.0,2.0,2.0,4.0,8.0,6.0,5.0,4.0,12.0,9.0,10.0,6.0,10.0,9.0,9.0,10.0,9.0,6.0,9.0,6.0,9.0,9.0,13.0,8.0,8.0,7.0,9.0,9.0,7.0,10.0,9.0,10.0,12.0,13.0,9.0,9.0,8.0
7.0,3.0,5.0,4.0,4.0,3.0,3.0,3.0,3.0,3.0,2.0,3.0,1.0,1.0,3.0,5.0,4.0,8.0,2.0,5.0,5.0,7.0,5.0,5.0,4.0,3.0,3.0,5.0,6.0,3.0,4.0,3.0,3.0,4.0,6.0,5.0,3.0,7.0,4.0,3.0,3.0,2.0,3.0,2.0,3.0,7.0,7.0,4.0
0.0,2.0,1.0,0.0,1.0,1.0,1.0,1.0,2.0,1.0,1.0,2.0,0.0,1.0,0.0,2.0,1.0,1.0,3.0,0.0,2.0,1.0,3.0,3.0,5.0,4.0,1.0,1.0,1.0,2.0,1.0,3.0,2.0,2.0,2.0,2.0,3.0,3.0,8.0,4.0,5.0,4.0,5.0,4.0,4.0,3.0,4.0,4.0
1.0,0.0,1.0,0.0,1.0,0.0,2.0,1.0,2.0,2.0,2.0,2.0,2.0,0.0,3.0,2.0,2.0,2.0,2.0,2.0,2.0,1.0,2.0,3.0,2.0,3.0,3.0,4.0,3.0,3.0,2.0,3.0,1.0,1.0,2.0,2.0,3.0,2.0,1.0,6.0,3.0,3.0,2.0,2.0,2.0,1.0,1.0,2.0
0.0,0.0,1.0,2.0,0.0,1.0,1.0,1.0,0.0,1.0,2.0,1.0,1.0,2.0,3.0,1.0,1.0,2.0,0.0,2.0,1.0,0.0,0.0,1.0,1.0,1.0,3.0,3.0,2.0,2.0,2.0,2.0,2.0,2.0,2.0,2.0,1.0,2.0,2.0,0.0,2.0,1.0,2.0,0.0,0.0,3.0,2.0,3.0
0.0,2.0,1.0,1.0,0.0,0.0,0.0,0.0,0.0,0.0,0.0,0.0,0.0,2.0,0.0,1.0,2.0,1.0,1.0,2.0,0.0,0.0,0.0,1.0,1.0,0.0,1.0,1.0,4.0,3.0,1.0,2.0,0.0,1.0,1.0,1.0,4.0,2.0,1.0,5.0,3.0,2.0,1.0,1.0,1.0,1.0,1.0,0.0
2.0,1.0,0.0,0.0,0.0,0.0,0.0,0.0,0.0,0.0,0.0,0.0,0.0,1.0,3.0,2.0,2.0,2.0,3.0,3.0,2.0,3.0,2.0,1.0,1.0,2.0,5.0,4.0,2.0,3.0,1.0,1.0,0.0,1.0,2.0,0.0,3.0,1.0,1.0,1.0,3.0,3.0,2.0,3.0,2.0,0.0,0.0,1.0
0.0,0.0,1.0,1.0,0.0,0.0,0.0,1.0,2.0,2.0,2.0,3.0,3.0,3.0,1.0,0.0,1.0,3.0,1.0,2.0,3.0,4.0,1.0,1.0,1.0,3.0,2.0,3.0,2.0,2.0,4.0,1.0,3.0,1.0,1.0,2.0,0.0,0.0,0.0,0.0,0.0,0.0,1.0,2.0,0.0,1.0,2.0,0.0
0.0,1.0,0.0,0.0,2.0,1.0,1.0,0.0,0.0,0.0,0.0,0.0,0.0,1.0,1.0,3.0,0.0,3.0,3.0,2.0,0.0,1.0,1.0,1.0,0.0,1.0,0.0,1.0,1.0,2.0,1.0,2.0,1.0,0.0,1.0,0.0,0.0,1.0,0.0,0.0,0.0,0.0,2.0,1.0,0.0,1.0,1.0,0.0
0.0,0.0,1.0,0.0,0.0,1.0,0.0,0.0,0.0,1.0,0.0,0.0,0.0,1.0,1.0,0.0,1.0,1.0,0.0,1.0,1.0,0.0,2.0,3.0,2.0,3.0,2.0,2.0,3.0,2.0,2.0,1.0,3.0,1.0,1.0,2.0,2.0,3.0,0.0,0.0,3.0,3.0,3.0,2.0,3.0,2.0,1.0,2.0
0.0,1.0,1.0,1.0,1.0,1.0,1.0,1.0,0.0,0.0,0.0,0.0,0.0,0.0,1.0,2.0,2.0,4.0,0.0,1.0,1.0,1.0,0.0,0.0,2.0,1.0,0.0,0.0,1.0,2.0,0.0,2.0,1.0,2.0,0.0,0.0,1.0,2.0,2.0,2.0,1.0,1.0,0.0,0.0,0.0,0.0,2.0,1.0
1.0,1.0,1.0,1.0,1.0,1.0,1.0,0.0,0.0,0.0,0.0,0.0,0.0,1.0,2.0,0.0,0.0,0.0,1.0,0.0,2.0,0.0,0.0,1.0,1.0,0.0,1.0,0.0,2.0,0.0,0.0,0.0,0.0,1.0,1.0,0.0,2.0,1.0,2.0,2.0,1.0,0.0,0.0,1.0,0.0,0.0,0.0,0.0
1.0,0.0,0.0,0.0,0.0,0.0,0.0,0.0,0.0,0.0,0.0,0.0,0.0,1.0,0.0,0.0,0.0,1.0,1.0,1.0,2.0,0.0,0.0,0.0,0.0,1.0,0.0,2.0,0.0,1.0,2.0,1.0,2.0,1.0,3.0,0.0,1.0,2.0,1.0,0.0,2.0,3.0,2.0,0.0,2.0,2.0,1.0,3.0
11.0,8.0,4.0,5.0,2.0,2.0,1.0,4.0,3.0,2.0,3.0,6.0,6.0,5.0,5.0,10.0,8.0,8.0,12.0,12.0,17.0,14.0,8.0,11.0,13.0,11.0,15.0,17.0,22.0,16.0,14.0,18.0,17.0,19.0,21.0,15.0,10.0,13.0,13.0,13.0,12.0,15.0,17.0,20.0,15.0,21.0,21.0,20.0
1.0,3.0,10.0,6.0,6.0,7.0,8.0,9.0,7.0,9.0,8.0,11.0,6.0,8.0,8.0,8.0,11.0,8.0,10.0,10.0,6.0,10.0,14.0,14.0,13.0,13.0,17.0,10.0,9.0,10.0,11.0,14.0,16.0,15.0,12.0,11.0,15.0,15.0,10.0,17.0,11.0,14.0,18.0,15.0,17.0,10.0,8.0,14.0
2.0,2.0,3.0,6.0,5.0,5.0,8.0,4.0,6.0,6.0,6.0,10.0,6.0,12.0,11.0,11.0,7.0,10.0,10.0,11.0,13.0,17.0,21.0,13.0,14.0,21.0,13.0,21.0,16.0,23.0,15.0,13.0,14.0,12.0,10.0,12.0,18.0,17.0,11.0,14.0,16.0,19.0,18.0,26.0,19.0,21.0,18.0,16.0
4.0,6.0,8.0,7.0,3.0,3.0,6.0,7.0,9.0,7.0,9.0,9.0,11.0,7.0,6.0,10.0,11.0,9.0,10.0,15.0,14.0,14.0,14.0,13.0,18.0,13.0,13.0,12.0,16.0,14.0,19.0,14.0,15.0,13.0,15.0,16.0,16.0,16.0,17.0,11.0,16.0,14.0,20.0,19.0,17.0,13.0,14.0,17.0
17.0,17.0,12.0,10.0,11.0,11.0,13.0,10.0,9.0,9.0,6.0,8.0,6.0,10.0,12.0,8.0,10.0,15.0,16.0,12.0,12.0,15.0,18.0,15.0,17.0,23.0,23.0,16.0,14.0,13.0,11.0,18.0,16.0,21.0,24.0,22.0,14.0,15.0,17.0,17.0,20.0,15.0,12.0,12.0,10.0,16.0,14.0,16.0
19.0,15.0,20.0,22.0,22.0,22.0,17.0,16.0,18.0,21.0,23.0,23.0,25.0,19.0,22.0,18.0,19.0,22.0,20.0,15.0,29.0,27.0,27.0,28.0,31.0,27.0,24.0,36.0,38.0,34.0,30.0,36.0,22.0,22.0,24.0,38.0,27.0,30.0,26.0,27.0,27.0,22.0,23.0,19.0,21.0,16.0,18.0,21.0
4.0,12.0,11.0,11.0,9.0,13.0,14.0,13.0,14.0,16.0,15.0,20.0,21.0,21.0,16.0,18.0,22.0,16.0,27.0,27.0,26.0,28.0,18.0,29.0,25.0,26.0,30.0,30.0,18.0,24.0,21.0,22.0,34.0,25.0,29.0,25.0,28.0,31.0,33.0,34.0,28.0,27.0,27.0,31.0,24.0,25.0,31.0,39.0
31.0,29.0,33.0,28.0,36.0,38.0,38.0,39.0,40.0,40.0,37.0,40.0,32.0,33.0,31.0,42.0,37.0,36.0,35.0,41.0,46.0,40.0,44.0,36.0,40.0,51.0,44.0,43.0,43.0,43.0,39.0,40.0,35.0,38.0,32.0,36.0,37.0,48.0,37.0,42.0,33.0,37.0,42.0,44.0,32.0,45.0,42.0,45.0
101.0,95.0,79.0,91.0,90.0,98.0,95.0,90.0,87.0,88.0,92.0,79.0,81.0,87.0,86.0,78.0,77.0,81.0,72.0,69.0,71.0,68.0,78.0,70.0,67.0,63.0,68.0,62.0,74.0,63.0,66.0,74.0,72.0,82.0,76.0,81.0,86.0,83.0,76.0,73.0,80.0,80.0,63.0,70.0,72.0,76.0,82.0,80.0
34.0,25.0,36.0,35.0,33.0,32.0,35.0,39.0,40.0,48.0,47.0,46.0,49.0,47.0,60.0,52.0,77.0,79.0,71.0,76.0,92.0,93.0,89.0,88.0,90.0,78.0,86.0,82.0,74.0,81.0,84.0,85.0,80.0,81.0,71.0,84.0,82.0,68.0,71.0,67.0,67.0,62.0,72.0,65.0,81.0,69.0,67.0,65.0
91.0,102.0,88.0,94.0,94.0,91.0,89.0,91.0,92.0,94.0,90.0,91.0,90.0,92.0,80.0,91.0,83.0,90.0,86.0,96.0,96.0,94.0,88.0,88.0,93.0,77.0,83.0,76.0,82.0,83.0,86.0,84.0,72.0,70.0,64.0,73.0,69.0,81.0,70.0,68.0,77.0,80.0,78.0,79.0,83.0,84.0,83.0,82.0
128.0,100.0,93.0,94.0,99.0,93.0,96.0,92.0,84.0,82.0,81.0,86.0,85.0,81.0,77.0,74.0,67.0,60.0,67.0,64.0,76.0,72.0,69.0,62.0,65.0,66.0,66.0,72.0,76.0,66.0,58.0,57.0,62.0,58.0,60.0,73.0,76.0,64.0,64.0,58.0,55.0,53.0,58.0,58.0,66.0,63.0,58.0,58.0
8.0,20.0,23.0,27.0,24.0,28.0,29.0,30.0,28.0,28.0,25.0,24.0,23.0,27.0,28.0,27.0,28.0,20.0,21.0,32.0,24.0,22.0,22.0,26.0,25.0,26.0,22.0,20.0,28.0,32.0,26.0,26.0,23.0,27.0,33.0,27.0,20.0,22.0,25.0,26.0,27.0,20.0,27.0,24.0,24.0,24.0,35.0,31.0
0.0,2.0,1.0,1.0,3.0,4.0,2.0,6.0,4.0,4.0,6.0,5.0,8.0,9.0,8.0,9.0,9.0,11.0,13.0,11.0,13.0,9.0,9.0,10.0,7.0,10.0,6.0,11.0,8.0,14.0,14.0,13.0,16.0,9.0,5.0,8.0,11.0,12.0,18.0,16.0,13.0,13.0,16.0,15.0,19.0,14.0,16.0,17.0
0.0,1.0,1.0,1.0,1.0,1.0,1.0,2.0,2.0,2.0,3.0,4.0,4.0,2.0,3.0,5.0,6.0,3.0,4.0,2.0,1.0,2.0,7.0,6.0,5.0,4.0,8.0,8.0,8.0,6.0,7.0,9.0,7.0,6.0,10.0,8.0,7.0,7.0,6.0,7.0,6.0,7.0,5.0,5.0,7.0,10.0,9.0,10.0
0.0,0.0,1.0,0.0,0.0,0.0,0.0,0.0,1.0,2.0,1.0,2.0,1.0,2.0,0.0,0.0,1.0,1.0,1.0,3.0,2.0,2.0,2.0,4.0,4.0,4.0,3.0,5.0,2.0,3.0,5.0,2.0,3.0,1.0,0.0,1.0,2.0,4.0,4.0,5.0,2.0,3.0,3.0,2.0,1.0,3.0,3.0,6.0
0.0,2.0,0.0,0.0,0.0,0.0,0.0,0.0,0.0,0.0,1.0,0.0,1.0,1.0,0.0,1.0,2.0,1.0,2.0,0.0,1.0,0.0,2.0,2.0,2.0,1.0,2.0,3.0,5.0,2.0,3.0,4.0,1.0,2.0,2.0,3.0,4.0,2.0,3.0,4.0,3.0,2.0,4.0,5.0,2.0,1.0,3.0,2.0
0.0,0.0,1.0,1.0,1.0,1.0,0.0,0.0,0.0,0.0,0.0,0.0,0.0,0.0,0.0,0.0,0.0,1.0,0.0,1.0,2.0,2.0,2.0,1.0,1.0,1.0,3.0,4.0,2.0,2.0,2.0,0.0,0.0,1.0,2.0,2.0,3.0,4.0,3.0,4.0,2.0,4.0,3.0,2.0,1.0,1.0,3.0,4.0
0.0,0.0,0.0,0.0,0.0,0.0,1.0,0.0,0.0,0.0,0.0,0.0,0.0,0.0,0.0,0.0,1.0,0.0,0.0,1.0,0.0,1.0,0.0,0.0,0.0,0.0,0.0,0.0,1.0,1.0,1.0,4.0,1.0,3.0,3.0,2.0,3.0,3.0,0.0,0.0,1.0,0.0,3.0,1.0,1.0,2.0,2.0,3.0
0.0,0.0,0.0,0.0,0.0,0.0,0.0,0.0,0.0,1.0,2.0,0.0,0.0,0.0,1.0,2.0,1.0,0.0,2.0,0.0,1.0,1.0,0.0,0.0,0.0,0.0,0.0,0.0,2.0,2.0,2.0,2.0,3.0,2.0,3.0,3.0,5.0,3.0,4.0,2.0,4.0,2.0,0.0,1.0,2.0,0.0,1.0,3.0
0.0,0.0,0.0,0.0,0.0,0.0,0.0,0.0,0.0,0.0,0.0,2.0,1.0,1.0,1.0,1.0,2.0,3.0,1.0,3.0,2.0,1.0,1.0,1.0,1.0,1.0,3.0,3.0,0.0,2.0,0.0,1.0,2.0,3.0,1.0,3.0,1.0,1.0,0.0,2.0,2.0,4.0,4.0,1.0,3.0,4.0,2.0,2.0
3.0,3.0,0.0,0.0,0.0,0.0,0.0,0.0,0.0,0.0,0.0,1.0,0.0,0.0,0.0,1.0,0.0,2.0,2.0,3.0,2.0,0.0,1.0,1.0,3.0,5.0,3.0,2.0,2.0,1.0,0.0,3.0,2.0,3.0,3.0,4.0,1.0,1.0,2.0,4.0,2.0,3.0,7.0,6.0,6.0,4.0,5.0,3.0
0.0,1.0,1.0,1.0,0.0,0.0,0.0,0.0,0.0,0.0,1.0,0.0,2.0,0.0,0.0,2.0,1.0,1.0,0.0,1.0,2.0,2.0,3.0,3.0,1.0,1.0,2.0,3.0,1.0,1.0,3.0,4.0,5.0,4.0,3.0,0.0,3.0,5.0,4.0,7.0,8.0,7.0,3.0,5.0,6.0,7.0,6.0,4.0
0.0,0.0,0.0,0.0,1.0,1.0,1.0,1.0,0.0,0.0,0.0,1.0,1.0,2.0,1.0,2.0,0.0,1.0,1.0,1.0,1.0,2.0,0.0,1.0,3.0,4.0,4.0,1.0,1.0,3.0,4.0,2.0,3.0,4.0,3.0,7.0,5.0,5.0,2.0,2.0,4.0,3.0,4.0,3.0,3.0,3.0,3.0,5.0
2.0,0.0,0.0,0.0,0.0,0.0,0.0,2.0,2.0,2.0,3.0,2.0,3.0,1.0,0.0,3.0,3.0,2.0,3.0,2.0,1.0,1.0,2.0,0.0,5.0,1.0,2.0,2.0,4.0,6.0,6.0,8.0,7.0,7.0,6.0,6.0,11.0,6.0,9.0,9.0,10.0,6.0,5.0,4.0,4.0,4.0,6.0,7.0
0.0,1.0,2.0,2.0,3.0,2.0,4.0,3.0,5.0,4.0,6.0,5.0,5.0,6.0,6.0,1.0,5.0,5.0,2.0,6.0,2.0,1.0,2.0,4.0,3.0,5.0,1.0,2.0,4.0,7.0,3.0,5.0,7.0,6.0,9.0,12.0,6.0,8.0,10.0,5.0,8.0,7.0,10.0,8.0,9.0,9.0,10.0,8.0
0.0,1.0,3.0,4.0,5.0,2.0,2.0,4.0,2.0,5.0,3.0,4.0,3.0,3.0,3.0,9.0,4.0,2.0,5.0,3.0,8.0,9.0,8.0,8.0,8.0,4.0,9.0,11.0,7.0,7.0,5.0,6.0,10.0,12.0,15.0,15.0,14.0,10.0,13.0,9.0,8.0,13.0,9.0,8.0,9.0,11.0,9.0,14.0
3.0,3.0,4.0,5.0,5.0,5.0,7.0,7.0,8.0,6.0,3.0,7.0,5.0,6.0,11.0,8.0,13.0,11.0,6.0,13.0,11.0,6.0,10.0,10.0,11.0,14.0,12.0,15.0,18.0,23.0,23.0,19.0,15.0,20.0,17.0,14.0,20.0,18.0,15.0,10.0,13.0,16.0,25.0,15.0,22.0,16.0,29.0,26.0
6.0,8.0,6.0,7.0,9.0,13.0,11.0,10.0,12.0,11.0,16.0,14.0,14.0,11.0,10.0,20.0,17.0,24.0,20.0,19.0,17.0,22.0,18.0,24.0,17.0,15.0,13.0,24.0,24.0,21.0,24.0,25.0,24.0,36.0,31.0,28.0,24.0,30.0,20.0,15.0,19.0,22.0,20.0,28.0,17.0,17.0,13.0,14.0
19.0,23.0,24.0,22.0,24.0,23.0,28.0,24.0,23.0,22.0,24.0,27.0,30.0,27.0,21.0,19.0,27.0,27.0,13.0,20.0,22.0,26.0,27.0,23.0,28.0,27.0,26.0,24.0,29.0,31.0,40.0,37.0,34.0,28.0,32.0,23.0,28.0,20.0,25.0,28.0,24.0,30.0,26.0,33.0,31.0,28.0,30.0,28.0
54.0,43.0,42.0,50.0,48.0,45.0,42.0,41.0,40.0,46.0,43.0,47.0,37.0,37.0,34.0,42.0,32.0,33.0,38.0,30.0,31.0,27.0,37.0,38.0,30.0,31.0,29.0,29.0,33.0,33.0,21.0,30.0,34.0,36.0,24.0,25.0,24.0,28.0,24.0,26.0,28.0,29.0,33.0,28.0,25.0,25.0,31.0,25.0
43.0,43.0,40.0,37.0,38.0,34.0,32.0,32.0,33.0,32.0,31.0,28.0,33.0,33.0,35.0,32.0,32.0,29.0,25.0,33.0,26.0,25.0,28.0,21.0,24.0,26.0,31.0,23.0,21.0,26.0,31.0,20.0,27.0,22.0,23.0,23.0,17.0,15.0,20.0,18.0,22.0,17.0,23.0,23.0,19.0,17.0,21.0,17.0
9.0,8.0,15.0,15.0,14.0,14.0,14.0,11.0,16.0,16.0,16.0,11.0,17.0,11.0,14.0,14.0,12.0,15.0,18.0,16.0,21.0,21.0,20.0,23.0,20.0,17.0,25.0,24.0,23.0,23.0,23.0,27.0,19.0,17.0,13.0,20.0,21.0,18.0,21.0,17.0,18.0,22.0,16.0,22.0,18.0,18.0,21.0,21.0
5.0,6.0,5.0,4.0,3.0,3.0,4.0,4.0,3.0,3.0,4.0,5.0,4.0,3.0,5.0,5.0,7.0,8.0,5.0,5.0,5.0,6.0,10.0,7.0,13.0,11.0,8.0,14.0,11.0,16.0,11.0,8.0,17.0,13.0,10.0,12.0,11.0,15.0,7.0,10.0,9.0,8.0,13.0,14.0,14.0,13.0,18.0,11.0
11.0,8.0,7.0,6.0,3.0,9.0,5.0,4.0,3.0,2.0,2.0,2.0,7.0,6.0,6.0,10.0,14.0,12.0,13.0,11.0,9.0,8.0,6.0,8.0,7.0,10.0,10.0,10.0,7.0,5.0,5.0,5.0,5.0,8.0,10.0,7.0,7.0,6.0,6.0,6.0,12.0,12.0,9.0,13.0,12.0,12.0,13.0,15.0
7.0,4.0,5.0,5.0,7.0,6.0,8.0,6.0,5.0,7.0,6.0,6.0,6.0,8.0,7.0,6.0,9.0,10.0,12.0,10.0,7.0,3.0,4.0,4.0,8.0,5.0,6.0,7.0,6.0,7.0,5.0,6.0,5.0,6.0,5.0,9.0,10.0,9.0,10.0,10.0,7.0,10.0,12.0,8.0,6.0,8.0,7.0,11.0
0.0,1.0,0.0,2.0,1.0,1.0,1.0,0.0,0.0,1.0,3.0,2.0,1.0,3.0,2.0,3.0,2.0,2.0,4.0,2.0,2.0,1.0,1.0,2.0,2.0,4.0,3.0,3.0,2.0,0.0,2.0,1.0,3.0,5.0,4.0,4.0,5.0,5.0,4.0,3.0,1.0,2.0,1.0,3.0,2.0,1.0,3.0,5.0
0.0,0.0,1.0,1.0,2.0,1.0,2.0,1.0,1.0,1.0,1.0,1.0,3.0,2.0,1.0,2.0,2.0,2.0,1.0,4.0,2.0,3.0,2.0,2.0,2.0,1.0,1.0,2.0,4.0,4.0,2.0,4.0,4.0,2.0,4.0,5.0,2.0,2.0,6.0,3.0,4.0,2.0,3.0,3.0,3.0,3.0,4.0,4.0
0.0,1.0,0.0,0.0,0.0,0.0,0.0,1.0,0.0,1.0,0.0,1.0,1.0,0.0,1.0,1.0,0.0,0.0,0.0,0.0,1.0,1.0,1.0,0.0,0.0,1.0,0.0,0.0,0.0,1.0,3.0,2.0,3.0,1.0,1.0,1.0,0.0,1.0,1.0,1.0,3.0,3.0,0.0,1.0,2.0,3.0,2.0,2.0
0.0,0.0,0.0,0.0,0.0,0.0,0.0,0.0,1.0,1.0,1.0,1.0,1.0,2.0,0.0,0.0,1.0,1.0,1.0,0.0,0.0,0.0,0.0,0.0,1.0,0.0,0.0,1.0,2.0,2.0,0.0,0.0,0.0,2.0,0.0,0.0,0.0,0.0,1.0,1.0,0.0,1.0,0.0,0.0,0.0,0.0,2.0,4.0
0.0,0.0,0.0,1.0,0.0,1.0,0.0,0.0,0.0,0.0,0.0,0.0,0.0,2.0,0.0,0.0,0.0,0.0,1.0,0.0,0.0,1.0,1.0,1.0,0.0,1.0,0.0,3.0,3.0,1.0,1.0,0.0,2.0,1.0,2.0,3.0,3.0,2.0,3.0,2.0,4.0,1.0,1.0,0.0,0.0,2.0,4.0,3.0
2.0,2.0,1.0,1.0,1.0,1.0,2.0,1.0,1.0,1.0,1.0,1.0,1.0,1.0,1.0,1.0,0.0,0.0,2.0,0.0,3.0,2.0,1.0,1.0,0.0,1.0,2.0,1.0,1.0,0.0,1.0,0.0,4.0,0.0,1.0,2.0,1.0,0.0,1.0,2.0,2.0,3.0,1.0,1.0,4.0,3.0,2.0,2.0
0.0,1.0,1.0,1.0,1.0,1.0,2.0,3.0,3.0,5.0,6.0,3.0,2.0,1.0,2.0,1.0,0.0,1.0,2.0,1.0,1.0,1.0,5.0,5.0,6.0,3.0,2.0,1.0,1.0,0.0,3.0,2.0,0.0,2.0,1.0,1.0,1.0,1.0,2.0,1.0,1.0,1.0,3.0,2.0,2.0,2.0,0.0,0.0
25.0,18.0,19.0,19.0,17.0,17.0,16.0,15.0,15.0,12.0,11.0,12.0,11.0,10.0,11.0,14.0,13.0,8.0,8.0,7.0,7.0,8.0,9.0,7.0,8.0,5.0,6.0,4.0,5.0,6.0,6.0,7.0,7.0,5.0,6.0,4.0,4.0,3.0,3.0,5.0,3.0,6.0,4.0,4.0,5.0,4.0,4.0,3.0
3.0,5.0,3.0,3.0,5.0,2.0,2.0,3.0,2.0,1.0,2.0,3.0,3.0,2.0,3.0,2.0,1.0,2.0,4.0,2.0,3.0,3.0,2.0,2.0,3.0,5.0,2.0,4.0,2.0,2.0,1.0,2.0,3.0,2.0,2.0,2.0,2.0,2.0,2.0,2.0,2.0,0.0,1.0,2.0,0.0,0.0,0.0,1.0
0.0,1.0,2.0,2.0,1.0,2.0,3.0,3.0,3.0,2.0,1.0,2.0,1.0,2.0,2.0,1.0,2.0,2.0,1.0,1.0,1.0,3.0,4.0,2.0,1.0,1.0,2.0,1.0,3.0,1.0,5.0,2.0,1.0,1.0,2.0,2.0,2.0,1.0,0.0,0.0,0.0,2.0,1.0,1.0,1.0,3.0,2.0,3.0
0.0,1.0,1.0,1.0,1.0,1.0,1.0,1.0,1.0,2.0,2.0,0.0,1.0,0.0,0.0,1.0,1.0,0.0,1.0,0.0,1.0,0.0,0.0,2.0,0.0,1.0,1.0,0.0,0.0,0.0,0.0,0.0,0.0,0.0,0.0,1.0,0.0,0.0,0.0,0.0,0.0,0.0,0.0,0.0,1.0,0.0,2.0,0.0
0.0,0.0,0.0,0.0,1.0,1.0,0.0,0.0,0.0,0.0,0.0,1.0,1.0,0.0,0.0,0.0,0.0,0.0,0.0,2.0,1.0,1.0,1.0,0.0,1.0,0.0,1.0,1.0,1.0,1.0,0.0,0.0,0.0,0.0,0.0,1.0,0.0,0.0,0.0,0.0,0.0,0.0,0.0,1.0,0.0,0.0,0.0,0.0
8.0,10.0,13.0,13.0,16.0,15.0,16.0,15.0,15.0,15.0,13.0,11.0,11.0,13.0,13.0,10.0,14.0,12.0,11.0,14.0,17.0,15.0,12.0,13.0,12.0,15.0,10.0,9.0,7.0,13.0,12.0,10.0,13.0,17.0,11.0,10.0,9.0,10.0,10.0,7.0,8.0,11.0,9.0,10.0,14.0,11.0,11.0,15.0
18.0,16.0,16.0,17.0,18.0,17.0,17.0,17.0,18.0,18.0,19.0,19.0,18.0,17.0,16.0,17.0,16.0,16.0,8.0,11.0,9.0,13.0,14.0,14.0,17.0,14.0,18.0,12.0,20.0,16.0,23.0,20.0,21.0,16.0,23.0,24.0,17.0,16.0,19.0,19.0,19.0,19.0,16.0,17.0,12.0,17.0,21.0,13.0
17.0,17.0,13.0,13.0,16.0,18.0,15.0,14.0,12.0,14.0,12.0,9.0,15.0,13.0,8.0,17.0,14.0,18.0,12.0,15.0,15.0,13.0,14.0,16.0,17.0,19.0,17.0,17.0,14.0,16.0,20.0,19.0,21.0,14.0,18.0,15.0,18.0,17.0,22.0,19.0,18.0,19.0,21.0,16.0,21.0,20.0,20.0,23.0
2.0,2.0,6.0,6.0,7.0,9.0,6.0,7.0,5.0,6.0,7.0,11.0,12.0,10.0,10.0,13.0,12.0,15.0,17.0,16.0,17.0,15.0,21.0,15.0,10.0,11.0,15.0,10.0,9.0,9.0,13.0,13.0,15.0,24.0,27.0,26.0,19.0,23.0,21.0,23.0,20.0,14.0,15.0,10.0,12.0,17.0,14.0,15.0
16.0,15.0,18.0,20.0,18.0,16.0,13.0,14.0,16.0,13.0,13.0,13.0,14.0,16.0,12.0,16.0,17.0,17.0,23.0,21.0,21.0,22.0,14.0,23.0,19.0,22.0,16.0,18.0,15.0,13.0,15.0,15.0,22.0,21.0,16.0,16.0,19.0,16.0,18.0,25.0,20.0,21.0,18.0,20.0,15.0,13.0,16.0,17.0
24.0,15.0,17.0,15.0,17.0,13.0,14.0,16.0,16.0,13.0,15.0,15.0,11.0,9.0,13.0,18.0,20.0,17.0,16.0,19.0,24.0,17.0,21.0,19.0,23.0,18.0,24.0,13.0,25.0,28.0,27.0,25.0,28.0,24.0,25.0,28.0,31.0,27.0,33.0,26.0,31.0,33.0,25.0,26.0,30.0,27.0,18.0,19.0
7.0,20.0,19.0,22.0,21.0,22.0,26.0,27.0,22.0,23.0,26.0,25.0,24.0,19.0,25.0,23.0,17.0,33.0,30.0,27.0,26.0,23.0,31.0,34.0,41.0,40.0,41.0,31.0,32.0,30.0,32.0,34.0,34.0,47.0,45.0,34.0,37.0,38.0,35.0,34.0,36.0,30.0,32.0,38.0,47.0,46.0,56.0,49.0
30.0,26.0,31.0,28.0,33.0,36.0,35.0,37.0,40.0,39.0,35.0,29.0,35.0,32.0,46.0,38.0,48.0,41.0,46.0,50.0,47.0,48.0,42.0,39.0,49.0,47.0,51.0,51.0,52.0,52.0,48.0,52.0,50.0,43.0,42.0,42.0,38.0,34.0,40.0,41.0,45.0,51.0,57.0,45.0,50.0,46.0,43.0,52.0
92.0,98.0,97.0,99.0,91.0,86.0,90.0,90.0,86.0,87.0,90.0,92.0,85.0,103.0,75.0,86.0,88.0,92.0,95.0,95.0,86.0,92.0,99.0,97.0,87.0,93.0,74.0,82.0,82.0,89.0,87.0,75.0,81.0,75.0,74.0,66.0,73.0,75.0,72.0,76.0,76.0,76.0,81.0,74.0,74.0,72.0,75.0,68.0
555.0,520.0,519.0,495.0,507.0,491.0,487.0,473.0,468.0,466.0,454.0,445.0,429.0,398.0,379.0,361.0,311.0,294.0,297.0,276.0,258.0,272.0,256.0,248.0,242.0,227.0,217.0,210.0,210.0,202.0,189.0,188.0,195.0,200.0,212.0,176.0,182.0,185.0,183.0,182.0,184.0,185.0,183.0,182.0,192.0,186.0,178.0,174.0
126.0,122.0,129.0,123.0,105.0,116.0,110.0,116.0,113.0,113.0,112.0,126.0,118.0,126.0,133.0,131.0,130.0,124.0,113.0,114.0,106.0,100.0,98.0,105.0,102.0,108.0,110.0,106.0,105.0,85.0,96.0,98.0,83.0,81.0,81.0,84.0,75.0,85.0,98.0,93.0,96.0,92.0,97.0,89.0,86.0,81.0,74.0,78.0
124.0,126.0,126.0,114.0,107.0,102.0,103.0,98.0,93.0,99.0,101.0,90.0,93.0,99.0,114.0,111.0,105.0,102.0,99.0,94.0,73.0,73.0,66.0,65.0,66.0,70.0,66.0,79.0,74.0,83.0,76.0,62.0,68.0,60.0,68.0,60.0,67.0,70.0,53.0,48.0,51.0,69.0,65.0,67.0,71.0,61.0,63.0,62.0
16.0,15.0,17.0,22.0,17.0,20.0,20.0,20.0,22.0,17.0,22.0,21.0,23.0,23.0,27.0,30.0,30.0,29.0,37.0,37.0,34.0,40.0,34.0,45.0,41.0,48.0,40.0,38.0,39.0,37.0,42.0,40.0,36.0,40.0,39.0,33.0,32.0,35.0,34.0,35.0,37.0,32.0,38.0,43.0,32.0,46.0,43.0,35.0
8.0,9.0,9.0,8.0,14.0,11.0,12.0,6.0,8.0,12.0,10.0,14.0,9.0,11.0,7.0,9.0,8.0,14.0,14.0,13.0,13.0,16.0,14.0,11.0,13.0,9.0,14.0,13.0,13.0,14.0,17.0,16.0,17.0,15.0,20.0,19.0,22.0,22.0,18.0,19.0,14.0,17.0,13.0,14.0,19.0,14.0,16.0,16.0
1.0,1.0,1.0,1.0,0.0,1.0,0.0,1.0,4.0,3.0,3.0,3.0,3.0,6.0,8.0,8.0,7.0,7.0,6.0,11.0,7.0,12.0,8.0,7.0,6.0,7.0,6.0,6.0,9.0,11.0,8.0,11.0,10.0,13.0,8.0,8.0,12.0,8.0,8.0,4.0,12.0,8.0,7.0,5.0,7.0,10.0,10.0,11.0
0.0,0.0,0.0,0.0,0.0,0.0,1.0,1.0,0.0,0.0,0.0,0.0,1.0,1.0,1.0,2.0,3.0,5.0,2.0,4.0,4.0,3.0,2.0,5.0,4.0,3.0,3.0,3.0,4.0,4.0,2.0,3.0,4.0,4.0,5.0,8.0,7.0,7.0,4.0,1.0,2.0,4.0,3.0,4.0,3.0,6.0,5.0,5.0
0.0,1.0,1.0,1.0,1.0,1.0,1.0,1.0,1.0,1.0,1.0,1.0,1.0,1.0,2.0,0.0,1.0,1.0,2.0,2.0,1.0,1.0,2.0,1.0,3.0,2.0,2.0,3.0,3.0,6.0,5.0,2.0,1.0,0.0,2.0,3.0,0.0,2.0,2.0,4.0,1.0,4.0,5.0,3.0,5.0,4.0,3.0,3.0
1.0,0.0,0.0,0.0,0.0,0.0,0.0,0.0,0.0,0.0,0.0,0.0,0.0,0.0,0.0,1.0,0.0,0.0,0.0,0.0,0.0,1.0,1.0,1.0,0.0,1.0,2.0,1.0,0.0,1.0,0.0,1.0,0.0,3.0,0.0,0.0,0.0,0.0,1.0,2.0,5.0,3.0,0.0,0.0,0.0,0.0,0.0,1.0
0.0,0.0,0.0,0.0,0.0,0.0,0.0,0.0,1.0,1.0,1.0,1.0,1.0,1.0,1.0,0.0,1.0,0.0,0.0,0.0,0.0,0.0,1.0,1.0,1.0,1.0,0.0,1.0,1.0,1.0,1.0,0.0,3.0,0.0,3.0,5.0,4.0,4.0,4.0,3.0,1.0,2.0,0.0,1.0,0.0,1.0,1.0,2.0
0.0,0.0,1.0,1.0,1.0,1.0,2.0,3.0,4.0,1.0,1.0,1.0,1.0,1.0,0.0,0.0,0.0,0.0,1.0,0.0,0.0,0.0,2.0,0.0,1.0,1.0,0.0,0.0,1.0,1.0,1.0,1.0,2.0,2.0,2.0,4.0,2.0,2.0,2.0,2.0,2.0,3.0,4.0,3.0,4.0,2.0,2.0,3.0
1.0,1.0,0.0,1.0,1.0,1.0,1.0,1.0,1.0,1.0,1.0,1.0,2.0,2.0,1.0,1.0,0.0,0.0,1.0,1.0,0.0,1.0,0.0,0.0,0.0,1.0,1.0,2.0,2.0,2.0,3.0,2.0,2.0,2.0,1.0,1.0,2.0,2.0,2.0,2.0,4.0,0.0,1.0,1.0,4.0,3.0,3.0,1.0
0.0,0.0,1.0,1.0,0.0,0.0,0.0,0.0,0.0,0.0,0.0,0.0,1.0,0.0,0.0,1.0,1.0,2.0,3.0,0.0,1.0,1.0,2.0,1.0,1.0,0.0,0.0,1.0,4.0,4.0,2.0,3.0,2.0,1.0,0.0,0.0,3.0,1.0,1.0,1.0,2.0,1.0,2.0,4.0,1.0,2.0,3.0,3.0
0.0,1.0,1.0,1.0,0.0,0.0,0.0,1.0,1.0,1.0,1.0,1.0,1.0,4.0,1.0,2.0,1.0,1.0,0.0,1.0,0.0,1.0,0.0,2.0,0.0,0.0,0.0,1.0,1.0,2.0,0.0,1.0,1.0,1.0,4.0,1.0,2.0,4.0,4.0,3.0,2.0,3.0,2.0,3.0,3.0,3.0,3.0,3.0
1.0,0.0,0.0,0.0,0.0,0.0,0.0,1.0,0.0,0.0,0.0,0.0,0.0,0.0,2.0,1.0,3.0,1.0,1.0,3.0,1.0,1.0,2.0,3.0,1.0,0.0,0.0,1.0,0.0,2.0,2.0,1.0,3.0,0.0,0.0,2.0,1.0,1.0,2.0,3.0,2.0,3.0,3.0,2.0,2.0,2.0,3.0,2.0
0.0,0.0,0.0,0.0,0.0,0.0,1.0,1.0,0.0,0.0,3.0,3.0,1.0,0.0,1.0,0.0,2.0,4.0,4.0,2.0,3.0,2.0,3.0,2.0,2.0,3.0,3.0,5.0,3.0,1.0,2.0,0.0,1.0,5.0,4.0,3.0,4.0,5.0,2.0,0.0,0.0,3.0,3.0,4.0,2.0,3.0,3.0,2.0
0.0,0.0,0.0,2.0,2.0,2.0,1.0,3.0,1.0,3.0,1.0,1.0,1.0,0.0,1.0,3.0,1.0,3.0,5.0,5.0,5.0,4.0,5.0,1.0,1.0,0.0,3.0,2.0,1.0,1.0,3.0,2.0,1.0,2.0,3.0,1.0,2.0,2.0,1.0,5.0,2.0,4.0,4.0,3.0,4.0,4.0,4.0,6.0
0.0,0.0,1.0,2.0,1.0,3.0,3.0,2.0,6.0,2.0,2.0,2.0,2.0,1.0,2.0,1.0,5.0,3.0,4.0,3.0,4.0,7.0,5.0,4.0,3.0,7.0,6.0,7.0,6.0,6.0,8.0,8.0,7.0,4.0,5.0,8.0,6.0,8.0,7.0,7.0,6.0,5.0,10.0,11.0,8.0,8.0,10.0,10.0
0.0,1.0,2.0,0.0,1.0,1.0,0.0,2.0,2.0,1.0,3.0,1.0,4.0,1.0,1.0,5.0,3.0,6.0,8.0,7.0,7.0,6.0,1.0,2.0,3.0,5.0,5.0,3.0,8.0,9.0,7.0,11.0,11.0,11.0,10.0,11.0,15.0,15.0,14.0,14.0,15.0,11.0,10.0,8.0,10.0,9.0,10.0,7.0
11.0,11.0,9.0,7.0,8.0,7.0,8.0,8.0,7.0,5.0,6.0,7.0,8.0,9.0,12.0,8.0,10.0,4.0,6.0,8.0,8.0,11.0,16.0,10.0,13.0,16.0,14.0,15.0,18.0,10.0,14.0,12.0,16.0,16.0,21.0,20.0,15.0,21.0,18.0,22.0,16.0,16.0,17.0,17.0,17.0,16.0,17.0,17.0
2.0,10.0,11.0,9.0,9.0,11.0,10.0,7.0,7.0,10.0,9.0,11.0,8.0,12.0,17.0,12.0,14.0,17.0,17.0,15.0,22.0,24.0,16.0,21.0,25.0,19.0,22.0,17.0,13.0,16.0,15.0,15.0,10.0,9.0,15.0,18.0,17.0,17.0,21.0,15.0,19.0,15.0,17.0,19.0,23.0,22.0,18.0,14.0
101.0,100.0,91.0,87.0,86.0,86.0,86.0,86.0,86.0,76.0,82.0,77.0,73.0,64.0,67.0,69.0,66.0,64.0,62.0,62.0,58.0,57.0,53.0,58.0,57.0,49.0,51.0,48.0,42.0,40.0,42.0,47.0,43.0,45.0,44.0,41.0,43.0,42.0,40.0,38.0,43.0,39.0,46.0,43.0,42.0,37.0,39.0,40.0
17.0,14.0,16.0,14.0,15.0,14.0,16.0,17.0,15.0,16.0,14.0,16.0,15.0,12.0,16.0,21.0,24.0,24.0,29.0,27.0,33.0,27.0,27.0,26.0,20.0,30.0,17.0,21.0,29.0,23.0,19.0,26.0,15.0,18.0,17.0,17.0,14.0,14.0,14.0,15.0,9.0,13.0,11.0,14.0,13.0,11.0,12.0,19.0
0.0,5.0,5.0,5.0,5.0,5.0,9.0,9.0,7.0,6.0,8.0,10.0,5.0,6.0,8.0,7.0,9.0,13.0,13.0,18.0,14.0,18.0,18.0,23.0,20.0,14.0,24.0,21.0,20.0,20.0,25.0,20.0,20.0,15.0,21.0,17.0,15.0,15.0,21.0,20.0,16.0,19.0,19.0,13.0,17.0,21.0,22.0,14.0
3.0,1.0,3.0,4.0,6.0,6.0,4.0,5.0,5.0,7.0,7.0,9.0,6.0,9.0,6.0,8.0,4.0,4.0,3.0,7.0,10.0,9.0,6.0,11.0,11.0,10.0,7.0,7.0,10.0,7.0,9.0,9.0,5.0,5.0,9.0,7.0,8.0,11.0,10.0,9.0,16.0,12.0,9.0,11.0,11.0,14.0,6.0,12.0
0.0,3.0,3.0,2.0,4.0,4.0,7.0,5.0,4.0,5.0,5.0,6.0,5.0,2.0,4.0,5.0,4.0,3.0,6.0,4.0,6.0,8.0,8.0,4.0,5.0,5.0,2.0,6.0,7.0,3.0,5.0,6.0,4.0,4.0,3.0,4.0,2.0,3.0,4.0,3.0,3.0,3.0,4.0,9.0,8.0,5.0,7.0,8.0
0.0,2.0,0.0,0.0,0.0,0.0,0.0,2.0,3.0,1.0,1.0,2.0,1.0,4.0,3.0,2.0,1.0,2.0,2.0,1.0,2.0,5.0,4.0,3.0,3.0,4.0,6.0,5.0,3.0,8.0,6.0,5.0,6.0,4.0,3.0,2.0,4.0,4.0,3.0,3.0,3.0,1.0,4.0,3.0,2.0,2.0,2.0,2.0
0.0,0.0,0.0,0.0,0.0,0.0,1.0,1.0,1.0,1.0,1.0,0.0,0.0,0.0,0.0,0.0,0.0,3.0,3.0,4.0,2.0,3.0,2.0,3.0,1.0,2.0,2.0,4.0,7.0,5.0,3.0,8.0,4.0,5.0,3.0,3.0,2.0,3.0,4.0,3.0,6.0,4.0,6.0,3.0,4.0,3.0,3.0,3.0
0.0,0.0,0.0,0.0,0.0,2.0,0.0,1.0,0.0,0.0,0.0,0.0,0.0,1.0,0.0,0.0,1.0,0.0,1.0,0.0,1.0,1.0,2.0,2.0,1.0,1.0,3.0,3.0,2.0,4.0,4.0,7.0,5.0,5.0,5.0,1.0,5.0,3.0,1.0,3.0,4.0,4.0,1.0,3.0,2.0,2.0,0.0,1.0
0.0,0.0,1.0,0.0,0.0,0.0,1.0,0.0,1.0,0.0,0.0,0.0,0.0,0.0,0.0,0.0,0.0,1.0,0.0,0.0,0.0,2.0,1.0,1.0,0.0,1.0,0.0,0.0,1.0,0.0,1.0,1.0,0.0,1.0,1.0,3.0,0.0,0.0,2.0,2.0,3.0,2.0,3.0,1.0,1.0,3.0,3.0,0.0
0.0,1.0,1.0,1.0,1.0,2.0,1.0,1.0,1.0,0.0,1.0,0.0,0.0,0.0,0.0,2.0,3.0,1.0,1.0,3.0,3.0,2.0,1.0,2.0,1.0,1.0,2.0,4.0,2.0,3.0,2.0,4.0,3.0,1.0,1.0,1.0,1.0,1.0,6.0,1.0,0.0,0.0,0.0,0.0,1.0,1.0,1.0,2.0
3.0,0.0,1.0,1.0,1.0,1.0,0.0,1.0,1.0,1.0,0.0,1.0,2.0,5.0,1.0,3.0,2.0,4.0,3.0,6.0,5.0,4.0,3.0,3.0,4.0,4.0,4.0,6.0,3.0,3.0,3.0,4.0,3.0,4.0,6.0,5.0,2.0,6.0,2.0,3.0,4.0,4.0,4.0,5.0,6.0,5.0,3.0,3.0
0.0,2.0,3.0,2.0,3.0,2.0,2.0,2.0,2.0,1.0,1.0,2.0,2.0,1.0,2.0,0.0,1.0,2.0,1.0,2.0,2.0,4.0,1.0,1.0,0.0,0.0,1.0,3.0,0.0,3.0,2.0,5.0,3.0,4.0,2.0,2.0,2.0,3.0,2.0,3.0,1.0,4.0,6.0,3.0,4.0,4.0,2.0,3.0
0.0,0.0,1.0,1.0,1.0,1.0,1.0,1.0,1.0,2.0,1.0,4.0,3.0,4.0,3.0,2.0,1.0,1.0,2.0,3.0,1.0,2.0,1.0,1.0,2.0,1.0,2.0,0.0,2.0,2.0,2.0,0.0,1.0,2.0,3.0,1.0,2.0,3.0,2.0,1.0,3.0,2.0,0.0,2.0,1.0,2.0,3.0,3.0
0.0,2.0,1.0,2.0,3.0,2.0,2.0,3.0,3.0,3.0,3.0,3.0,5.0,4.0,4.0,4.0,5.0,5.0,3.0,3.0,3.0,2.0,2.0,3.0,3.0,2.0,4.0,2.0,2.0,3.0,1.0,1.0,2.0,3.0,1.0,4.0,6.0,1.0,3.0,2.0,1.0,0.0,0.0,0.0,2.0,0.0,0.0,1.0
2.0,1.0,1.0,1.0,1.0,2.0,2.0,2.0,3.0,3.0,3.0,2.0,1.0,1.0,0.0,0.0,2.0,0.0,3.0,3.0,2.0,0.0,1.0,1.0,3.0,1.0,2.0,3.0,3.0,4.0,3.0,4.0,4.0,3.0,3.0,6.0,3.0,3.0,1.0,4.0,1.0,1.0,1.0,4.0,0.0,3.0,3.0,0.0
0.0,0.0,0.0,1.0,0.0,1.0,0.0,0.0,0.0,0.0,0.0,0.0,0.0,0.0,0.0,0.0,0.0,0.0,0.0,1.0,1.0,2.0,2.0,2.0,2.0,2.0,2.0,1.0,1.0,0.0,0.0,4.0,2.0,2.0,2.0,2.0,3.0,3.0,3.0,2.0,4.0,1.0,1.0,1.0,3.0,1.0,2.0,4.0
0.0,0.0,0.0,0.0,1.0,0.0,0.0,0.0,0.0,0.0,0.0,0.0,0.0,0.0,0.0,0.0,0.0,1.0,0.0,0.0,0.0,1.0,0.0,1.0,0.0,2.0,1.0,1.0,1.0,2.0,0.0,0.0,1.0,0.0,0.0,3.0,0.0,1.0,1.0,1.0,2.0,1.0,1.0,1.0,1.0,3.0,1.0,1.0
1.0,0.0,0.0,1.0,0.0,0.0,1.0,0.0,0.0,0.0,0.0,0.0,0.0,0.0,0.0,0.0,0.0,0.0,1.0,2.0,0.0,1.0,1.0,0.0,2.0,0.0,0.0,0.0,0.0,0.0,1.0,1.0,1.0,0.0,0.0,0.0,3.0,2.0,1.0,0.0,1.0,1.0,1.0,1.0,1.0,0.0,1.0,1.0
15.0,15.0,16.0,19.0,16.0,17.0,19.0,20.0,19.0,20.0,21.0,21.0,24.0,25.0,21.0,20.0,19.0,17.0,16.0,21.0,15.0,13.0,10.0,12.0,12.0,10.0,9.0,13.0,18.0,16.0,13.0,11.0,12.0,13.0,16.0,19.0,18.0,18.0,19.0,17.0,18.0,23.0,20.0,16.0,18.0,19.0,19.0,18.0
20.0,26.0,23.0,16.0,17.0,17.0,17.0,14.0,15.0,15.0,18.0,22.0,17.0,13.0,16.0,20.0,16.0,21.0,22.0,20.0,13.0,23.0,23.0,22.0,17.0,18.0,18.0,19.0,12.0,18.0,14.0,15.0,15.0,19.0,17.0,17.0,18.0,18.0,21.0,20.0,21.0,15.0,14.0,20.0,17.0,13.0,15.0,18.0
9.0,5.0,6.0,9.0,6.0,2.0,4.0,5.0,6.0,7.0,8.0,8.0,7.0,8.0,11.0,10.0,12.0,12.0,11.0,13.0,16.0,15.0,13.0,15.0,18.0,17.0,16.0,16.0,21.0,13.0,18.0,14.0,16.0,13.0,17.0,22.0,16.0,12.0,7.0,15.0,20.0,21.0,11.0,11.0,14.0,18.0,12.0,14.0
1.0,9.0,7.0,8.0,9.0,10.0,8.0,7.0,8.0,7.0,10.0,10.0,8.0,10.0,10.0,10.0,11.0,9.0,12.0,15.0,17.0,21.0,13.0,14.0,11.0,12.0,20.0,20.0,17.0,22.0,24.0,22.0,23.0,22.0,26.0,20.0,30.0,25.0,28.0,25.0,20.0,22.0,23.0,23.0,20.0,28.0,23.0,22.0
7.0,9.0,10.0,5.0,7.0,6.0,10.0,9.0,6.0,12.0,6.0,7.0,9.0,10.0,14.0,11.0,7.0,12.0,10.0,15.0,17.0,13.0,15.0,17.0,19.0,14.0,14.0,17.0,19.0,23.0,22.0,25.0,27.0,23.0,20.0,24.0,18.0,25.0,16.0,16.0,24.0,24.0,21.0,24.0,21.0,22.0,30.0,22.0
3.0,5.0,6.0,10.0,10.0,10.0,13.0,13.0,9.0,7.0,10.0,8.0,12.0,18.0,19.0,14.0,13.0,11.0,14.0,11.0,16.0,21.0,19.0,21.0,19.0,22.0,23.0,25.0,23.0,31.0,23.0,27.0,27.0,33.0,30.0,29.0,28.0,29.0,27.0,30.0,25.0,24.0,25.0,18.0,24.0,25.0,26.0,23.0
13.0,15.0,16.0,18.0,16.0,18.0,18.0,17.0,19.0,21.0,24.0,25.0,27.0,28.0,19.0,23.0,22.0,17.0,17.0,29.0,30.0,35.0,35.0,27.0,32.0,30.0,30.0,31.0,32.0,33.0,31.0,33.0,34.0,33.0,24.0,24.0,27.0,29.0,23.0,24.0,32.0,34.0,32.0,39.0,35.0,32.0,29.0,31.0
87.0,85.0,86.0,85.0,86.0,87.0,83.0,78.0,82.0,75.0,74.0,74.0,69.0,78.0,69.0,72.0,71.0,76.0,75.0,72.0,66.0,55.0,54.0,65.0,64.0,63.0,52.0,55.0,54.0,46.0,59.0,64.0,61.0,52.0,54.0,52.0,48.0,50.0,49.0,56.0,59.0,50.0,50.0,58.0,46.0,50.0,46.0,41.0
91.0,91.0,84.0,84.0,83.0,80.0,85.0,83.0,78.0,81.0,85.0,85.0,85.0,79.0,86.0,89.0,103.0,98.0,91.0,94.0,81.0,76.0,71.0,67.0,69.0,70.0,89.0,75.0,70.0,70.0,82.0,79.0,70.0,75.0,67.0,91.0,70.0,79.0,80.0,74.0,80.0,83.0,73.0,74.0,73.0,72.0,68.0,71.0
207.0,216.0,211.0,214.0,205.0,204.0,201.0,202.0,198.0,184.0,176.0,172.0,177.0,160.0,160.0,152.0,154.0,139.0,130.0,120.0,124.0,115.0,122.0,110.0,119.0,110.0,114.0,117.0,115.0,116.0,127.0,120.0,108.0,90.0,94.0,100.0,124.0,109.0,103.0,111.0,102.0,107.0,104.0,101.0,102.0,111.0,97.0,90.0
110.0,106.0,106.0,92.0,99.0,95.0,97.0,98.0,101.0,98.0,96.0,92.0,92.0,97.0,90.0,112.0,101.0,101.0,94.0,83.0,93.0,90.0,88.0,77.0,78.0,99.0,92.0,90.0,85.0,101.0,85.0,72.0,100.0,80.0,86.0,86.0,70.0,75.0,87.0,83.0,88.0,79.0,81.0,85.0,71.0,65.0,81.0,79.0
180.0,158.0,144.0,140.0,136.0,138.0,138.0,141.0,136.0,134.0,136.0,136.0,128.0,118.0,126.0,111.0,109.0,100.0,92.0,91.0,76.0,79.0,68.0,69.0,66.0,59.0,64.0,57.0,65.0,62.0,62.0,66.0,63.0,71.0,62.0,62.0,65.0,60.0,69.0,67.0,78.0,78.0,72.0,77.0,70.0,73.0,73.0,65.0
1.0,20.0,24.0,27.0,30.0,30.0,26.0,26.0,31.0,29.0,24.0,27.0,26.0,19.0,22.0,31.0,27.0,26.0,29.0,31.0,33.0,25.0,32.0,32.0,35.0,28.0,38.0,36.0,26.0,25.0,33.0,34.0,30.0,26.0,27.0,23.0,33.0,31.0,30.0,35.0,29.0,31.0,37.0,26.0,35.0,36.0,42.0,38.0
9.0,7.0,6.0,8.0,8.0,6.0,9.0,12.0,13.0,12.0,12.0,9.0,11.0,10.0,15.0,10.0,14.0,16.0,13.0,19.0,16.0,16.0,16.0,16.0,7.0,17.0,18.0,21.0,19.0,10.0,16.0,14.0,10.0,9.0,13.0,14.0,11.0,13.0,18.0,13.0,17.0,18.0,20.0,20.0,18.0,22.0,19.0,19.0
0.0,0.0,2.0,0.0,0.0,0.0,1.0,1.0,2.0,1.0,3.0,3.0,3.0,3.0,2.0,4.0,2.0,2.0,5.0,3.0,6.0,4.0,9.0,6.0,6.0,2.0,1.0,5.0,9.0,10.0,9.0,5.0,7.0,7.0,9.0,7.0,4.0,2.0,4.0,8.0,8.0,13.0,11.0,12.0,12.0,11.0,9.0,10.0
0.0,1.0,0.0,1.0,1.0,1.0,1.0,1.0,1.0,2.0,1.0,1.0,1.0,2.0,4.0,3.0,5.0,2.0,2.0,3.0,1.0,4.0,1.0,2.0,4.0,3.0,5.0,3.0,5.0,5.0,3.0,4.0,4.0,3.0,5.0,3.0,7.0,8.0,10.0,7.0,5.0,4.0,3.0,3.0,4.0,3.0,5.0,5.0
0.0,0.0,0.0,1.0,0.0,0.0,1.0,0.0,0.0,0.0,0.0,0.0,0.0,0.0,1.0,0.0,0.0,1.0,1.0,0.0,1.0,1.0,1.0,1.0,0.0,2.0,0.0,1.0,1.0,3.0,3.0,5.0,4.0,3.0,4.0,2.0,2.0,1.0,2.0,2.0,2.0,1.0,2.0,3.0,2.0,3.0,5.0,3.0
0.0,1.0,1.0,0.0,0.0,0.0,0.0,1.0,0.0,0.0,0.0,0.0,0.0,0.0,1.0,2.0,0.0,1.0,0.0,0.0,0.0,2.0,2.0,1.0,1.0,0.0,2.0,1.0,1.0,1.0,4.0,2.0,2.0,1.0,0.0,0.0,0.0,1.0,0.0,0.0,1.0,0.0,0.0,1.0,0.0,1.0,1.0,1.0
0.0,0.0,0.0,0.0,0.0,0.0,0.0,0.0,1.0,0.0,0.0,0.0,0.0,0.0,1.0,0.0,0.0,1.0,1.0,1.0,3.0,2.0,0.0,1.0,1.0,1.0,0.0,1.0,0.0,0.0,0.0,0.0,0.0,0.0,1.0,0.0,1.0,0.0,2.0,2.0,1.0,2.0,1.0,0.0,1.0,1.0,2.0,2.0
1.0,2.0,0.0,2.0,1.0,2.0,1.0,2.0,0.0,2.0,1.0,1.0,2.0,1.0,0.0,0.0,0.0,1.0,1.0,1.0,0.0,0.0,1.0,1.0,1.0,1.0,1.0,0.0,1.0,0.0,0.0,1.0,0.0,2.0,3.0,1.0,0.0,2.0,2.0,2.0,3.0,2.0,2.0,5.0,3.0,3.0,3.0,1.0
0.0,0.0,0.0,0.0,1.0,0.0,0.0,0.0,0.0,1.0,1.0,2.0,0.0,1.0,1.0,1.0,2.0,2.0,1.0,1.0,2.0,2.0,1.0,1.0,1.0,1.0,1.0,2.0,3.0,1.0,2.0,2.0,1.0,1.0,2.0,2.0,2.0,4.0,3.0,5.0,3.0,4.0,4.0,7.0,4.0,4.0,2.0,4.0
0.0,0.0,0.0,0.0,0.0,0.0,0.0,0.0,0.0,0.0,0.0,0.0,0.0,0.0,0.0,1.0,1.0,0.0,1.0,3.0,1.0,2.0,1.0,0.0,1.0,1.0,1.0,0.0,0.0,1.0,4.0,5.0,3.0,3.0,1.0,1.0,0.0,1.0,4.0,1.0,3.0,3.0,4.0,2.0,2.0,1.0,3.0,1.0
0.0,0.0,0.0,0.0,1.0,1.0,1.0,0.0,0.0,1.0,0.0,0.0,1.0,0.0,3.0,1.0,1.0,1.0,1.0,1.0,0.0,0.0,0.0,1.0,1.0,1.0,0.0,0.0,0.0,0.0,0.0,1.0,2.0,2.0,1.0,2.0,0.0,1.0,0.0,1.0,1.0,0.0,1.0,3.0,2.0,2.0,1.0,3.0
0.0,0.0,0.0,0.0,0.0,0.0,0.0,0.0,1.0,0.0,0.0,0.0,0.0,1.0,1.0,0.0,0.0,0.0,0.0,0.0,2.0,1.0,3.0,3.0,3.0,2.0,3.0,2.0,3.0,2.0,3.0,1.0,2.0,1.0,1.0,2.0,0.0,0.0,0.0,0.0,0.0,3.0,1.0,0.0,1.0,1.0,2.0,2.0
0.0,0.0,0.0,0.0,0.0,0.0,0.0,0.0,2.0,1.0,0.0,1.0,3.0,4.0,2.0,3.0,2.0,3.0,1.0,3.0,1.0,2.0,1.0,1.0,1.0,1.0,2.0,2.0,1.0,3.0,2.0,6.0,5.0,2.0,3.0,1.0,2.0,1.0,3.0,3.0,2.0,1.0,2.0,1.0,3.0,3.0,2.0,1.0
0.0,0.0,0.0,0.0,0.0,0.0,0.0,0.0,0.0,0.0,1.0,1.0,0.0,0.0,1.0,3.0,2.0,2.0,2.0,2.0,2.0,2.0,2.0,2.0,1.0,3.0,3.0,3.0,3.0,3.0,3.0,1.0,1.0,4.0,3.0,3.0,2.0,3.0,2.0,2.0,1.0,2.0,1.0,4.0,3.0,3.0,5.0,3.0
0.0,0.0,0.0,0.0,0.0,0.0,0.0,1.0,0.0,1.0,0.0,0.0,0.0,2.0,3.0,4.0,6.0,3.0,2.0,2.0,1.0,1.0,3.0,2.0,2.0,4.0,2.0,4.0,2.0,1.0,2.0,3.0,2.0,1.0,1.0,3.0,3.0,2.0,2.0,6.0,9.0,8.0,4.0,3.0,5.0,7.0,4.0,3.0
1.0,1.0,1.0,1.0,1.0,2.0,1.0,1.0,2.0,3.0,3.0,4.0,3.0,5.0,5.0,2.0,2.0,5.0,4.0,3.0,8.0,5.0,7.0,7.0,7.0,5.0,10.0,9.0,13.0,9.0,9.0,4.0,8.0,6.0,6.0,5.0,6.0,6.0,6.0,9.0,6.0,6.0,7.0,10.0,8.0,12.0,8.0,10.0
0.0,4.0,2.0,2.0,2.0,2.0,2.0,4.0,5.0,5.0,7.0,3.0,4.0,6.0,7.0,8.0,9.0,8.0,6.0,5.0,7.0,5.0,6.0,8.0,7.0,8.0,10.0,10.0,8.0,11.0,11.0,7.0,11.0,12.0,10.0,10.0,10.0,8.0,11.0,11.0,11.0,9.0,12.0,9.0,14.0,15.0,16.0,17.0
19.0,10.0,11.0,13.0,16.0,14.0,14.0,15.0,14.0,16.0,19.0,15.0,19.0,14.0,15.0,16.0,14.0,13.0,21.0,23.0,15.0,18.0,19.0,15.0,18.0,14.0,22.0,20.0,15.0,13.0,16.0,20.0,20.0,12.0,12.0,19.0,18.0,19.0,17.0,18.0,14.0,13.0,15.0,18.0,15.0,16.0,18.0,22.0
45.0,42.0,41.0,43.0,40.0,45.0,41.0,40.0,41.0,41.0,35.0,38.0,39.0,38.0,34.0,25.0,28.0,23.0,27.0,27.0,23.0,21.0,31.0,24.0,23.0,23.0,13.0,20.0,20.0,21.0,22.0,19.0,23.0,24.0,21.0,20.0,22.0,15.0,23.0,22.0,22.0,18.0,13.0,16.0,15.0,19.0,22.0,21.0
50.0,50.0,50.0,51.0,49.0,46.0,49.0,47.0,45.0,46.0,45.0,46.0,43.0,42.0,39.0,29.0,31.0,35.0,22.0,20.0,19.0,18.0,21.0,24.0,20.0,20.0,24.0,23.0,29.0,24.0,32.0,20.0,22.0,22.0,23.0,23.0,18.0,25.0,18.0,25.0,24.0,21.0,21.0,23.0,19.0,20.0,16.0,16.0
16.0,18.0,16.0,15.0,14.0,17.0,15.0,15.0,15.0,15.0,16.0,17.0,24.0,18.0,19.0,15.0,19.0,10.0,17.0,16.0,15.0,8.0,8.0,14.0,13.0,18.0,15.0,12.0,17.0,16.0,16.0,16.0,17.0,19.0,19.0,10.0,16.0,9.0,11.0,11.0,11.0,13.0,14.0,13.0,14.0,15.0,14.0,12.0
0.0,0.0,2.0,2.0,2.0,2.0,3.0,3.0,4.0,4.0,2.0,2.0,1.0,3.0,0.0,4.0,3.0,3.0,2.0,4.0,10.0,10.0,7.0,7.0,8.0,11.0,8.0,7.0,5.0,5.0,6.0,8.0,10.0,11.0,8.0,9.0,9.0,12.0,8.0,9.0,8.0,8.0,8.0,9.0,9.0,12.0,10.0,11.0
0.0,0.0,0.0,1.0,1.0,2.0,3.0,4.0,2.0,2.0,2.0,2.0,4.0,3.0,5.0,2.0,2.0,4.0,2.0,3.0,3.0,4.0,4.0,2.0,2.0,2.0,3.0,2.0,2.0,3.0,3.0,3.0,4.0,3.0,3.0,5.0,4.0,1.0,4.0,5.0,3.0,3.0,5.0,3.0,6.0,4.0,5.0,6.0
0.0,0.0,1.0,1.0,1.0,1.0,1.0,0.0,1.0,1.0,1.0,1.0,2.0,2.0,2.0,0.0,0.0,1.0,2.0,3.0,2.0,2.0,2.0,4.0,5.0,3.0,3.0,4.0,2.0,3.0,1.0,0.0,3.0,4.0,7.0,5.0,5.0,4.0,2.0,1.0,1.0,2.0,2.0,1.0,0.0,1.0,0.0,1.0
0.0,0.0,0.0,1.0,0.0,0.0,0.0,0.0,0.0,1.0,0.0,2.0,1.0,1.0,0.0,0.0,1.0,2.0,0.0,1.0,4.0,0.0,2.0,1.0,0.0,3.0,1.0,2.0,4.0,4.0,3.0,1.0,3.0,3.0,3.0,5.0,2.0,6.0,3.0,3.0,5.0,3.0,1.0,0.0,0.0,1.0,0.0,0.0
0.0,0.0,0.0,0.0,0.0,0.0,1.0,0.0,1.0,0.0,1.0,1.0,1.0,2.0,2.0,0.0,0.0,1.0,0.0,2.0,0.0,1.0,2.0,1.0,4.0,3.0,3.0,0.0,0.0,1.0,2.0,1.0,0.0,0.0,1.0,3.0,0.0,0.0,1.0,1.0,0.0,1.0,1.0,2.0,2.0,0.0,2.0,0.0
0.0,0.0,0.0,0.0,0.0,1.0,1.0,2.0,0.0,0.0,0.0,0.0,1.0,0.0,0.0,4.0,1.0,2.0,2.0,1.0,3.0,3.0,2.0,2.0,4.0,3.0,2.0,3.0,4.0,3.0,3.0,0.0,1.0,0.0,2.0,2.0,3.0,1.0,0.0,0.0,0.0,1.0,2.0,2.0,1.0,2.0,0.0,0.0
1.0,0.0,2.0,2.0,2.0,3.0,2.0,1.0,2.0,3.0,2.0,3.0,2.0,2.0,4.0,3.0,3.0,4.0,2.0,3.0,2.0,2.0,1.0,3.0,2.0,4.0,6.0,4.0,5.0,3.0,2.0,0.0,1.0,1.0,1.0,1.0,2.0,3.0,1.0,1.0,0.0,3.0,2.0,3.0,1.0,2.0,2.0,1.0
0.0,3.0,1.0,1.0,1.0,0.0,0.0,0.0,1.0,1.0,0.0,0.0,0.0,0.0,3.0,1.0,0.0,1.0,0.0,1.0,3.0,5.0,2.0,3.0,1.0,0.0,3.0,3.0,2.0,4.0,4.0,4.0,3.0,2.0,2.0,2.0,1.0,0.0,2.0,2.0,2.0,1.0,2.0,1.0,1.0,2.0,3.0,3.0
1.0,0.0,0.0,0.0,0.0,1.0,1.0,1.0,0.0,1.0,1.0,1.0,0.0,0.0,1.0,2.0,0.0,0.0,0.0,0.0,0.0,0.0,2.0,0.0,0.0,0.0,0.0,1.0,2.0,2.0,4.0,1.0,0.0,0.0,1.0,1.0,2.0,2.0,3.0,1.0,0.0,1.0,1.0,3.0,4.0,4.0,1.0,4.0
0.0,1.0,0.0,0.0,1.0,1.0,0.0,0.0,0.0,0.0,2.0,0.0,3.0,1.0,1.0,1.0,2.0,3.0,1.0,0.0,0.0,0.0,2.0,1.0,0.0,1.0,1.0,0.0,2.0,2.0,2.0,1.0,1.0,1.0,1.0,1.0,3.0,4.0,0.0,3.0,2.0,1.0,1.0,1.0,2.0,2.0,1.0,0.0
0.0,0.0,1.0,0.0,1.0,0.0,2.0,1.0,3.0,4.0,2.0,3.0,1.0,1.0,1.0,4.0,2.0,0.0,2.0,2.0,3.0,3.0,1.0,2.0,1.0,3.0,3.0,4.0,3.0,0.0,1.0,1.0,3.0,3.0,7.0,3.0,2.0,4.0,1.0,0.0,0.0,1.0,1.0,1.0,1.0,1.0,0.0,0.0
0.0,1.0,0.0,1.0,1.0,0.0,0.0,0.0,0.0,0.0,0.0,0.0,0.0,0.0,0.0,0.0,0.0,2.0,1.0,2.0,1.0,1.0,1.0,0.0,0.0,1.0,2.0,3.0,2.0,4.0,3.0,3.0,0.0,2.0,2.0,2.0,3.0,1.0,2.0,0.0,2.0,2.0,1.0,1.0,2.0,2.0,2.0,1.0
0.0,0.0,0.0,0.0,0.0,0.0,0.0,0.0,0.0,0.0,0.0,0.0,0.0,0.0,0.0,0.0,0.0,0.0,2.0,2.0,0.0,0.0,2.0,2.0,1.0,1.0,1.0,0.0,1.0,1.0,2.0,4.0,2.0,4.0,1.0,1.0,1.0,3.0,2.0,3.0,2.0,3.0,1.0,2.0,5.0,2.0,2.0,2.0
0.0,0.0,0.0,0.0,0.0,1.0,1.0,1.0,1.0,0.0,0.0,0.0,0.0,0.0,0.0,0.0,0.0,0.0,0.0,1.0,1.0,2.0,1.0,0.0,1.0,1.0,1.0,1.0,3.0,1.0,2.0,2.0,1.0,2.0,5.0,2.0,1.0,1.0,2.0,3.0,0.0,1.0,0.0,2.0,0.0,0.0,0.0,1.0
1.0,1.0,1.0,0.0,0.0,0.0,0.0,0.0,0.0,0.0,0.0,0.0,0.0,0.0,0.0,0.0,0.0,1.0,3.0,2.0,2.0,0.0,1.0,1.0,0.0,0.0,1.0,1.0,2.0,1.0,1.0,2.0,4.0,2.0,2.0,2.0,2.0,4.0,3.0,2.0,0.0,0.0,1.0,1.0,1.0,2.0,1.0,0.0
38.0,39.0,37.0,33.0,36.0,33.0,33.0,35.0,32.0,29.0,32.0,30.0,27.0,27.0,26.0,34.0,24.0,20.0,26.0,25.0,24.0,23.0,16.0,16.0,23.0,26.0,22.0,20.0,16.0,16.0,21.0,22.0,25.0,23.0,22.0,22.0,28.0,23.0,19.0,20.0,20.0,22.0,25.0,30.0,28.0,24.0,21.0,24.0
9.0,5.0,4.0,10.0,7.0,10.0,11.0,10.0,11.0,16.0,11.0,9.0,13.0,12.0,14.0,16.0,17.0,16.0,17.0,12.0,10.0,16.0,15.0,19.0,21.0,15.0,23.0,21.0,27.0,26.0,18.0,22.0,22.0,22.0,17.0,16.0,20.0,22.0,26.0,27.0,22.0,26.0,21.0,25.0,26.0,25.0,26.0,19.0
4.0,12.0,11.0,13.0,14.0,10.0,10.0,11.0,12.0,14.0,14.0,17.0,18.0,19.0,23.0,22.0,24.0,28.0,29.0,25.0,23.0,18.0,24.0,20.0,18.0,22.0,17.0,24.0,20.0,23.0,28.0,32.0,32.0,26.0,27.0,24.0,17.0,27.0,27.0,19.0,19.0,22.0,26.0,23.0,28.0,24.0,28.0,26.0
50.0,37.0,34.0,37.0,38.0,38.0,34.0,34.0,34.0,31.0,28.0,28.0,30.0,28.0,27.0,36.0,33.0,34.0,29.0,29.0,37.0,35.0,28.0,26.0,30.0,38.0,38.0,38.0,39.0,39.0,35.0,33.0,27.0,30.0,24.0,32.0,40.0,40.0,38.0,30.0,29.0,33.0,41.0,36.0,29.0,29.0,33.0,34.0
25.0,27.0,27.0,22.0,19.0,21.0,23.0,25.0,29.0,26.0,28.0,32.0,25.0,24.0,23.0,26.0,26.0,24.0,32.0,26.0,17.0,19.0,31.0,28.0,25.0,22.0,25.0,29.0,26.0,27.0,24.0,30.0,24.0,26.0,25.0,22.0,25.0,16.0,24.0,25.0,20.0,23.0,23.0,27.0,25.0,25.0,16.0,17.0
7.0,7.0,10.0,10.0,12.0,12.0,12.0,9.0,10.0,7.0,11.0,9.0,13.0,11.0,12.0,11.0,16.0,15.0,9.0,13.0,11.0,14.0,16.0,13.0,18.0,17.0,21.0,21.0,21.0,16.0,27.0,20.0,17.0,21.0,22.0,22.0,19.0,19.0,17.0,19.0,19.0,15.0,18.0,18.0,15.0,12.0,14.0,12.0
5.0,8.0,8.0,11.0,12.0,13.0,11.0,11.0,9.0,12.0,12.0,17.0,14.0,15.0,17.0,19.0,16.0,13.0,12.0,16.0,23.0,21.0,24.0,23.0,19.0,27.0,14.0,17.0,19.0,23.0,15.0,17.0,26.0,17.0,26.0,12.0,17.0,16.0,19.0,14.0,16.0,18.0,23.0,21.0,26.0,22.0,23.0,29.0
3.0,8.0,7.0,10.0,10.0,9.0,11.0,13.0,15.0,16.0,13.0,12.0,24.0,12.0,21.0,21.0,23.0,19.0,24.0,24.0,28.0,27.0,24.0,21.0,23.0,18.0,20.0,21.0,20.0,25.0,31.0,28.0,28.0,30.0,25.0,36.0,32.0,25.0,25.0,27.0,25.0,27.0,24.0,24.0,27.0,30.0,28.0,32.0
2.0,12.0,10.0,10.0,14.0,13.0,16.0,14.0,12.0,28.0,26.0,25.0,29.0,29.0,21.0,22.0,23.0,29.0,36.0,36.0,32.0,39.0,32.0,34.0,34.0,49.0,37.0,39.0,39.0,37.0,39.0,41.0,45.0,49.0,44.0,34.0,38.0,33.0,38.0,37.0,41.0,44.0,42.0,45.0,45.0,46.0,48.0,46.0
66.0,59.0,65.0,61.0,59.0,59.0,58.0,66.0,64.0,63.0,62.0,62.0,56.0,64.0,58.0,69.0,66.0,69.0,62.0,54.0,52.0,54.0,44.0,44.0,48.0,40.0,47.0,49.0,58.0,54.0,46.0,56.0,40.0,48.0,45.0,47.0,54.0,57.0,54.0,48.0,42.0,47.0,43.0,45.0,49.0,44.0,45.0,47.0
18.0,21.0,25.0,34.0,37.0,41.0,42.0,44.0,40.0,37.0,37.0,36.0,45.0,44.0,46.0,36.0,47.0,41.0,52.0,60.0,52.0,55.0,48.0,47.0,47.0,53.0,39.0,49.0,41.0,45.0,52.0,64.0,52.0,45.0,46.0,50.0,44.0,38.0,38.0,42.0,50.0,45.0,39.0,42.0,49.0,44.0,44.0,47.0
19.0,22.0,17.0,22.0,25.0,24.0,20.0,22.0,25.0,27.0,25.0,19.0,23.0,29.0,28.0,29.0,21.0,35.0,35.0,41.0,39.0,39.0,37.0,43.0,44.0,32.0,39.0,47.0,46.0,42.0,38.0,42.0,35.0,38.0,39.0,29.0,33.0,34.0,29.0,40.0,31.0,34.0,37.0,37.0,40.0,38.0,33.0,38.0
1.0,1.0,4.0,6.0,8.0,12.0,13.0,10.0,13.0,9.0,11.0,15.0,12.0,15.0,10.0,10.0,15.0,17.0,19.0,19.0,22.0,20.0,26.0,23.0,20.0,26.0,16.0,26.0,27.0,31.0,23.0,19.0,23.0,25.0,22.0,24.0,24.0,19.0,25.0,22.0,18.0,19.0,21.0,20.0,22.0,21.0,23.0,26.0
12.0,8.0,7.0,7.0,9.0,9.0,10.0,9.0,7.0,10.0,9.0,8.0,8.0,11.0,7.0,8.0,8.0,7.0,13.0,10.0,9.0,11.0,13.0,13.0,20.0,18.0,15.0,10.0,10.0,15.0,12.0,11.0,16.0,16.0,17.0,17.0,15.0,16.0,16.0,15.0,17.0,12.0,22.0,20.0,22.0,20.0,19.0,21.0
0.0,2.0,2.0,3.0,2.0,2.0,1.0,2.0,1.0,2.0,2.0,1.0,2.0,2.0,2.0,1.0,1.0,1.0,0.0,1.0,4.0,5.0,4.0,3.0,3.0,2.0,5.0,4.0,2.0,2.0,4.0,2.0,2.0,5.0,3.0,3.0,3.0,4.0,4.0,6.0,5.0,7.0,6.0,8.0,8.0,6.0,9.0,7.0
0.0,0.0,0.0,0.0,0.0,0.0,0.0,0.0,0.0,1.0,0.0,0.0,0.0,0.0,1.0,0.0,0.0,0.0,0.0,0.0,0.0,1.0,1.0,1.0,1.0,2.0,0.0,0.0,1.0,0.0,1.0,2.0,2.0,1.0,1.0,1.0,1.0,1.0,1.0,4.0,3.0,0.0,1.0,2.0,3.0,2.0,1.0,0.0
0.0,0.0,1.0,1.0,2.0,2.0,1.0,1.0,2.0,1.0,1.0,1.0,1.0,1.0,0.0,2.0,1.0,0.0,2.0,0.0,1.0,1.0,2.0,2.0,0.0,0.0,1.0,0.0,1.0,0.0,0.0,0.0,2.0,2.0,0.0,1.0,0.0,0.0,0.0,0.0,0.0,0.0,1.0,0.0,0.0,1.0,1.0,2.0
1.0,0.0,1.0,0.0,0.0,0.0,0.0,0.0,0.0,0.0,2.0,1.0,1.0,1.0,1.0,1.0,2.0,1.0,1.0,2.0,2.0,2.0,2.0,3.0,1.0,1.0,0.0,0.0,0.0,0.0,0.0,1.0,0.0,1.0,2.0,0.0,1.0,0.0,1.0,0.0,1.0,0.0,1.0,3.0,4.0,2.0,2.0,5.0
0.0,0.0,0.0,1.0,1.0,1.0,1.0,1.0,1.0,1.0,0.0,0.0,0.0,0.0,0.0,1.0,0.0,1.0,0.0,0.0,0.0,1.0,1.0,1.0,2.0,1.0,2.0,1.0,0.0,0.0,0.0,1.0,0.0,0.0,1.0,1.0,1.0,3.0,2.0,2.0,2.0,3.0,2.0,3.0,3.0,3.0,5.0,3.0
0.0,0.0,3.0,0.0,1.0,0.0,1.0,0.0,0.0,0.0,1.0,0.0,0.0,0.0,2.0,0.0,1.0,1.0,0.0,0.0,0.0,0.0,0.0,0.0,1.0,0.0,2.0,0.0,1.0,0.0,2.0,0.0,2.0,1.0,1.0,2.0,1.0,0.0,1.0,2.0,4.0,3.0,4.0,1.0,0.0,3.0,1.0,4.0
0.0,0.0,0.0,0.0,0.0,0.0,0.0,0.0,0.0,0.0,0.0,0.0,0.0,0.0,1.0,2.0,0.0,0.0,1.0,1.0,1.0,0.0,1.0,1.0,0.0,1.0,2.0,1.0,1.0,3.0,3.0,5.0,2.0,4.0,1.0,3.0,5.0,2.0,2.0,2.0,0.0,2.0,1.0,1.0,3.0,1.0,1.0,2.0
0.0,0.0,1.0,0.0,0.0,0.0,0.0,0.0,0.0,0.0,0.0,0.0,0.0,0.0,0.0,0.0,0.0,1.0,0.0,0.0,1.0,1.0,3.0,3.0,2.0,1.0,2.0,4.0,6.0,4.0,4.0,3.0,6.0,5.0,7.0,4.0,5.0,3.0,1.0,0.0,1.0,2.0,2.0,0.0,1.0,1.0,1.0,1.0
0.0,0.0,0.0,1.0,1.0,0.0,0.0,1.0,0.0,0.0,0.0,0.0,0.0,0.0,0.0,0.0,0.0,0.0,0.0,1.0,2.0,2.0,2.0,2.0,1.0,1.0,3.0,1.0,0.0,1.0,1.0,2.0,0.0,3.0,1.0,0.0,2.0,0.0,2.0,1.0,2.0,3.0,4.0,4.0,3.0,1.0,1.0,1.0
0.0,0.0,0.0,0.0,0.0,1.0,1.0,0.0,0.0,0.0,0.0,0.0,0.0,1.0,0.0,0.0,0.0,0.0,0.0,1.0,1.0,2.0,0.0,1.0,5.0,3.0,0.0,2.0,0.0,2.0,1.0,2.0,2.0,1.0,3.0,1.0,0.0,1.0,0.0,1.0,3.0,0.0,1.0,0.0,1.0,1.0,1.0,2.0
0.0,0.0,0.0,0.0,0.0,0.0,0.0,0.0,0.0,0.0,0.0,0.0,1.0,1.0,1.0,0.0,2.0,0.0,1.0,0.0,1.0,0.0,0.0,1.0,1.0,2.0,1.0,3.0,1.0,2.0,0.0,3.0,2.0,3.0,0.0,0.0,1.0,0.0,0.0,1.0,1.0,2.0,2.0,1.0,0.0,0.0,0.0,1.0
0.0,0.0,0.0,0.0,0.0,0.0,0.0,0.0,0.0,0.0,1.0,1.0,1.0,1.0,2.0,2.0,1.0,3.0,3.0,2.0,2.0,1.0,2.0,2.0,1.0,1.0,1.0,1.0,3.0,1.0,3.0,1.0,1.0,2.0,0.0,0.0,1.0,0.0,1.0,0.0,0.0,0.0,1.0,0.0,1.0,0.0,0.0,1.0
2.0,1.0,1.0,1.0,1.0,2.0,2.0,1.0,2.0,2.0,0.0,0.0,1.0,0.0,0.0,1.0,2.0,3.0,1.0,2.0,1.0,0.0,1.0,2.0,5.0,2.0,1.0,1.0,2.0,0.0,1.0,0.0,2.0,1.0,1.0,0.0,0.0,2.0,2.0,2.0,1.0,2.0,2.0,2.0,2.0,2.0,3.0,3.0
0.0,1.0,1.0,1.0,2.0,1.0,1.0,2.0,1.0,1.0,1.0,3.0,2.0,2.0,2.0,3.0,1.0,4.0,3.0,5.0,3.0,6.0,6.0,4.0,5.0,7.0,5.0,5.0,2.0,4.0,0.0,3.0,1.0,3.0,3.0,1.0,3.0,2.0,3.0,3.0,4.0,6.0,5.0,5.0,3.0,4.0,3.0,3.0
0.0,0.0,3.0,3.0,1.0,1.0,1.0,2.0,2.0,2.0,3.0,2.0,1.0,3.0,2.0,2.0,2.0,2.0,6.0,3.0,3.0,1.0,3.0,6.0,5.0,6.0,5.0,8.0,10.0,8.0,4.0,2.0,3.0,5.0,5.0,8.0,7.0,8.0,7.0,7.0,6.0,6.0,6.0,10.0,8.0,7.0,7.0,8.0
0.0,2.0,1.0,2.0,3.0,2.0,5.0,3.0,4.0,3.0,3.0,5.0,2.0,4.0,4.0,5.0,6.0,5.0,5.0,5.0,6.0,11.0,11.0,12.0,9.0,11.0,13.0,10.0,13.0,14.0,10.0,13.0,8.0,8.0,5.0,7.0,6.0,7.0,11.0,13.0,12.0,13.0,15.0,13.0,11.0,11.0,12.0,6.0
4.0,6.0,7.0,5.0,4.0,1.0,1.0,3.0,5.0,4.0,2.0,1.0,2.0,5.0,3.0,5.0,6.0,11.0,9.0,14.0,17.0,14.0,11.0,12.0,13.0,17.0,15.0,15.0,11.0,7.0,13.0,17.0,12.0,14.0,15.0,9.0,11.0,15.0,14.0,16.0,18.0,19.0,11.0,10.0,11.0,17.0,10.0,14.0
6.0,3.0,5.0,7.0,7.0,7.0,4.0,4.0,5.0,7.0,5.0,3.0,3.0,6.0,13.0,9.0,11.0,9.0,19.0,8.0,13.0,15.0,14.0,12.0,12.0,10.0,14.0,12.0,14.0,12.0,15.0,15.0,17.0,14.0,13.0,12.0,12.0,9.0,13.0,9.0,15.0,12.0,16.0,10.0,10.0,13.0,12.0,14.0
9.0,6.0,6.0,9.0,5.0,2.0,6.0,8.0,6.0,6.0,6.0,4.0,4.0,8.0,4.0,7.0,6.0,11.0,11.0,6.0,9.0,10.0,6.0,13.0,11.0,8.0,7.0,10.0,7.0,11.0,7.0,8.0,10.0,11.0,10.0,14.0,8.0,11.0,10.0,13.0,9.0,11.0,15.0,7.0,9.0,8.0,9.0,11.0
0.0,2.0,2.0,3.0,3.0,2.0,2.0,2.0,2.0,3.0,5.0,4.0,4.0,4.0,5.0,3.0,4.0,1.0,4.0,7.0,2.0,3.0,5.0,3.0,3.0,4.0,6.0,4.0,8.0,4.0,4.0,6.0,7.0,5.0,10.0,9.0,9.0,8.0,7.0,6.0,10.0,9.0,8.0,11.0,12.0,7.0,10.0,8.0
0.0,0.0,1.0,1.0,1.0,1.0,2.0,2.0,2.0,2.0,1.0,2.0,0.0,1.0,1.0,2.0,1.0,1.0,2.0,0.0,0.0,0.0,2.0,4.0,2.0,2.0,4.0,4.0,4.0,8.0,7.0,6.0,5.0,6.0,2.0,2.0,4.0,2.0,1.0,2.0,5.0,4.0,4.0,7.0,7.0,11.0,9.0,4.0
0.0,0.0,1.0,2.0,2.0,4.0,2.0,3.0,1.0,1.0,1.0,1.0,2.0,1.0,1.0,2.0,1.0,1.0,1.0,0.0,0.0,1.0,1.0,2.0,2.0,0.0,1.0,0.0,1.0,1.0,3.0,4.0,3.0,4.0,2.0,6.0,5.0,6.0,6.0,5.0,3.0,3.0,3.0,3.0,5.0,2.0,2.0,1.0
1.0,2.0,1.0,1.0,2.0,0.0,0.0,1.0,2.0,1.0,1.0,1.0,1.0,0.0,0.0,1.0,0.0,1.0,1.0,1.0,2.0,2.0,2.0,2.0,3.0,3.0,3.0,2.0,2.0,1.0,1.0,5.0,3.0,6.0,5.0,6.0,9.0,3.0,3.0,4.0,5.0,5.0,4.0,3.0,3.0,1.0,2.0,4.0
1.0,1.0,1.0,0.0,0.0,0.0,0.0,1.0,2.0,3.0,1.0,2.0,1.0,2.0,1.0,1.0,2.0,2.0,1.0,0.0,1.0,1.0,1.0,1.0,0.0,0.0,0.0,2.0,1.0,5.0,6.0,4.0,6.0,4.0,2.0,2.0,4.0,3.0,5.0,4.0,2.0,1.0,1.0,3.0,0.0,1.0,2.0,2.0
0.0,1.0,0.0,0.0,0.0,0.0,1.0,2.0,0.0,0.0,0.0,1.0,0.0,2.0,0.0,1.0,2.0,0.0,0.0,3.0,1.0,2.0,2.0,4.0,3.0,4.0,4.0,3.0,4.0,3.0,3.0,5.0,4.0,4.0,4.0,4.0,6.0,6.0,2.0,3.0,5.0,3.0,2.0,0.0,3.0,2.0,2.0,2.0
6.0,2.0,3.0,2.0,3.0,2.0,2.0,1.0,0.0,0.0,2.0,1.0,3.0,1.0,2.0,3.0,1.0,6.0,5.0,4.0,3.0,2.0,8.0,4.0,6.0,6.0,3.0,2.0,1.0,7.0,3.0,3.0,2.0,2.0,3.0,4.0,3.0,3.0,6.0,5.0,5.0,4.0,5.0,2.0,4.0,4.0,3.0,3.0
0.0,0.0,0.0,0.0,0.0,0.0,0.0,0.0,0.0,0.0,1.0,1.0,1.0,1.0,0.0,1.0,1.0,2.0,2.0,1.0,2.0,4.0,4.0,1.0,3.0,3.0,4.0,2.0,3.0,2.0,2.0,1.0,1.0,2.0,0.0,2.0,0.0,0.0,1.0,2.0,1.0,2.0,0.0,0.0,0.0,1.0,3.0,4.0
0.0,0.0,0.0,0.0,0.0,0.0,0.0,0.0,1.0,0.0,1.0,0.0,0.0,0.0,0.0,0.0,1.0,1.0,1.0,2.0,2.0,1.0,1.0,1.0,0.0,1.0,0.0,1.0,2.0,0.0,1.0,0.0,1.0,0.0,3.0,0.0,1.0,1.0,3.0,2.0,1.0,1.0,2.0,3.0,1.0,2.0,4.0,2.0
0.0,0.0,1.0,1.0,1.0,0.0,1.0,0.0,0.0,0.0,0.0,1.0,0.0,1.0,1.0,3.0,0.0,2.0,2.0,2.0,1.0,2.0,3.0,2.0,2.0,0.0,3.0,1.0,1.0,3.0,3.0,2.0,2.0,2.0,1.0,1.0,2.0,2.0,2.0,0.0,2.0,2.0,2.0,1.0,0.0,0.0,1.0,0.0
0.0,2.0,1.0,2.0,1.0,4.0,1.0,3.0,2.0,2.0,2.0,1.0,2.0,3.0,2.0,1.0,2.0,0.0,1.0,2.0,2.0,3.0,3.0,2.0,3.0,2.0,2.0,1.0,2.0,2.0,3.0,2.0,2.0,2.0,3.0,1.0,1.0,3.0,1.0,2.0,1.0,1.0,1.0,1.0,1.0,1.0,2.0,2.0
0.0,0.0,0.0,0.0,1.0,1.0,1.0,1.0,0.0,0.0,0.0,0.0,0.0,0.0,1.0,0.0,1.0,2.0,2.0,3.0,2.0,2.0,0.0,1.0,2.0,4.0,1.0,1.0,2.0,1.0,1.0,0.0,1.0,2.0,1.0,2.0,0.0,0.0,1.0,2.0,0.0,0.0,1.0,0.0,0.0,0.0,0.0,1.0
0.0,0.0,0.0,0.0,0.0,0.0,0.0,0.0,0.0,0.0,0.0,1.0,1.0,1.0,1.0,2.0,2.0,2.0,2.0,0.0,0.0,1.0,3.0,1.0,0.0,0.0,2.0,0.0,0.0,2.0,0.0,0.0,0.0,0.0,1.0,0.0,1.0,0.0,2.0,1.0,1.0,1.0,1.0,1.0,0.0,3.0,1.0,0.0
0.0,1.0,1.0,1.0,1.0,1.0,1.0,1.0,1.0,2.0,1.0,1.0,1.0,0.0,0.0,0.0,2.0,0.0,1.0,1.0,2.0,0.0,1.0,2.0,1.0,1.0,0.0,2.0,0.0,0.0,0.0,1.0,0.0,0.0,1.0,1.0,1.0,2.0,1.0,0.0,3.0,1.0,2.0,0.0,1.0,1.0,1.0,1.0
0.0,0.0,0.0,0.0,0.0,0.0,0.0,0.0,0.0,0.0,1.0,0.0,0.0,0.0,0.0,1.0,0.0,2.0,0.0,0.0,1.0,1.0,0.0,0.0,0.0,0.0,0.0,0.0,0.0,0.0,0.0,0.0,1.0,3.0,1.0,1.0,1.0,0.0,0.0,1.0,2.0,2.0,1.0,0.0,1.0,0.0,0.0,3.0
13.0,7.0,6.0,8.0,8.0,10.0,10.0,9.0,8.0,14.0,10.0,17.0,18.0,21.0,22.0,24.0,23.0,27.0,28.0,31.0,24.0,23.0,30.0,32.0,22.0,20.0,24.0,13.0,19.0,24.0,21.0,18.0,16.0,18.0,15.0,21.0,23.0,21.0,23.0,21.0,29.0,26.0,28.0,20.0,24.0,24.0,23.0,18.0
11.0,18.0,21.0,20.0,20.0,21.0,20.0,25.0,26.0,18.0,25.0,25.0,25.0,29.0,29.0,24.0,24.0,22.0,19.0,24.0,27.0,30.0,28.0,23.0,19.0,22.0,23.0,27.0,28.0,20.0,22.0,23.0,35.0,27.0,33.0,21.0,23.0,27.0,27.0,27.0,30.0,30.0,30.0,31.0,31.0,30.0,27.0,34.0
63.0,48.0,56.0,54.0,60.0,59.0,57.0,55.0,58.0,54.0,55.0,50.0,50.0,53.0,50.0,45.0,38.0,34.0,38.0,32.0,38.0,35.0,35.0,40.0,38.0,38.0,43.0,39.0,33.0,35.0,37.0,38.0,30.0,32.0,33.0,37.0,32.0,36.0,34.0,39.0,37.0,33.0,40.0,40.0,38.0,35.0,27.0,34.0
72.0,73.0,63.0,61.0,58.0,58.0,66.0,64.0,62.0,60.0,57.0,58.0,55.0,54.0,52.0,48.0,40.0,58.0,41.0,50.0,46.0,42.0,33.0,37.0,34.0,43.0,41.0,36.0,40.0,39.0,42.0,39.0,33.0,34.0,33.0,28.0,37.0,39.0,32.0,35.0,35.0,43.0,33.0,31.0,32.0,29.0,29.0,32.0
51.0,44.0,46.0,44.0,43.0,45.0,40.0,39.0,35.0,35.0,41.0,37.0,42.0,37.0,29.0,29.0,38.0,22.0,31.0,31.0,32.0,42.0,39.0,39.0,43.0,43.0,36.0,34.0,42.0,34.0,31.0,27.0,29.0,27.0,27.0,26.0,25.0,25.0,23.0,21.0,29.0,27.0,26.0,28.0,30.0,31.0,29.0,32.0
7.0,13.0,11.0,12.0,16.0,13.0,14.0,17.0,16.0,16.0,13.0,13.0,12.0,16.0,15.0,15.0,13.0,16.0,17.0,13.0,15.0,17.0,15.0,22.0,16.0,23.0,23.0,26.0,22.0,21.0,25.0,21.0,21.0,28.0,20.0,21.0,19.0,26.0,23.0,24.0,21.0,18.0,23.0,26.0,20.0,21.0,22.0,21.0
10.0,10.0,8.0,6.0,4.0,5.0,5.0,2.0,3.0,6.0,4.0,7.0,7.0,11.0,12.0,11.0,13.0,14.0,15.0,19.0,15.0,13.0,8.0,7.0,18.0,15.0,21.0,18.0,20.0,24.0,25.0,19.0,21.0,15.0,16.0,18.0,24.0,15.0,14.0,20.0,23.0,20.0,18.0,20.0,20.0,17.0,19.0,24.0
9.0,8.0,11.0,9.0,10.0,12.0,10.0,12.0,12.0,11.0,12.0,13.0,10.0,12.0,8.0,8.0,10.0,11.0,17.0,17.0,14.0,13.0,20.0,18.0,12.0,19.0,14.0,13.0,12.0,15.0,15.0,21.0,16.0,17.0,16.0,17.0,17.0,20.0,18.0,10.0,11.0,17.0,22.0,17.0,17.0,18.0,17.0,16.0
11.0,11.0,7.0,11.0,9.0,10.0,9.0,9.0,10.0,11.0,16.0,14.0,11.0,16.0,16.0,12.0,14.0,9.0,11.0,17.0,15.0,16.0,21.0,26.0,24.0,16.0,23.0,21.0,22.0,17.0,20.0,24.0,21.0,24.0,24.0,20.0,20.0,22.0,22.0,25.0,24.0,23.0,20.0,18.0,29.0,22.0,29.0,29.0
1.0,4.0,4.0,7.0,11.0,6.0,8.0,7.0,12.0,11.0,10.0,9.0,9.0,10.0,12.0,11.0,12.0,23.0,23.0,19.0,27.0,20.0,21.0,28.0,24.0,26.0,30.0,33.0,33.0,27.0,35.0,24.0,31.0,27.0,31.0,38.0,25.0,27.0,26.0,18.0,19.0,24.0,26.0,29.0,26.0,31.0,31.0,34.0
8.0,6.0,7.0,8.0,9.0,10.0,8.0,10.0,8.0,8.0,6.0,8.0,9.0,12.0,8.0,20.0,18.0,20.0,24.0,23.0,16.0,25.0,22.0,16.0,25.0,29.0,27.0,21.0,24.0,24.0,22.0,21.0,23.0,29.0,22.0,19.0,25.0,23.0,21.0,26.0,24.0,25.0,31.0,27.0,22.0,27.0,19.0,24.0
2.0,6.0,5.0,5.0,7.0,10.0,9.0,8.0,10.0,8.0,11.0,9.0,7.0,10.0,14.0,9.0,17.0,14.0,14.0,19.0,30.0,26.0,22.0,12.0,17.0,20.0,18.0,21.0,22.0,17.0,18.0,21.0,22.0,23.0,21.0,23.0,22.0,22.0,20.0,16.0,20.0,21.0,26.0,32.0,26.0,32.0,34.0,25.0
0.0,2.0,4.0,4.0,4.0,3.0,3.0,4.0,1.0,2.0,2.0,4.0,7.0,3.0,6.0,6.0,5.0,9.0,7.0,7.0,7.0,7.0,8.0,13.0,7.0,7.0,8.0,12.0,12.0,11.0,9.0,11.0,12.0,14.0,17.0,15.0,10.0,7.0,7.0,11.0,11.0,14.0,6.0,10.0,15.0,14.0,11.0,15.0
1.0,0.0,0.0,2.0,0.0,0.0,0.0,1.0,1.0,1.0,3.0,4.0,1.0,3.0,3.0,4.0,3.0,2.0,3.0,5.0,4.0,3.0,4.0,7.0,6.0,4.0,4.0,4.0,4.0,10.0,7.0,11.0,4.0,6.0,5.0,8.0,11.0,11.0,6.0,10.0,12.0,14.0,8.0,11.0,10.0,9.0,5.0,6.0
0.0,0.0,0.0,0.0,1.0,0.0,1.0,0.0,1.0,0.0,0.0,1.0,2.0,1.0,1.0,0.0,0.0,2.0,2.0,3.0,2.0,2.0,0.0,2.0,1.0,3.0,3.0,1.0,2.0,2.0,2.0,1.0,3.0,3.0,3.0,3.0,2.0,3.0,5.0,3.0,3.0,3.0,4.0,2.0,3.0,7.0,7.0,5.0
0.0,1.0,1.0,1.0,1.0,1.0,0.0,0.0,0.0,1.0,1.0,1.0,2.0,2.0,1.0,1.0,0.0,0.0,1.0,1.0,0.0,0.0,0.0,0.0,1.0,1.0,1.0,1.0,1.0,0.0,0.0,2.0,2.0,1.0,0.0,2.0,1.0,2.0,2.0,3.0,3.0,4.0,3.0,1.0,2.0,3.0,3.0,3.0
2.0,1.0,1.0,1.0,0.0,0.0,0.0,1.0,0.0,0.0,0.0,0.0,0.0,0.0,1.0,2.0,0.0,1.0,0.0,0.0,1.0,1.0,0.0,1.0,0.0,0.0,0.0,2.0,0.0,0.0,0.0,0.0,0.0,0.0,0.0,1.0,1.0,1.0,0.0,0.0,1.0,2.0,1.0,2.0,0.0,0.0,1.0,1.0
0.0,0.0,0.0,0.0,0.0,0.0,1.0,0.0,0.0,0.0,0.0,1.0,0.0,0.0,0.0,0.0,1.0,1.0,1.0,1.0,0.0,0.0,1.0,0.0,1.0,0.0,0.0,0.0,1.0,0.0,1.0,0.0,0.0,1.0,0.0,1.0,0.0,0.0,1.0,0.0,0.0,1.0,1.0,0.0,0.0,1.0,1.0,1.0
0.0,0.0,0.0,0.0,1.0,1.0,0.0,0.0,0.0,0.0,0.0,0.0,1.0,0.0,0.0,0.0,0.0,0.0,1.0,0.0,1.0,1.0,0.0,1.0,0.0,1.0,0.0,0.0,0.0,1.0,1.0,0.0,2.0,0.0,0.0,1.0,0.0,1.0,0.0,0.0,0.0,0.0,2.0,2.0,2.0,2.0,2.0,1.0
0.0,1.0,0.0,0.0,0.0,0.0,0.0,0.0,0.0,0.0,0.0,0.0,0.0,1.0,1.0,1.0,0.0,1.0,0.0,2.0,1.0,0.0,0.0,1.0,0.0,2.0,1.0,3.0,1.0,2.0,1.0,2.0,0.0,2.0,1.0,2.0,0.0,0.0,0.0,1.0,1.0,2.0,3.0,2.0,2.0,2.0,2.0,1.0
2.0,0.0,0.0,0.0,1.0,0.0,0.0,2.0,0.0,1.0,1.0,2.0,1.0,1.0,2.0,0.0,2.0,2.0,1.0,2.0,2.0,1.0,2.0,1.0,4.0,1.0,3.0,3.0,2.0,1.0,1.0,2.0,4.0,2.0,2.0,2.0,2.0,2.0,2.0,4.0,3.0,1.0,4.0,7.0,3.0,3.0,2.0,2.0
2.0,1.0,1.0,1.0,1.0,1.0,1.0,0.0,2.0,1.0,2.0,1.0,2.0,2.0,2.0,2.0,2.0,2.0,0.0,1.0,2.0,2.0,2.0,1.0,4.0,3.0,2.0,3.0,1.0,2.0,4.0,5.0,4.0,5.0,1.0,3.0,1.0,3.0,2.0,1.0,2.0,2.0,0.0,3.0,3.0,1.0,2.0,2.0
1.0,0.0,0.0,1.0,1.0,1.0,1.0,1.0,2.0,3.0,2.0,1.0,1.0,2.0,1.0,1.0,3.0,2.0,3.0,3.0,3.0,2.0,3.0,3.0,3.0,4.0,3.0,2.0,3.0,3.0,1.0,1.0,2.0,0.0,0.0,2.0,1.0,1.0,5.0,2.0,1.0,1.0,0.0,1.0,1.0,1.0,0.0,1.0
1.0,2.0,2.0,1.0,1.0,1.0,1.0,1.0,1.0,1.0,1.0,2.0,1.0,0.0,1.0,1.0,0.0,2.0,1.0,2.0,3.0,3.0,2.0,3.0,3.0,3.0,5.0,3.0,2.0,2.0,3.0,2.0,2.0,2.0,3.0,4.0,3.0,3.0,1.0,2.0,1.0,1.0,0.0,2.0,0.0,0.0,1.0,1.0
0.0,0.0,1.0,1.0,0.0,2.0,2.0,1.0,2.0,1.0,1.0,2.0,2.0,2.0,1.0,3.0,3.0,3.0,2.0,2.0,1.0,3.0,2.0,1.0,1.0,1.0,2.0,1.0,1.0,0.0,2.0,0.0,1.0,2.0,3.0,1.0,1.0,1.0,2.0,0.0,1.0,0.0,1.0,0.0,0.0,0.0,0.0,2.0
0.0,0.0,0.0,0.0,0.0,0.0,0.0,0.0,0.0,0.0,1.0,2.0,1.0,1.0,1.0,0.0,1.0,2.0,1.0,3.0,3.0,4.0,1.0,1.0,0.0,1.0,0.0,1.0,1.0,3.0,1.0,0.0,0.0,0.0,1.0,2.0,2.0,1.0,1.0,1.0,1.0,1.0,0.0,0.0,0.0,1.0,1.0,0.0
1.0,0.0,0.0,0.0,0.0,0.0,0.0,0.0,0.0,0.0,1.0,0.0,0.0,0.0,0.0,0.0,2.0,0.0,4.0,2.0,1.0,2.0,1.0,1.0,0.0,0.0,2.0,2.0,0.0,1.0,2.0,2.0,1.0,3.0,3.0,2.0,2.0,1.0,1.0,3.0,2.0,1.0,1.0,1.0,2.0,1.0,2.0,1.0
0.0,1.0,1.0,1.0,1.0,1.0,1.0,1.0,2.0,1.0,1.0,1.0,1.0,3.0,2.0,2.0,2.0,0.0,0.0,4.0,5.0,1.0,2.0,3.0,3.0,2.0,3.0,2.0,5.0,6.0,5.0,3.0,2.0,3.0,2.0,2.0,1.0,2.0,0.0,1.0,2.0,2.0,2.0,0.0,0.0,2.0,1.0,2.0
0.0,0.0,0.0,0.0,0.0,0.0,2.0,1.0,1.0,1.0,1.0,2.0,2.0,2.0,1.0,2.0,1.0,3.0,3.0,4.0,1.0,2.0,1.0,2.0,1.0,2.0,3.0,4.0,3.0,4.0,4.0,5.0,5.0,3.0,3.0,2.0,3.0,4.0,8.0,6.0,5.0,3.0,4.0,3.0,8.0,4.0,9.0,6.0
0.0,0.0,0.0,0.0,0.0,3.0,0.0,0.0,0.0,0.0,0.0,0.0,0.0,0.0,2.0,2.0,3.0,3.0,1.0,1.0,4.0,5.0,4.0,1.0,2.0,4.0,3.0,2.0,3.0,2.0,8.0,5.0,5.0,4.0,4.0,4.0,4.0,4.0,2.0,3.0,3.0,3.0,2.0,2.0,3.0,5.0,5.0,13.0
2.0,2.0,3.0,3.0,4.0,2.0,2.0,2.0,1.0,1.0,1.0,3.0,3.0,1.0,3.0,1.0,3.0,3.0,4.0,5.0,5.0,4.0,5.0,9.0,8.0,7.0,8.0,8.0,7.0,10.0,8.0,4.0,6.0,5.0,8.0,10.0,7.0,5.0,8.0,7.0,8.0,7.0,10.0,7.0,6.0,6.0,10.0,4.0
0.0,3.0,1.0,1.0,2.0,6.0,3.0,3.0,4.0,1.0,2.0,4.0,4.0,5.0,5.0,7.0,5.0,4.0,5.0,5.0,5.0,8.0,7.0,3.0,4.0,5.0,5.0,7.0,6.0,7.0,4.0,9.0,12.0,7.0,7.0,7.0,9.0,7.0,8.0,10.0,10.0,13.0,7.0,11.0,11.0,5.0,9.0,8.0
0.0,2.0,2.0,4.0,6.0,4.0,3.0,2.0,5.0,4.0,6.0,5.0,7.0,5.0,5.0,3.0,3.0,5.0,6.0,3.0,0.0,2.0,5.0,6.0,6.0,7.0,5.0,6.0,6.0,7.0,7.0,5.0,8.0,3.0,7.0,1.0,7.0,12.0,5.0,5.0,8.0,9.0,13.0,12.0,8.0,6.0,6.0,7.0
0.0,0.0,1.0,0.0,0.0,0.0,0.0,3.0,3.0,1.0,3.0,2.0,3.0,3.0,1.0,3.0,3.0,4.0,4.0,7.0,11.0,7.0,10.0,5.0,6.0,3.0,6.0,7.0,5.0,4.0,4.0,6.0,2.0,6.0,5.0,5.0,5.0,5.0,5.0,7.0,7.0,9.0,9.0,8.0,8.0,8.0,8.0,10.0
0.0,0.0,1.0,0.0,0.0,0.0,0.0,0.0,1.0,0.0,1.0,1.0,2.0,1.0,4.0,3.0,5.0,3.0,4.0,4.0,5.0,6.0,4.0,6.0,4.0,5.0,2.0,3.0,4.0,2.0,6.0,2.0,5.0,2.0,4.0,2.0,2.0,5.0,6.0,6.0,3.0,4.0,4.0,6.0,7.0,7.0,8.0,4.0
2.0,2.0,1.0,1.0,1.0,1.0,2.0,3.0,5.0,3.0,3.0,4.0,3.0,4.0,3.0,2.0,2.0,2.0,3.0,4.0,5.0,4.0,3.0,4.0,4.0,2.0,5.0,6.0,3.0,6.0,4.0,4.0,4.0,3.0,3.0,6.0,5.0,2.0,1.0,4.0,6.0,4.0,3.0,2.0,2.0,1.0,3.0,1.0
3.0,4.0,4.0,2.0,2.0,3.0,3.0,2.0,1.0,2.0,0.0,1.0,2.0,1.0,0.0,1.0,1.0,2.0,1.0,0.0,0.0,0.0,0.0,3.0,3.0,5.0,3.0,2.0,2.0,2.0,5.0,5.0,2.0,2.0,6.0,2.0,2.0,6.0,7.0,5.0,3.0,4.0,4.0,3.0,2.0,5.0,4.0,6.0
3.0,1.0,1.0,3.0,1.0,2.0,3.0,1.0,2.0,2.0,2.0,0.0,0.0,1.0,1.0,0.0,0.0,1.0,1.0,1.0,1.0,2.0,0.0,2.0,2.0,1.0,1.0,3.0,3.0,5.0,4.0,4.0,5.0,8.0,3.0,3.0,2.0,4.0,6.0,5.0,4.0,6.0,4.0,5.0,4.0,4.0,5.0,6.0
1.0,2.0,3.0,2.0,2.0,2.0,2.0,4.0,4.0,3.0,3.0,3.0,3.0,1.0,1.0,0.0,0.0,0.0,1.0,2.0,3.0,1.0,4.0,1.0,2.0,4.0,4.0,1.0,0.0,0.0,1.0,3.0,2.0,1.0,3.0,2.0,1.0,4.0,5.0,3.0,4.0,0.0,3.0,3.0,3.0,3.0,0.0,4.0
0.0,1.0,1.0,2.0,1.0,1.0,1.0,0.0,0.0,1.0,0.0,0.0,0.0,2.0,0.0,1.0,3.0,3.0,3.0,6.0,3.0,6.0,2.0,3.0,2.0,1.0,2.0,3.0,3.0,2.0,6.0,5.0,3.0,4.0,4.0,3.0,4.0,3.0,2.0,2.0,2.0,2.0,0.0,1.0,0.0,1.0,2.0,1.0
0.0,0.0,0.0,0.0,0.0,0.0,0.0,0.0,0.0,0.0,0.0,1.0,0.0,0.0,1.0,1.0,2.0,1.0,2.0,2.0,2.0,1.0,1.0,1.0,1.0,0.0,0.0,0.0,0.0,2.0,0.0,3.0,3.0,1.0,2.0,3.0,0.0,1.0,1.0,0.0,2.0,0.0,0.0,0.0,0.0,0.0,1.0,0.0
0.0,0.0,0.0,0.0,0.0,1.0,1.0,1.0,1.0,3.0,3.0,0.0,0.0,0.0,0.0,0.0,2.0,2.0,2.0,1.0,1.0,1.0,0.0,1.0,2.0,1.0,1.0,3.0,4.0,1.0,1.0,3.0,3.0,3.0,1.0,4.0,1.0,2.0,2.0,2.0,0.0,0.0,1.0,1.0,1.0,3.0,2.0,1.0
0.0,1.0,0.0,1.0,1.0,0.0,4.0,3.0,3.0,2.0,2.0,2.0,2.0,2.0,2.0,2.0,3.0,2.0,4.0,3.0,2.0,1.0,3.0,0.0,1.0,2.0,2.0,2.0,2.0,2.0,1.0,2.0,1.0,2.0,2.0,2.0,2.0,1.0,2.0,0.0,2.0,1.0,1.0,0.0,0.0,0.0,1.0,1.0
7.0,4.0,4.0,3.0,3.0,2.0,1.0,0.0,0.0,1.0,0.0,0.0,0.0,0.0,0.0,0.0,0.0,0.0,0.0,1.0,0.0,0.0,1.0,2.0,0.0,1.0,0.0,3.0,2.0,0.0,0.0,0.0,2.0,1.0,1.0,1.0,3.0,2.0,1.0,1.0,0.0,0.0,0.0,0.0,0.0,0.0,0.0,2.0
0.0,0.0,0.0,0.0,0.0,0.0,0.0,0.0,0.0,0.0,0.0,0.0,0.0,1.0,0.0,0.0,0.0,0.0,0.0,0.0,2.0,1.0,0.0,0.0,0.0,0.0,1.0,0.0,0.0,0.0,1.0,2.0,2.0,2.0,2.0,1.0,0.0,1.0,0.0,0.0,0.0,0.0,0.0,0.0,0.0,0.0,0.0,1.0
0.0,0.0,0.0,0.0,0.0,0.0,0.0,0.0,0.0,0.0,0.0,0.0,0.0,0.0,0.0,0.0,0.0,0.0,0.0,0.0,0.0,0.0,1.0,1.0,2.0,1.0,2.0,1.0,1.0,0.0,1.0,1.0,0.0,0.0,0.0,1.0,0.0,0.0,0.0,1.0,0.0,2.0,0.0,1.0,1.0,0.0,1.0,0.0
1.0,0.0,0.0,0.0,0.0,0.0,0.0,0.0,0.0,0.0,0.0,0.0,0.0,0.0,0.0,0.0,0.0,0.0,0.0,2.0,0.0,0.0,1.0,1.0,0.0,0.0,2.0,1.0,2.0,1.0,1.0,0.0,0.0,0.0,0.0,0.0,0.0,0.0,1.0,0.0,1.0,0.0,2.0,0.0,1.0,0.0,0.0,0.0
0.0,0.0,0.0,0.0,0.0,0.0,0.0,0.0,0.0,0.0,0.0,1.0,1.0,1.0,1.0,1.0,2.0,0.0,1.0,2.0,1.0,2.0,0.0,0.0,0.0,0.0,0.0,0.0,0.0,0.0,0.0,0.0,0.0,0.0,0.0,0.0,0.0,1.0,0.0,1.0,0.0,1.0,0.0,0.0,0.0,1.0,0.0,0.0
2.0,7.0,7.0,7.0,9.0,12.0,10.0,11.0,15.0,12.0,14.0,12.0,11.0,11.0,15.0,20.0,15.0,18.0,17.0,17.0,21.0,24.0,22.0,21.0,24.0,26.0,23.0,26.0,24.0,23.0,26.0,29.0,26.0,27.0,26.0,26.0,30.0,34.0,29.0,31.0,24.0,27.0,23.0,22.0,21.0,26.0,28.0,28.0
72.0,69.0,61.0,63.0,58.0,54.0,57.0,53.0,51.0,50.0,47.0,49.0,54.0,56.0,55.0,42.0,40.0,42.0,40.0,46.0,45.0,40.0,37.0,41.0,38.0,38.0,39.0,39.0,40.0,44.0,34.0,36.0,35.0,39.0,32.0,34.0,34.0,21.0,27.0,32.0,38.0,37.0,30.0,36.0,31.0,25.0,28.0,31.0
56.0,61.0,64.0,57.0,56.0,55.0,53.0,54.0,49.0,51.0,49.0,45.0,45.0,42.0,43.0,46.0,46.0,41.0,43.0,49.0,44.0,49.0,43.0,43.0,41.0,39.0,31.0,26.0,29.0,29.0,33.0,30.0,29.0,31.0,41.0,33.0,33.0,42.0,36.0,45.0,37.0,28.0,35.0,40.0,41.0,41.0,44.0,36.0
19.0,25.0,30.0,35.0,34.0,37.0,35.0,32.0,30.0,37.0,33.0,33.0,34.0,32.0,35.0,33.0,43.0,44.0,39.0,28.0,26.0,28.0,35.0,41.0,37.0,34.0,38.0,36.0,33.0,35.0,33.0,35.0,41.0,45.0,37.0,38.0,33.0,32.0,39.0,34.0,34.0,38.0,35.0,31.0,33.0,36.0,37.0,41.0
42.0,37.0,32.0,36.0,34.0,31.0,31.0,32.0,39.0,36.0,36.0,39.0,34.0,37.0,36.0,36.0,33.0,48.0,39.0,44.0,44.0,39.0,37.0,36.0,33.0,31.0,29.0,41.0,38.0,38.0,29.0,39.0,26.0,22.0,21.0,25.0,25.0,20.0,22.0,27.0,35.0,25.0,25.0,20.0,22.0,22.0,28.0,24.0
6.0,10.0,10.0,11.0,12.0,15.0,14.0,16.0,15.0,17.0,15.0,15.0,15.0,15.0,14.0,16.0,16.0,14.0,16.0,18.0,15.0,19.0,20.0,17.0,20.0,17.0,24.0,10.0,15.0,10.0,15.0,9.0,19.0,15.0,16.0,17.0,17.0,13.0,17.0,16.0,13.0,20.0,19.0,20.0,22.0,21.0,20.0,14.0
8.0,8.0,9.0,10.0,9.0,9.0,7.0,10.0,11.0,9.0,11.0,9.0,9.0,8.0,9.0,11.0,13.0,14.0,11.0,10.0,11.0,11.0,17.0,18.0,14.0,16.0,13.0,23.0,21.0,22.0,13.0,17.0,15.0,20.0,16.0,17.0,12.0,14.0,16.0,12.0,10.0,11.0,12.0,10.0,11.0,17.0,14.0,13.0
2.0,2.0,3.0,4.0,4.0,3.0,6.0,3.0,4.0,3.0,2.0,3.0,4.0,6.0,7.0,5.0,4.0,7.0,11.0,12.0,18.0,21.0,16.0,13.0,11.0,11.0,10.0,10.0,8.0,9.0,11.0,11.0,12.0,13.0,16.0,10.0,9.0,16.0,14.0,17.0,17.0,13.0,14.0,12.0,9.0,13.0,13.0,17.0
0.0,1.0,3.0,3.0,3.0,4.0,3.0,4.0,6.0,6.0,5.0,5.0,6.0,6.0,4.0,7.0,6.0,5.0,5.0,7.0,7.0,7.0,8.0,7.0,14.0,14.0,11.0,8.0,8.0,11.0,9.0,10.0,11.0,8.0,10.0,14.0,17.0,13.0,17.0,28.0,15.0,18.0,18.0,19.0,16.0,19.0,20.0,14.0
0.0,0.0,0.0,1.0,0.0,2.0,3.0,2.0,2.0,2.0,5.0,8.0,5.0,2.0,3.0,5.0,8.0,10.0,13.0,12.0,14.0,15.0,16.0,13.0,10.0,7.0,13.0,12.0,15.0,18.0,16.0,20.0,17.0,21.0,16.0,21.0,21.0,25.0,22.0,20.0,23.0,20.0,21.0,21.0,21.0,23.0,26.0,24.0
0.0,1.0,2.0,2.0,2.0,2.0,3.0,3.0,3.0,4.0,4.0,5.0,7.0,7.0,7.0,5.0,8.0,8.0,11.0,12.0,13.0,11.0,14.0,9.0,6.0,7.0,8.0,15.0,12.0,14.0,14.0,15.0,15.0,14.0,15.0,17.0,20.0,11.0,9.0,10.0,9.0,13.0,11.0,11.0,13.0,13.0,14.0,15.0
0.0,0.0,0.0,0.0,0.0,0.0,0.0,0.0,0.0,2.0,1.0,1.0,2.0,2.0,4.0,6.0,3.0,5.0,2.0,8.0,7.0,11.0,8.0,10.0,9.0,3.0,8.0,9.0,9.0,11.0,14.0,11.0,11.0,12.0,10.0,9.0,8.0,13.0,16.0,19.0,18.0,14.0,14.0,13.0,13.0,14.0,16.0,22.0
2.0,2.0,2.0,0.0,0.0,0.0,0.0,1.0,0.0,1.0,1.0,1.0,0.0,1.0,1.0,0.0,3.0,1.0,3.0,3.0,3.0,1.0,6.0,6.0,11.0,13.0,10.0,8.0,8.0,6.0,8.0,6.0,10.0,8.0,11.0,8.0,13.0,14.0,10.0,6.0,9.0,7.0,12.0,12.0,9.0,8.0,11.0,12.0
1.0,1.0,2.0,1.0,1.0,1.0,1.0,1.0,1.0,0.0,0.0,1.0,2.0,0.0,1.0,4.0,1.0,1.0,1.0,2.0,3.0,2.0,0.0,0.0,1.0,2.0,0.0,1.0,4.0,3.0,3.0,3.0,5.0,4.0,5.0,7.0,3.0,6.0,10.0,10.0,9.0,10.0,12.0,11.0,9.0,9.0,7.0,4.0
1.0,1.0,0.0,0.0,0.0,1.0,1.0,1.0,1.0,1.0,1.0,0.0,0.0,1.0,0.0,0.0,2.0,0.0,0.0,1.0,0.0,1.0,0.0,0.0,0.0,0.0,0.0,1.0,0.0,3.0,0.0,2.0,2.0,2.0,3.0,3.0,3.0,2.0,3.0,3.0,5.0,5.0,3.0,4.0,4.0,3.0,4.0,6.0
0.0,0.0,0.0,0.0,0.0,0.0,0.0,0.0,0.0,0.0,0.0,0.0,0.0,0.0,0.0,0.0,1.0,1.0,0.0,0.0,0.0,1.0,1.0,1.0,0.0,0.0,0.0,1.0,2.0,1.0,3.0,1.0,0.0,1.0,0.0,0.0,0.0,1.0,0.0,1.0,2.0,2.0,1.0,1.0,2.0,1.0,2.0,2.0
0.0,0.0,0.0,0.0,1.0,1.0,1.0,1.0,1.0,1.0,1.0,1.0,1.0,0.0,0.0,0.0,0.0,1.0,1.0,1.0,1.0,0.0,0.0,0.0,0.0,0.0,0.0,0.0,1.0,2.0,1.0,2.0,2.0,0.0,0.0,0.0,0.0,0.0,0.0,0.0,0.0,0.0,1.0,0.0,0.0,0.0,1.0,2.0
0.0,0.0,0.0,0.0,0.0,0.0,0.0,0.0,0.0,0.0,0.0,0.0,0.0,1.0,1.0,1.0,1.0,0.0,0.0,0.0,0.0,0.0,0.0,1.0,0.0,1.0,0.0,0.0,0.0,0.0,0.0,0.0,0.0,0.0,0.0,0.0,0.0,0.0,0.0,1.0,1.0,1.0,1.0,1.0,1.0,1.0,0.0,0.0
1.0,1.0,1.0,1.0,0.0,0.0,0.0,0.0,0.0,0.0,0.0,0.0,0.0,0.0,0.0,0.0,0.0,0.0,0.0,0.0,0.0,0.0,1.0,1.0,2.0,2.0,2.0,1.0,0.0,1.0,0.0,1.0,0.0,0.0,0.0,0.0,1.0,0.0,0.0,1.0,1.0,0.0,0.0,0.0,0.0,0.0,0.0,0.0
0.0,0.0,0.0,0.0,0.0,0.0,0.0,0.0,0.0,0.0,0.0,0.0,0.0,0.0,0.0,1.0,2.0,0.0,0.0,1.0,2.0,3.0,3.0,2.0,0.0,0.0,1.0,2.0,4.0,0.0,2.0,0.0,0.0,1.0,1.0,1.0,1.0,4.0,4.0,2.0,2.0,3.0,2.0,1.0,0.0,0.0,0.0,1.0
0.0,1.0,0.0,0.0,0.0,0.0,0.0,0.0,1.0,1.0,2.0,0.0,0.0,0.0,0.0,1.0,1.0,0.0,2.0,0.0,3.0,2.0,0.0,1.0,1.0,2.0,1.0,3.0,2.0,4.0,0.0,1.0,1.0,2.0,2.0,2.0,3.0,2.0,1.0,1.0,2.0,0.0,0.0,2.0,3.0,2.0,3.0,4.0
1.0,2.0,3.0,2.0,2.0,2.0,2.0,3.0,3.0,3.0,2.0,2.0,1.0,2.0,5.0,2.0,2.0,4.0,4.0,3.0,1.0,0.0,3.0,1.0,2.0,1.0,5.0,2.0,1.0,3.0,2.0,4.0,3.0,0.0,2.0,3.0,2.0,1.0,0.0,1.0,2.0,2.0,2.0,1.0,0.0,2.0,2.0,1.0
5.0,5.0,7.0,7.0,6.0,6.0,6.0,5.0,4.0,4.0,6.0,6.0,5.0,4.0,3.0,5.0,5.0,4.0,4.0,5.0,2.0,2.0,3.0,4.0,4.0,2.0,1.0,3.0,4.0,2.0,3.0,1.0,1.0,1.0,1.0,2.0,1.0,2.0,1.0,2.0,1.0,1.0,2.0,3.0,2.0,3.0,2.0,1.0
5.0,4.0,2.0,1.0,1.0,1.0,1.0,3.0,3.0,2.0,1.0,2.0,2.0,1.0,5.0,4.0,1.0,2.0,5.0,4.0,4.0,3.0,3.0,1.0,2.0,2.0,4.0,3.0,3.0,1.0,2.0,4.0,1.0,2.0,3.0,2.0,3.0,1.0,0.0,1.0,2.0,1.0,1.0,1.0,3.0,4.0,3.0,1.0
0.0,1.0,1.0,2.0,3.0,1.0,1.0,1.0,0.0,0.0,0.0,0.0,1.0,3.0,1.0,1.0,2.0,2.0,3.0,3.0,2.0,3.0,4.0,4.0,3.0,3.0,2.0,2.0,3.0,3.0,2.0,3.0,2.0,2.0,2.0,3.0,3.0,3.0,3.0,4.0,2.0,3.0,4.0,2.0,2.0,2.0,3.0,3.0
0.0,0.0,0.0,0.0,0.0,0.0,0.0,0.0,0.0,0.0,0.0,0.0,1.0,0.0,0.0,0.0,0.0,0.0,0.0,0.0,0.0,0.0,1.0,0.0,3.0,1.0,0.0,0.0,0.0,0.0,0.0,1.0,1.0,1.0,1.0,0.0,0.0,1.0,1.0,1.0,2.0,2.0,0.0,1.0,2.0,2.0,1.0,0.0
0.0,0.0,0.0,0.0,0.0,0.0,0.0,0.0,0.0,0.0,0.0,0.0,0.0,0.0,0.0,0.0,0.0,1.0,0.0,0.0,0.0,0.0,0.0,2.0,1.0,2.0,0.0,1.0,2.0,0.0,1.0,1.0,1.0,0.0,0.0,0.0,0.0,0.0,0.0,0.0,0.0,1.0,2.0,2.0,1.0,1.0,2.0,2.0
0.0,0.0,0.0,0.0,0.0,0.0,0.0,0.0,0.0,1.0,1.0,1.0,1.0,0.0,0.0,0.0,0.0,0.0,0.0,2.0,0.0,0.0,0.0,0.0,0.0,2.0,1.0,1.0,2.0,2.0,1.0,3.0,2.0,2.0,2.0,4.0,2.0,2.0,3.0,3.0,2.0,2.0,1.0,0.0,0.0,0.0,1.0,1.0
0.0,0.0,0.0,0.0,0.0,0.0,0.0,0.0,0.0,0.0,0.0,0.0,0.0,1.0,2.0,2.0,0.0,2.0,5.0,2.0,1.0,0.0,0.0,1.0,7.0,3.0,1.0,1.0,2.0,2.0,1.0,0.0,2.0,1.0,1.0,4.0,3.0,3.0,1.0,2.0,2.0,1.0,3.0,3.0,2.0,2.0,1.0,1.0
0.0,0.0,0.0,0.0,0.0,0.0,0.0,0.0,0.0,0.0,0.0,0.0,0.0,0.0,1.0,1.0,3.0,0.0,1.0,1.0,3.0,2.0,2.0,2.0,0.0,1.0,0.0,2.0,0.0,0.0,0.0,1.0,0.0,3.0,4.0,4.0,6.0,5.0,2.0,1.0,1.0,3.0,4.0,3.0,4.0,4.0,2.0,2.0
0.0,0.0,0.0,1.0,0.0,1.0,1.0,2.0,3.0,3.0,4.0,3.0,3.0,4.0,4.0,4.0,3.0,3.0,3.0,3.0,1.0,4.0,3.0,2.0,2.0,2.0,5.0,3.0,5.0,5.0,5.0,5.0,9.0,10.0,8.0,5.0,3.0,5.0,6.0,9.0,5.0,4.0,4.0,5.0,3.0,3.0,3.0,4.0
4.0,2.0,5.0,4.0,5.0,4.0,7.0,5.0,5.0,6.0,3.0,4.0,2.0,5.0,3.0,2.0,2.0,2.0,2.0,2.0,3.0,4.0,4.0,4.0,6.0,5.0,2.0,5.0,6.0,5.0,6.0,7.0,4.0,6.0,8.0,7.0,4.0,8.0,4.0,2.0,5.0,3.0,4.0,4.0,5.0,10.0,6.0,6.0
19.0,16.0,14.0,15.0,15.0,17.0,16.0,19.0,18.0,19.0,17.0,14.0,14.0,10.0,10.0,11.0,12.0,11.0,14.0,12.0,14.0,13.0,16.0,17.0,17.0,16.0,18.0,10.0,14.0,12.0,14.0,11.0,9.0,12.0,14.0,14.0,11.0,11.0,11.0,15.0,11.0,15.0,12.0,10.0,14.0,11.0,12.0,11.0
14.0,17.0,17.0,17.0,18.0,16.0,15.0,13.0,12.0,11.0,12.0,14.0,13.0,13.0,14.0,9.0,8.0,9.0,8.0,10.0,10.0,15.0,11.0,12.0,15.0,18.0,15.0,15.0,9.0,8.0,7.0,7.0,4.0,8.0,8.0,3.0,7.0,5.0,6.0,6.0,9.0,7.0,8.0,13.0,13.0,12.0,12.0,11.0
3.0,1.0,1.0,1.0,1.0,2.0,3.0,2.0,2.0,3.0,3.0,5.0,4.0,8.0,6.0,7.0,6.0,12.0,15.0,9.0,9.0,8.0,8.0,12.0,13.0,10.0,12.0,13.0,10.0,12.0,7.0,12.0,10.0,8.0,8.0,10.0,8.0,7.0,6.0,4.0,4.0,6.0,6.0,7.0,10.0,8.0,9.0,10.0
0.0,0.0,0.0,0.0,0.0,0.0,0.0,1.0,1.0,1.0,2.0,1.0,2.0,3.0,4.0,4.0,4.0,5.0,3.0,8.0,4.0,3.0,2.0,2.0,3.0,4.0,3.0,3.0,7.0,2.0,3.0,2.0,3.0,3.0,2.0,1.0,4.0,3.0,2.0,0.0,3.0,2.0,6.0,5.0,3.0,7.0,1.0,4.0
4.0,4.0,3.0,3.0,3.0,3.0,3.0,2.0,4.0,3.0,2.0,2.0,2.0,2.0,2.0,4.0,3.0,3.0,3.0,2.0,4.0,3.0,4.0,4.0,3.0,4.0,4.0,6.0,5.0,5.0,5.0,6.0,5.0,5.0,4.0,3.0,4.0,8.0,7.0,6.0,5.0,6.0,5.0,6.0,7.0,6.0,7.0,4.0
5.0,5.0,4.0,3.0,6.0,2.0,2.0,4.0,2.0,3.0,3.0,3.0,3.0,3.0,5.0,4.0,2.0,3.0,2.0,3.0,3.0,5.0,5.0,3.0,4.0,5.0,5.0,7.0,7.0,8.0,6.0,4.0,6.0,3.0,5.0,8.0,9.0,4.0,4.0,5.0,6.0,6.0,6.0,6.0,7.0,6.0,4.0,7.0
0.0,0.0,0.0,2.0,2.0,3.0,2.0,1.0,0.0,2.0,2.0,3.0,2.0,3.0,2.0,2.0,2.0,3.0,2.0,1.0,1.0,3.0,1.0,4.0,4.0,0.0,2.0,3.0,7.0,3.0,4.0,4.0,2.0,3.0,1.0,0.0,1.0,1.0,0.0,1.0,3.0,2.0,2.0,3.0,1.0,1.0,3.0,2.0
0.0,0.0,0.0,0.0,1.0,0.0,2.0,2.0,2.0,0.0,1.0,0.0,2.0,0.0,2.0,1.0,2.0,0.0,3.0,0.0,1.0,1.0,2.0,3.0,2.0,4.0,0.0,2.0,1.0,2.0,1.0,3.0,4.0,2.0,2.0,2.0,1.0,0.0,0.0,1.0,0.0,0.0,1.0,2.0,1.0,1.0,1.0,0.0
0.0,0.0,0.0,0.0,0.0,1.0,0.0,1.0,1.0,2.0,2.0,2.0,1.0,3.0,1.0,2.0,2.0,4.0,1.0,2.0,2.0,3.0,2.0,1.0,1.0,0.0,1.0,0.0,1.0,0.0,1.0,2.0,1.0,1.0,3.0,1.0,1.0,1.0,1.0,0.0,0.0,1.0,0.0,0.0,1.0,2.0,0.0,1.0
0.0,0.0,0.0,0.0,0.0,1.0,0.0,0.0,0.0,0.0,1.0,0.0,1.0,1.0,1.0,0.0,0.0,1.0,0.0,1.0,1.0,2.0,2.0,1.0,2.0,3.0,3.0,1.0,2.0,2.0,1.0,0.0,1.0,2.0,1.0,0.0,3.0,3.0,3.0,4.0,1.0,1.0,3.0,2.0,3.0,3.0,3.0,3.0
0.0,0.0,0.0,0.0,0.0,1.0,0.0,1.0,1.0,1.0,0.0,1.0,0.0,1.0,1.0,2.0,1.0,2.0,1.0,0.0,0.0,0.0,3.0,3.0,3.0,2.0,2.0,2.0,1.0,0.0,2.0,1.0,3.0,1.0,1.0,1.0,0.0,0.0,0.0,3.0,6.0,4.0,3.0,4.0,3.0,1.0,1.0,1.0
0.0,0.0,1.0,0.0,2.0,3.0,2.0,2.0,2.0,2.0,2.0,1.0,1.0,1.0,1.0,1.0,2.0,2.0,3.0,1.0,2.0,2.0,2.0,2.0,5.0,3.0,2.0,0.0,2.0,1.0,1.0,3.0,1.0,0.0,0.0,0.0,0.0,1.0,2.0,2.0,0.0,1.0,1.0,1.0,1.0,2.0,1.0,1.0
0.0,0.0,0.0,0.0,0.0,0.0,0.0,0.0,0.0,0.0,1.0,1.0,1.0,1.0,1.0,1.0,1.0,1.0,0.0,0.0,0.0,2.0,1.0,1.0,1.0,2.0,2.0,2.0,2.0,4.0,2.0,1.0,1.0,1.0,1.0,0.0,0.0,0.0,0.0,0.0,0.0,0.0,1.0,1.0,1.0,1.0,2.0,1.0
0.0,0.0,0.0,0.0,0.0,0.0,0.0,0.0,0.0,0.0,0.0,0.0,0.0,0.0,0.0,0.0,1.0,0.0,1.0,1.0,1.0,0.0,2.0,1.0,1.0,0.0,1.0,2.0,2.0,1.0,1.0,2.0,2.0,2.0,1.0,1.0,1.0,1.0,1.0,1.0,1.0,1.0,2.0,1.0,1.0,1.0,1.0,1.0
0.0,0.0,0.0,0.0,1.0,0.0,0.0,0.0,0.0,0.0,0.0,0.0,0.0,0.0,0.0,0.0,0.0,2.0,1.0,0.0,0.0,1.0,0.0,1.0,1.0,0.0,1.0,0.0,1.0,0.0,1.0,0.0,0.0,0.0,1.0,1.0,1.0,0.0,0.0,1.0,0.0,0.0,0.0,0.0,0.0,0.0,0.0,0.0
0.0,0.0,0.0,1.0,0.0,0.0,0.0,0.0,0.0,0.0,0.0,0.0,0.0,0.0,0.0,0.0,2.0,1.0,1.0,1.0,1.0,0.0,0.0,0.0,0.0,1.0,1.0,0.0,0.0,0.0,0.0,0.0,0.0,0.0,1.0,0.0,0.0,1.0,1.0,0.0,1.0,1.0,1.0,2.0,1.0,1.0,2.0,2.0
