stop_id,lat,lon,ward,is_existing_stop,nearest_node_degree,road_type,distance_to_major_road,distance_to_nearest_stop,stops_within_500m,stops_within_1km,pop_not_served_nearby,poverty_rate_weighted_pop,route_count_serving,trips_per_day,avg_headway_minutes,service_span_hours,routes_within_500m,avg_speed_daily,avg_speed_peak,avg_speed_offpeak,congestion_pct_daily,congestion_pct_peak,trip_count_daily,trip_count_peak,demand_variability_cv,dominant_congestion_level,ward_pct_access,ward_population,ward_poverty_rate,is_benchmark_ward,ward_category,distance_to_cbd,coverage_efficiency_nearby,demand_supply_ratio,network_accessibility,is_good_stop,pop_within_500m,subcounty_gini,trips_per_1k_pop_per_hour,pop_score,coverage_score,access_score,poverty_score,quality_score,gnn_probability,gnn_prediction,confidence
CANDIDATE_Sarang'ombe Ward_27,-1.3173826751657962,36.76447839090975,Sarang'ombe Ward,False,2,residential,1367.9566476243217,1188.565748766662,0,0,5959,15421.34774339274,0,0,1440.0,0,0,16.699138772601074,11.303737458124182,19.57668614032208,68.12864671560324,95.45454545454544,134,49.0,0.5466091380314718,congested,74.32034487468462,77355.9452208662,26.3,True,adequately_served,6.79842117434378,74.32034487468462,58636.0,0.0014609666445396,1,58636,0.2104011684477993,1.8615246648315409,0.4348142050974024,0.7428795896481165,0.8880188815512967,0.7881249673045143,0.6731336389672822,0.99774545,1,0.9954909
CANDIDATE_Sarang'ombe Ward_31,-1.3178195850166812,36.76494540268889,Sarang'ombe Ward,False,2,residential,1315.317453253313,1121.6336093810428,0,0,5959,15421.34774339274,0,0,1440.0,0,0,16.699138772601074,11.303737458124182,19.57668614032208,68.12864671560324,95.45454545454544,134,49.0,0.5466091380314718,congested,74.32034487468462,77355.9452208662,26.3,True,adequately_served,6.778626571045432,74.32034487468462,58636.0,0.0015193903226436,1,58636,0.2104011684477993,1.8615246648315409,0.4348142050974024,0.7428795896481165,0.8943249153877451,0.7881249673045143,0.6743948457345719,0.9973043,1,0.99460864
CANDIDATE_Sarang'ombe Ward_41,-1.3190128366556146,36.76393892137333,Sarang'ombe Ward,False,2,residential,1433.3240702051703,1184.246179203782,0,0,5959,15421.34774339274,0,0,1440.0,0,0,16.699138772601074,11.303737458124182,19.57668614032208,68.12864671560324,95.45454545454544,134,49.0,0.5466091380314718,congested,74.32034487468462,77355.9452208662,26.3,True,adequately_served,6.9431178329957,74.32034487468462,58636.0,0.0013943850218688,1,58636,0.2104011684477993,1.8615246648315409,0.4348142050974024,0.7428795896481165,0.8884258512383925,0.7881249673045143,0.6732150329047013,0.99728227,1,0.99456453
CANDIDATE_Sarang'ombe Ward_7,-1.317732969180078,36.765947498096686,Sarang'ombe Ward,False,6,residential,1204.1100627819108,1024.3746989950894,0,0,5959,15421.34774339274,0,0,1440.0,0,0,16.699138772601074,11.303737458124182,19.57668614032208,68.12864671560324,95.45454545454544,134,49.0,0.5466091380314718,congested,74.32034487468462,77355.9452208662,26.3,True,adequately_served,6.678380141855588,74.32034487468462,58636.0,0.0049787983565164,1,58636,0.2104011684477993,1.8615246648315409,0.4348142050974024,0.7428795896481165,0.9034881960690391,0.7881249673045143,0.6762275018708306,0.99664825,1,0.9932965
CANDIDATE_Sarang'ombe Ward_18,-1.31962577595749,36.76382011783288,Sarang'ombe Ward,False,2,residential,1454.340808139978,1181.400272275106,0,0,5959,15421.34774339274,0,0,1440.0,0,0,16.699138772601074,11.303737458124182,19.57668614032208,68.12864671560324,95.45454545454544,134,49.0,0.5466091380314718,congested,74.32034487468462,77355.9452208662,26.3,True,adequately_served,6.990164936720309,74.32034487468462,58636.0,0.0013742485532004,1,58636,0.2104011684477993,1.8615246648315409,0.4348142050974024,0.7428795896481165,0.8886939793088882,0.7881249673045143,0.6732686585188005,0.9966049,1,0.99320984
CANDIDATE_Mathare North Ward_24,-1.25384696412342,36.87133967803644,Mathare North Ward,False,1,residential,709.3603114498492,487.9080899121447,1,75,2588,13950.656452234723,0,0,1440.0,0,3,17.684657596250318,11.666697525521228,20.693637631614862,60.45883468467407,92.24137931034484,543,224.0,0.490429447437139,congested,88.3669133737164,74177.99282923673,11.1,True,adequately_served,7.023229182187267,1.1627225443910052,125681.0,0.0014077363049168,1,125681,0.0768685671769029,0.1617730480740412,0.9319851986978414,0.010380738626175317,0.9540315765743486,0.7127205418368308,0.6621404278830242,0.99656504,1,0.9931301
CANDIDATE_Sarang'ombe Ward_35,-1.3162299010357696,36.76496179261894,Sarang'ombe Ward,False,6,tertiary,1325.0761414350916,1200.146864957136,0,0,5959,15421.34774339274,0,0,1440.0,0,0,16.699138772601074,11.303737458124182,19.57668614032208,68.12864671560324,95.45454545454544,134,49.0,0.5466091380314718,congested,74.32034487468462,77355.9452208662,26.3,True,adequately_served,6.687656914171751,74.32034487468462,58636.0,0.0045246270651598,1,58636,0.2104011684477993,1.8615246648315409,0.4348142050974024,0.7428795896481165,0.8869277628267,0.7881249673045143,0.6729154152223629,0.99607444,1,0.9921489
CANDIDATE_Sarang'ombe Ward_47,-1.3192007036961089,36.76589378548518,Sarang'ombe Ward,False,2,residential,1219.928701325202,969.92121113388,0,2,5959,15421.34774339274,0,0,1440.0,0,0,16.699138772601074,11.303737458124182,19.57668614032208,68.12864671560324,95.45454545454544,134,49.0,0.5466091380314718,congested,74.32034487468462,77355.9452208662,26.3,True,adequately_served,6.769984189718649,24.77344829156154,58636.0,0.0016380972925193,1,58636,0.2104011684477993,1.8615246648315409,0.4348142050974024,0.24678576288343604,0.9086185495900442,0.7881249673045143,0.5532301158838615,0.995854,1,0.99170804
CANDIDATE_Sarang'ombe Ward_0,-1.3158021440398413,36.765246969627256,Sarang'ombe Ward,False,6,tertiary,1300.9708817946334,1198.6729650640518,0,0,5959,15421.34774339274,0,0,1440.0,0,0,16.699138772601074,11.303737458124182,19.57668614032208,68.12864671560324,95.45454545454544,134,49.0,0.5466091380314718,congested,74.32034487468462,77355.9452208662,26.3,True,adequately_served,6.636587711292383,74.32034487468462,58636.0,0.00460839799407,1,58636,0.2104011684477993,1.8615246648315409,0.4348142050974024,0.7428795896481165,0.8870666267967247,0.7881249673045143,0.6729431880163678,0.99546534,1,0.9909307
CANDIDATE_Woodley/kenyatta Golf Course Ward_26,-1.3195535008760122,36.7600716788196,Woodley/kenyatta Golf Course Ward,False,2,residential,1866.4229008896248,1592.3534084609362,0,0,7917,4018.27020779832,0,0,1440.0,0,0,16.699138772601074,11.303737458124182,19.57668614032208,68.12864671560324,95.45454545454544,134,49.0,0.5466091380314718,congested,85.74743830112823,185176.1679773348,26.3,True,adequately_served,7.343170224296857,85.74743830112823,15278.0,0.0010709946841967,1,15278,0.2104011684477993,10.498111183713132,0.11329373465922153,0.8572946367583104,0.8499758925157561,0.20347303164376196,0.4646662511522088,0.995342,1,0.99068403
CANDIDATE_Woodley/kenyatta Golf Course Ward_41,-1.3196252193972138,36.76021437189158,Woodley/kenyatta Golf Course Ward,False,2,residential,1851.522588090508,1575.482446358606,0,0,7917,4018.27020779832,0,0,1440.0,0,0,16.699138772601074,11.303737458124182,19.57668614032208,68.12864671560324,95.45454545454544,134,49.0,0.5466091380314718,congested,85.74743830112823,185176.1679773348,26.3,True,adequately_served,7.333469971244377,85.74743830112823,15278.0,0.0010796089682563,1,15278,0.2104011684477993,10.498111183713132,0.11329373465922153,0.8572946367583104,0.8515653958372889,0.20347303164376196,0.46498415181651526,0.995342,1,0.99068403
CANDIDATE_Mathare North Ward_33,-1.2528229046307668,36.87409703344178,Mathare North Ward,False,6,residential,501.2714581624306,485.7233231892077,3,73,2588,13950.656452234723,0,0,1440.0,0,5,17.684657596250318,11.666697525521228,20.693637631614862,60.45883468467407,92.24137931034484,543,224.0,0.490429447437139,congested,88.3669133737164,74177.99282923673,11.1,True,adequately_served,7.344847332333766,1.1941474780231949,125681.0,0.0119457315411692,1,125681,0.0768685671769029,0.1617730480740412,0.9319851986978414,0.010695384278204496,0.9542374150998468,0.7127205418368308,0.6622602570011311,0.9953178,1,0.99063563
CANDIDATE_Sarang'ombe Ward_24,-1.3211171248002005,36.764059058614926,Sarang'ombe Ward,False,2,residential,1460.734572319957,1132.9116998510492,0,0,5959,15421.34774339274,0,0,1440.0,0,0,16.699138772601074,11.303737458124182,19.57668614032208,68.12864671560324,95.45454545454544,134,49.0,0.5466091380314718,congested,74.32034487468462,77355.9452208662,26.3,True,adequately_served,7.056959864400889,74.32034487468462,58636.0,0.0013682374610773,1,58636,0.2104011684477993,1.8615246648315409,0.4348142050974024,0.7428795896481165,0.893262346332472,0.7881249673045143,0.6741823319235172,0.9948985,1,0.989797
CANDIDATE_Eastleigh South Ward_27,-1.2760607234575203,36.86121863021008,Eastleigh South Ward,False,6,unclassified,951.1376363216832,1168.2567340944336,0,0,4421,4792.49862701149,0,0,1440.0,0,0,17.684657596250318,11.666697525521228,20.693637631614862,60.45883468467407,92.24137931034484,543,224.0,0.490429447437139,congested,78.3703324081986,68143.70069639628,9.3,True,adequately_served,5.02666464246861,78.3703324081986,51532.0,0.0063016099470443,1,51532,0.2187157501793953,0.704393795896947,0.3821346206610161,0.7834305414212408,0.8899323021424144,0.24316881925229095,0.5562249768656069,0.99445504,1,0.9889101
CANDIDATE_Embakasi Ward_33,-1.2854815428081838,36.93586860867141,Embakasi Ward,False,2,unclassified,1249.865583867973,1229.901024723854,0,0,29594,170.15776873711866,0,0,1440.0,0,0,18.054313199966053,11.514724616707694,21.324107491595232,57.35551818750744,93.22916666666669,394,160.0,0.5289229448015942,congested,22.437747821685697,127185.79787032236,7.2,False,severely_underserved,13.192419248934591,22.437747821685697,2363.0,0.0015988928193351,0,2363,0.4401639794947514,6.03841004939126,0.01752278406857838,0.22339930148654888,0.8841244647402156,0.0061748567331173475,0.24004266409030625,0.99410844,1,0.9882169
CANDIDATE_Mathare North Ward_7,-1.2548170044891571,36.87387592504789,Mathare North Ward,False,6,residential,535.257257689499,311.77937060234507,4,86,2588,13950.656452234723,0,0,1440.0,0,5,17.684657596250318,11.666697525521228,20.693637631614862,60.45883468467407,92.24137931034484,543,224.0,0.490429447437139,congested,88.3669133737164,74177.99282923673,11.1,True,adequately_served,7.21317174667893,1.0157116479737518,125681.0,0.0111886597597791,1,125681,0.0768685671769029,0.1617730480740412,0.9319851986978414,0.008908775633349172,0.9706256026092692,0.7127205418368308,0.6650912423418018,0.99400467,1,0.98800933
CANDIDATE_Korogocho Ward_0,-1.2547957828100873,36.87433904241648,Korogocho Ward,False,6,residential,484.3343162870626,306.7633148709509,9,88,6406,7114.906913988673,0,0,1440.0,0,6,17.684657596250318,11.666697525521228,20.693637631614862,60.45883468467407,92.24137931034484,543,224.0,0.490429447437139,congested,70.68412548851703,72846.89997678499,11.1,True,adequately_served,7.259326780466515,0.7942036571743486,64098.0,0.0123626123244315,1,64098,0.0768685671769029,1.153103289594606,0.47531756801850905,0.006690902176224062,0.9710981919730343,0.3622419813997413,0.4347019090250893,0.99394494,1,0.9878899
CANDIDATE_Woodley/kenyatta Golf Course Ward_6,-1.3153576614811118,36.76587317069566,Woodley/kenyatta Golf Course Ward,False,6,tertiary,1242.3872928713206,1123.1536452380085,0,0,7917,4018.27020779832,0,0,1440.0,0,0,16.699138772601074,11.303737458124182,19.57668614032208,68.12864671560324,95.45454545454544,134,49.0,0.5466091380314718,congested,85.74743830112823,185176.1679773348,26.3,True,adequately_served,6.551666683208515,85.74743830112823,15278.0,0.0048255278418877,1,15278,0.2104011684477993,10.498111183713132,0.11329373465922153,0.8572946367583104,0.8941817047024955,0.20347303164376196,0.4735074135895566,0.9934883,1,0.9869766
CANDIDATE_Korogocho Ward_3,-1.2543051099003415,36.87313330465841,Korogocho Ward,False,6,unclassified,622.0172133236274,391.50567774311634,3,79,6406,7114.906913988673,0,0,1440.0,0,2,17.684657596250318,11.666697525521228,20.693637631614862,60.45883468467407,92.24137931034484,543,224.0,0.490429447437139,congested,70.68412548851703,72846.89997678499,11.1,True,adequately_served,7.169338708433049,0.8835515686064628,64098.0,0.0096305525299881,1,64098,0.0768685671769029,1.153103289594606,0.47531756801850905,0.007585508102175989,0.9631141619904625,0.3622419813997413,0.4333287545100629,0.9932642,1,0.9865284
CANDIDATE_Sarang'ombe Ward_17,-1.3170458604254431,36.76693387651621,Sarang'ombe Ward,False,6,residential,1097.8310453223612,966.3874943855376,0,2,5959,15421.34774339274,0,0,1440.0,0,0,16.699138772601074,11.303737458124182,19.57668614032208,68.12864671560324,95.45454545454544,134,49.0,0.5466091380314718,congested,74.32034487468462,77355.9452208662,26.3,True,adequately_served,6.544979004923655,24.77344829156154,58636.0,0.0054603480904016,1,58636,0.2104011684477993,1.8615246648315409,0.4348142050974024,0.24678576288343604,0.9089514798921086,0.7881249673045143,0.5532967019442744,0.9929269,1,0.9858538
CANDIDATE_Mathare North Ward_11,-1.254532461137322,36.87122161131718,Mathare North Ward,False,6,residential,784.4684297174429,483.98359355827176,2,75,2588,13950.656452234723,0,0,1440.0,0,3,17.684657596250318,11.666697525521228,20.693637631614862,60.45883468467407,92.24137931034484,543,224.0,0.490429447437139,congested,88.3669133737164,74177.99282923673,11.1,True,adequately_served,6.9729413794942925,1.1627225443910052,125681.0,0.0076387538607482,1,125681,0.0768685671769029,0.1617730480740412,0.9319851986978414,0.010380738626175317,0.9544013243072867,0.7127205418368308,0.6622143774296119,0.9929188,1,0.9858376
CANDIDATE_Mathare North Ward_14,-1.2548091386865146,36.87246533415133,Mathare North Ward,False,6,unclassified,691.3860894114664,373.5141760913021,2,80,2588,13950.656452234723,0,0,1440.0,0,2,17.684657596250318,11.666697525521228,20.693637631614862,60.45883468467407,92.24137931034484,543,224.0,0.490429447437139,congested,88.3669133737164,74177.99282923673,11.1,True,adequately_served,7.077046340788287,1.0909495478236593,125681.0,0.0086656853621944,1,125681,0.0768685671769029,0.1617730480740412,0.9319851986978414,0.00966210349499757,0.9648092373193894,0.7127205418368308,0.6641163012492379,0.9920596,1,0.9841192
CANDIDATE_Mathare North Ward_41,-1.2543620452885118,36.87254877238494,Mathare North Ward,False,6,unclassified,686.778637174409,411.8535566584383,2,77,2588,13950.656452234723,0,0,1440.0,0,2,17.684657596250318,11.666697525521228,20.693637631614862,60.45883468467407,92.24137931034484,543,224.0,0.490429447437139,congested,88.3669133737164,74177.99282923673,11.1,True,adequately_served,7.109879836826141,1.132909145816877,125681.0,0.0087237370800723,1,125681,0.0768685671769029,0.1617730480740412,0.9319851986978414,0.010082228648609177,0.9611970797917192,0.7127205418368308,0.6634989010321067,0.99205595,1,0.9841119
CANDIDATE_Airbase Ward_16,-1.2527028141180157,36.873277919294544,Airbase Ward,False,6,unclassified,579.2628665347526,555.4928022510486,0,73,17075,1530.534366496874,0,0,1440.0,0,0,17.684657596250318,11.666697525521228,20.693637631614862,60.45883468467407,92.24137931034484,543,224.0,0.490429447437139,congested,46.01546587417469,105433.25515722662,9.3,False,severely_underserved,7.273448386633455,0.6218306199212796,16457.0,0.0103401412463822,0,16457,0.2187157501793953,11.040159940658125,0.1220365879884022,0.004964997920274078,0.9476640603594503,0.07592329162932626,0.2486715256737646,0.9917972,1,0.9835944
CANDIDATE_Airbase Ward_31,-1.2516213197369808,36.87201180101021,Airbase Ward,False,2,residential,477.80712850602,456.72336687130144,11,76,17075,1530.534366496874,0,0,1440.0,0,6,17.684657596250318,11.666697525521228,20.693637631614862,60.45883468467407,92.24137931034484,543,224.0,0.490429447437139,congested,46.01546587417469,105433.25515722662,9.3,False,severely_underserved,7.216898961780664,0.5976034529113596,16457.0,0.0041770472512396,0,16457,0.2187157501793953,11.040159940658125,0.1220365879884022,0.0047224207091372625,0.956969655656848,0.07592329162932626,0.2504720004304599,0.9909643,1,0.9819286
CANDIDATE_Ngando Ward_15,-1.3142848195383536,36.76593549974023,Ngando Ward,False,6,tertiary,1267.1503125165432,1033.760588130704,0,0,2979,1287.4420267405085,0,0,1440.0,0,0,16.699138772601074,11.303737458124182,19.57668614032208,68.12864671560324,95.45454545454544,134,49.0,0.5466091380314718,congested,64.55544213237266,28020.643468093764,18.5,False,underserved,6.487782020563773,64.55544213237266,6959.0,0.0047313003362302,1,6959,0.1996750767775023,17.558483286089597,0.051604339540091804,0.6451074121053447,0.9026039013936017,0.06345960307338838,0.3725510727587663,0.99086636,1,0.9817327
CANDIDATE_Airbase Ward_3,-1.2756715297378989,36.8620598407595,Airbase Ward,False,6,unclassified,1053.1505653017157,1120.2102420048411,0,0,17075,1530.534366496874,0,0,1440.0,0,0,17.684657596250318,11.666697525521228,20.693637631614862,60.45883468467407,92.24137931034484,543,224.0,0.490429447437139,congested,46.01546587417469,105433.25515722662,9.3,False,severely_underserved,5.12764111722963,46.01546587417469,16457.0,0.0056917865412164,1,16457,0.2187157501793953,11.040159940658125,0.1220365879884022,0.459473832520288,0.8944590184198372,0.07592329162932626,0.35165772593584543,0.9901569,1,0.9803138
CANDIDATE_Mathare North Ward_18,-1.25186282321257,36.87008022448892,Mathare North Ward,False,3,residential,494.6612908057254,310.1332780055927,3,68,2588,13950.656452234723,0,0,1440.0,0,5,17.684657596250318,11.666697525521228,20.693637631614862,60.45883468467407,92.24137931034484,543,224.0,0.490429447437139,congested,88.3669133737164,74177.99282923673,11.1,True,adequately_served,7.021819069272896,1.2806799039669043,125681.0,0.0060525202505189,1,125681,0.0768685671769029,0.1617730480740412,0.9319851986978414,0.011561799841763094,0.9707806897723024,0.7127205418368308,0.6657855158265119,0.99013036,1,0.9802607
CANDIDATE_Mathare North Ward_49,-1.251888102382574,36.87052731209124,Mathare North Ward,False,6,residential,491.2620434164896,359.368740672324,3,74,2588,13950.656452234723,0,0,1440.0,0,6,17.684657596250318,11.666697525521228,20.693637631614862,60.45883468467407,92.24137931034484,543,224.0,0.490429447437139,congested,88.3669133737164,74177.99282923673,11.1,True,adequately_served,7.061953030050051,1.178225511649552,125681.0,0.0121886301823266,1,125681,0.0768685671769029,0.1617730480740412,0.9319851986978414,0.01053596381450971,0.9661419542353906,0.7127205418368308,0.6646013097123162,0.9897832,1,0.97956645
CANDIDATE_Ngando Ward_6,-1.313537721100614,36.76271745353449,Ngando Ward,False,6,tertiary,1546.8287807644756,1274.974197677652,0,0,2979,1287.4420267405085,0,0,1440.0,0,0,16.699138772601074,11.303737458124182,19.57668614032208,68.12864671560324,95.45454545454544,134,49.0,0.5466091380314718,congested,64.55544213237266,28020.643468093764,18.5,False,underserved,6.766716934746868,64.55544213237266,6959.0,0.0038763977479709,1,6959,0.1996750767775023,17.558483286089597,0.051604339540091804,0.6451074121053447,0.8798778807168786,0.06345960307338838,0.3680058686234217,0.98893154,1,0.9778631
CANDIDATE_Mathare North Ward_19,-1.2520925337263638,36.87537060460081,Mathare North Ward,False,6,residential,359.39176755757705,367.6759424104384,17,73,2588,13950.656452234723,0,0,1440.0,0,7,17.684657596250318,11.666697525521228,20.693637631614862,60.45883468467407,92.24137931034484,543,224.0,0.490429447437139,congested,88.3669133737164,74177.99282923673,11.1,True,adequately_served,7.508054936312741,1.1941474780231949,125681.0,0.0166485489961738,1,125681,0.0768685671769029,0.1617730480740412,0.9319851986978414,0.010695384278204496,0.965359288452889,0.7127205418368308,0.6644846316717395,0.9878479,1,0.97569585
CANDIDATE_Sarang'ombe Ward_49,-1.3140271781515265,36.76457942279055,Sarang'ombe Ward,False,2,residential,1419.288926586324,1130.9765892962716,0,0,5959,15421.34774339274,0,0,1440.0,0,0,16.699138772601074,11.303737458124182,19.57668614032208,68.12864671560324,95.45454545454544,134,49.0,0.5466091380314718,congested,74.32034487468462,77355.9452208662,26.3,True,adequately_served,6.607224986755888,74.32034487468462,58636.0,0.0014081641858653,1,58636,0.2104011684477993,1.8615246648315409,0.4348142050974024,0.7428795896481165,0.893444663418818,0.7881249673045143,0.6742187953407864,0.9878418,1,0.97568357
CANDIDATE_Woodley/kenyatta Golf Course Ward_23,-1.3176504282685628,36.75774838194152,Woodley/kenyatta Golf Course Ward,False,2,residential,1800.6941473701006,1796.0983835572877,0,0,7917,4018.27020779832,0,0,1440.0,0,0,16.699138772601074,11.303737458124182,19.57668614032208,68.12864671560324,95.45454545454544,134,49.0,0.5466091380314718,congested,85.74743830112823,185176.1679773348,26.3,True,adequately_served,7.466852455039643,85.74743830112823,15278.0,0.0011100663244754,1,15278,0.2104011684477993,10.498111183713132,0.11329373465922153,0.8572946367583104,0.8307799917309089,0.20347303164376196,0.4608270709952393,0.9867187,1,0.9734374
CANDIDATE_Mathare North Ward_32,-1.2556832795750814,36.88614903811613,Mathare North Ward,False,6,residential,628.7645936708225,323.98630402300586,2,65,2588,13950.656452234723,0,0,1440.0,0,1,17.845377654040565,11.606875140660836,20.96462891073044,57.8859819316018,91.796875,574,247.0,0.4245573366979223,moderate,88.3669133737164,74177.99282923673,11.1,True,adequately_served,8.391458688487623,1.338892626874491,125681.0,0.0095273695287102,1,125681,0.0768685671769029,0.1617730480740412,0.9319851986978414,0.012144661220884334,0.9694755223055983,0.7127205418368308,0.6656701976779514,0.98629445,1,0.9725889
CANDIDATE_Sarang'ombe Ward_12,-1.3129096477462336,36.76531372313737,Sarang'ombe Ward,False,6,tertiary,1385.423066224516,992.699068713296,0,1,5959,15421.34774339274,0,0,1440.0,0,0,16.699138772601074,11.303737458124182,19.57668614032208,68.12864671560324,95.45454545454544,134,49.0,0.5466091380314718,congested,74.32034487468462,77355.9452208662,26.3,True,adequately_served,6.477581336934954,37.16017243734231,58636.0,0.0043276833357505,1,58636,0.2104011684477993,1.8615246648315409,0.4348142050974024,0.37080921957460616,0.9064725261409796,0.7881249673045143,0.5838067753668411,0.9844156,1,0.9688312
CANDIDATE_Mathare North Ward_13,-1.2511821292270462,36.87269492778661,Mathare North Ward,False,6,residential,416.0076400930945,402.0891288038064,18,76,2588,13950.656452234723,0,0,1440.0,0,5,17.684657596250318,11.666697525521228,20.693637631614862,60.45883468467407,92.24137931034484,543,224.0,0.490429447437139,congested,88.3669133737164,74177.99282923673,11.1,True,adequately_served,7.307186560573869,1.1476222516067065,125681.0,0.0143882255938057,1,125681,0.0768685671769029,0.1617730480740412,0.9319851986978414,0.010229545260914545,0.9621170386188249,0.7127205418368308,0.6637197219506042,0.9842104,1,0.96842074
CANDIDATE_Mathare North Ward_39,-1.250802774445257,36.8707491816355,Mathare North Ward,False,6,residential,369.62044738385873,361.446683278417,15,70,2588,13950.656452234723,0,0,1440.0,0,6,17.684657596250318,11.666697525521228,20.693637631614862,60.45883468467407,92.24137931034484,543,224.0,0.490429447437139,congested,88.3669133737164,74177.99282923673,11.1,True,adequately_served,7.148780293329992,1.2446044137143155,125681.0,0.0161890690121197,1,125681,0.0768685671769029,0.1617730480740412,0.9319851986978414,0.011200589973011904,0.9659461801796904,0.7127205418368308,0.6647283114408017,0.9840052,1,0.9680104
CANDIDATE_Mathare North Ward_30,-1.250590037125037,36.87168000181531,Mathare North Ward,False,6,residential,357.6820588482581,345.56409000179656,18,74,2588,13950.656452234723,0,0,1440.0,0,6,17.684657596250318,11.666697525521228,20.693637631614862,60.45883468467407,92.24137931034484,543,224.0,0.490429447437139,congested,88.3669133737164,74177.99282923673,11.1,True,adequately_served,7.248143329936112,1.178225511649552,125681.0,0.0167279066571275,1,125681,0.0768685671769029,0.1617730480740412,0.9319851986978414,0.01053596381450971,0.9674425640026529,0.7127205418368308,0.6648614316657686,0.98390466,1,0.9678093
CANDIDATE_Airbase Ward_19,-1.2744331677852363,36.86030126025766,Airbase Ward,False,6,unclassified,928.8410195645672,970.5139646664452,0,3,17075,1530.534366496874,0,0,1440.0,0,0,17.684657596250318,11.666697525521228,20.693637631614862,60.45883468467407,92.24137931034484,543,224.0,0.490429447437139,congested,46.01546587417469,105433.25515722662,9.3,False,severely_underserved,4.97278343774,11.503866468543674,16457.0,0.0064527159737583,0,16457,0.2187157501793953,11.040159940658125,0.1220365879884022,0.11392259525589386,0.9085627031182694,0.07592329162932626,0.26809065355943335,0.9838864,1,0.96777284
CANDIDATE_Mathare North Ward_2,-1.2495426454356495,36.886027482930814,Mathare North Ward,False,6,residential,817.3994822640726,367.7443879660733,3,43,2588,13950.656452234723,0,0,1440.0,0,2,17.845377654040565,11.606875140660836,20.96462891073044,57.8859819316018,91.796875,574,247.0,0.4245573366979223,moderate,88.3669133737164,74177.99282923673,11.1,True,adequately_served,8.679878507203412,2.008338940311736,125681.0,0.0073313829370971,1,125681,0.0768685671769029,0.1617730480740412,0.9319851986978414,0.018847567080778598,0.9653528398320359,0.7127205418368308,0.6665213876482126,0.9836134,1,0.96722674
CANDIDATE_Mathare North Ward_47,-1.2421749938395945,36.87216808175213,Mathare North Ward,False,6,residential,331.369284364075,465.1523025044756,1,51,2588,13950.656452234723,0,0,1440.0,0,5,17.684657596250318,11.666697525521228,20.693637631614862,60.45883468467407,92.24137931034484,543,224.0,0.490429447437139,congested,88.3669133737164,74177.99282923673,11.1,True,adequately_served,7.843673167146147,1.6993637187253154,125681.0,0.0180522096422954,1,125681,0.0768685671769029,0.1617730480740412,0.9319851986978414,0.015753918222365864,0.9561755206748208,0.7127205418368308,0.6639125116021662,0.9824676,1,0.9649352
CANDIDATE_Mathare North Ward_35,-1.2548679576422177,36.86846774497625,Mathare North Ward,False,6,residential,802.8125680349547,331.6109242267557,2,45,2588,13950.656452234723,0,0,1440.0,0,1,17.684657596250318,11.666697525521228,20.693637631614862,60.45883468467407,92.24137931034484,543,224.0,0.490429447437139,congested,88.3669133737164,74177.99282923673,11.1,True,adequately_served,6.691457966530967,1.9210198559503568,125681.0,0.0074644267066735,1,125681,0.0768685671769029,0.1617730480740412,0.9319851986978414,0.01797327501209674,0.9687571661700219,0.7127205418368308,0.6669836798986393,0.982307,1,0.96461403
CANDIDATE_Mathare North Ward_36,-1.2565976798375824,36.8712514373335,Mathare North Ward,False,6,unclassified,677.4820667310319,354.97396096940105,3,54,2588,13950.656452234723,0,0,1440.0,0,2,17.684657596250318,11.666697525521228,20.693637631614862,60.45883468467407,92.24137931034484,543,224.0,0.490429447437139,congested,88.3669133737164,74177.99282923673,11.1,True,adequately_served,6.861995175081774,1.606671152249389,125681.0,0.0088432698433849,1,125681,0.0768685671769029,0.1617730480740412,0.9319851986978414,0.01482582356484204,0.9665560098709157,0.7127205418368308,0.6657565857770043,0.9820932,1,0.96418643
CANDIDATE_Mathare North Ward_31,-1.255947246284162,36.87148929326678,Mathare North Ward,False,6,unclassified,732.1008043093026,362.00331764971656,2,66,2588,13950.656452234723,0,0,1440.0,0,2,17.684657596250318,11.666697525521228,20.693637631614862,60.45883468467407,92.24137931034484,543,224.0,0.490429447437139,congested,88.3669133737164,74177.99282923673,11.1,True,adequately_served,6.92026250352099,1.318909154831588,125681.0,0.0081844133367892,1,125681,0.0768685671769029,0.1617730480740412,0.9319851986978414,0.01194457447879794,0.9658937366867412,0.7127205418368308,0.6649038188686585,0.9820296,1,0.96405923
CANDIDATE_Korogocho Ward_26,-1.2578994338042713,36.8836079211883,Korogocho Ward,False,6,unclassified,439.7114995277991,442.61198119061015,8,81,6406,7114.906913988673,0,0,1440.0,0,11,17.845377654040565,11.606875140660836,20.96462891073044,57.8859819316018,91.796875,574,247.0,0.4245573366979223,moderate,70.68412548851703,72846.89997678499,11.1,True,adequately_served,8.033878065537564,0.8620015303477686,64098.0,0.0136143486304049,1,64098,0.0768685671769029,1.153103289594606,0.47531756801850905,0.007369735941174035,0.9582991645653998,0.3622419813997413,0.4323118119847999,0.98140496,1,0.9628099
CANDIDATE_Mathare North Ward_25,-1.2501627845962464,36.88588064597931,Mathare North Ward,False,6,residential,791.1712040373384,338.7731348288802,4,47,2588,13950.656452234723,0,0,1440.0,0,2,17.845377654040565,11.606875140660836,20.96462891073044,57.8859819316018,91.796875,574,247.0,0.4245573366979223,moderate,88.3669133737164,74177.99282923673,11.1,True,adequately_served,8.63309264204268,1.840977361952425,125681.0,0.0075741203030616,1,125681,0.0768685671769029,0.1617730480740412,0.9319851986978414,0.017171840615805033,0.9680823761092926,0.7127205418368308,0.6666483632874205,0.9805132,1,0.96102643
CANDIDATE_Mathare North Ward_16,-1.2493120565566225,36.88289481296327,Mathare North Ward,False,6,residential,488.9433905513344,334.3581605856311,9,59,2588,13950.656452234723,0,0,1440.0,0,4,17.845377654040565,11.606875140660836,20.96462891073044,57.8859819316018,91.796875,574,247.0,0.4245573366979223,moderate,88.3669133737164,74177.99282923673,11.1,True,adequately_served,8.387083947142544,1.47278188956194,125681.0,0.0122463127694164,1,125681,0.0768685671769029,0.1617730480740412,0.9319851986978414,0.013485242392863188,0.9684983343801701,0.7127205418368308,0.6658099053858604,0.9798314,1,0.9596628
CANDIDATE_Mathare North Ward_1,-1.2558498013214343,36.88553746720801,Mathare North Ward,False,6,residential,621.5920875505063,318.139676727577,2,67,2588,13950.656452234723,0,0,1440.0,0,1,17.845377654040565,11.606875140660836,20.96462891073044,57.8859819316018,91.796875,574,247.0,0.4245573366979223,moderate,88.3669133737164,74177.99282923673,11.1,True,adequately_served,8.321828463319195,1.2995134319664177,125681.0,0.0096371285790124,1,125681,0.0768685671769029,0.1617730480740412,0.9319851986978414,0.011750372640890554,0.9700263642462938,0.7127205418368308,0.6656817939210921,0.9797829,1,0.95956576
CANDIDATE_Mowlem Ward_24,-1.2557948714641782,36.88533034638042,Mowlem Ward,False,6,residential,632.9091174865744,307.4811378359393,3,66,3727,924.779822358499,0,0,1440.0,0,1,17.845377654040565,11.606875140660836,20.96462891073044,57.8859819316018,91.796875,574,247.0,0.4245573366979223,moderate,80.21913323300808,62819.89166655838,6.4,True,adequately_served,8.303315947722353,1.197300496015046,14449.0,0.0094650791958786,0,14449,0.0838307335300991,7.067824986975575,0.10714630004523444,0.010726954222425143,0.9710305620429687,0.0448653982088606,0.24336213562180423,0.9797829,1,0.95956576
CANDIDATE_Mathare North Ward_8,-1.2556697190207784,36.870377737304345,Mathare North Ward,False,6,unclassified,777.6174601517914,484.84105705659954,1,61,2588,13950.656452234723,0,0,1440.0,0,3,17.684657596250318,11.666697525521228,20.693637631614862,60.45883468467407,92.24137931034484,543,224.0,0.490429447437139,congested,88.3669133737164,74177.99282923673,11.1,True,adequately_served,6.8281566181374505,1.4252727963502645,125681.0,0.0077059664174886,1,125681,0.0768685671769029,0.1617730480740412,0.9319851986978414,0.013009552299580368,0.9543205380977975,0.7127205418368308,0.6628554236060653,0.97874475,1,0.9574895
CANDIDATE_Korogocho Ward_42,-1.25742010790865,36.88252506690057,Korogocho Ward,False,2,residential,381.86102631953554,373.9228354743741,21,86,6406,7114.906913988673,0,0,1440.0,0,12,17.845377654040565,11.606875140660836,20.96462891073044,57.8859819316018,91.796875,574,247.0,0.4245573366979223,moderate,70.68412548851703,72846.89997678499,11.1,True,adequately_served,7.94487231353965,0.8124612125116899,64098.0,0.0052238276097886,1,64098,0.0768685671769029,1.153103289594606,0.47531756801850905,0.0068737079848477,0.9647707353393109,0.3622419813997413,0.4334821191505005,0.97861403,1,0.95722806
CANDIDATE_Mathare North Ward_43,-1.2562015295541795,36.88574481097993,Mathare North Ward,False,6,residential,578.6383672465348,361.7595749879809,2,71,2588,13950.656452234723,0,0,1440.0,0,1,17.845377654040565,11.606875140660836,20.96462891073044,57.8859819316018,91.796875,574,247.0,0.4245573366979223,moderate,88.3669133737164,74177.99282923673,11.1,True,adequately_served,8.327027075194636,1.2273182413016166,125681.0,0.0103512816594627,1,125681,0.0768685671769029,0.1617730480740412,0.9319851986978414,0.01102751024423529,0.9659167009829134,0.7127205418368308,0.6646791456692521,0.97835106,1,0.9567021
CANDIDATE_Airbase Ward_25,-1.2741854886575346,36.86257783233344,Airbase Ward,False,6,unclassified,1026.8506706218784,1019.8520852759752,0,0,17075,1530.534366496874,0,0,1440.0,0,0,17.684657596250318,11.666697525521228,20.693637631614862,60.45883468467407,92.24137931034484,543,224.0,0.490429447437139,congested,46.01546587417469,105433.25515722662,9.3,False,severely_underserved,5.224166710350849,46.01546587417469,16457.0,0.0058374238315861,1,16457,0.2187157501793953,11.040159940658125,0.1220365879884022,0.459473832520288,0.9039142956290368,0.07592329162932626,0.3535487813776854,0.9779269,1,0.9558538
CANDIDATE_Airbase Ward_15,-1.2566358569419434,36.88660983623111,Airbase Ward,False,2,residential,514.7420516265986,441.4415923947954,2,70,17075,1530.534366496874,0,0,1440.0,0,8,17.845377654040565,11.606875140660836,20.96462891073044,57.8859819316018,91.796875,574,247.0,0.4245573366979223,moderate,46.01546587417469,105433.25515722662,9.3,False,severely_underserved,8.395958594834834,0.64810515315739,16457.0,0.0038779075580364,0,16457,0.2187157501793953,11.040159940658125,0.1220365879884022,0.005228074614042174,0.9584094331361634,0.07592329162932626,0.25088636940254927,0.9773207,1,0.95464134
CANDIDATE_Woodley/kenyatta Golf Course Ward_25,-1.3121488977462816,36.76453850092877,Woodley/kenyatta Golf Course Ward,False,2,residential,1355.4177096027884,1023.9080500009396,0,0,7917,4018.27020779832,0,0,1440.0,0,0,16.699138772601074,11.303737458124182,19.57668614032208,68.12864671560324,95.45454545454544,134,49.0,0.5466091380314718,congested,85.74743830112823,185176.1679773348,26.3,True,adequately_served,6.516832267993831,85.74743830112823,15278.0,0.0014744720493111,1,15278,0.2104011684477993,10.498111183713132,0.11329373465922153,0.8572946367583104,0.9035321615596668,0.20347303164376196,0.4753775049609909,0.97678965,1,0.9535793
CANDIDATE_Airbase Ward_48,-1.2554733750765803,36.88329963882214,Airbase Ward,False,6,unclassified,485.301996540716,318.42753577084176,10,78,17075,1530.534366496874,0,0,1440.0,0,7,17.845377654040565,11.606875140660836,20.96462891073044,57.8859819316018,91.796875,574,247.0,0.4245573366979223,moderate,46.01546587417469,105433.25515722662,9.3,False,severely_underserved,8.113015950199882,0.5824742515718315,16457.0,0.0123380122694965,0,16457,0.2187157501793953,11.040159940658125,0.1220365879884022,0.004570937893743807,0.9699992435105215,0.07592329162932626,0.25304004729734625,0.97677535,1,0.9535507
CANDIDATE_Mathare North Ward_37,-1.255458226227124,36.883239346210544,Mathare North Ward,False,6,unclassified,479.2397104151521,320.7194557556003,12,79,2588,13950.656452234723,0,0,1440.0,0,7,17.845377654040565,11.606875140660836,20.96462891073044,57.8859819316018,91.796875,574,247.0,0.4245573366979223,moderate,88.3669133737164,74177.99282923673,11.1,True,adequately_served,8.107660471816581,1.104586417171455,125681.0,0.0124937606571792,1,125681,0.0768685671769029,0.1617730480740412,0.9319851986978414,0.009798644169921341,0.9697833095047212,0.7127205418368308,0.6651452508550353,0.97677535,1,0.9535507
CANDIDATE_Airbase Ward_45,-1.2561443043250633,36.86354192635378,Airbase Ward,False,2,residential,586.4337008943205,426.1861139522885,1,42,17075,1530.534366496874,0,0,1440.0,0,1,17.684657596250318,11.666697525521228,20.693637631614862,60.45883468467407,92.24137931034484,543,224.0,0.490429447437139,congested,46.01546587417469,105433.25515722662,9.3,False,severely_underserved,6.152932986943772,1.0701271133528998,16457.0,0.0034046395311592,0,16457,0.2187157501793953,11.040159940658125,0.1220365879884022,0.009453616548053764,0.9598467331258651,0.07592329162932626,0.2522302148839925,0.9759519,1,0.9519038
CANDIDATE_Mathare North Ward_12,-1.2567173370514677,36.88482402957012,Mathare North Ward,False,6,unclassified,549.9514876452927,405.4016106406764,2,82,2588,13950.656452234723,0,0,1440.0,0,4,17.845377654040565,11.606875140660836,20.96462891073044,57.8859819316018,91.796875,574,247.0,0.4245573366979223,moderate,88.3669133737164,74177.99282923673,11.1,True,adequately_served,8.21023597281221,1.064661606912246,125681.0,0.010890251019456,1,125681,0.0768685671769029,0.1617730480740412,0.9319851986978414,0.009398892555385483,0.9618049520377345,0.7127205418368308,0.6634496414580039,0.97590387,1,0.95180774
CANDIDATE_Korogocho Ward_25,-1.2691223182437334,36.87505104991153,Korogocho Ward,False,2,residential,577.4114900503616,419.27707361221735,7,82,6406,7114.906913988673,0,0,1440.0,0,4,18.054313199966053,11.514724616707694,21.324107491595232,57.35551818750744,93.22916666666669,394,160.0,0.5289229448015942,congested,70.68412548851703,72846.89997678499,11.1,True,adequately_served,6.711973027902412,0.8516159697411689,64098.0,0.0034577459722071,1,64098,0.0768685671769029,1.153103289594606,0.47531756801850905,0.007265749357558634,0.9604976706659138,0.3622419813997413,0.4327255165589988,0.97556823,1,0.95113647
CANDIDATE_Mathare North Ward_10,-1.2572203756625089,36.88370425809556,Mathare North Ward,False,2,residential,513.0300110731168,478.6884562697357,2,80,2588,13950.656452234723,0,0,1440.0,0,11,17.845377654040565,11.606875140660836,20.96462891073044,57.8859819316018,91.796875,574,247.0,0.4245573366979223,moderate,88.3669133737164,74177.99282923673,11.1,True,adequately_served,8.073768505958228,1.0909495478236593,125681.0,0.003890823408977,1,125681,0.0768685671769029,0.1617730480740412,0.9319851986978414,0.00966210349499757,0.9549002074330415,0.7127205418368308,0.6621344952719683,0.9753749,1,0.95074975
CANDIDATE_Mathare North Ward_6,-1.2425691417775462,36.87101917645566,Mathare North Ward,False,6,residential,264.17451840445153,414.43749606132656,8,45,2588,13950.656452234723,0,0,1440.0,0,15,17.684657596250318,11.666697525521228,20.693637631614862,60.45883468467407,92.24137931034484,543,224.0,0.490429447437139,congested,88.3669133737164,74177.99282923673,11.1,True,adequately_served,7.716829535794981,1.9210198559503568,125681.0,0.0226266084543185,1,125681,0.0768685671769029,0.1617730480740412,0.9319851986978414,0.01797327501209674,0.960953633079041,0.7127205418368308,0.6654229732804431,0.9749888,1,0.94997764
CANDIDATE_Mathare North Ward_5,-1.2423209253054766,36.870544580000974,Mathare North Ward,False,2,residential,222.670451288683,376.2847092579042,10,46,2588,13950.656452234723,0,0,1440.0,0,15,17.684657596250318,11.666697525521228,20.693637631614862,60.45883468467407,92.24137931034484,543,224.0,0.490429447437139,congested,88.3669133737164,74177.99282923673,11.1,True,adequately_served,7.693550698825904,1.880147093057796,125681.0,0.0089417264930479,1,125681,0.0768685671769029,0.1617730480740412,0.9319851986978414,0.017564031916117998,0.9645482106130273,0.7127205418368308,0.6660395780132456,0.9748812,1,0.94976234
CANDIDATE_Sarang'ombe Ward_45,-1.3138300364656714,36.76754499021332,Sarang'ombe Ward,False,6,tertiary,1117.5318060660427,872.937150634788,0,3,5959,15421.34774339274,0,0,1440.0,0,0,16.699138772601074,11.303737458124182,19.57668614032208,68.12864671560324,95.45454545454544,134,49.0,0.5466091380314718,congested,74.32034487468462,77355.9452208662,26.3,True,adequately_served,6.306583294328624,18.58008621867116,58636.0,0.0053641746863707,1,58636,0.2104011684477993,1.8615246648315409,0.4348142050974024,0.18477403453785102,0.9177559351975754,0.7881249673045143,0.5395546609189715,0.9739545,1,0.947909
CANDIDATE_Korogocho Ward_35,-1.2689237308162138,36.875165956335714,Korogocho Ward,False,2,residential,558.599923304678,429.7438330565543,6,81,6406,7114.906913988673,0,0,1440.0,0,4,18.054313199966053,11.514724616707694,21.324107491595232,57.35551818750744,93.22916666666669,394,160.0,0.5289229448015942,congested,70.68412548851703,72846.89997678499,11.1,True,adequately_served,6.730555977685327,0.8620015303477686,64098.0,0.0035739819051245,1,64098,0.0768685671769029,1.153103289594606,0.47531756801850905,0.007369735941174035,0.9595115414338318,0.3622419813997413,0.4325542873584863,0.9736138,1,0.9472276
CANDIDATE_Mathare North Ward_20,-1.2442959736763397,36.87229670294514,Mathare North Ward,False,6,residential,371.1798789193057,316.3329966764069,25,52,2588,13950.656452234723,0,0,1440.0,0,7,17.684657596250318,11.666697525521228,20.693637631614862,60.45883468467407,92.24137931034484,543,224.0,0.490429447437139,congested,88.3669133737164,74177.99282923673,11.1,True,adequately_served,7.709357855852414,1.6673002523342717,125681.0,0.0161212369067939,1,125681,0.0768685671769029,0.1617730480740412,0.9319851986978414,0.01543287918988907,0.9701965812099065,0.7127205418368308,0.6666364639510642,0.973252,1,0.946504
CANDIDATE_Korogocho Ward_19,-1.2684696167260774,36.875290638863135,Korogocho Ward,False,2,residential,532.7131009480046,465.4089422163627,5,76,6406,7114.906913988673,0,0,1440.0,0,5,18.054313199966053,11.514724616707694,21.324107491595232,57.35551818750744,93.22916666666669,394,160.0,0.5289229448015942,congested,70.68412548851703,72846.89997678499,11.1,True,adequately_served,6.75855148380957,0.9179756556950264,64098.0,0.0037473316589896,1,64098,0.0768685671769029,1.153103289594606,0.47531756801850905,0.007930183112607687,0.956151341278767,0.3622419813997413,0.4320223591203317,0.9724148,1,0.9448296
CANDIDATE_Makina Ward_49,-1.3176172360319678,36.77938596826963,Makina Ward,False,2,residential,288.33740068835283,622.3463641488796,0,22,1896,15852.355248829706,0,0,1440.0,0,0,23.69082151948292,15.855059154149329,27.60870270214972,39.54778439153439,86.71875,289,121.0,0.4857290005023328,congested,89.77563305815848,61838.3383815226,26.3,True,adequately_served,5.451589718201499,3.903288393832977,60275.0,0.0069123452247855,1,60275,0.2104011684477993,3.298924345951629,0.44696818016655177,0.03782095978047807,0.9413654297272223,0.8102233325529709,0.5162118554594513,0.9723068,1,0.9446136
CANDIDATE_Mathare North Ward_44,-1.2440497500831886,36.87093527156176,Mathare North Ward,False,6,unclassified,268.5690522053077,349.8698561749262,27,50,2588,13950.656452234723,0,0,1440.0,0,15,17.684657596250318,11.666697525521228,20.693637631614862,60.45883468467407,92.24137931034484,543,224.0,0.490429447437139,congested,88.3669133737164,74177.99282923673,11.1,True,adequately_served,7.606590593426129,1.7326845759552236,125681.0,0.0222577478791234,1,125681,0.0768685671769029,0.1617730480740412,0.9319851986978414,0.01608754702082214,0.9670368948065264,0.7127205418368308,0.6661681936281215,0.9718014,1,0.9436028
CANDIDATE_Mathare North Ward_15,-1.2441808230181448,36.87068742347475,Mathare North Ward,False,6,unclassified,249.95792470280628,322.28146803124145,29,52,2588,13950.656452234723,0,0,1440.0,0,15,17.684657596250318,11.666697525521228,20.693637631614862,60.45883468467407,92.24137931034484,543,224.0,0.490429447437139,congested,88.3669133737164,74177.99282923673,11.1,True,adequately_served,7.57593179677805,1.6673002523342717,125681.0,0.0239083902495026,1,125681,0.0768685671769029,0.1617730480740412,0.9319851986978414,0.01543287918988907,0.9696361439971855,0.7127205418368308,0.66652437650852,0.9718014,1,0.9436028
CANDIDATE_Makina Ward_38,-1.318015072496964,36.78103252820465,Makina Ward,False,2,residential,272.2106797935927,615.1452135550511,0,33,1896,15852.355248829706,0,0,1440.0,0,0,23.69082151948292,15.855059154149329,27.60870270214972,39.54778439153439,86.71875,289,121.0,0.4857290005023328,congested,89.77563305815848,61838.3383815226,26.3,True,adequately_served,5.340741305056998,2.6404597958281903,60275.0,0.0073203580530269,1,60275,0.2104011684477993,3.298924345951629,0.44696818016655177,0.025176747631266164,0.9420438885322578,0.8102233325529709,0.5131864941831554,0.9717703,1,0.9435406
CANDIDATE_Makina Ward_30,-1.3085853435310395,36.777285164583205,Makina Ward,False,2,residential,948.5619905711628,316.3800659966284,13,28,1896,15852.355248829706,0,0,1440.0,0,3,23.69082151948292,15.855059154149329,27.60870270214972,39.54778439153439,86.71875,289,121.0,0.4857290005023328,congested,89.77563305815848,61838.3383815226,26.3,True,adequately_served,5.076832858767354,3.0957114847640854,60275.0,0.0021062342636492,1,60275,0.2104011684477993,3.298924345951629,0.44696818016655177,0.0297350059295714,0.9701921465582025,0.8102233325529709,0.5199557103629207,0.9715692,1,0.94313836
CANDIDATE_Airbase Ward_27,-1.27517310283347,36.86298129306051,Airbase Ward,False,6,unclassified,1145.0979927994258,1052.880670876002,0,0,17075,1530.534366496874,0,0,1440.0,0,0,17.684657596250318,11.666697525521228,20.693637631614862,60.45883468467407,92.24137931034484,543,224.0,0.490429447437139,congested,46.01546587417469,105433.25515722662,9.3,False,severely_underserved,5.2402464068275885,46.01546587417469,16457.0,0.0052351544437701,1,16457,0.2187157501793953,11.040159940658125,0.1220365879884022,0.459473832520288,0.9008024964205306,0.07592329162932626,0.35292642153598414,0.97153586,1,0.9430717
CANDIDATE_Mathare North Ward_21,-1.2563212418999616,36.887139180195845,Mathare North Ward,False,2,residential,530.5573401721056,441.2524051575627,2,62,2588,13950.656452234723,0,0,1440.0,0,8,17.845377654040565,11.606875140660836,20.96462891073044,57.8859819316018,91.796875,574,247.0,0.4245573366979223,moderate,88.3669133737164,74177.99282923673,11.1,True,adequately_served,8.463835029018364,1.402649418630419,125681.0,0.0037625291739033,1,125681,0.0768685671769029,0.1617730480740412,0.9319851986978414,0.012783033207540932,0.95842725747482,0.7127205418368308,0.6636201377084598,0.97149277,1,0.94298553
CANDIDATE_Makina Ward_45,-1.312271655209149,36.785775825807725,Makina Ward,False,2,residential,540.7940343370816,630.5129859033244,0,16,1896,15852.355248829706,0,0,1440.0,0,0,23.69082151948292,15.855059154149329,27.60870270214972,39.54778439153439,86.71875,289,121.0,0.4857290005023328,congested,89.77563305815848,61838.3383815226,26.3,True,adequately_served,4.52539240221426,5.280919591656381,60275.0,0.0036914396860185,1,60275,0.2104011684477993,3.298924345951629,0.44696818016655177,0.05161464576143652,0.9405960087347706,0.8102233325529709,0.5195063927562005,0.9714091,1,0.94281816
CANDIDATE_Makina Ward_33,-1.3157269504936109,36.786811626298686,Makina Ward,False,6,residential,198.55142275414008,742.0719438407984,0,19,1896,15852.355248829706,0,0,1440.0,0,0,23.69082151948292,15.855059154149329,27.60870270214972,39.54778439153439,86.71875,289,121.0,0.4857290005023328,congested,89.77563305815848,61838.3383815226,26.3,True,adequately_served,4.695332893671663,4.488781652907924,60275.0,0.0300674378422867,1,60275,0.2104011684477993,3.298924345951629,0.44696818016655177,0.04368327632238541,0.9300854443038391,0.8102233325529709,0.5154214375102515,0.97116953,1,0.94233906
CANDIDATE_Makina Ward_39,-1.3172005004173954,36.7799895154862,Makina Ward,False,2,residential,360.86485141945593,645.6191106348066,0,23,1896,15852.355248829706,0,0,1440.0,0,0,23.69082151948292,15.855059154149329,27.60870270214972,39.54778439153439,86.71875,289,121.0,0.4857290005023328,congested,89.77563305815848,61838.3383815226,26.3,True,adequately_served,5.3703538381283815,3.7406513774232697,60275.0,0.0055269252931164,1,60275,0.2104011684477993,3.298924345951629,0.44696818016655177,0.03619253851883714,0.9391727801547678,0.8102233325529709,0.5153662202295501,0.9711363,1,0.94227254
CANDIDATE_Korogocho Ward_48,-1.2668345170737647,36.872162274599695,Korogocho Ward,False,6,residential,570.2225622251636,560.9347832343317,0,59,6406,7114.906913988673,0,0,1440.0,0,0,17.684657596250318,11.666697525521228,20.693637631614862,60.45883468467407,92.24137931034484,543,224.0,0.490429447437139,congested,70.68412548851703,72846.89997678499,11.1,True,adequately_served,6.485782144102271,1.1780687581419504,64098.0,0.0105037867843093,1,64098,0.0768685671769029,1.153103289594606,0.47531756801850905,0.010534394302536053,0.9471513423060175,0.3622419813997413,0.4308734121232639,0.97082055,1,0.9416411
CANDIDATE_Airbase Ward_1,-1.2758169130876889,36.86321858790261,Airbase Ward,False,2,residential,1133.3464953013583,996.6686934887184,0,1,17075,1530.534366496874,0,0,1440.0,0,0,17.684657596250318,11.666697525521228,20.693637631614862,60.45883468467407,92.24137931034484,543,224.0,0.490429447437139,congested,46.01546587417469,105433.25515722662,9.3,False,severely_underserved,5.249358778744286,23.007732937087347,16457.0,0.0017631297035644,0,16457,0.2187157501793953,11.040159940658125,0.1220365879884022,0.22910634101069194,0.9060985266187531,0.07592329162932626,0.29639375469822965,0.97073394,1,0.9414679
CANDIDATE_Airbase Ward_28,-1.26870887983987,36.85419534404116,Airbase Ward,False,2,residential,325.2412375997171,300.36577672013595,9,43,17075,1530.534366496874,0,0,1440.0,0,9,17.684657596250318,11.666697525521228,20.693637631614862,60.45883468467407,92.24137931034484,543,224.0,0.490429447437139,congested,46.01546587417469,105433.25515722662,9.3,False,severely_underserved,4.558925338851591,1.0458060425948794,16457.0,0.0061304328499817,0,16457,0.2187157501793953,11.040159940658125,0.1220365879884022,0.009210099115168357,0.9717009381637183,0.07592329162932626,0.25454017653334177,0.9705673,1,0.9411346
CANDIDATE_Mathare North Ward_42,-1.2572362697161157,36.88340582186788,Mathare North Ward,False,2,residential,480.8403519868629,472.90576784612745,5,82,2588,13950.656452234723,0,0,1440.0,0,10,17.845377654040565,11.606875140660836,20.96462891073044,57.8859819316018,91.796875,574,247.0,0.4245573366979223,moderate,88.3669133737164,74177.99282923673,11.1,True,adequately_served,8.042687270755708,1.064661606912246,125681.0,0.0041507524053413,1,125681,0.0768685671769029,0.1617730480740412,0.9319851986978414,0.009398892555385483,0.9554450253516026,0.7127205418368308,0.6621776561207775,0.9703992,1,0.9407984
CANDIDATE_Mathare North Ward_27,-1.257760053439995,36.868998989554086,Mathare North Ward,False,6,unclassified,504.4436029374113,420.152167899775,2,26,2588,13950.656452234723,0,0,1440.0,0,9,17.684657596250318,11.666697525521228,20.693637631614862,60.45883468467407,92.24137931034484,543,224.0,0.490429447437139,congested,88.3669133737164,74177.99282923673,11.1,True,adequately_served,6.580315674620719,3.2728486434709776,125681.0,0.0118707605856136,1,125681,0.0768685671769029,0.1617730480740412,0.9319851986978414,0.0315086114828011,0.9604152233657368,0.7127205418368308,0.6686991254554583,0.9700696,1,0.9401392
CANDIDATE_Sarang'ombe Ward_5,-1.3140858311677872,36.78688558240747,Sarang'ombe Ward,False,2,residential,305.1582314083868,859.7216408632768,0,19,5959,15421.34774339274,0,0,1440.0,0,0,23.69082151948292,15.855059154149329,27.60870270214972,39.54778439153439,86.71875,289,121.0,0.4857290005023328,congested,74.32034487468462,77355.9452208662,26.3,True,adequately_served,4.564407443321781,3.716017243734231,58636.0,0.0065325697460414,1,58636,0.2104011684477993,1.8615246648315409,0.4348142050974024,0.035945886508446837,0.9190010388585376,0.7881249673045143,0.5025966446438129,0.96965665,1,0.9393133
CANDIDATE_Sarang'ombe Ward_2,-1.3137365018795093,36.786734726335936,Sarang'ombe Ward,False,2,residential,346.4882919694362,820.1356601338706,0,17,5959,15421.34774339274,0,0,1440.0,0,0,23.69082151948292,15.855059154149329,27.60870270214972,39.54778439153439,86.71875,289,121.0,0.4857290005023328,congested,74.32034487468462,77355.9452208662,26.3,True,adequately_served,4.550766239486131,4.128908048593591,58636.0,0.0057555896017812,1,58636,0.2104011684477993,1.8615246648315409,0.4348142050974024,0.040080001731485855,0.9227306452362811,0.7881249673045143,0.5043760947251213,0.9695653,1,0.93913054
CANDIDATE_Mathare North Ward_26,-1.2589981384373232,36.868135953250025,Mathare North Ward,False,6,residential,345.04887925358315,315.5543059732407,9,28,2588,13950.656452234723,0,0,1440.0,0,9,17.684657596250318,11.666697525521228,20.693637631614862,60.45883468467407,92.24137931034484,543,224.0,0.490429447437139,congested,88.3669133737164,74177.99282923673,11.1,True,adequately_served,6.4301569462242965,3.047134943921255,125681.0,0.0173385910480097,1,125681,0.0768685671769029,0.1617730480740412,0.9319851986978414,0.029248627897855907,0.9702699458142261,0.7127205418368308,0.6701050740489198,0.96828216,1,0.9365643
CANDIDATE_Korogocho Ward_22,-1.257208714279319,36.88223506017384,Korogocho Ward,False,2,residential,351.9295445823305,344.0115592778821,23,84,6406,7114.906913988673,0,0,1440.0,0,12,17.845377654040565,11.606875140660836,20.96462891073044,57.8859819316018,91.796875,574,247.0,0.4245573366979223,moderate,70.68412548851703,72846.89997678499,11.1,True,adequately_served,7.925013446511061,0.8315779469237297,64098.0,0.0056668534292499,1,64098,0.0768685671769029,1.153103289594606,0.47531756801850905,0.007065116419759508,0.9675888362026304,0.3622419813997413,0.43409359143189236,0.9682566,1,0.9365132
CANDIDATE_Woodley/kenyatta Golf Course Ward_47,-1.3162941912856838,36.77886638771869,Woodley/kenyatta Golf Course Ward,False,2,residential,284.54925878884825,518.1759440062998,0,23,7917,4018.27020779832,0,0,1440.0,0,2,23.69082151948292,15.855059154149329,27.60870270214972,39.54778439153439,86.71875,289,121.0,0.4857290005023328,congested,85.74743830112823,185176.1679773348,26.3,True,adequately_served,5.404543070595587,3.572809929213676,15278.0,0.0070040454963285,0,15278,0.2104011684477993,10.498111183713132,0.11329373465922153,0.034512007303479746,0.9511798806054694,0.20347303164376196,0.27921139140644374,0.9677327,1,0.93546546
CANDIDATE_Makina Ward_26,-1.3106248713779285,36.78485148825954,Makina Ward,False,2,residential,660.9056455203696,436.5808483030054,5,20,1896,15852.355248829706,0,0,1440.0,0,2,23.69082151948292,15.855059154149329,27.60870270214972,39.54778439153439,86.71875,289,121.0,0.4857290005023328,congested,89.77563305815848,61838.3383815226,26.3,True,adequately_served,4.4930638041393545,4.275030145626594,60275.0,0.0030215787001297,1,60275,0.2104011684477993,3.298924345951629,0.44696818016655177,0.04154306552137162,0.9588673897620013,0.8102233325529709,0.5206427739016304,0.9673186,1,0.9346372
CANDIDATE_Woodley/kenyatta Golf Course Ward_3,-1.312004266168371,36.7855336267239,Woodley/kenyatta Golf Course Ward,False,2,residential,580.4650841342874,590.6634600602501,0,16,7917,4018.27020779832,0,0,1440.0,0,0,23.69082151948292,15.855059154149329,27.60870270214972,39.54778439153439,86.71875,289,121.0,0.4857290005023328,congested,85.74743830112823,185176.1679773348,26.3,True,adequately_served,4.527452871064182,5.043966958889896,15278.0,0.0034395874396786,0,15278,0.2104011684477993,10.498111183713132,0.11329373465922153,0.049242131104461365,0.9443504451032999,0.20347303164376196,0.28152803525625525,0.9672614,1,0.93452275
CANDIDATE_Woodley/kenyatta Golf Course Ward_12,-1.3200368563256906,36.75285037858225,Woodley/kenyatta Golf Course Ward,False,2,residential,1867.193310002986,1866.2743130599288,0,0,7917,4018.27020779832,0,0,1440.0,0,0,16.699138772601074,11.303737458124182,19.57668614032208,68.12864671560324,95.45454545454544,134,49.0,0.5466091380314718,congested,85.74743830112823,185176.1679773348,26.3,True,adequately_served,8.072299703343937,85.74743830112823,15278.0,0.0010705530253701,1,15278,0.2104011684477993,10.498111183713132,0.11329373465922153,0.8572946367583104,0.8241683431266666,0.20347303164376196,0.45950474127439084,0.9672523,1,0.9345046
CANDIDATE_Eastleigh South Ward_2,-1.2767390560017002,36.85865226877523,Eastleigh South Ward,False,6,unclassified,656.7948694718779,996.2041276684585,0,1,4421,4792.49862701149,0,0,1440.0,0,0,17.684657596250318,11.666697525521228,20.693637631614862,60.45883468467407,92.24137931034484,543,224.0,0.490429447437139,congested,78.3703324081986,68143.70069639628,9.3,True,adequately_served,4.731686961282563,39.1851662040993,51532.0,0.0091213846116148,1,51532,0.2187157501793953,0.704393795896947,0.3821346206610161,0.3910846954611683,0.906142295842458,0.24316881925229095,0.4613805141155975,0.9670796,1,0.93415916
CANDIDATE_Korogocho Ward_2,-1.2681911217667554,36.87417098410396,Korogocho Ward,False,2,residential,650.3396298799269,560.8905193932031,0,77,6406,7114.906913988673,0,0,1440.0,0,0,17.684657596250318,11.666697525521228,20.693637631614862,60.45883468467407,92.24137931034484,543,224.0,0.490429447437139,congested,70.68412548851703,72846.89997678499,11.1,True,adequately_served,6.649087945992632,0.9062067370322696,64098.0,0.0030705946763421,1,64098,0.0768685671769029,1.153103289594606,0.47531756801850905,0.007812345502203688,0.9471555126385729,0.3622419813997413,0.4301937339896919,0.96698093,1,0.93396187
CANDIDATE_Korogocho Ward_24,-1.2673865647665317,36.87224707557176,Korogocho Ward,False,6,residential,624.7676245368266,615.3390305740775,0,61,6406,7114.906913988673,0,0,1440.0,0,0,17.684657596250318,11.666697525521228,20.693637631614862,60.45883468467407,92.24137931034484,543,224.0,0.490429447437139,congested,70.68412548851703,72846.89997678499,11.1,True,adequately_served,6.474358844217005,1.1400665401373713,64098.0,0.009588223750695,1,64098,0.0768685671769029,1.153103289594606,0.47531756801850905,0.010153892857328302,0.9420256279971655,0.3622419813997413,0.4297531439001916,0.9669718,1,0.9339436
CANDIDATE_Sarang'ombe Ward_10,-1.3102648927886833,36.76516171157045,Sarang'ombe Ward,False,2,residential,1139.3048285173622,825.1795179285796,0,6,5959,15421.34774339274,0,0,1440.0,0,0,16.699138772601074,11.303737458124182,19.57668614032208,68.12864671560324,95.45454545454544,134,49.0,0.5466091380314718,congested,74.32034487468462,77355.9452208662,26.3,True,adequately_served,6.364514619063439,10.617192124954943,58636.0,0.0017539169790243,1,58636,0.2104011684477993,1.8615246648315409,0.4348142050974024,0.10504466952209873,0.9222554364918479,0.7881249673045143,0.5205222199238879,0.96565884,1,0.9313177
CANDIDATE_Sarang'ombe Ward_33,-1.3138775034585062,36.78489825402677,Sarang'ombe Ward,False,6,residential,467.76307373402216,686.5739067792836,0,18,5959,15421.34774339274,0,0,1440.0,0,0,23.69082151948292,15.855059154149329,27.60870270214972,39.54778439153439,86.71875,289,121.0,0.4857290005023328,congested,74.32034487468462,77355.9452208662,26.3,True,adequately_served,4.714820664157391,3.911597098667612,58636.0,0.0127996430098596,1,58636,0.2104011684477993,1.8615246648315409,0.4348142050974024,0.037904151614096895,0.935314210376145,0.7881249673045143,0.5063488452237469,0.9655898,1,0.93117964
CANDIDATE_Makina Ward_24,-1.3160292897100745,36.7791851303226,Makina Ward,False,6,residential,330.4738926068159,496.0510106399984,1,23,1896,15852.355248829706,0,0,1440.0,0,2,23.69082151948292,15.855059154149329,27.60870270214972,39.54778439153439,86.71875,289,121.0,0.4857290005023328,congested,89.77563305815848,61838.3383815226,26.3,True,adequately_served,5.3584878670976295,3.7406513774232697,60275.0,0.0181009730594892,1,60275,0.2104011684477993,3.298924345951629,0.44696818016655177,0.03619253851883714,0.9532643885820221,0.8102233325529709,0.5181845419150011,0.9651739,1,0.9303478
CANDIDATE_Lucky Summer Ward_2,-1.2483642059284654,36.88907003565125,Lucky Summer Ward,False,6,residential,1175.4332436671436,482.8609759641004,3,33,6042,3344.2855019757435,0,0,1440.0,0,2,17.845377654040565,11.606875140660836,20.96462891073044,57.8859819316018,91.796875,574,247.0,0.4245573366979223,moderate,66.8770030670488,60808.06426925295,11.1,False,underserved,9.04001522690062,1.966970678442612,30128.0,0.0051001618938419,0,30128,0.0768685671769029,3.552160434569506,0.2234136430038635,0.018433362746046407,0.9545070920983543,0.16891688119798048,0.3074879103971308,0.9646533,1,0.9293066
CANDIDATE_Mathare North Ward_45,-1.2555922126643395,36.88671935387204,Mathare North Ward,False,6,unclassified,621.1008548220306,348.3347119853041,2,65,2588,13950.656452234723,0,0,1440.0,0,1,17.845377654040565,11.606875140660836,20.96462891073044,57.8859819316018,91.796875,574,247.0,0.4245573366979223,moderate,88.3669133737164,74177.99282923673,11.1,True,adequately_served,8.453507811592013,1.338892626874491,125681.0,0.0096447383948965,1,125681,0.0768685671769029,0.1617730480740412,0.9319851986978414,0.012144661220884334,0.9671815289283765,0.7127205418368308,0.665211399002507,0.96326524,1,0.9265305
CANDIDATE_Korogocho Ward_8,-1.2558173337519274,36.88686067245509,Korogocho Ward,False,2,residential,592.8467905522398,377.7639554123881,2,66,6406,7114.906913988673,0,0,1440.0,0,1,17.845377654040565,11.606875140660836,20.96462891073044,57.8859819316018,91.796875,574,247.0,0.4245573366979223,moderate,70.68412548851703,72846.89997678499,11.1,True,adequately_served,8.457776384613137,1.0549869475898064,64098.0,0.0033678720367253,1,64098,0.0768685671769029,1.153103289594606,0.47531756801850905,0.009302023950146773,0.9644088429432017,0.3622419813997413,0.43401681966260347,0.96326524,1,0.9265305
CANDIDATE_Mathare North Ward_38,-1.2564321857292169,36.88236855849377,Mathare North Ward,False,6,unclassified,367.27719091710657,367.5007359143925,25,81,2588,13950.656452234723,0,0,1440.0,0,7,17.845377654040565,11.606875140660836,20.96462891073044,57.8859819316018,91.796875,574,247.0,0.4245573366979223,moderate,88.3669133737164,74177.99282923673,11.1,True,adequately_served,7.974250107720686,1.077645285045322,125681.0,0.0162920760448357,1,125681,0.0768685671769029,0.1617730480740412,0.9319851986978414,0.009528893080437792,0.9653757955913516,0.7127205418368308,0.6641963102999904,0.962976,1,0.92595196
CANDIDATE_Makina Ward_27,-1.3136370232528936,36.78786439391101,Makina Ward,False,2,residential,304.9236157725857,857.2757057939696,0,14,1896,15852.355248829706,0,0,1440.0,0,0,23.69082151948292,15.855059154149329,27.60870270214972,39.54778439153439,86.71875,289,121.0,0.4857290005023328,congested,89.77563305815848,61838.3383815226,26.3,True,adequately_served,4.450562512139887,5.985042203877232,60275.0,0.0065375796338872,1,60275,0.2104011684477993,3.298924345951629,0.44696818016655177,0.05866475192948196,0.919231483446898,0.8102233325529709,0.5169960142406373,0.9628344,1,0.92566884
CANDIDATE_Sarang'ombe Ward_1,-1.3152969715127287,36.78029135982575,Sarang'ombe Ward,False,6,residential,453.0042816618093,466.1168360074339,3,24,5959,15421.34774339274,0,0,1440.0,0,2,23.69082151948292,15.855059154149329,27.60870270214972,39.54778439153439,86.71875,289,121.0,0.4857290005023328,congested,74.32034487468462,77355.9452208662,26.3,True,adequately_served,5.2114495915960335,2.9728137949873847,58636.0,0.0132157343936008,1,58636,0.2104011684477993,1.8615246648315409,0.4348142050974024,0.02850447910697663,0.9560846468291336,0.7881249673045143,0.5081530143875645,0.9619575,1,0.923915
CANDIDATE_Korogocho Ward_20,-1.2586741815618885,36.88339195279413,Korogocho Ward,False,6,residential,356.7365132134768,361.6167775117639,14,90,6406,7114.906913988673,0,0,1440.0,0,11,17.845377654040565,11.606875140660836,20.96462891073044,57.8859819316018,91.796875,574,247.0,0.4245573366979223,moderate,70.68412548851703,72846.89997678499,11.1,True,adequately_served,7.978136908145465,0.7767486317419453,64098.0,0.0167721207603416,1,64098,0.0768685671769029,1.153103289594606,0.47531756801850905,0.006516131787759704,0.9659301546947632,0.3622419813997413,0.43362460897231897,0.96193033,1,0.92386067
CANDIDATE_Korogocho Ward_47,-1.2584772003020608,36.88468212990232,Korogocho Ward,False,6,unclassified,360.447794119946,361.0122000889446,11,86,6406,7114.906913988673,0,0,1440.0,0,8,17.845377654040565,11.606875140660836,20.96462891073044,57.8859819316018,91.796875,574,247.0,0.4245573366979223,moderate,70.68412548851703,72846.89997678499,11.1,True,adequately_served,8.118962042741162,0.8124612125116899,64098.0,0.0165999076425651,1,64098,0.0768685671769029,1.153103289594606,0.47531756801850905,0.0068737079848477,0.9659871151583019,0.3622419813997413,0.43372539511429875,0.96174574,1,0.9234915
CANDIDATE_Mathare North Ward_46,-1.2406270987574224,36.87575755599256,Mathare North Ward,False,6,tertiary,609.7037410706341,440.0222040321336,2,45,2588,13950.656452234723,0,0,1440.0,0,1,17.684657596250318,11.666697525521228,20.693637631614862,60.45883468467407,92.24137931034484,543,224.0,0.490429447437139,congested,88.3669133737164,74177.99282923673,11.1,True,adequately_served,8.26327079035324,1.9210198559503568,125681.0,0.009824731038132,1,125681,0.0768685671769029,0.1617730480740412,0.9319851986978414,0.01797327501209674,0.9585431612841678,0.7127205418368308,0.6649408789214684,0.96148175,1,0.9229635
CANDIDATE_Sarang'ombe Ward_43,-1.314998801087826,36.77987796328276,Sarang'ombe Ward,False,6,residential,462.7056476423118,414.9190445894106,5,24,5959,15421.34774339274,0,0,1440.0,0,2,23.69082151948292,15.855059154149329,27.60870270214972,39.54778439153439,86.71875,289,121.0,0.4857290005023328,congested,74.32034487468462,77355.9452208662,26.3,True,adequately_served,5.22747216734535,2.9728137949873847,58636.0,0.0129392428807082,1,58636,0.2104011684477993,1.8615246648315409,0.4348142050974024,0.02850447910697663,0.9609082638238542,0.7881249673045143,0.5091177377865087,0.96059114,1,0.9211823
CANDIDATE_Makina Ward_20,-1.3147090520255167,36.78023604793871,Makina Ward,False,6,residential,500.77384818273777,407.7409311764122,5,19,1896,15852.355248829706,0,0,1440.0,0,2,23.69082151948292,15.855059154149329,27.60870270214972,39.54778439153439,86.71875,289,121.0,0.4857290005023328,congested,89.77563305815848,61838.3383815226,26.3,True,adequately_served,5.176278834775975,4.488781652907924,60275.0,0.0119575781434804,1,60275,0.2104011684477993,3.298924345951629,0.44696818016655177,0.04368327632238541,0.9615845521732141,0.8102233325529709,0.5217212590841265,0.96059114,1,0.9211823
CANDIDATE_Njiru Ward_42,-1.2682349882579451,36.93368188815222,Njiru Ward,False,2,residential,1514.1849658939898,1198.538263844173,0,0,10989,746.4285914852591,0,0,1440.0,0,0,17.845377654040565,11.606875140660836,20.96462891073044,57.8859819316018,91.796875,574,247.0,0.4245573366979223,moderate,47.21837435030173,69402.06821576251,11.0,False,severely_underserved,13.105564282735733,47.21837435030173,6785.0,0.0013199708583565,0,6785,0.2237461265027511,10.89304713008968,0.050314045664538426,0.47151808776780646,0.8870793177170831,0.035721077999510915,0.3200495170678589,0.95998675,1,0.9199735
CANDIDATE_Ngando Ward_33,-1.3182046174049036,36.76865974893868,Ngando Ward,False,6,residential,904.1149362737988,735.6869010658376,0,3,2979,1287.4420267405085,0,0,1440.0,0,0,16.699138772601074,11.303737458124182,19.57668614032208,68.12864671560324,95.45454545454544,134,49.0,0.5466091380314718,congested,64.55544213237266,28020.643468093764,18.5,False,underserved,6.451675442379567,16.138860533093165,6959.0,0.0066289923627831,0,6959,0.1996750767775023,17.558483286089597,0.051604339540091804,0.16033099015215804,0.9306870132385193,0.06345960307338838,0.25697358963945316,0.9596503,1,0.91930056
CANDIDATE_Airbase Ward_26,-1.266298577523929,36.86528431892141,Airbase Ward,False,6,unclassified,403.3667659884445,389.54567086749904,6,20,17075,1530.534366496874,0,0,1440.0,0,9,17.684657596250318,11.666697525521228,20.693637631614862,60.45883468467407,92.24137931034484,543,224.0,0.490429447437139,congested,46.01546587417469,105433.25515722662,9.3,False,severely_underserved,5.7939084206118725,2.191212660674985,16457.0,0.014838014655664,0,16457,0.2187157501793953,11.040159940658125,0.1220365879884022,0.020678610597247814,0.9632988246919802,0.07592329162932626,0.255726881709514,0.9595554,1,0.9191108
CANDIDATE_Sarang'ombe Ward_38,-1.3126690579478115,36.78483596334644,Sarang'ombe Ward,False,2,residential,573.5125571627352,592.1104632721588,0,15,5959,15421.34774339274,0,0,1440.0,0,0,23.69082151948292,15.855059154149329,27.60870270214972,39.54778439153439,86.71875,289,121.0,0.4857290005023328,congested,74.32034487468462,77355.9452208662,26.3,True,adequately_served,4.634248525091556,4.645021554667789,58636.0,0.0034812119858217,1,58636,0.2104011684477993,1.8615246648315409,0.4348142050974024,0.045247645760284595,0.9442141152130633,0.7881249673045143,0.5099646997276776,0.95950776,1,0.9190155
CANDIDATE_Sarang'ombe Ward_8,-1.313029184685098,36.78434102583896,Sarang'ombe Ward,False,2,residential,543.0954308581589,578.1272375008629,0,17,5959,15421.34774339274,0,0,1440.0,0,0,23.69082151948292,15.855059154149329,27.60870270214972,39.54778439153439,86.71875,289,121.0,0.4857290005023328,congested,74.32034487468462,77355.9452208662,26.3,True,adequately_served,4.702204742250361,4.128908048593591,58636.0,0.0036758257588113,1,58636,0.2104011684477993,1.8615246648315409,0.4348142050974024,0.040080001731485855,0.9455315494930056,0.7881249673045143,0.5089362755764663,0.95950776,1,0.9190155
CANDIDATE_Roysambu Ward_9,-1.268917054846389,36.85775677859107,Roysambu Ward,False,6,unclassified,340.9026978962467,325.2078555427255,5,21,15669,483.239781975182,0,0,1440.0,0,9,17.684657596250318,11.666697525521228,20.693637631614862,60.45883468467407,92.24137931034484,543,224.0,0.490429447437139,congested,52.55807786151991,110098.7167953836,12.5,False,underserved,4.909842001248543,2.389003539159996,3865.0,0.0175488524569079,0,3865,0.140004148607421,20.27271584053182,0.02866083809778055,0.022659013822748722,0.9693604334217374,0.022227014976261075,0.2140135364695101,0.9594944,1,0.9189888
CANDIDATE_Mowlem Ward_23,-1.2681286405384034,36.87499118223157,Mowlem Ward,False,2,residential,559.1457205556138,514.7760015192129,0,77,3727,924.779822358499,0,0,1440.0,0,4,18.054313199966053,11.514724616707694,21.324107491595232,57.35551818750744,93.22916666666669,394,160.0,0.5289229448015942,congested,80.21913323300808,62819.89166655838,6.4,True,adequately_served,6.738085777749862,1.0284504260642062,14449.0,0.003570499472916,0,14449,0.0838307335300991,7.067824986975575,0.10714630004523444,0.00903632406941716,0.9515002073208912,0.0448653982088606,0.23903340713913673,0.9592413,1,0.91848254
CANDIDATE_Sarang'ombe Ward_37,-1.3154204078250544,36.77795385068602,Sarang'ombe Ward,False,2,residential,294.2458104746579,415.8032092877677,4,22,5959,15421.34774339274,0,0,1440.0,0,2,23.69082151948292,15.855059154149329,27.60870270214972,39.54778439153439,86.71875,289,121.0,0.4857290005023328,congested,74.32034487468462,77355.9452208662,26.3,True,adequately_served,5.426552085310844,3.231319342377592,58636.0,0.0067740165280742,1,58636,0.2104011684477993,1.8615246648315409,0.4348142050974024,0.031092794724879313,0.9608249619518983,0.7881249673045143,0.5097481563165932,0.95922273,1,0.91844547
CANDIDATE_Lucky Summer Ward_5,-1.2496612668991458,36.88795458862912,Lucky Summer Ward,False,6,residential,1026.44846765221,510.7456751120658,0,30,6042,3344.2855019757435,0,0,1440.0,0,2,17.845377654040565,11.606875140660836,20.96462891073044,57.8859819316018,91.796875,574,247.0,0.4245573366979223,moderate,66.8770030670488,60808.06426925295,11.1,False,underserved,8.863215379768535,2.15732267958222,30128.0,0.0058397089381138,0,30128,0.0768685671769029,3.552160434569506,0.2234136430038635,0.020339283382654533,0.9518799258675967,0.16891688119798048,0.3074389573101313,0.95891047,1,0.91782093
CANDIDATE_Makina Ward_46,-1.3140433944303855,36.78862574266585,Makina Ward,False,2,residential,247.03701373461635,909.9574034016108,0,9,1896,15852.355248829706,0,0,1440.0,0,0,23.69082151948292,15.855059154149329,27.60870270214972,39.54778439153439,86.71875,289,121.0,0.4857290005023328,congested,89.77563305815848,61838.3383815226,26.3,True,adequately_served,4.420225641256765,8.977563305815847,60275.0,0.008063312688242,1,60275,0.2104011684477993,3.298924345951629,0.44696818016655177,0.08862770314367502,0.9142680597355874,0.8102233325529709,0.5234940673019235,0.9577061,1,0.9154122
CANDIDATE_Makina Ward_11,-1.318694511800686,36.77921934850154,Makina Ward,False,2,residential,286.6492809440642,508.1358455352701,0,26,1896,15852.355248829706,0,0,1440.0,0,1,23.69082151948292,15.855059154149329,27.60870270214972,39.54778439153439,86.71875,289,121.0,0.4857290005023328,congested,89.77563305815848,61838.3383815226,26.3,True,adequately_served,5.542729637523889,3.325023446598462,60275.0,0.0069529115227961,1,60275,0.2104011684477993,3.298924345951629,0.44696818016655177,0.032031017516865885,0.9521258118316449,0.8102233325529709,0.5169164463144327,0.95752394,1,0.9150479
CANDIDATE_Sarang'ombe Ward_14,-1.3152715972557945,36.78323682120804,Sarang'ombe Ward,False,6,residential,286.95402466961883,658.5242491914495,0,22,5959,15421.34774339274,0,0,1440.0,0,0,23.69082151948292,15.855059154149329,27.60870270214972,39.54778439153439,86.71875,289,121.0,0.4857290005023328,congested,74.32034487468462,77355.9452208662,26.3,True,adequately_served,4.955941952432812,3.231319342377592,58636.0,0.0208366596260776,1,58636,0.2104011684477993,1.8615246648315409,0.4348142050974024,0.031092794724879313,0.9379569182213343,0.7881249673045143,0.5051745475704804,0.9571421,1,0.9142842
CANDIDATE_Mowlem Ward_31,-1.2562660506229133,36.882633668520185,Mowlem Ward,False,6,unclassified,397.7150659653293,397.9219488650208,23,81,3727,924.779822358499,0,0,1440.0,0,7,17.845377654040565,11.606875140660836,20.96462891073044,57.8859819316018,91.796875,574,247.0,0.4245573366979223,moderate,80.21913323300808,62819.89166655838,6.4,True,adequately_served,8.008746258809518,0.9782821125976596,14449.0,0.0150483403115791,0,14449,0.0838307335300991,7.067824986975575,0.10714630004523444,0.008534008236816118,0.9625096508666593,0.0448653982088606,0.24110971689014007,0.9571405,1,0.914281
CANDIDATE_Sarang'ombe Ward_32,-1.318262951309077,36.78460081941628,Sarang'ombe Ward,False,6,residential,132.86787624088933,558.3309596962322,0,21,5959,15421.34774339274,0,0,1440.0,0,0,23.69082151948292,15.855059154149329,27.60870270214972,39.54778439153439,86.71875,289,121.0,0.4857290005023328,congested,74.32034487468462,77355.9452208662,26.3,True,adequately_served,5.068104790935753,3.3781974943038464,58636.0,0.0448203121501925,1,58636,0.2104011684477993,1.8615246648315409,0.4348142050974024,0.03256342859868765,0.9473966624091266,0.7881249673045143,0.5074301548764909,0.9570434,1,0.9140868
CANDIDATE_Airbase Ward_46,-1.2688894472037804,36.85626925229903,Airbase Ward,False,2,residential,350.89502004133936,339.47255915477393,7,34,17075,1530.534366496874,0,0,1440.0,0,9,17.684657596250318,11.666697525521228,20.693637631614862,60.45883468467407,92.24137931034484,543,224.0,0.490429447437139,congested,46.01546587417469,105433.25515722662,9.3,False,severely_underserved,4.75969755879034,1.3147275964049914,16457.0,0.0056835132243844,0,16457,0.2187157501793953,11.040159940658125,0.1220365879884022,0.011902706158787014,0.9680164796131459,0.07592329162932626,0.25447643658413194,0.9560917,1,0.9121834
CANDIDATE_Sarang'ombe Ward_19,-1.3198273624874657,36.78295733117121,Sarang'ombe Ward,False,6,residential,227.49080137766447,529.4774055894536,0,32,5959,15421.34774339274,0,0,1440.0,0,1,23.69082151948292,15.855059154149329,27.60870270214972,39.54778439153439,86.71875,289,121.0,0.4857290005023328,congested,74.32034487468462,77355.9452208662,26.3,True,adequately_served,5.320351859323015,2.252131662869231,58636.0,0.0262592627966795,1,58636,0.2104011684477993,1.8615246648315409,0.4348142050974024,0.021288568899490372,0.9501151096329761,0.7881249673045143,0.5051551293964616,0.9559826,1,0.91196525
CANDIDATE_Makina Ward_6,-1.3196614861955929,36.78315755226862,Makina Ward,False,6,residential,204.71896182848832,557.9793277033087,0,31,1896,15852.355248829706,0,0,1440.0,0,0,23.69082151948292,15.855059154149329,27.60870270214972,39.54778439153439,86.71875,289,121.0,0.4857290005023328,congested,89.77563305815848,61838.3383815226,26.3,True,adequately_served,5.29154142779657,2.8054885330674524,60275.0,0.0291660036910078,1,60275,0.2104011684477993,3.298924345951629,0.44696818016655177,0.026829116264401813,0.9474297915346216,0.8102233325529709,0.5146767669419121,0.9559826,1,0.91196525
CANDIDATE_Sarang'ombe Ward_29,-1.3143404942036667,36.77563546532418,Sarang'ombe Ward,False,6,unclassified,405.48866010300975,337.6436055560123,6,19,5959,15421.34774339274,0,0,1440.0,0,2,23.69082151948292,15.855059154149329,27.60870270214972,39.54778439153439,86.71875,289,121.0,0.4857290005023328,congested,74.32034487468462,77355.9452208662,26.3,True,adequately_served,5.567959784427296,3.716017243734231,58636.0,0.0147605593683216,1,58636,0.2104011684477993,1.8615246648315409,0.4348142050974024,0.035945886508446837,0.9681887950864737,0.7881249673045143,0.5124341958894001,0.9557465,1,0.91149294
CANDIDATE_Ngando Ward_42,-1.317715018873865,36.75346788153904,Ngando Ward,False,6,tertiary,1644.1641158821635,1657.3621530573596,0,0,2979,1287.4420267405085,0,0,1440.0,0,0,16.699138772601074,11.303737458124182,19.57668614032208,68.12864671560324,95.45454545454544,134,49.0,0.5466091380314718,congested,64.55544213237266,28020.643468093764,18.5,False,underserved,7.8943041165145,64.55544213237266,6959.0,0.0036470525597275,1,6959,0.1996750767775023,17.558483286089597,0.051604339540091804,0.6451074121053447,0.843851071960892,0.06345960307338838,0.36080050687222437,0.955124,1,0.91024804
CANDIDATE_Ngando Ward_23,-1.3122093617259458,36.76834395098415,Ngando Ward,False,6,tertiary,1125.0418732292449,681.2923857029846,0,8,2979,1287.4420267405085,0,0,1440.0,0,0,16.699138772601074,11.303737458124182,19.57668614032208,68.12864671560324,95.45454545454544,134,49.0,0.5466091380314718,congested,64.55544213237266,28020.643468093764,18.5,False,underserved,6.142761784865316,7.172826903596962,6959.0,0.0053283986525237,0,6959,0.1996750767775023,17.558483286089597,0.051604339540091804,0.07055757867934569,0.9358118106459223,0.06345960307338838,0.2355551962527307,0.9546525,1,0.909305
CANDIDATE_Mathare North Ward_17,-1.2408873380192027,36.88215675319596,Mathare North Ward,False,2,residential,1013.7814664845037,362.6799171331821,10,25,2588,13950.656452234723,0,0,1440.0,0,2,17.684657596250318,11.666697525521228,20.693637631614862,60.45883468467407,92.24137931034484,543,224.0,0.490429447437139,congested,88.3669133737164,74177.99282923673,11.1,True,adequately_served,8.817925904796507,3.398727437450631,125681.0,0.0019708676853634,1,125681,0.0768685671769029,0.1617730480740412,0.9319851986978414,0.03276898694363592,0.9658299906407366,0.7127205418368308,0.6700971727756669,0.95413846,1,0.9082769
CANDIDATE_Sarang'ombe Ward_40,-1.3187865074513154,36.78634562711451,Sarang'ombe Ward,False,3,secondary,34.335582383828985,418.4816089089857,5,32,5959,15421.34774339274,0,0,1440.0,0,2,23.69082151948292,15.855059154149329,27.60870270214972,39.54778439153439,86.71875,289,121.0,0.4857290005023328,congested,74.32034487468462,77355.9452208662,26.3,True,adequately_served,4.973268399473015,2.252131662869231,58636.0,0.0849002562746191,1,58636,0.2104011684477993,1.8615246648315409,0.4348142050974024,0.021288568899490372,0.9605726156382444,0.7881249673045143,0.5072466305975152,0.95399994,1,0.9079999
CANDIDATE_Sarang'ombe Ward_30,-1.3145999324889048,36.787960924607006,Sarang'ombe Ward,False,2,residential,199.00236293567423,864.8420613688296,0,12,5959,15421.34774339274,0,0,1440.0,0,0,23.69082151948292,15.855059154149329,27.60870270214972,39.54778439153439,86.71875,289,121.0,0.4857290005023328,congested,74.32034487468462,77355.9452208662,26.3,True,adequately_served,4.516375091079888,5.716949605744971,58636.0,0.0099998818546121,1,58636,0.2104011684477993,1.8615246648315409,0.4348142050974024,0.055980444897020476,0.9185186167327658,0.7881249673045143,0.507508799815802,0.95398223,1,0.90796447
CANDIDATE_Sarang'ombe Ward_46,-1.3173320556270949,36.78765147668985,Sarang'ombe Ward,False,4,residential,33.17772023799984,560.2960685423974,0,18,5959,15421.34774339274,0,0,1440.0,0,0,23.69082151948292,15.855059154149329,27.60870270214972,39.54778439153439,86.71875,289,121.0,0.4857290005023328,congested,74.32034487468462,77355.9452208662,26.3,True,adequately_served,4.75604577206547,3.911597098667612,58636.0,0.1170353075671992,1,58636,0.2104011684477993,1.8615246648315409,0.4348142050974024,0.037904151614096895,0.947211519023752,0.7881249673045143,0.5087283069532683,0.95393425,1,0.9078685
CANDIDATE_Sarang'ombe Ward_4,-1.32142481394483,36.76758790138844,Sarang'ombe Ward,False,2,residential,1098.1623047135809,739.87733718751,0,3,5959,15421.34774339274,0,0,1440.0,0,0,16.699138772601074,11.303737458124182,19.57668614032208,68.12864671560324,95.45454545454544,134,49.0,0.5466091380314718,congested,74.32034487468462,77355.9452208662,26.3,True,adequately_served,6.751668876145982,18.58008621867116,58636.0,0.0018195674937389,1,58636,0.2104011684477993,1.8615246648315409,0.4348142050974024,0.18477403453785102,0.9302922099016575,0.7881249673045143,0.5420619158597879,0.95388,1,0.90776
CANDIDATE_Mathare North Ward_29,-1.258244981169309,36.88479669313924,Mathare North Ward,False,6,unclassified,385.1027009618819,386.21919534685,11,84,2588,13950.656452234723,0,0,1440.0,0,8,17.845377654040565,11.606875140660836,20.96462891073044,57.8859819316018,91.796875,574,247.0,0.4245573366979223,moderate,88.3669133737164,74177.99282923673,11.1,True,adequately_served,8.140626893159876,1.039610745573134,125681.0,0.0155399068306241,1,125681,0.0768685671769029,0.1617730480740412,0.9319851986978414,0.009148068012931604,0.9636122296926553,0.7127205418368308,0.6637483908533746,0.9538678,1,0.9077356
CANDIDATE_Kwa Njenga Ward_32,-1.3297578515037158,36.90065550372535,Kwa Njenga Ward,False,4,primary,381.0296742753105,567.0883914741659,0,29,2929,14304.246388913643,0,0,1440.0,0,0,17.906847137299025,11.406366449662858,21.157087481117102,57.709691248294185,93.33333333333331,371,147.0,0.3154506881194194,moderate,80.52538641399036,50138.37407016672,13.8,True,adequately_served,10.455335857300382,2.684179547133012,103653.0,0.0104703908343973,1,103653,0.2682490623582934,1.4360258252339573,0.7686369602456008,0.02561449651617608,0.9465715780532558,0.7308495986869837,0.6109107955630522,0.9535012,1,0.90700245
CANDIDATE_Mathare North Ward_9,-1.2418319573536336,36.86934756370365,Mathare North Ward,False,3,primary_link,159.5180563550084,300.0345947693586,13,44,2588,13950.656452234723,0,0,1440.0,0,15,17.684657596250318,11.666697525521228,20.693637631614862,60.45883468467407,92.24137931034484,543,224.0,0.490429447437139,congested,88.3669133737164,74177.99282923673,11.1,True,adequately_served,7.626671217864207,1.9637091860825864,125681.0,0.0186894862056208,1,125681,0.0768685671769029,0.1617730480740412,0.9319851986978414,0.01840070669011898,0.9717321405816716,0.7127205418368308,0.6676855327004747,0.9533738,1,0.9067476
CANDIDATE_Airbase Ward_6,-1.258610500693694,36.862355277436656,Airbase Ward,False,6,residential,517.9594985707977,515.595561847922,0,36,17075,1530.534366496874,0,0,1440.0,0,9,17.684657596250318,11.666697525521228,20.693637631614862,60.45883468467407,92.24137931034484,543,224.0,0.490429447437139,congested,46.01546587417469,105433.25515722662,9.3,False,severely_underserved,5.894641939153317,1.2436612398425593,16457.0,0.0115615958789151,0,16457,0.2187157501793953,11.040159940658125,0.1220365879884022,0.011191146339452352,0.9514229921711695,0.07592329162932626,0.25097984914090304,0.95329714,1,0.9065943
CANDIDATE_Mathare North Ward_40,-1.2486043489481975,36.867980517073526,Mathare North Ward,False,6,residential,232.8464605041366,320.77829477122026,19,51,2588,13950.656452234723,0,0,1440.0,0,15,17.684657596250318,11.666697525521228,20.693637631614862,60.45883468467407,92.24137931034484,543,224.0,0.490429447437139,congested,88.3669133737164,74177.99282923673,11.1,True,adequately_served,7.037778319069102,1.6993637187253154,125681.0,0.0256578610899858,1,125681,0.0768685671769029,0.1617730480740412,0.9319851986978414,0.015753918222365864,0.9697777659672396,0.7127205418368308,0.66663296066065,0.95315766,1,0.9063153
CANDIDATE_Njiru Ward_41,-1.2683377116201415,36.93513890733094,Njiru Ward,False,2,residential,1582.2750896903954,1357.6930384244235,0,0,10989,746.4285914852591,0,0,1440.0,0,0,17.845377654040565,11.606875140660836,20.96462891073044,57.8859819316018,91.796875,574,247.0,0.4245573366979223,moderate,47.21837435030173,69402.06821576251,11.0,False,severely_underserved,13.26389072549849,47.21837435030173,6785.0,0.0012632043622887,0,6785,0.2237461265027511,10.89304713008968,0.050314045664538426,0.47151808776780646,0.8720844975462668,0.035721077999510915,0.31705055303369567,0.9525704,1,0.90514076
CANDIDATE_Ngando Ward_30,-1.3117653838388423,36.76100918502456,Ngando Ward,False,6,tertiary,1320.3112713216997,1249.067540444925,0,0,2979,1287.4420267405085,0,0,1440.0,0,0,16.699138772601074,11.303737458124182,19.57668614032208,68.12864671560324,95.45454545454544,134,49.0,0.5466091380314718,congested,64.55544213237266,28020.643468093764,18.5,False,underserved,6.853782751593502,64.55544213237266,6959.0,0.0045409436294282,1,6959,0.1996750767775023,17.558483286089597,0.051604339540091804,0.6451074121053447,0.882318685068845,0.06345960307338838,0.368494029493815,0.95235604,1,0.9047121
CANDIDATE_Roysambu Ward_11,-1.2408860638750725,36.87039272019434,Roysambu Ward,False,3,secondary,96.87061225154868,456.1782710954038,2,47,15669,483.239781975182,0,0,1440.0,0,7,17.684657596250318,11.666697525521228,20.693637631614862,60.45883468467407,92.24137931034484,543,224.0,0.490429447437139,congested,52.55807786151991,110098.7167953836,12.5,False,underserved,7.783333238048101,1.0949599554483316,3865.0,0.0306527151612104,0,3865,0.140004148607421,20.27271584053182,0.02866083809778055,0.00970225814852006,0.9570210120371829,0.022227014976261075,0.208306463274042,0.95203185,1,0.9040637
CANDIDATE_Korogocho Ward_41,-1.259044327380508,36.88236196100923,Korogocho Ward,False,2,residential,334.49258046864395,340.026151216614,23,102,6406,7114.906913988673,0,0,1440.0,0,14,17.845377654040565,11.606875140660836,20.96462891073044,57.8859819316018,91.796875,574,247.0,0.4245573366979223,moderate,70.68412548851703,72846.89997678499,11.1,True,adequately_served,7.856627127124703,0.6862536455195828,64098.0,0.0059613836979829,1,64098,0.0768685671769029,1.153103289594606,0.47531756801850905,0.005610040647565852,0.9679643227523971,0.3622419813997413,0.4338049197987973,0.9508192,1,0.9016384
CANDIDATE_Pipeline Ward_23,-1.3238112153440054,36.89342008500604,Pipeline Ward,False,6,unclassified,472.0622247382617,367.8371439608151,10,59,4759,688.1241032945147,0,0,1440.0,0,11,17.906847137299025,11.406366449662858,21.157087481117102,57.709691248294185,93.33333333333331,371,147.0,0.3154506881194194,moderate,60.39700177501157,40062.52343641133,13.8,False,underserved,9.439189513898032,1.0066166962501928,4986.0,0.0126833208957229,0,4986,0.2682490623582934,34.44615769624161,0.036973593468443415,0.008817711415084547,0.9653441007950538,0.03273172431213803,0.21476035058916473,0.95024467,1,0.90048933
CANDIDATE_Korogocho Ward_34,-1.255355548631555,36.88760897200596,Korogocho Ward,False,2,residential,620.8916726146572,397.28127021565,2,48,6406,7114.906913988673,0,0,1440.0,0,1,17.845377654040565,11.606875140660836,20.96462891073044,57.8859819316018,91.796875,574,247.0,0.4245573366979223,moderate,70.68412548851703,72846.89997678499,11.1,True,adequately_served,8.554599799051584,1.4425331732350413,64098.0,0.0032159941804515,1,64098,0.0768685671769029,1.153103289594606,0.47531756801850905,0.013182373747757332,0.9625700126192986,0.3622419813997413,0.4346191410472255,0.95024186,1,0.9004837
CANDIDATE_Korogocho Ward_28,-1.2593396772519982,36.8829981121308,Korogocho Ward,False,6,residential,290.57493905897,302.31731285015354,21,100,6406,7114.906913988673,0,0,1440.0,0,11,17.845377654040565,11.606875140660836,20.96462891073044,57.8859819316018,91.796875,574,247.0,0.4245573366979223,moderate,70.68412548851703,72846.89997678499,11.1,True,adequately_served,7.909325825422741,0.6998428266189805,64098.0,0.0205779002110552,1,64098,0.0768685671769029,1.153103289594606,0.47531756801850905,0.00574610383858506,0.9715170735363224,0.3622419813997413,0.4345494857533372,0.95015806,1,0.9003161
CANDIDATE_Mathare North Ward_0,-1.241844437433618,36.874272574476265,Mathare North Ward,False,6,tertiary,509.6139706076708,338.02058012014754,1,59,2588,13950.656452234723,0,0,1440.0,0,1,17.684657596250318,11.666697525521228,20.693637631614862,60.45883468467407,92.24137931034484,543,224.0,0.490429447437139,congested,88.3669133737164,74177.99282923673,11.1,True,adequately_served,8.049845666282703,1.47278188956194,125681.0,0.0117505598071661,1,125681,0.0768685671769029,0.1617730480740412,0.9319851986978414,0.013485242392863188,0.9681532783021795,0.7127205418368308,0.6657408941702623,0.9501489,1,0.90029776
CANDIDATE_Sarang'ombe Ward_13,-1.3101872347796166,36.78572604194128,Sarang'ombe Ward,False,6,unclassified,552.7328137884075,476.41827042591433,3,19,5959,15421.34774339274,0,0,1440.0,0,2,23.69082151948292,15.855059154149329,27.60870270214972,39.54778439153439,86.71875,289,121.0,0.4857290005023328,congested,74.32034487468462,77355.9452208662,26.3,True,adequately_served,4.38612051488296,3.716017243734231,58636.0,0.0108355507396257,1,58636,0.2104011684477993,1.8615246648315409,0.4348142050974024,0.035945886508446837,0.9551140937495043,0.7881249673045143,0.5098192556220063,0.94965464,1,0.8993093
CANDIDATE_Airbase Ward_20,-1.271477242278005,36.86302170374722,Airbase Ward,False,6,unclassified,788.1373303070908,785.289236962684,0,9,17075,1530.534366496874,0,0,1440.0,0,0,17.684657596250318,11.666697525521228,20.693637631614862,60.45883468467407,92.24137931034484,543,224.0,0.490429447437139,congested,46.01546587417469,105433.25515722662,9.3,False,severely_underserved,5.35732406622256,4.601546587417469,16457.0,0.0076032393470286,0,16457,0.2187157501793953,11.040159940658125,0.1220365879884022,0.044812347803015025,0.9260137126178672,0.07592329162932626,0.25430329359613324,0.9491029,1,0.89820576
CANDIDATE_Airbase Ward_36,-1.2712899753207512,36.86953838913296,Airbase Ward,False,6,residential,1052.8723466207314,870.715261777528,0,20,17075,1530.534366496874,0,0,1440.0,0,0,17.684657596250318,11.666697525521228,20.693637631614862,60.45883468467407,92.24137931034484,543,224.0,0.490429447437139,congested,46.01546587417469,105433.25515722662,9.3,False,severely_underserved,6.056047043212365,2.191212660674985,16457.0,0.0056932891533202,0,16457,0.2187157501793953,11.040159940658125,0.1220365879884022,0.020678610597247814,0.9179652711973405,0.07592329162932626,0.24666017101058607,0.94869447,1,0.89738894
CANDIDATE_Makina Ward_4,-1.3073555845844556,36.77724243793099,Makina Ward,False,2,residential,811.9870724048158,390.43424399382366,17,42,1896,15852.355248829706,0,0,1440.0,0,3,23.69082151948292,15.855059154149329,27.60870270214972,39.54778439153439,86.71875,289,121.0,0.4857290005023328,congested,89.77563305815848,61838.3383815226,26.3,True,adequately_served,5.0160195555496445,2.087805419957174,60275.0,0.0024600637179678,1,60275,0.2104011684477993,3.298924345951629,0.44696818016655177,0.019643234069137483,0.9632151074785131,0.8102233325529709,0.5160373595818744,0.9484125,1,0.89682496
CANDIDATE_Mathare North Ward_48,-1.2479826651994403,36.88787918352711,Mathare North Ward,False,2,residential,1059.8791523097702,410.3171304987616,5,30,2588,13950.656452234723,0,0,1440.0,0,2,17.845377654040565,11.606875140660836,20.96462891073044,57.8859819316018,91.796875,574,247.0,0.4245573366979223,moderate,88.3669133737164,74177.99282923673,11.1,True,adequately_served,8.94341510634242,2.850545592700529,125681.0,0.001885228864801,1,125681,0.0768685671769029,0.1617730480740412,0.9319851986978414,0.02728025509806493,0.9613418346948055,0.7127205418368308,0.667827358625088,0.94804645,1,0.8960929
CANDIDATE_Eastleigh South Ward_31,-1.2730689252656393,36.85612630809042,Eastleigh South Ward,False,2,residential,700.3540747688774,632.8871426025738,0,24,4421,4792.49862701149,0,0,1440.0,0,0,17.684657596250318,11.666697525521228,20.693637631614862,60.45883468467407,92.24137931034484,543,224.0,0.490429447437139,congested,78.3703324081986,68143.70069639628,9.3,True,adequately_served,4.574180334934859,3.1348132963279443,51532.0,0.0028516266917805,1,51532,0.2187157501793953,0.704393795896947,0.3821346206610161,0.030126517177901605,0.9403723267694857,0.24316881925229095,0.3779869757301864,0.94749296,1,0.8949859
CANDIDATE_Makina Ward_10,-1.3170921165566911,36.789135123970055,Makina Ward,False,2,residential,91.91950185561667,614.2757173100003,0,15,1896,15852.355248829706,0,0,1440.0,0,0,23.69082151948292,15.855059154149329,27.60870270214972,39.54778439153439,86.71875,289,121.0,0.4857290005023328,congested,89.77563305815848,61838.3383815226,26.3,True,adequately_served,4.623940140556114,5.610977066134905,60275.0,0.0215240069098487,1,60275,0.2104011684477993,3.298924345951629,0.44696818016655177,0.05491938302770782,0.942125808410993,0.8102233325529709,0.5206385370080129,0.9449121,1,0.88982415
CANDIDATE_Sarang'ombe Ward_6,-1.3175403796156726,36.788124238269575,Sarang'ombe Ward,False,4,residential,48.20782496698877,541.4331738162465,0,18,5959,15421.34774339274,0,0,1440.0,0,2,23.69082151948292,15.855059154149329,27.60870270214972,39.54778439153439,86.71875,289,121.0,0.4857290005023328,congested,74.32034487468462,77355.9452208662,26.3,True,adequately_served,4.736808186621363,3.911597098667612,58636.0,0.0812878846541868,1,58636,0.2104011684477993,1.8615246648315409,0.4348142050974024,0.037904151614096895,0.9489886929418178,0.7881249673045143,0.5090837417368814,0.9449121,1,0.88982415
CANDIDATE_Ngando Ward_48,-1.313960806663975,36.76904088741043,Ngando Ward,False,6,residential,960.66354303763,785.7278996816079,0,4,2979,1287.4420267405085,0,0,1440.0,0,0,16.699138772601074,11.303737458124182,19.57668614032208,68.12864671560324,95.45454545454544,134,49.0,0.5466091380314718,congested,64.55544213237266,28020.643468093764,18.5,False,underserved,6.168767465030134,12.911088426474532,6959.0,0.0062391883766828,0,6959,0.1996750767775023,17.558483286089597,0.051604339540091804,0.12801256202194558,0.9259723838634942,0.06345960307338838,0.24795105673189505,0.94469094,1,0.8893819
CANDIDATE_Ngando Ward_29,-1.3135971314807298,36.76916950118173,Ngando Ward,False,6,residential,966.736392332596,743.9020699855848,0,4,2979,1287.4420267405085,0,0,1440.0,0,0,16.699138772601074,11.303737458124182,19.57668614032208,68.12864671560324,95.45454545454544,134,49.0,0.5466091380314718,congested,64.55544213237266,28020.643468093764,18.5,False,underserved,6.136333434527731,12.911088426474532,6959.0,0.0062000355133259,0,6959,0.1996750767775023,17.558483286089597,0.051604339540091804,0.12801256202194558,0.9299130183586964,0.06345960307338838,0.2487391836309355,0.94469094,1,0.8893819
CANDIDATE_Upper Savanna Ward_41,-1.2922883840170147,36.922969141268055,Upper Savanna Ward,False,6,residential,2083.9801032860114,1299.994513085879,0,0,2569,969.351607954276,0,0,1440.0,0,0,18.054313199966053,11.514724616707694,21.324107491595232,57.35551818750744,93.22916666666669,394,160.0,0.5289229448015942,congested,62.13610462916318,22624.40132520788,7.2,False,underserved,11.77623052333437,62.13610462916318,13463.0,0.0028777253032505,1,13463,0.4401639794947514,17.503225579665653,0.09983463475043196,0.620883525586258,0.8775205833555336,0.0471506567842833,0.3750972515871791,0.9443945,1,0.88878906
CANDIDATE_Sarang'ombe Ward_26,-1.312730721021844,36.76891234042604,Sarang'ombe Ward,False,6,unclassified,1040.5748053935304,681.8895245319683,0,8,5959,15421.34774339274,0,0,1440.0,0,0,16.699138772601074,11.303737458124182,19.57668614032208,68.12864671560324,95.45454545454544,134,49.0,0.5466091380314718,congested,74.32034487468462,77355.9452208662,26.3,True,adequately_served,6.114513408367655,8.257816097187181,58636.0,0.0057605080008949,1,58636,0.2104011684477993,1.8615246648315409,0.4348142050974024,0.0814211539618759,0.9357555510119828,0.7881249673045143,0.5173163639378593,0.9441833,1,0.8883666
CANDIDATE_Sarang'ombe Ward_44,-1.314729812208874,36.77733736009275,Sarang'ombe Ward,False,2,residential,346.56834405310326,350.570341875747,8,22,5959,15421.34774339274,0,0,1440.0,0,2,23.69082151948292,15.855059154149329,27.60870270214972,39.54778439153439,86.71875,289,121.0,0.4857290005023328,congested,74.32034487468462,77355.9452208662,26.3,True,adequately_served,5.436954002834767,3.231319342377592,58636.0,0.0057542639720216,1,58636,0.2104011684477993,1.8615246648315409,0.4348142050974024,0.031092794724879313,0.9669708983125869,0.7881249673045143,0.5109773435887309,0.9436274,1,0.88725483
CANDIDATE_Pipeline Ward_21,-1.3288113041271628,36.90094302246522,Pipeline Ward,False,4,primary,271.6364648795833,504.3941489739337,0,32,4759,688.1241032945147,0,0,1440.0,0,9,17.906847137299025,11.406366449662858,21.157087481117102,57.709691248294185,93.33333333333331,371,147.0,0.3154506881194194,moderate,60.39700177501157,40062.52343641133,13.8,False,underserved,10.435725447620976,1.8302121750003504,4986.0,0.0146715517374636,0,4986,0.2682490623582934,34.44615769624161,0.036973593468443415,0.017064052981075332,0.9524783370211591,0.03273172431213803,0.21424878322588348,0.9435559,1,0.8871118
CANDIDATE_Korogocho Ward_11,-1.2663620111964833,36.87513993353623,Korogocho Ward,False,6,unclassified,454.0021585580363,476.67720755069473,5,89,6406,7114.906913988673,0,0,1440.0,0,12,17.684657596250318,11.666697525521228,20.693637631614862,60.45883468467407,92.24137931034484,543,224.0,0.490429447437139,congested,70.68412548851703,72846.89997678499,11.1,True,adequately_served,6.815524427823445,0.7853791720946336,64098.0,0.0131867506277658,1,64098,0.0768685671769029,1.153103289594606,0.47531756801850905,0.006602546035389303,0.9550896979019284,0.3622419813997413,0.4314781211756594,0.94323546,1,0.8864709
CANDIDATE_Kwa Njenga Ward_12,-1.3285182967656544,36.90042388953016,Kwa Njenga Ward,False,4,primary,272.0329438136315,441.996067334671,8,34,2929,14304.246388913643,0,0,1440.0,0,12,17.906847137299025,11.406366449662858,21.157087481117102,57.709691248294185,93.33333333333331,371,147.0,0.3154506881194194,moderate,80.52538641399036,50138.37407016672,13.8,True,adequately_served,10.369521829576064,2.3007253261140104,103653.0,0.0146502467582459,1,103653,0.2682490623582934,1.4360258252339573,0.7686369602456008,0.021775118371164612,0.9583571930947661,0.7308495986869837,0.6123080740351015,0.94295037,1,0.88590074
CANDIDATE_Korogocho Ward_16,-1.2702887448685418,36.8727821907976,Korogocho Ward,False,6,residential,858.3545127800584,545.3529462199871,0,64,6406,7114.906913988673,0,0,1440.0,0,2,17.684657596250318,11.666697525521228,20.693637631614862,60.45883468467407,92.24137931034484,543,224.0,0.490429447437139,congested,70.68412548851703,72846.89997678499,11.1,True,adequately_served,6.433387942624901,1.0874480844387235,64098.0,0.0069819846300564,1,64098,0.0768685671769029,1.153103289594606,0.47531756801850905,0.009627044702425265,0.9486193902774168,0.3622419813997413,0.43094018431751613,0.94264436,1,0.8852887
CANDIDATE_Eastleigh South Ward_29,-1.2748456580856524,36.85612788773373,Eastleigh South Ward,False,2,residential,537.5740785826267,689.5059690549817,0,15,4421,4792.49862701149,0,0,1440.0,0,0,17.684657596250318,11.666697525521228,20.693637631614862,60.45883468467407,92.24137931034484,543,224.0,0.490429447437139,congested,78.3703324081986,68143.70069639628,9.3,True,adequately_served,4.514194039162427,4.898145775512413,51532.0,0.0037135095793385,1,51532,0.2187157501793953,0.704393795896947,0.3821346206610161,0.04778208024610486,0.9350379651508939,0.24316881925229095,0.3813339941735188,0.94171923,1,0.88343847
CANDIDATE_Woodley/kenyatta Golf Course Ward_15,-1.3171275836563063,36.77073250230197,Woodley/kenyatta Golf Course Ward,False,6,residential,677.1313156314721,646.4932282920978,0,9,7917,4018.27020779832,0,0,1440.0,0,0,23.69082151948292,15.855059154149329,27.60870270214972,39.54778439153439,86.71875,289,121.0,0.4857290005023328,congested,85.74743830112823,185176.1679773348,26.3,True,adequately_served,6.193366047130144,8.574743830112823,15278.0,0.0088478438640056,0,15278,0.2104011684477993,10.498111183713132,0.11329373465922153,0.08459442822681726,0.9390904248681371,0.20347303164376196,0.2893141054898117,0.94150645,1,0.8830129
CANDIDATE_Kwa Njenga Ward_45,-1.3243541324909782,36.89266925810516,Kwa Njenga Ward,False,2,residential,451.9461988729269,381.2803090922816,13,59,2929,14304.246388913643,0,0,1440.0,0,11,17.906847137299025,11.406366449662858,21.157087481117102,57.709691248294185,93.33333333333331,371,147.0,0.3154506881194194,moderate,80.52538641399036,50138.37407016672,13.8,True,adequately_served,9.39131112426423,1.342089773566506,103653.0,0.0044155354542694,1,103653,0.2682490623582934,1.4360258252339573,0.7686369602456008,0.012176673008635943,0.9640775485084224,0.7308495986869837,0.6110525337772005,0.941394,1,0.88278794
CANDIDATE_Airbase Ward_18,-1.2674884456231574,36.875785167024446,Airbase Ward,False,2,residential,466.3381669976383,443.1793806679148,8,83,17075,1530.534366496874,0,0,1440.0,0,6,18.054313199966053,11.514724616707694,21.324107491595232,57.35551818750744,93.22916666666669,394,160.0,0.5289229448015942,congested,46.01546587417469,105433.25515722662,9.3,False,severely_underserved,6.843832417357607,0.5478031651687464,16457.0,0.0042795563068361,0,16457,0.2187157501793953,11.040159940658125,0.1220365879884022,0.004223789775133808,0.9582457068343978,0.07592329162932626,0.250602552932469,0.9412542,1,0.8825084
CANDIDATE_Mathare North Ward_23,-1.2405993269940057,36.87612853015446,Mathare North Ward,False,6,tertiary,643.9710110354896,440.5509255762858,2,44,2588,13950.656452234723,0,0,1440.0,0,1,17.684657596250318,11.666697525521228,20.693637631614862,60.45883468467407,92.24137931034484,543,224.0,0.490429447437139,congested,88.3669133737164,74177.99282923673,11.1,True,adequately_served,8.297693467133945,1.9637091860825864,125681.0,0.0093027436851264,1,125681,0.0768685671769029,0.1617730480740412,0.9319851986978414,0.01840070669011898,0.9584933476075382,0.7127205418368308,0.6650377741056481,0.94121796,1,0.8824359
CANDIDATE_Sarang'ombe Ward_9,-1.310050611942519,36.78739014115288,Sarang'ombe Ward,False,6,residential,391.9884719731133,458.46579808374247,2,15,5959,15421.34774339274,0,0,1440.0,0,2,23.69082151948292,15.855059154149329,27.60870270214972,39.54778439153439,86.71875,289,121.0,0.4857290005023328,congested,74.32034487468462,77355.9452208662,26.3,True,adequately_served,4.230558505610759,4.645021554667789,58636.0,0.0152676234238507,1,58636,0.2104011684477993,1.8615246648315409,0.4348142050974024,0.045247645760284595,0.9568054919190055,0.7881249673045143,0.512482975068866,0.94107574,1,0.8821515
CANDIDATE_Woodley/kenyatta Golf Course Ward_44,-1.3175298196449514,36.76961591093748,Woodley/kenyatta Golf Course Ward,False,6,residential,797.4734713308953,697.051756173697,0,6,7917,4018.27020779832,0,0,1440.0,0,0,23.69082151948292,15.855059154149329,27.60870270214972,39.54778439153439,86.71875,289,121.0,0.4857290005023328,congested,85.74743830112823,185176.1679773348,26.3,True,adequately_served,6.32164641674395,12.249634043018318,15278.0,0.007514338566564,0,15278,0.2104011684477993,10.498111183713132,0.11329373465922153,0.12138967625212646,0.9343270363007177,0.20347303164376196,0.29756023978265506,0.9403184,1,0.8806368
CANDIDATE_Kwa Njenga Ward_22,-1.3298376974274904,36.89978253390603,Kwa Njenga Ward,False,4,primary,433.04823975100913,524.7221942202191,0,37,2929,14304.246388913643,0,0,1440.0,0,9,17.906847137299025,11.406366449662858,21.157087481117102,57.709691248294185,93.33333333333331,371,147.0,0.3154506881194194,moderate,80.52538641399036,50138.37407016672,13.8,True,adequately_served,10.37345204412936,2.119089116157641,103653.0,0.009215565537818,1,103653,0.2682490623582934,1.4360258252339573,0.7686369602456008,0.019956465565632863,0.9505631234581594,0.7308495986869837,0.6102945969063972,0.94028366,1,0.8805673
CANDIDATE_Makina Ward_36,-1.3092554712432678,36.78722740925661,Makina Ward,False,6,residential,356.8799837815261,371.3331408342444,2,17,1896,15852.355248829706,0,0,1440.0,0,2,23.69082151948292,15.855059154149329,27.60870270214972,39.54778439153439,86.71875,289,121.0,0.4857290005023328,congested,89.77563305815848,61838.3383815226,26.3,True,adequately_served,4.190541132022612,4.9875351698976935,60275.0,0.0167653969819748,1,60275,0.2104011684477993,3.298924345951629,0.44696818016655177,0.04867710152475093,0.9650147242835854,0.8102233325529709,0.5236557498067922,0.9399007,1,0.8798014
CANDIDATE_Mowlem Ward_16,-1.2497592804206266,36.888503088450136,Mowlem Ward,False,6,unclassified,1079.077387790201,546.178116715963,0,30,3727,924.779822358499,0,0,1440.0,0,1,17.845377654040565,11.606875140660836,20.96462891073044,57.8859819316018,91.796875,574,247.0,0.4245573366979223,moderate,80.21913323300808,62819.89166655838,6.4,True,adequately_served,8.912384435225395,2.587713975258325,14449.0,0.0055551574987379,0,14449,0.0838307335300991,7.067824986975575,0.10714630004523444,0.024648624221388242,0.9485416465639149,0.0448653982088606,0.24234477002573424,0.93870926,1,0.8774185
CANDIDATE_Eastleigh South Ward_33,-1.283380501441561,36.85419783468795,Eastleigh South Ward,False,6,residential,339.8201462788961,348.6671166654508,5,17,4421,4792.49862701149,0,0,1440.0,0,1,17.243300893072206,11.884733802396095,20.1012033414328,63.47116048203005,93.75,190,84.0,0.5831369347890785,congested,78.3703324081986,68143.70069639628,9.3,True,adequately_served,4.126618652300062,4.3539073560110335,51532.0,0.0176045931131375,1,51532,0.2187157501793953,0.704393795896947,0.3821346206610161,0.0423328323855483,0.9671502113105678,0.24316881925229095,0.3863941314403145,0.9380964,1,0.8761928
CANDIDATE_Matopeni/spring Valley Ward_33,-1.2647525658579992,36.93353102303394,Matopeni/spring Valley Ward,False,10,residential,1146.2434306186422,1113.3220570593355,0,0,1882,814.344876647441,0,0,1440.0,0,0,17.845377654040565,11.606875140660836,20.96462891073044,57.8859819316018,91.796875,574,247.0,0.4245573366979223,moderate,58.72900295774414,15205.42326080414,7.0,False,underserved,13.154323070471971,58.72900295774414,11633.0,0.0087165458812935,1,11633,0.0226306829054491,3.94596052808772,0.08626430261099123,0.5867695401923404,0.895107991061931,0.03920324213099311,0.36374713760051686,0.9375515,1,0.875103
CANDIDATE_Airbase Ward_39,-1.277221303822839,36.8578018687398,Airbase Ward,False,2,residential,550.9308116090971,891.2045844290136,0,6,17075,1530.534366496874,0,0,1440.0,0,0,17.684657596250318,11.666697525521228,20.693637631614862,60.45883468467407,92.24137931034484,543,224.0,0.490429447437139,congested,46.01546587417469,105433.25515722662,9.3,False,severely_underserved,4.627546594974612,6.573637982024956,16457.0,0.003623642597827,0,16457,0.2187157501793953,11.040159940658125,0.1220365879884022,0.06455813278955183,0.916034862829818,0.07592329162932626,0.25724396988515763,0.9374926,1,0.8749852
CANDIDATE_Airbase Ward_22,-1.2720883882606184,36.866530248877055,Airbase Ward,False,2,residential,1049.3244923114914,992.7736492778888,0,2,17075,1530.534366496874,0,0,1440.0,0,0,17.684657596250318,11.666697525521228,20.693637631614862,60.45883468467407,92.24137931034484,543,224.0,0.490429447437139,congested,46.01546587417469,105433.25515722662,9.3,False,severely_underserved,5.710141303930763,15.338488624724896,16457.0,0.0019041734384376,0,16457,0.2187157501793953,11.040159940658125,0.1220365879884022,0.15231717717415988,0.9064654995082112,0.07592329162932626,0.27726985831698825,0.93739897,1,0.87479794
CANDIDATE_Makina Ward_42,-1.3112867818553804,36.770804288672544,Makina Ward,False,6,unclassified,982.658956147474,430.5410153547065,1,15,1896,15852.355248829706,0,0,1440.0,0,2,16.699138772601074,11.303737458124182,19.57668614032208,68.12864671560324,95.45454545454544,134,49.0,0.5466091380314718,congested,89.77563305815848,61838.3383815226,26.3,True,adequately_served,5.853130173339733,5.610977066134905,60275.0,0.0060996750576024,1,60275,0.2104011684477993,3.298924345951629,0.44696818016655177,0.05491938302770782,0.9594364346377229,0.8102233325529709,0.5241006622533588,0.9371113,1,0.87422264
CANDIDATE_Kwa Njenga Ward_44,-1.3213400655330936,36.89376182774589,Kwa Njenga Ward,False,6,residential,442.2179343800183,408.6353520868549,12,66,2929,14304.246388913643,0,0,1440.0,0,5,17.906847137299025,11.406366449662858,21.157087481117102,57.709691248294185,93.33333333333331,371,147.0,0.3154506881194194,moderate,80.52538641399036,50138.37407016672,13.8,True,adequately_served,9.355905951729738,1.2018714390147816,103653.0,0.0135373583390593,1,103653,0.2682490623582934,1.4360258252339573,0.7686369602456008,0.010772721298892944,0.9615002840088158,0.7308495986869837,0.6101860929498435,0.93650514,1,0.8730103
CANDIDATE_Kwa Njenga Ward_7,-1.3216050181897514,36.89345381528573,Kwa Njenga Ward,False,2,residential,486.2716591802362,453.56041011500207,7,65,2929,14304.246388913643,0,0,1440.0,0,5,17.906847137299025,11.406366449662858,21.157087481117102,57.709691248294185,93.33333333333331,371,147.0,0.3154506881194194,moderate,80.52538641399036,50138.37407016672,13.8,True,adequately_served,9.337081178444466,1.2200816123331872,103653.0,0.0041044866088963,1,103653,0.2682490623582934,1.4360258252339573,0.7686369602456008,0.010955052689768657,0.9572676546826006,0.7308495986869837,0.6093851499323193,0.93650514,1,0.8730103
CANDIDATE_Sarang'ombe Ward_39,-1.3144673671713891,36.77009690793608,Sarang'ombe Ward,False,6,residential,830.6694465256708,732.516662599109,0,9,5959,15421.34774339274,0,0,1440.0,0,0,16.699138772601074,11.303737458124182,19.57668614032208,68.12864671560324,95.45454545454544,134,49.0,0.5466091380314718,congested,74.32034487468462,77355.9452208662,26.3,True,adequately_served,6.095810517446506,7.432034487468462,58636.0,0.0072144047434533,1,58636,0.2104011684477993,1.8615246648315409,0.4348142050974024,0.07315292351579787,0.9309856983130487,0.7881249673045143,0.514295335786553,0.93600386,1,0.8720077
CANDIDATE_Sarang'ombe Ward_36,-1.3195562076958465,36.771005911748624,Sarang'ombe Ward,False,6,residential,671.3695331426086,435.6782803278231,2,7,5959,15421.34774339274,0,0,1440.0,0,1,23.69082151948292,15.855059154149329,27.60870270214972,39.54778439153439,86.71875,289,121.0,0.4857290005023328,congested,74.32034487468462,77355.9452208662,26.3,True,adequately_served,6.3216290810656846,9.290043109335578,58636.0,0.0089236643010227,1,58636,0.2104011684477993,1.8615246648315409,0.4348142050974024,0.09175644201947339,0.9589524255048214,0.7881249673045143,0.5245395608508263,0.935941,1,0.87188196
CANDIDATE_Airbase Ward_14,-1.2753257240925906,36.85758511386005,Airbase Ward,False,6,residential,620.8902225738116,858.9463285999933,0,7,17075,1530.534366496874,0,0,1440.0,0,0,17.684657596250318,11.666697525521228,20.693637631614862,60.45883468467407,92.24137931034484,543,224.0,0.490429447437139,congested,46.01546587417469,105433.25515722662,9.3,False,severely_underserved,4.655313489399169,5.751933234271837,16457.0,0.009648005037236,0,16457,0.2187157501793953,11.040159940658125,0.1220365879884022,0.05633072237849483,0.9190740851620168,0.07592329162932626,0.2557949617488331,0.9355555,1,0.87111104
CANDIDATE_Mathare North Ward_28,-1.2397186659696635,36.875250017176185,Mathare North Ward,False,6,residential,513.0595344382023,541.8337823978264,0,39,2588,13950.656452234723,0,0,1440.0,0,1,17.684657596250318,11.666697525521228,20.693637631614862,60.45883468467407,92.24137931034484,543,224.0,0.490429447437139,congested,88.3669133737164,74177.99282923673,11.1,True,adequately_served,8.281830625158177,2.20917283434291,125681.0,0.0116717998559392,1,125681,0.0768685671769029,0.1617730480740412,0.9319851986978414,0.020858438838746877,0.9489509494706871,0.7127205418368308,0.6637437275154348,0.93550426,1,0.8710085
CANDIDATE_Kwa Njenga Ward_21,-1.329721956738006,36.899177620934914,Kwa Njenga Ward,False,4,primary,462.8949435639681,486.4740961475456,3,41,2929,14304.246388913643,0,0,1440.0,0,10,17.906847137299025,11.406366449662858,21.157087481117102,57.709691248294185,93.33333333333331,371,147.0,0.3154506881194194,moderate,80.52538641399036,50138.37407016672,13.8,True,adequately_served,10.307967539921416,1.9172711050950089,103653.0,0.0086226419483454,1,103653,0.2682490623582934,1.4360258252339573,0.7686369602456008,0.017935740226153147,0.9541666807751678,0.7308495986869837,0.6105101270349289,0.9353528,1,0.8707056
CANDIDATE_Roysambu Ward_24,-1.2606441325508777,36.85590063059065,Roysambu Ward,False,2,residential,395.2032023903504,438.4445963219243,6,35,15669,483.239781975182,0,0,1440.0,0,13,17.684657596250318,11.666697525521228,20.693637631614862,60.45883468467407,92.24137931034484,543,224.0,0.490429447437139,congested,52.55807786151991,110098.7167953836,12.5,False,underserved,5.168308205498607,1.459946607264442,3865.0,0.0050479147768965,0,3865,0.140004148607421,20.27271584053182,0.02866083809778055,0.013356727697661478,0.958691796120773,0.022227014976261075,0.20955423747804536,0.9353178,1,0.8706356
CANDIDATE_Eastleigh South Ward_3,-1.2737799692732417,36.85545416685347,Eastleigh South Ward,False,2,residential,595.5142914946393,577.2255841051267,0,24,4421,4792.49862701149,0,0,1440.0,0,0,17.684657596250318,11.666697525521228,20.693637631614862,60.45883468467407,92.24137931034484,543,224.0,0.490429447437139,congested,78.3703324081986,68143.70069639628,9.3,True,adequately_served,4.478155474633311,3.1348132963279443,51532.0,0.0033528115395001,1,51532,0.2187157501793953,0.704393795896947,0.3821346206610161,0.030126517177901605,0.945616499068418,0.24316881925229095,0.37903581018997284,0.93452734,1,0.8690547
CANDIDATE_Mathare North Ward_4,-1.2410469625293632,36.88461284565228,Mathare North Ward,False,6,unclassified,1156.1261765157578,343.7347214115909,14,26,2588,13950.656452234723,0,0,1440.0,0,2,17.845377654040565,11.606875140660836,20.96462891073044,57.8859819316018,91.796875,574,247.0,0.4245573366979223,moderate,88.3669133737164,74177.99282923673,11.1,True,adequately_served,9.032956747938965,3.2728486434709776,125681.0,0.0051852599325569,1,125681,0.0768685671769029,0.1617730480740412,0.9319851986978414,0.0315086114828011,0.9676149185745382,0.7127205418368308,0.6701390644972186,0.9340317,1,0.86806345
CANDIDATE_Korogocho Ward_14,-1.2570372691452354,36.88808120563226,Korogocho Ward,False,2,residential,427.9203883555712,425.8434298228879,5,42,6406,7114.906913988673,0,0,1440.0,0,7,17.845377654040565,11.606875140660836,20.96462891073044,57.8859819316018,91.796875,574,247.0,0.4245573366979223,moderate,70.68412548851703,72846.89997678499,11.1,True,adequately_served,8.529339787236719,1.6438168718259774,64098.0,0.0046628699737677,1,64098,0.0768685671769029,1.153103289594606,0.47531756801850905,0.015197749224035686,0.9598790192254139,0.3622419813997413,0.4345847862375181,0.934026,1,0.868052
CANDIDATE_Korogocho Ward_31,-1.2546216815279876,36.88734919746668,Korogocho Ward,False,6,unclassified,706.48195391392,325.99917352799497,2,53,6406,7114.906913988673,0,0,1440.0,0,1,17.845377654040565,11.606875140660836,20.96462891073044,57.8859819316018,91.796875,574,247.0,0.4245573366979223,moderate,70.68412548851703,72846.89997678499,11.1,True,adequately_served,8.561541472396883,1.3089652868243893,64098.0,0.0084807816889277,1,64098,0.0768685671769029,1.153103289594606,0.47531756801850905,0.011845010391584967,0.9692858791338227,0.3622419813997413,0.4356279735110872,0.93365777,1,0.86731553
CANDIDATE_Roysambu Ward_49,-1.2594803671239616,36.86081781635279,Roysambu Ward,False,6,residential,502.9365187791466,484.1677608347474,3,34,15669,483.239781975182,0,0,1440.0,0,9,17.684657596250318,11.666697525521228,20.693637631614862,60.45883468467407,92.24137931034484,543,224.0,0.490429447437139,congested,52.55807786151991,110098.7167953836,12.5,False,underserved,5.698391842889319,1.5016593674719976,3865.0,0.0119062615555939,0,3865,0.140004148607421,20.27271584053182,0.02866083809778055,0.013774381360420498,0.9543839729259074,0.022227014976261075,0.208797086254762,0.93315613,1,0.86631227
CANDIDATE_Airbase Ward_24,-1.276161630321198,36.85770722733006,Airbase Ward,False,6,residential,584.252034203712,911.7352575125436,0,6,17075,1530.534366496874,0,0,1440.0,0,0,17.684657596250318,11.666697525521228,20.693637631614862,60.45883468467407,92.24137931034484,543,224.0,0.490429447437139,congested,46.01546587417469,105433.25515722662,9.3,False,severely_underserved,4.64475364722172,6.573637982024956,16457.0,0.0102519934136812,0,16457,0.2187157501793953,11.040159940658125,0.1220365879884022,0.06455813278955183,0.9141005586175488,0.07592329162932626,0.25685710904270376,0.9330965,1,0.86619306
CANDIDATE_Mathare North Ward_22,-1.25063304209709,36.887880249222185,Mathare North Ward,False,8,unclassified,1004.2934088103102,430.5578403579969,2,28,2588,13950.656452234723,0,0,1440.0,0,1,17.845377654040565,11.606875140660836,20.96462891073044,57.8859819316018,91.796875,574,247.0,0.4245573366979223,moderate,88.3669133737164,74177.99282923673,11.1,True,adequately_served,8.806557041811825,3.047134943921255,125681.0,0.0079578757106021,1,125681,0.0768685671769029,0.1617730480740412,0.9319851986978414,0.029248627897855907,0.9594348494644261,0.7127205418368308,0.6679380547789598,0.9324481,1,0.8648962
CANDIDATE_Makina Ward_35,-1.312675998439942,36.77235017994491,Makina Ward,False,6,residential,753.328372495537,418.15578853693415,2,14,1896,15852.355248829706,0,0,1440.0,0,2,23.69082151948292,15.855059154149329,27.60870270214972,39.54778439153439,86.71875,289,121.0,0.4857290005023328,congested,89.77563305815848,61838.3383815226,26.3,True,adequately_served,5.778820557508977,5.985042203877232,60275.0,0.0079540956150837,1,60275,0.2104011684477993,3.298924345951629,0.44696818016655177,0.05866475192948196,0.9606033129132698,0.8102233325529709,0.5252703801339118,0.9323962,1,0.86479235
CANDIDATE_Kwa Njenga Ward_37,-1.3302680641798663,36.900090029399806,Kwa Njenga Ward,False,4,primary,458.0529760551123,582.7534571361025,0,34,2929,14304.246388913643,0,0,1440.0,0,0,17.906847137299025,11.406366449662858,21.157087481117102,57.709691248294185,93.33333333333331,371,147.0,0.3154506881194194,moderate,80.52538641399036,50138.37407016672,13.8,True,adequately_served,10.426018268479575,2.3007253261140104,103653.0,0.0087135912599328,1,103653,0.2682490623582934,1.4360258252339573,0.7686369602456008,0.021775118371164612,0.9450956886670638,0.7308495986869837,0.609655773149561,0.9321131,1,0.8642262
CANDIDATE_Hospital Ward_14,-1.2615338850669862,36.85353041872555,Hospital Ward,False,2,residential,458.8133876071345,482.9394550381503,1,35,2568,5468.702396804928,0,0,1440.0,0,9,17.684657596250318,11.666697525521228,20.693637631614862,60.45883468467407,92.24137931034484,543,224.0,0.490429447437139,congested,78.17900267492627,39231.09369567416,14.5,True,adequately_served,4.894560866306069,2.171638963192396,37715.0,0.0043495906250315,1,37715,0.0461995963019781,3.670557877306343,0.2796749052672169,0.020482626768638466,0.954499698166217,0.27783874425076405,0.3494745620190818,0.93158364,1,0.8631673
CANDIDATE_Sarang'ombe Ward_22,-1.3167403349379714,36.77639291185238,Sarang'ombe Ward,False,4,trunk,126.28734098304156,577.4404142891406,0,21,5959,15421.34774339274,0,0,1440.0,0,0,23.69082151948292,15.855059154149329,27.60870270214972,39.54778439153439,86.71875,289,121.0,0.4857290005023328,congested,74.32034487468462,77355.9452208662,26.3,True,adequately_served,5.653357347569984,3.3781974943038464,58636.0,0.0314249631511504,1,58636,0.2104011684477993,1.8615246648315409,0.4348142050974024,0.03256342859868765,0.9455962587709777,0.7881249673045143,0.5070700741488612,0.93140304,1,0.8628061
CANDIDATE_Pipeline Ward_20,-1.3206326833974682,36.891085749592094,Pipeline Ward,False,2,residential,633.7481167549793,508.49708727207553,0,59,4759,688.1241032945147,0,0,1440.0,0,1,23.153712807789017,15.270454673240636,27.358117146214813,40.53008159785654,88.23529411764706,250,102.0,0.5267625854793785,congested,60.39700177501157,40062.52343641133,13.8,False,underserved,9.052766356266254,1.0066166962501928,4986.0,0.0031508561383759,0,4986,0.2682490623582934,34.44615769624161,0.036973593468443415,0.008817711415084547,0.9520917773209249,0.03273172431213803,0.21210988589433893,0.93120766,1,0.8624153
CANDIDATE_Makina Ward_0,-1.3188514840837011,36.76935148580053,Makina Ward,False,6,residential,834.3727474850268,632.6110851206801,0,5,1896,15852.355248829706,0,0,1440.0,0,0,23.69082151948292,15.855059154149329,27.60870270214972,39.54778439153439,86.71875,289,121.0,0.4857290005023328,congested,89.77563305815848,61838.3383815226,26.3,True,adequately_served,6.4276014300878535,14.96260550969308,60275.0,0.0071824224791431,1,60275,0.2104011684477993,3.298924345951629,0.44696818016655177,0.1485536055720612,0.9403983356172172,0.8102233325529709,0.5437015980853461,0.9300272,1,0.8600544
CANDIDATE_Sarang'ombe Ward_48,-1.319185767482405,36.77041190262886,Sarang'ombe Ward,False,6,residential,724.9314082637234,513.3234581185467,0,6,5959,15421.34774339274,0,0,1440.0,0,1,23.69082151948292,15.855059154149329,27.60870270214972,39.54778439153439,86.71875,289,121.0,0.4857290005023328,congested,74.32034487468462,77355.9452208662,26.3,True,adequately_served,6.351655224954983,10.617192124954943,58636.0,0.0082652437016752,1,58636,0.2104011684477993,1.8615246648315409,0.4348142050974024,0.10504466952209873,0.9516370591818595,0.7881249673045143,0.5263985444618903,0.9300272,1,0.8600544
CANDIDATE_Eastleigh South Ward_9,-1.2773275240212436,36.85803692933317,Eastleigh South Ward,False,6,unclassified,573.1609923308195,913.8187583175762,0,5,4421,4792.49862701149,0,0,1440.0,0,0,17.684657596250318,11.666697525521228,20.693637631614862,60.45883468467407,92.24137931034484,543,224.0,0.490429447437139,congested,78.3703324081986,68143.70069639628,9.3,True,adequately_served,4.650461145663783,13.0617220680331,51532.0,0.0104500307059225,1,51532,0.2187157501793953,0.704393795896947,0.3821346206610161,0.1295207981544533,0.9139042608942816,0.24316881925229095,0.39754193279928346,0.92978966,1,0.8595793
CANDIDATE_Korogocho Ward_43,-1.2558935445690138,36.88826158390645,Korogocho Ward,False,2,residential,536.6963890687307,491.16179374171696,2,38,6406,7114.906913988673,0,0,1440.0,0,8,17.845377654040565,11.606875140660836,20.96462891073044,57.8859819316018,91.796875,574,247.0,0.4245573366979223,moderate,70.68412548851703,72846.89997678499,11.1,True,adequately_served,8.59725010191312,1.8124134740645392,64098.0,0.0037195711941899,1,64098,0.0768685671769029,1.153103289594606,0.47531756801850905,0.01688584150331157,0.9537250277828202,0.3622419813997413,0.43377601101881835,0.9295662,1,0.8591324
CANDIDATE_Kwa Njenga Ward_42,-1.327576739612345,36.89998235402435,Kwa Njenga Ward,False,4,primary,240.29571239770684,331.58194230124724,16,40,2929,14304.246388913643,0,0,1440.0,0,12,17.906847137299025,11.406366449662858,21.157087481117102,57.709691248294185,93.33333333333331,371,147.0,0.3154506881194194,moderate,80.52538641399036,50138.37407016672,13.8,True,adequately_served,10.278692302280286,1.9640338149753749,103653.0,0.0165771698148003,1,103653,0.2682490623582934,1.4360258252339573,0.7686369602456008,0.018403957073105767,0.9687598967118002,0.7308495986869837,0.6135458244339935,0.92953014,1,0.8590603
CANDIDATE_Upper Savanna Ward_0,-1.2879816227775962,36.92229582750439,Upper Savanna Ward,False,2,residential,1931.5738036484715,1112.9540806500988,0,0,2569,969.351607954276,0,0,1440.0,0,0,18.054313199966053,11.514724616707694,21.324107491595232,57.35551818750744,93.22916666666669,394,160.0,0.5289229448015942,congested,62.13610462916318,22624.40132520788,7.2,False,underserved,11.684497521104245,62.13610462916318,13463.0,0.0010348893254292,1,13463,0.4401639794947514,17.503225579665653,0.09983463475043196,0.620883525586258,0.8951426600820603,0.0471506567842833,0.37862166693248445,0.92919964,1,0.8583993
CANDIDATE_Upper Savanna Ward_3,-1.2861380606751651,36.923293853700464,Upper Savanna Ward,False,6,residential,1911.5601486946707,1084.837487587283,0,0,2569,969.351607954276,0,0,1440.0,0,0,18.054313199966053,11.514724616707694,21.324107491595232,57.35551818750744,93.22916666666669,394,160.0,0.5289229448015942,congested,62.13610462916318,22624.40132520788,7.2,False,underserved,11.794161582802603,62.13610462916318,13463.0,0.0031371562374626,1,13463,0.4401639794947514,17.503225579665653,0.09983463475043196,0.620883525586258,0.8977916742753502,0.0471506567842833,0.37915146977114245,0.9291944,1,0.8583888
CANDIDATE_Sarang'ombe Ward_3,-1.3186953438013012,36.77188161084847,Sarang'ombe Ward,False,6,residential,554.286923707821,430.76745185009344,2,10,5959,15421.34774339274,0,0,1440.0,0,1,23.69082151948292,15.855059154149329,27.60870270214972,39.54778439153439,86.71875,289,121.0,0.4857290005023328,congested,74.32034487468462,77355.9452208662,26.3,True,adequately_served,6.186760538976212,6.756394988607693,58636.0,0.0108052247294716,1,58636,0.2104011684477993,1.8615246648315409,0.4348142050974024,0.0663880076962795,0.9594151008477855,0.7881249673045143,0.5182899873386206,0.92873317,1,0.85746634
CANDIDATE_Eastleigh South Ward_23,-1.2858006242863391,36.85649252822343,Eastleigh South Ward,False,6,residential,530.615298151585,533.2646086329665,0,19,4421,4792.49862701149,0,0,1440.0,0,1,17.243300893072206,11.884733802396095,20.1012033414328,63.47116048203005,93.75,190,84.0,0.5831369347890785,congested,78.3703324081986,68143.70069639628,9.3,True,adequately_served,4.368537564229889,3.9185166204099295,51532.0,0.0112863569217474,1,51532,0.2187157501793953,0.704393795896947,0.3821346206610161,0.03797343409710305,0.9497582970350655,0.24316881925229095,0.3818258990131027,0.9285232,1,0.85704637
CANDIDATE_Roysambu Ward_29,-1.26585779113154,36.87526086557862,Roysambu Ward,False,6,unclassified,396.4989232900771,424.2296453921255,10,91,15669,483.239781975182,0,0,1440.0,0,14,17.684657596250318,11.666697525521228,20.693637631614862,60.45883468467407,92.24137931034484,543,224.0,0.490429447437139,congested,52.55807786151991,110098.7167953836,12.5,False,underserved,6.846731703606291,0.5712834550165208,3865.0,0.0150943805088535,0,3865,0.140004148607421,20.27271584053182,0.02866083809778055,0.004458888795404112,0.9600310624638122,0.022227014976261075,0.20759763102108886,0.928508,1,0.85701597
CANDIDATE_Korogocho Ward_5,-1.267049898435648,36.875021006582855,Korogocho Ward,False,2,residential,531.132017024617,509.99139226591103,0,82,6406,7114.906913988673,0,0,1440.0,0,4,17.684657596250318,11.666697525521228,20.693637631614862,60.45883468467407,92.24137931034484,543,224.0,0.490429447437139,congested,70.68412548851703,72846.89997678499,11.1,True,adequately_served,6.778364135552546,0.8516159697411689,64098.0,0.0037584658242946,1,64098,0.0768685671769029,1.153103289594606,0.47531756801850905,0.007265749357558634,0.9519509908775272,0.3622419813997413,0.4310161806013215,0.9278124,1,0.8556248
CANDIDATE_Korogocho Ward_7,-1.2673275407179532,36.87627379118157,Korogocho Ward,False,2,residential,412.4401077942363,386.1849967278844,11,83,6406,7114.906913988673,0,0,1440.0,0,6,18.054313199966053,11.514724616707694,21.324107491595232,57.35551818750744,93.22916666666669,394,160.0,0.5289229448015942,congested,70.68412548851703,72846.89997678499,11.1,True,adequately_served,6.901021443214396,0.8414776843871075,64098.0,0.0048374600390617,1,64098,0.0768685671769029,1.153103289594606,0.47531756801850905,0.007164238644981696,0.9636154517269476,0.3622419813997413,0.43332369509306135,0.9275444,1,0.85508883
CANDIDATE_Makina Ward_12,-1.3184616410372532,36.771089841083246,Makina Ward,False,6,residential,637.4694555652443,507.7257261862648,0,10,1896,15852.355248829706,0,0,1440.0,0,1,23.69082151948292,15.855059154149329,27.60870270214972,39.54778439153439,86.71875,289,121.0,0.4857290005023328,congested,89.77563305815848,61838.3383815226,26.3,True,adequately_served,6.243767981023877,8.161421187105317,60275.0,0.0093974738301116,1,60275,0.2104011684477993,3.298924345951629,0.44696818016655177,0.08045598917616784,0.9521644513629007,0.8102233325529709,0.5290304171355094,0.92736244,1,0.8547249
CANDIDATE_Matopeni/spring Valley Ward_21,-1.2637050563068872,36.93154860034117,Matopeni/spring Valley Ward,False,8,residential,964.1785735587284,894.9770379438883,0,6,1882,814.344876647441,0,0,1440.0,0,0,17.845377654040565,11.606875140660836,20.96462891073044,57.8859819316018,91.796875,574,247.0,0.4245573366979223,moderate,58.72900295774414,15205.42326080414,7.0,False,underserved,12.959905022236295,8.38985756539202,11633.0,0.0082886216283304,0,11633,0.0226306829054491,3.94596052808772,0.08626430261099123,0.0827432338855593,0.9156794398636677,0.03920324213099311,0.24185485078416893,0.9265861,1,0.8531722
CANDIDATE_Gatina Ward_14,-1.282397340605362,36.74586674927504,Gatina Ward,False,6,residential,360.9845563242648,352.4147688108767,7,52,6063,3037.154756927026,0,0,1440.0,0,2,17.24048621436891,11.524509169053754,20.09847473702649,65.557208994709,92.96875,298,122.0,0.4417253633750815,congested,55.98639000937479,45919.74288559071,12.7,False,underserved,7.942383068327155,1.0563469813089583,23914.0,0.0165752927719524,0,23914,0.0885442239001563,2.613255050207503,0.1773338375861123,0.009315641439410327,0.9667971250137121,0.15316985290380677,0.28838914909849567,0.92651486,1,0.8530297
CANDIDATE_Eastleigh South Ward_0,-1.2751694708007788,36.85395826549132,Eastleigh South Ward,False,2,residential,390.6770046169266,486.40364655057465,1,17,4421,4792.49862701149,0,0,1440.0,0,3,17.684657596250318,11.666697525521228,20.693637631614862,60.45883468467407,92.24137931034484,543,224.0,0.490429447437139,congested,78.3703324081986,68143.70069639628,9.3,True,adequately_served,4.272866425156848,4.3539073560110335,51532.0,0.0051062482004938,1,51532,0.2187157501793953,0.704393795896947,0.3821346206610161,0.0423328323855483,0.9541733182074438,0.24316881925229095,0.38379875281968967,0.92646235,1,0.8529247
CANDIDATE_Kwa Njenga Ward_2,-1.331130977594045,36.89823737914792,Kwa Njenga Ward,False,2,residential,649.9586580945064,561.5022979550239,0,44,2929,14304.246388913643,0,0,1440.0,0,0,17.906847137299025,11.406366449662858,21.157087481117102,57.709691248294185,93.33333333333331,371,147.0,0.3154506881194194,moderate,80.52538641399036,50138.37407016672,13.8,True,adequately_served,10.29048277529956,1.789453031422008,103653.0,0.003072391733531,1,103653,0.2682490623582934,1.4360258252339573,0.7686369602456008,0.01665594751114932,0.9470978737173212,0.7308495986869837,0.6087764174446086,0.9254266,1,0.8508532
CANDIDATE_Kwa Njenga Ward_29,-1.3330099153015065,36.89850509201227,Kwa Njenga Ward,False,3,trunk,641.5684765729447,613.104398256085,0,36,2929,14304.246388913643,0,0,1440.0,0,0,17.906847137299025,11.406366449662858,21.157087481117102,57.709691248294185,93.33333333333331,371,147.0,0.3154506881194194,moderate,80.52538641399036,50138.37407016672,13.8,True,adequately_served,10.418880553395407,2.1763617949727125,103653.0,0.0046687631114431,1,103653,0.2682490623582934,1.4360258252339573,0.7686369602456008,0.020529914648458193,0.942236164626334,0.7308495986869837,0.6087725674107384,0.92526656,1,0.8505331
CANDIDATE_Korogocho Ward_30,-1.2668788883723356,36.87635783734615,Korogocho Ward,False,2,residential,407.21342417770535,361.4068522111496,11,87,6406,7114.906913988673,0,0,1440.0,0,11,18.054313199966053,11.514724616707694,21.324107491595232,57.35551818750744,93.22916666666669,394,160.0,0.5289229448015942,congested,70.68412548851703,72846.89997678499,11.1,True,adequately_served,6.925387775242281,0.8032286987331481,64098.0,0.0048993979167361,1,64098,0.0768685671769029,1.153103289594606,0.47531756801850905,0.006781266411168701,0.9659499328769781,0.3622419813997413,0.43369484826461424,0.9246918,1,0.8493836
CANDIDATE_Kwa Njenga Ward_35,-1.327167661133014,36.90029273029445,Kwa Njenga Ward,False,4,primary,189.9876042516623,310.4916935713146,18,39,2929,14304.246388913643,0,0,1440.0,0,12,17.906847137299025,11.406366449662858,21.157087481117102,57.709691248294185,93.33333333333331,371,147.0,0.3154506881194194,moderate,80.52538641399036,50138.37407016672,13.8,True,adequately_served,10.28947452328353,2.013134660349759,103653.0,0.020943767610851,1,103653,0.2682490623582934,1.4360258252339573,0.7686369602456008,0.01889558476240601,0.9707469215302336,0.7308495986869837,0.6140661363200053,0.9245101,1,0.84902024
CANDIDATE_Mathare North Ward_3,-1.241013364536592,36.87837176858413,Mathare North Ward,False,6,tertiary,768.3255250939064,306.6629378303717,4,47,2588,13950.656452234723,0,0,1440.0,0,2,17.684657596250318,11.666697525521228,20.693637631614862,60.45883468467407,92.24137931034484,543,224.0,0.490429447437139,congested,88.3669133737164,74177.99282923673,11.1,True,adequately_served,8.468434879043052,1.840977361952425,125681.0,0.00779903929389,1,125681,0.0768685671769029,0.1617730480740412,0.9319851986978414,0.017171840615805033,0.9711076490293917,0.7127205418368308,0.6672534178714402,0.9238798,1,0.8477596
CANDIDATE_Korogocho Ward_44,-1.2668347556890245,36.874585812421394,Korogocho Ward,False,2,residential,514.7964458133697,523.0417878142664,0,85,6406,7114.906913988673,0,0,1440.0,0,10,17.684657596250318,11.666697525521228,20.693637631614862,60.45883468467407,92.24137931034484,543,224.0,0.490429447437139,congested,70.68412548851703,72846.89997678499,11.1,True,adequately_served,6.740188148407057,0.8219084359129887,64098.0,0.0038774986067346,1,64098,0.0768685671769029,1.153103289594606,0.47531756801850905,0.0069682993625657455,0.9507214435081711,0.3622419813997413,0.4306959086287021,0.9236317,1,0.84726346
CANDIDATE_Korogocho Ward_40,-1.2648786679728736,36.87482426949831,Korogocho Ward,False,6,unclassified,296.0760146520446,308.6164238883569,14,90,6406,7114.906913988673,0,0,1440.0,0,16,17.684657596250318,11.666697525521228,20.693637631614862,60.45883468467407,92.24137931034484,543,224.0,0.490429447437139,congested,70.68412548851703,72846.89997678499,11.1,True,adequately_served,6.838332885413561,0.7767486317419453,64098.0,0.0201968509878779,1,64098,0.0768685671769029,1.153103289594606,0.47531756801850905,0.006516131787759704,0.9709236006888821,0.3622419813997413,0.43462329817114276,0.9214595,1,0.842919
CANDIDATE_Makina Ward_43,-1.3145746507025258,36.77209650121782,Makina Ward,False,6,residential,632.8888955567248,561.5722901308989,0,12,1896,15852.355248829706,0,0,1440.0,0,0,23.69082151948292,15.855059154149329,27.60870270214972,39.54778439153439,86.71875,289,121.0,0.4857290005023328,congested,89.77563305815848,61838.3383815226,26.3,True,adequately_served,5.912275783312297,6.905817927550652,60275.0,0.0094653811449566,1,60275,0.2104011684477993,3.298924345951629,0.44696818016655177,0.06788412153384905,0.9470912793811264,0.8102233325529709,0.5248728158285749,0.921447,1,0.84289396
CANDIDATE_Eastleigh South Ward_34,-1.2839568303055944,36.855996249673886,Eastleigh South Ward,False,8,residential,503.821591413585,514.3831335461057,0,19,4421,4792.49862701149,0,0,1440.0,0,1,17.243300893072206,11.884733802396095,20.1012033414328,63.47116048203005,93.75,190,84.0,0.5831369347890785,congested,78.3703324081986,68143.70069639628,9.3,True,adequately_served,4.3214086863443,3.9185166204099295,51532.0,0.0158471827197379,1,51532,0.2187157501793953,0.704393795896947,0.3821346206610161,0.03797343409710305,0.9515372215080129,0.24316881925229095,0.3821816839076922,0.92102104,1,0.8420421
CANDIDATE_Pangani Ward_10,-1.2630608677732973,36.85318695308317,Pangani Ward,False,6,residential,316.9619820533285,315.4697391996489,7,42,989,2790.562086051957,0,0,1440.0,0,9,17.684657596250318,11.666697525521228,20.693637631614862,60.45883468467407,92.24137931034484,543,224.0,0.490429447437139,congested,88.98050726062212,29921.21680161153,20.0,True,adequately_served,4.768609614657514,2.069314122340049,13952.0,0.0188701805204928,0,13952,0.0823102809141833,24.46424571745943,0.10346080546965956,0.019458087889874083,0.970277913301006,0.1405266974138228,0.2632367260298151,0.920335,1,0.84067
CANDIDATE_Mathare North Ward_34,-1.2398450198116948,36.88318675261196,Mathare North Ward,False,8,residential,1117.3464080400356,475.69935283841545,3,25,2588,13950.656452234723,0,0,1440.0,0,2,17.684657596250318,11.666697525521228,20.693637631614862,60.45883468467407,92.24137931034484,543,224.0,0.490429447437139,congested,88.3669133737164,74177.99282923673,11.1,True,adequately_served,8.978259846875877,3.398727437450631,125681.0,0.0071534186031146,1,125681,0.0768685671769029,0.1617730480740412,0.9319851986978414,0.03276898694363592,0.9551818268097949,0.7127205418368308,0.6679675400094787,0.91985744,1,0.8397149
CANDIDATE_Kwa Njenga Ward_3,-1.3291353834642126,36.90205936293989,Kwa Njenga Ward,False,4,primary,287.00944382963854,591.839811501397,0,26,2929,14304.246388913643,0,0,1440.0,0,0,17.906847137299025,11.406366449662858,21.157087481117102,57.709691248294185,93.33333333333331,371,147.0,0.3154506881194194,moderate,80.52538641399036,50138.37407016672,13.8,True,adequately_served,10.562741513323443,2.98242171903668,103653.0,0.0138884334722234,1,103653,0.2682490623582934,1.4360258252339573,0.7686369602456008,0.028600679517851665,0.9442396147599176,0.7308495986869837,0.6111909486548035,0.91966546,1,0.8393309
CANDIDATE_Kwa Njenga Ward_14,-1.3218274605522466,36.89094802644141,Kwa Njenga Ward,False,2,residential,725.6822051752238,387.0109034132804,2,62,2929,14304.246388913643,0,0,1440.0,0,1,23.153712807789017,15.270454673240636,27.358117146214813,40.53008159785654,88.23529411764706,250,102.0,0.5267625854793785,congested,80.52538641399036,50138.37407016672,13.8,True,adequately_served,9.095621998871096,1.2781807367300058,103653.0,0.002752234726207,1,103653,0.2682490623582934,1.4360258252339573,0.7686369602456008,0.011536776651134032,0.9635376386531139,0.7308495986869837,0.6107845777167634,0.9194171,1,0.83883417
CANDIDATE_Airbase Ward_9,-1.2606569585087073,36.85442068987691,Airbase Ward,False,6,unclassified,354.0293101308319,454.9686554957799,5,33,17075,1530.534366496874,0,0,1440.0,0,13,17.684657596250318,11.666697525521228,20.693637631614862,60.45883468467407,92.24137931034484,543,224.0,0.490429447437139,congested,46.01546587417469,105433.25515722662,9.3,False,severely_underserved,5.03137025223328,1.353396055122785,16457.0,0.0169000131222657,0,16457,0.2187157501793953,11.040159940658125,0.1220365879884022,0.012289878413424988,0.957134976374351,0.07592329162932626,0.25239692900003247,0.91894686,1,0.8378937
CANDIDATE_Airbase Ward_13,-1.2575550059354996,36.85913900907391,Airbase Ward,False,2,residential,348.4160117637718,378.5625708094874,13,31,17075,1530.534366496874,0,0,1440.0,0,13,17.684657596250318,11.666697525521228,20.693637631614862,60.45883468467407,92.24137931034484,543,224.0,0.490429447437139,congested,46.01546587417469,105433.25515722662,9.3,False,severely_underserved,5.658988734685501,1.4379833085679592,16457.0,0.0057238361513671,0,16457,0.2187157501793953,11.040159940658125,0.1220365879884022,0.013136817720445563,0.9643336011271976,0.07592329162932626,0.2540483887773569,0.9185534,1,0.8371068
CANDIDATE_Korogocho Ward_15,-1.2715311468825428,36.871912866411016,Korogocho Ward,False,6,residential,897.6329771664863,605.7989527620175,0,37,6406,7114.906913988673,0,0,1440.0,0,0,17.684657596250318,11.666697525521228,20.693637631614862,60.45883468467407,92.24137931034484,543,224.0,0.490429447437139,congested,70.68412548851703,72846.89997678499,11.1,True,adequately_served,6.3029862886939005,1.8601085654872904,64098.0,0.0066768081657973,1,64098,0.0768685671769029,1.153103289594606,0.47531756801850905,0.017363393924422516,0.9429244496101816,0.3622419813997413,0.43173528348956836,0.91850674,1,0.8370135
CANDIDATE_Sarang'ombe Ward_42,-1.3100626509607924,36.76897922730022,Sarang'ombe Ward,False,6,residential,1080.8725534158714,480.07265660064337,1,11,5959,15421.34774339274,0,0,1440.0,0,1,16.699138772601074,11.303737458124182,19.57668614032208,68.12864671560324,95.45454545454544,134,49.0,0.5466091380314718,congested,74.32034487468462,77355.9452208662,26.3,True,adequately_served,5.971457813223342,6.193362072890385,58636.0,0.0055459397514575,1,58636,0.2104011684477993,1.8615246648315409,0.4348142050974024,0.06075057784668086,0.9547697945371854,0.7881249673045143,0.515951568614101,0.91849005,1,0.8369801
CANDIDATE_Korogocho Ward_4,-1.269747185315597,36.887594601925656,Korogocho Ward,False,2,residential,666.9411092333669,317.2959530796389,6,84,6406,7114.906913988673,0,0,1440.0,0,2,18.054313199966053,11.514724616707694,21.324107491595232,57.35551818750744,93.22916666666669,394,160.0,0.5289229448015942,congested,70.68412548851703,72846.89997678499,11.1,True,adequately_served,8.04166972697274,0.8315779469237297,64098.0,0.0029942759509075,1,64098,0.0768685671769029,1.153103289594606,0.47531756801850905,0.007065116419759508,0.9701058559511959,0.3622419813997413,0.43459699538160546,0.9183926,1,0.8367852
CANDIDATE_Eastleigh South Ward_40,-1.2798737580938295,36.85737275479595,Eastleigh South Ward,False,8,residential,504.2597261261244,767.137116713361,0,8,4421,4792.49862701149,0,0,1440.0,0,0,17.684657596250318,11.666697525521228,20.693637631614862,60.45883468467407,92.24137931034484,543,224.0,0.490429447437139,congested,78.3703324081986,68143.70069639628,9.3,True,adequately_served,4.524462392169261,8.707814712022067,51532.0,0.0158334408747294,1,51532,0.2187157501793953,0.704393795896947,0.3821346206610161,0.0859268152700008,0.9277239206815303,0.24316881925229095,0.38940736903562007,0.9183269,1,0.8366538
CANDIDATE_Woodley/kenyatta Golf Course Ward_40,-1.3164867087529042,36.77563367475872,Woodley/kenyatta Golf Course Ward,False,2,residential,194.98583437475813,563.7935487108226,0,20,7917,4018.27020779832,0,0,1440.0,0,0,23.69082151948292,15.855059154149329,27.60870270214972,39.54778439153439,86.71875,289,121.0,0.4857290005023328,congested,85.74743830112823,185176.1679773348,26.3,True,adequately_served,5.704720353029364,4.083211347672773,15278.0,0.0102048191716533,0,15278,0.2104011684477993,10.498111183713132,0.11329373465922153,0.03962245841810602,0.9468820027631506,0.20347303164376196,0.2796294286166366,0.9181399,1,0.83627975
CANDIDATE_Dandora Area Iii Ward_32,-1.246219667879301,36.9174122218223,Dandora Area Iii Ward,False,6,residential,1125.0196203696912,1000.6271184983376,0,0,8261,3479.3635402845307,0,0,1440.0,0,0,17.845377654040565,11.606875140660836,20.96462891073044,57.8859819316018,91.796875,574,247.0,0.4245573366979223,moderate,62.53869018516417,73507.78889000125,7.5,False,underserved,12.002895375664895,62.53869018516417,46391.0,0.0053285039545137,1,46391,0.1688006615484064,4.244448169525055,0.3440116274758441,0.6249144583560159,0.9057255822861973,0.1758425235358472,0.49294630536995826,0.9179766,1,0.83595324
CANDIDATE_Airbase Ward_5,-1.271789485458252,36.872754332347,Airbase Ward,False,6,residential,814.5241655105211,510.14512336346814,0,56,17075,1530.534366496874,0,0,1440.0,0,4,17.684657596250318,11.666697525521228,20.693637631614862,60.45883468467407,92.24137931034484,543,224.0,0.490429447437139,congested,46.01546587417469,105433.25515722662,9.3,False,severely_underserved,6.385932552081055,0.8072888749855209,16457.0,0.0073572314025102,0,16457,0.2187157501793953,11.040159940658125,0.1220365879884022,0.006821919378625493,0.951936507050896,0.07592329162932626,0.2499902453766416,0.9179552,1,0.83591044
CANDIDATE_Kilimani Ward_13,-1.2822405171747908,36.74571392465292,Kilimani Ward,False,6,residential,364.2766043505527,353.7068147765853,7,52,8599,885.9820170246448,0,0,1440.0,0,2,17.24048621436891,11.524509169053754,20.09847473702649,65.557208994709,92.96875,298,122.0,0.4417253633750815,congested,79.90573642743492,142658.5972963719,12.7,True,adequately_served,7.960339872569476,1.507655404291225,6976.0,0.0164259082802955,0,6976,0.0885442239001563,26.665059604485144,0.05173040273482978,0.01383441734766103,0.9666753944721099,0.042876179779272466,0.2234745601443822,0.9174519,1,0.83490384
CANDIDATE_Kwa Njenga Ward_0,-1.3330189089056956,36.89895225659941,Kwa Njenga Ward,False,3,trunk,682.0732561552476,645.6006374086531,0,33,2929,14304.246388913643,0,0,1440.0,0,0,17.906847137299025,11.406366449662858,21.157087481117102,57.709691248294185,93.33333333333331,371,147.0,0.3154506881194194,moderate,80.52538641399036,50138.37407016672,13.8,True,adequately_served,10.462528020106824,2.36839371805854,103653.0,0.0043919154687534,1,103653,0.2682490623582934,1.4360258252339573,0.7686369602456008,0.022452655690872517,0.9391745206159313,0.7308495986869837,0.6086409238692615,0.9166578,1,0.8333156
CANDIDATE_Eastleigh South Ward_7,-1.2812209062196582,36.85648684052757,Eastleigh South Ward,False,6,residential,484.644325861587,621.8813304717048,0,9,4421,4792.49862701149,0,0,1440.0,0,0,17.684657596250318,11.666697525521228,20.693637631614862,60.45883468467407,92.24137931034484,543,224.0,0.490429447437139,congested,78.3703324081986,68143.70069639628,9.3,True,adequately_served,4.405205734173024,7.837033240819861,51532.0,0.0123547206885519,1,51532,0.2187157501793953,0.704393795896947,0.3821346206610161,0.07720801869311031,0.9414092430302224,0.24316881925229095,0.38996473436113593,0.9164995,1,0.832999
CANDIDATE_Korogocho Ward_23,-1.2720452770707975,36.88634629285677,Korogocho Ward,False,8,residential,435.63394748263903,447.6231789502489,12,95,6406,7114.906913988673,0,0,1440.0,0,7,18.054313199966053,11.514724616707694,21.324107491595232,57.35551818750744,93.22916666666669,394,160.0,0.5289229448015942,congested,70.68412548851703,72846.89997678499,11.1,True,adequately_served,7.850775187134594,0.7362929738387191,64098.0,0.0183219835427892,1,64098,0.0768685671769029,1.153103289594606,0.47531756801850905,0.0061110650019959595,0.9578270328970641,0.3622419813997413,0.4319027179163382,0.9159425,1,0.831885
CANDIDATE_Eastleigh South Ward_47,-1.280455008623862,36.85845592189781,Eastleigh South Ward,False,2,residential,638.5701558467745,855.778964935617,0,6,4421,4792.49862701149,0,0,1440.0,0,0,17.684657596250318,11.666697525521228,20.693637631614862,60.45883468467407,92.24137931034484,543,224.0,0.490429447437139,congested,78.3703324081986,68143.70069639628,9.3,True,adequately_served,4.633694366835398,11.1957617725998,51532.0,0.0031271002590045,1,51532,0.2187157501793953,0.704393795896947,0.3821346206610161,0.11083766263254509,0.9193724993860837,0.24316881925229095,0.3939647966171668,0.9155581,1,0.8311162
CANDIDATE_Eastleigh South Ward_5,-1.284391877992424,36.85573521810064,Eastleigh South Ward,False,8,residential,466.5984401278685,472.77769452904255,2,19,4421,4792.49862701149,0,0,1440.0,0,1,17.243300893072206,11.884733802396095,20.1012033414328,63.47116048203005,93.75,190,84.0,0.5831369347890785,congested,78.3703324081986,68143.70069639628,9.3,True,adequately_served,4.289658056062779,3.9185166204099295,51532.0,0.0171086969362265,1,51532,0.2187157501793953,0.704393795896947,0.3821346206610161,0.03797343409710305,0.9554570918218886,0.24316881925229095,0.38296565797046733,0.91534483,1,0.83068967
CANDIDATE_Eastleigh South Ward_39,-1.2860609299163122,36.85586645910615,Eastleigh South Ward,False,2,residential,458.1661219524953,460.3522708611295,4,20,4421,4792.49862701149,0,0,1440.0,0,1,17.243300893072206,11.884733802396095,20.1012033414328,63.47116048203005,93.75,190,84.0,0.5831369347890785,congested,78.3703324081986,68143.70069639628,9.3,True,adequately_served,4.298596095787818,3.7319205908666,51532.0,0.004355722045641,1,51532,0.2187157501793953,0.704393795896947,0.3821346206610161,0.03610512054491223,0.9566277572570787,0.24316881925229095,0.38273271266945763,0.9152216,1,0.83044314
CANDIDATE_Mountain View Ward_27,-1.281135598290192,36.74452642074313,Mountain View Ward,False,8,tertiary,379.8534916302769,377.0946474992853,4,50,6212,2438.23971917691,0,0,1440.0,0,2,17.24048621436891,11.524509169053754,20.09847473702649,65.557208994709,92.96875,298,122.0,0.4417253633750815,congested,61.1874463798916,53352.875177465976,17.9,False,underserved,8.100084513496896,1.1997538505861098,13621.0,0.0210054526893144,0,13621,0.1696428393750311,5.847857289081503,0.10100628091329077,0.010751518708629193,0.9644719020114726,0.1224626306627993,0.25542698453166346,0.915038,1,0.830076
CANDIDATE_Eastleigh South Ward_16,-1.2844018917424946,36.85668375824297,Eastleigh South Ward,False,8,residential,569.8650762473391,575.1230185766556,0,19,4421,4792.49862701149,0,0,1440.0,0,0,17.243300893072206,11.884733802396095,20.1012033414328,63.47116048203005,93.75,190,84.0,0.5831369347890785,congested,78.3703324081986,68143.70069639628,9.3,True,adequately_served,4.394908398588683,3.9185166204099295,51532.0,0.0140138192593407,1,51532,0.2187157501793953,0.704393795896947,0.3821346206610161,0.03797343409710305,0.9458145929809628,0.24316881925229095,0.3810371582022822,0.914703,1,0.829406
CANDIDATE_Nairobi West Ward_38,-1.309530133077195,36.79050261925055,Nairobi West Ward,False,2,residential,203.780693125539,520.4039473205045,0,15,9939,1107.4331345036017,0,0,1440.0,0,2,23.69082151948292,15.855059154149329,27.60870270214972,39.54778439153439,86.71875,289,121.0,0.4857290005023328,congested,56.79149445936021,76676.38743229359,12.7,False,underserved,3.92722389203684,3.549468403710013,8719.0,0.0097665457103122,0,8719,0.348155049984002,18.15421991847434,0.06465558793649381,0.03427829767667777,0.9509699685301038,0.05423029221814396,0.23223908234659185,0.91365826,1,0.8273165
CANDIDATE_Pangani Ward_29,-1.2756062741541183,36.85333922993092,Pangani Ward,False,2,residential,330.02182473942173,423.51394411886525,2,17,989,2790.562086051957,0,0,1440.0,0,4,17.684657596250318,11.666697525521228,20.693637631614862,60.45883468467407,92.24137931034484,543,224.0,0.490429447437139,congested,88.98050726062212,29921.21680161153,20.0,True,adequately_served,4.19294190516474,4.943361514479006,13952.0,0.0060418976953389,0,13952,0.0823102809141833,24.46424571745943,0.10346080546965956,0.04823480787428836,0.9600984924979841,0.1405266974138228,0.26839502186531433,0.9119915,1,0.82398295
CANDIDATE_Dandora Area Iii Ward_28,-1.2468345163418284,36.91778669097397,Dandora Area Iii Ward,False,2,residential,1096.7171942357274,1044.7433385348302,0,0,8261,3479.3635402845307,0,0,1440.0,0,0,17.845377654040565,11.606875140660836,20.96462891073044,57.8859819316018,91.796875,574,247.0,0.4245573366979223,moderate,62.53869018516417,73507.78889000125,7.5,False,underserved,12.016342271145897,62.53869018516417,46391.0,0.0018219628976409,1,46391,0.1688006615484064,4.244448169525055,0.3440116274758441,0.6249144583560159,0.9015691579011418,0.1758425235358472,0.49211502049294714,0.911862,1,0.82372403
CANDIDATE_Nyayo Highrise Ward_48,-1.3076922081380886,36.809095879553965,Nyayo Highrise Ward,False,6,residential,504.6049622931161,378.57730957682384,5,54,1215,5979.621047336875,0,0,1440.0,0,4,17.73181138157092,11.435384995598536,20.880024574557112,57.01554232804233,93.75,242,107.0,0.5580407232100865,congested,82.69463425732702,23400.367568368,12.7,True,adequately_served,2.5331982063327136,1.503538804678673,47083.0,0.0118669721372742,1,47083,0.348155049984002,2.564062287684165,0.349143141049884,0.013793199435018961,0.9643322125093171,0.30403426708802156,0.37932169514568187,0.9117321,1,0.82346416
CANDIDATE_Makina Ward_28,-1.311770164392209,36.79077088559761,Makina Ward,False,6,residential,453.38410609602033,743.2933671559374,0,6,1896,15852.355248829706,0,0,1440.0,0,0,23.69082151948292,15.855059154149329,27.60870270214972,39.54778439153439,86.71875,289,121.0,0.4857290005023328,congested,89.77563305815848,61838.3383815226,26.3,True,adequately_served,4.073111745110365,12.825090436879782,60275.0,0.013204687222779,1,60275,0.2104011684477993,3.298924345951629,0.44696818016655177,0.12715149756192326,0.9299703674988156,0.8102233325529709,0.5362654774591312,0.91160357,1,0.82320714
CANDIDATE_Sarang'ombe Ward_11,-1.318402660250727,36.77295414559872,Sarang'ombe Ward,False,2,residential,431.4832396397901,400.6854483565664,2,15,5959,15421.34774339274,0,0,1440.0,0,1,23.69082151948292,15.855059154149329,27.60870270214972,39.54778439153439,86.71875,289,121.0,0.4857290005023328,congested,74.32034487468462,77355.9452208662,26.3,True,adequately_served,6.070931867976708,4.645021554667789,58636.0,0.0046244566648774,1,58636,0.2104011684477993,1.8615246648315409,0.4348142050974024,0.045247645760284595,0.9622492868403386,0.7881249673045143,0.5135717340531326,0.911336,1,0.822672
CANDIDATE_Dandora Area Iii Ward_27,-1.2459330805724542,36.89594979522752,Dandora Area Iii Ward,False,2,residential,1207.9872462702886,528.0422176927559,0,37,8261,3479.3635402845307,0,0,1440.0,0,1,17.845377654040565,11.606875140660836,20.96462891073044,57.8859819316018,91.796875,574,247.0,0.4245573366979223,moderate,62.53869018516417,73507.78889000125,7.5,False,underserved,9.843152712066408,1.6457550048727414,46391.0,0.0016542771697302,1,46391,0.1688006615484064,4.244448169525055,0.3440116274758441,0.015217154997277913,0.9502503263393492,0.1758425235358472,0.34942692834090416,0.91116005,1,0.8223201
CANDIDATE_Kangemi Ward_13,-1.2563705323454892,36.74123924871544,Kangemi Ward,False,2,residential,881.2219284128969,883.717613163857,0,11,8188,6633.956850403134,0,0,1440.0,0,0,17.24048621436891,11.524509169053754,20.09847473702649,65.557208994709,92.96875,298,122.0,0.4417253633750815,congested,63.280549542627405,74330.71297439898,17.9,False,underserved,9.080591849030094,5.273379128552284,37061.0,0.0022670032738791,1,37061,0.1696428393750311,2.9059320347753803,0.2748251800108266,0.05153914603380749,0.9167402503247342,0.33758299046034573,0.3599382476692572,0.91114604,1,0.8222921
CANDIDATE_Roysambu Ward_32,-1.236751428072685,36.8618629790422,Roysambu Ward,False,2,residential,933.5249607363216,1001.347924176866,0,0,15669,483.239781975182,0,0,1440.0,0,0,17.684657596250318,11.666697525521228,20.693637631614862,60.45883468467407,92.24137931034484,543,224.0,0.490429447437139,congested,52.55807786151991,110098.7167953836,12.5,False,underserved,7.424953540532581,52.55807786151991,3865.0,0.002140124752178,1,3865,0.140004148607421,20.27271584053182,0.02866083809778055,0.52498246457746,0.9056576713387806,0.022227014976261075,0.32685384674159657,0.91074705,1,0.8214941
CANDIDATE_Nairobi West Ward_20,-1.3123033906159254,36.79437956496043,Nairobi West Ward,False,6,unclassified,690.095336021738,564.7901322839024,0,6,9939,1107.4331345036017,0,0,1440.0,0,0,23.69082151948292,15.855059154149329,27.60870270214972,39.54778439153439,86.71875,289,121.0,0.4857290005023328,congested,56.79149445936021,76676.38743229359,12.7,False,underserved,3.838222911555511,8.11307063705146,8719.0,0.0086818701954187,0,8719,0.348155049984002,18.15421991847434,0.06465558793649381,0.07997187390242602,0.946788109309417,0.05423029221814396,0.24282610455889156,0.9107189,1,0.82143784
CANDIDATE_Kilimani Ward_30,-1.3089420277268302,36.79363485577058,Kilimani Ward,False,2,residential,403.9855976563288,536.5384940818367,0,17,8599,885.9820170246448,0,0,1440.0,0,1,23.69082151948292,15.855059154149329,27.60870270214972,39.54778439153439,86.71875,289,121.0,0.4857290005023328,congested,79.90573642743492,142658.5972963719,12.7,True,adequately_served,3.625660973647717,4.439207579301939,6976.0,0.0049384472227508,0,6976,0.0885442239001563,26.665059604485144,0.05173040273482978,0.04318691038264896,0.9494498468255438,0.042876179779272466,0.22736757387381593,0.9097842,1,0.8195684
CANDIDATE_Makina Ward_1,-1.3090087913742794,36.79010228386284,Makina Ward,False,6,residential,140.13703036247963,447.50214332354193,2,16,1896,15852.355248829706,0,0,1440.0,0,2,23.69082151948292,15.855059154149329,27.60870270214972,39.54778439153439,86.71875,289,121.0,0.4857290005023328,congested,89.77563305815848,61838.3383815226,26.3,True,adequately_served,3.923569423377463,5.280919591656381,60275.0,0.0425118764692038,1,60275,0.2104011684477993,3.298924345951629,0.44696818016655177,0.05161464576143652,0.9578384363090039,0.8102233325529709,0.5229548782710471,0.90930384,1,0.8186077
CANDIDATE_Eastleigh South Ward_11,-1.2850340208013284,36.85760054994682,Eastleigh South Ward,False,6,residential,664.1519032386772,597.5571702616049,0,19,4421,4792.49862701149,0,0,1440.0,0,0,17.243300893072206,11.884733802396095,20.1012033414328,63.47116048203005,93.75,190,84.0,0.5831369347890785,congested,78.3703324081986,68143.70069639628,9.3,True,adequately_served,4.493772850692576,3.9185166204099295,51532.0,0.0090204958758826,1,51532,0.2187157501793953,0.704393795896947,0.3821346206610161,0.03797343409710305,0.9437009518973835,0.24316881925229095,0.3806144299855663,0.9092852,1,0.8185704
CANDIDATE_Kasarani Ward_11,-1.2386308877928478,36.88126945712678,Kasarani Ward,False,2,residential,890.0027374802107,579.1369547951658,0,35,19913,2300.2340071122967,0,0,1440.0,0,0,17.684657596250318,11.666697525521228,20.693637631614862,60.45883468467407,92.24137931034484,543,224.0,0.490429447437139,congested,59.51118305482108,163944.92175693653,11.0,False,underserved,8.885017652070234,1.6530884181894745,20911.0,0.002244662014907,0,20911,0.2237461265027511,7.319531383711358,0.15506514500975135,0.015290581615823876,0.9454364186413464,0.11538688234494743,0.2702601063546277,0.90915346,1,0.8183069
CANDIDATE_Njiru Ward_20,-1.2448601597832902,36.91757853286321,Njiru Ward,False,6,residential,1260.1185004812933,1012.3977640103286,0,0,10989,746.4285914852591,0,0,1440.0,0,0,17.845377654040565,11.606875140660836,20.96462891073044,57.8859819316018,91.796875,574,247.0,0.4245573366979223,moderate,47.21837435030173,69402.06821576251,11.0,False,severely_underserved,12.077065270584871,47.21837435030173,6785.0,0.0047576813738837,0,6785,0.2237461265027511,10.89304713008968,0.050314045664538426,0.47151808776780646,0.9046166069933591,0.035721077999510915,0.3235569749231141,0.90888304,1,0.8177661
CANDIDATE_Kwa Njenga Ward_10,-1.3332497475487537,36.89721244713355,Kwa Njenga Ward,False,3,trunk,512.927738575771,508.41427633946194,0,33,2929,14304.246388913643,0,0,1440.0,0,8,17.906847137299025,11.406366449662858,21.157087481117102,57.709691248294185,93.33333333333331,371,147.0,0.3154506881194194,moderate,80.52538641399036,50138.37407016672,13.8,True,adequately_served,10.307922633902724,2.36839371805854,103653.0,0.0058373965342166,1,103653,0.2682490623582934,1.4360258252339573,0.7686369602456008,0.022452655690872517,0.9520995793805614,0.7308495986869837,0.6112259356221875,0.9085769,1,0.8171538
CANDIDATE_Korogocho Ward_38,-1.2553967948937557,36.88886218885484,Korogocho Ward,False,6,residential,542.089822191054,460.5203792234661,1,37,6406,7114.906913988673,0,0,1440.0,0,5,17.845377654040565,11.606875140660836,20.96462891073044,57.8859819316018,91.796875,574,247.0,0.4245573366979223,moderate,70.68412548851703,72846.89997678499,11.1,True,adequately_served,8.680430086340044,1.8601085654872904,64098.0,0.011047896231591,1,64098,0.0768685671769029,1.153103289594606,0.47531756801850905,0.017363393924422516,0.9566119188716511,0.3622419813997413,0.4344727773418623,0.90857536,1,0.8171507
CANDIDATE_Dandora Area Iii Ward_3,-1.2397919428243247,36.91232631247114,Dandora Area Iii Ward,False,2,residential,1474.129630670377,725.2494298877106,0,6,8261,3479.3635402845307,0,0,1440.0,0,0,17.845377654040565,11.606875140660836,20.96462891073044,57.8859819316018,91.796875,574,247.0,0.4245573366979223,moderate,62.53869018516417,73507.78889000125,7.5,False,underserved,11.77665504730791,8.934098597880595,46391.0,0.0013558130474886,1,46391,0.1688006615484064,4.244448169525055,0.3440116274758441,0.08819250790894152,0.9316703830668318,0.1758425235358472,0.3639547779143166,0.9080669,1,0.81613386
CANDIDATE_Dandora Area Iii Ward_34,-1.2457543813502927,36.918453958203685,Dandora Area Iii Ward,False,6,residential,1236.3840389948712,1112.0114721548846,0,0,8261,3479.3635402845307,0,0,1440.0,0,0,17.845377654040565,11.606875140660836,20.96462891073044,57.8859819316018,91.796875,574,247.0,0.4245573366979223,moderate,62.53869018516417,73507.78889000125,7.5,False,underserved,12.1296411992077,62.53869018516417,46391.0,0.004848939222518,1,46391,0.1688006615484064,4.244448169525055,0.3440116274758441,0.6249144583560159,0.8952314682558302,0.1758425235358472,0.49084748256388483,0.9080145,1,0.81602895
CANDIDATE_Dandora Area Iii Ward_30,-1.255261152777487,36.91731995435123,Dandora Area Iii Ward,False,2,residential,348.081805481981,349.1048809880089,3,33,8261,3479.3635402845307,0,0,1440.0,0,2,17.845377654040565,11.606875140660836,20.96462891073044,57.8859819316018,91.796875,574,247.0,0.4245573366979223,moderate,62.53869018516417,73507.78889000125,7.5,False,underserved,11.656231787030352,1.8393732407401229,46391.0,0.0057293160760371,1,46391,0.1688006615484064,4.244448169525055,0.3440116274758441,0.01715577917329934,0.967108967198908,0.1758425235358472,0.35328331255682127,0.90794486,1,0.8158897
CANDIDATE_Eastleigh South Ward_12,-1.2762218537135304,36.85360330917489,Eastleigh South Ward,False,2,residential,267.6831185472407,468.4328563930294,1,17,4421,4792.49862701149,0,0,1440.0,0,2,17.684657596250318,11.666697525521228,20.693637631614862,60.45883468467407,92.24137931034484,543,224.0,0.490429447437139,congested,78.3703324081986,68143.70069639628,9.3,True,adequately_served,4.2021281377836734,4.3539073560110335,51532.0,0.0074437129165908,1,51532,0.2187157501793953,0.704393795896947,0.3821346206610161,0.0423328323855483,0.9558664421960301,0.24316881925229095,0.3841373776174069,0.90782666,1,0.8156533
CANDIDATE_Eastleigh South Ward_20,-1.2749990846741428,36.85490986970408,Eastleigh South Ward,False,2,residential,447.5676923761123,578.2537665859229,0,17,4421,4792.49862701149,0,0,1440.0,0,0,17.684657596250318,11.666697525521228,20.693637631614862,60.45883468467407,92.24137931034484,543,224.0,0.490429447437139,congested,78.3703324081986,68143.70069639628,9.3,True,adequately_served,4.379590810931851,4.3539073560110335,51532.0,0.0044586358625289,1,51532,0.2187157501793953,0.704393795896947,0.3821346206610161,0.0423328323855483,0.9455196285130547,0.24316881925229095,0.3820680148808118,0.9071357,1,0.81427145
CANDIDATE_Mowlem Ward_28,-1.2470594199854066,36.89278485336594,Mowlem Ward,False,6,unclassified,1191.327076454687,504.50876847628194,0,43,3727,924.779822358499,0,0,1440.0,0,1,17.845377654040565,11.606875140660836,20.96462891073044,57.8859819316018,91.796875,574,247.0,0.4245573366979223,moderate,80.21913323300808,62819.89166655838,6.4,True,adequately_served,9.47310233458417,1.8231621189320013,14449.0,0.0050321762530468,0,14449,0.0838307335300991,7.067824986975575,0.10714630004523444,0.016993463508574565,0.9524675381065157,0.0448653982088606,0.24121615815605096,0.9065704,1,0.81314075
CANDIDATE_Roysambu Ward_31,-1.238434410968878,36.87660557955609,Roysambu Ward,False,5,unclassified,489.62604304091127,495.9163392960033,2,28,15669,483.239781975182,0,0,1440.0,0,9,17.684657596250318,11.666697525521228,20.693637631614862,60.45883468467407,92.24137931034484,543,224.0,0.490429447437139,congested,52.55807786151991,110098.7167953836,12.5,False,underserved,8.488774991312123,1.812347512466204,3865.0,0.01019106113693,0,3865,0.140004148607421,20.27271584053182,0.02866083809778055,0.016885181055453193,0.9532770766876143,0.022227014976261075,0.20935340693086157,0.90641373,1,0.81282747
CANDIDATE_Nyayo Highrise Ward_25,-1.3071782276059416,36.80820733232905,Nyayo Highrise Ward,False,4,tertiary,445.9695260326991,455.7334424851556,8,52,1215,5979.621047336875,0,0,1440.0,0,5,17.73181138157092,11.435384995598536,20.880024574557112,57.01554232804233,93.75,242,107.0,0.5580407232100865,congested,82.69463425732702,23400.367568368,12.7,True,adequately_served,2.5174329892600635,1.560276118062774,47083.0,0.0089491559648461,1,47083,0.348155049984002,2.564062287684165,0.349143141049884,0.014361288111770778,0.9570629217130635,0.30403426708802156,0.37800985915561913,0.90582913,1,0.81165826
CANDIDATE_Makina Ward_5,-1.3166600490186249,36.77305559867039,Makina Ward,False,2,unclassified,434.0918532644842,582.7827796024919,0,16,1896,15852.355248829706,0,0,1440.0,0,0,23.69082151948292,15.855059154149329,27.60870270214972,39.54778439153439,86.71875,289,121.0,0.4857290005023328,congested,89.77563305815848,61838.3383815226,26.3,True,adequately_served,5.950116567506113,5.280919591656381,60275.0,0.0045967305179217,1,60275,0.2104011684477993,3.298924345951629,0.44696818016655177,0.05161464576143652,0.9450929260411128,0.8102233325529709,0.520405776217469,0.9050915,1,0.81018305
CANDIDATE_Kwa Njenga Ward_49,-1.3274463744595693,36.9020394488187,Kwa Njenga Ward,False,4,primary,100.28338411242304,437.5991464864598,8,30,2929,14304.246388913643,0,0,1440.0,0,12,17.906847137299025,11.406366449662858,21.157087481117102,57.709691248294185,93.33333333333331,371,147.0,0.3154506881194194,moderate,80.52538641399036,50138.37407016672,13.8,True,adequately_served,10.477602560644016,2.597593110128721,103653.0,0.0394931511723587,1,103653,0.2682490623582934,1.4360258252339573,0.7686369602456008,0.024747540160850907,0.9587714504590087,0.7308495986869837,0.6131340309553716,0.904229,1,0.808458
CANDIDATE_Makina Ward_9,-1.311164363266299,36.79329291782126,Makina Ward,False,6,unclassified,515.4545312348653,611.013064924397,0,8,1896,15852.355248829706,0,0,1440.0,0,0,23.69082151948292,15.855059154149329,27.60870270214972,39.54778439153439,86.71875,289,121.0,0.4857290005023328,congested,89.77563305815848,61838.3383815226,26.3,True,adequately_served,3.826993746045104,9.975070339795389,60275.0,0.0116176732647765,1,60275,0.2104011684477993,3.298924345951629,0.44696818016655177,0.09861535354840607,0.9424332002937125,0.8102233325529709,0.5316240080147313,0.904124,1,0.80824804
CANDIDATE_Hospital Ward_35,-1.2588688780888613,36.85352933473676,Hospital Ward,False,4,residential,176.56958189870062,326.69354743180645,8,33,2568,5468.702396804928,0,0,1440.0,0,13,17.684657596250318,11.666697525521228,20.693637631614862,60.45883468467407,92.24137931034484,543,224.0,0.490429447437139,congested,78.17900267492627,39231.09369567416,14.5,True,adequately_served,5.067771666463132,2.2993824316154785,37715.0,0.0225263806854144,1,37715,0.0461995963019781,3.670557877306343,0.2796749052672169,0.021761672490258628,0.9692204584648769,0.27783874425076405,0.3527384755092188,0.9040663,1,0.80813265
CANDIDATE_Eastleigh South Ward_28,-1.278884347760479,36.856124295842605,Eastleigh South Ward,False,2,residential,346.06939524960933,679.0001959675046,0,11,4421,4792.49862701149,0,0,1440.0,0,0,17.684657596250318,11.666697525521228,20.693637631614862,60.45883468467407,92.24137931034484,543,224.0,0.490429447437139,congested,78.3703324081986,68143.70069639628,9.3,True,adequately_served,4.407061447447787,6.53086103401655,51532.0,0.0057625363324289,1,51532,0.2187157501793953,0.704393795896947,0.3821346206610161,0.06412982382777455,0.9360277700663768,0.24316881925229095,0.38561889105203284,0.9039836,1,0.8079672
CANDIDATE_Kangemi Ward_48,-1.254477511220945,36.742108237099536,Kangemi Ward,False,2,residential,1049.4761948216149,1075.2040343116944,0,0,8188,6633.956850403134,0,0,1440.0,0,0,17.24048621436891,11.524509169053754,20.09847473702649,65.557208994709,92.96875,298,122.0,0.4417253633750815,congested,63.280549542627405,74330.71297439898,17.9,False,underserved,9.071111540162056,63.280549542627405,37061.0,0.0019038984508731,1,37061,0.1696428393750311,2.9059320347753803,0.2748251800108266,0.632342407893636,0.8986992932888067,0.33758299046034573,0.5015308717270288,0.9036008,1,0.8072016
CANDIDATE_Roysambu Ward_3,-1.238555758266547,36.86299073156491,Roysambu Ward,False,2,residential,750.1371375040826,767.2209719446942,0,15,15669,483.239781975182,0,0,1440.0,0,0,17.684657596250318,11.666697525521228,20.693637631614862,60.45883468467407,92.24137931034484,543,224.0,0.490429447437139,congested,52.55807786151991,110098.7167953836,12.5,False,underserved,7.363123335063163,3.2848798663449945,3865.0,0.0026626296319813,0,3865,0.140004148607421,20.27271584053182,0.02866083809778055,0.031629075443368564,0.9277160202329415,0.022227014976261075,0.20792716923690585,0.90275073,1,0.80550146
CANDIDATE_Eastleigh South Ward_15,-1.2803882180652169,36.854369661463245,Eastleigh South Ward,False,2,residential,251.79732341262664,449.9091832273246,1,12,4421,4792.49862701149,0,0,1440.0,0,3,17.684657596250318,11.666697525521228,20.693637631614862,60.45883468467407,92.24137931034484,543,224.0,0.490429447437139,congested,78.3703324081986,68143.70069639628,9.3,True,adequately_served,4.185764874345142,6.028487108322969,51532.0,0.0079114761699257,1,51532,0.2187157501793953,0.704393795896947,0.3821346206610161,0.059099748879568495,0.9576116562416361,0.24316881925229095,0.38867814955003316,0.9026397,1,0.8052794
CANDIDATE_Korogocho Ward_27,-1.2524510830861375,36.891868220738274,Korogocho Ward,False,2,residential,656.1413844890349,306.3426871073864,7,28,6406,7114.906913988673,0,0,1440.0,0,4,17.845377654040565,11.606875140660836,20.96462891073044,57.8859819316018,91.796875,574,247.0,0.4245573366979223,moderate,70.68412548851703,72846.89997678499,11.1,True,adequately_served,9.118753940716074,2.4373836375350697,64098.0,0.0030434850813042,1,64098,0.0768685671769029,1.153103289594606,0.47531756801850905,0.02314342495235149,0.9711378215580727,0.3622419813997413,0.4388229656361288,0.9024685,1,0.804937
CANDIDATE_Dandora Area Iii Ward_39,-1.2384662389517984,36.91230875516034,Dandora Area Iii Ward,False,2,residential,1352.247119287052,847.3700633944269,0,5,8261,3479.3635402845307,0,0,1440.0,0,0,17.845377654040565,11.606875140660836,20.96462891073044,57.8859819316018,91.796875,574,247.0,0.4245573366979223,moderate,62.53869018516417,73507.78889000125,7.5,False,underserved,11.840526090266213,10.423115030860696,46391.0,0.0014779266635747,1,46391,0.1688006615484064,4.244448169525055,0.3440116274758441,0.10310145097691584,0.9201647468494525,0.1758425235358472,0.36538088643783434,0.90228367,1,0.80456734
CANDIDATE_Korogocho Ward_36,-1.2556860316715397,36.88870622308411,Korogocho Ward,False,2,residential,529.7219834999242,476.6114114689074,1,37,6406,7114.906913988673,0,0,1440.0,0,8,17.845377654040565,11.606875140660836,20.96462891073044,57.8859819316018,91.796875,574,247.0,0.4245573366979223,moderate,70.68412548851703,72846.89997678499,11.1,True,adequately_served,8.651774046189036,1.8601085654872904,64098.0,0.0037684513967382,1,64098,0.0768685671769029,1.153103289594606,0.47531756801850905,0.017363393924422516,0.9550958969017194,0.3622419813997413,0.43416957294787595,0.90185094,1,0.8037019
CANDIDATE_Airbase Ward_34,-1.2725227074864562,36.869726095952885,Airbase Ward,False,6,residential,1014.194831071566,757.1497934030218,0,24,17075,1530.534366496874,0,0,1440.0,0,0,17.684657596250318,11.666697525521228,20.693637631614862,60.45883468467407,92.24137931034484,543,224.0,0.490429447437139,congested,46.01546587417469,105433.25515722662,9.3,False,severely_underserved,6.039629396248333,1.840618634966988,16457.0,0.0059101955766134,0,16457,0.2187157501793953,11.040159940658125,0.1220365879884022,0.017168248821863498,0.928664879678339,0.07592329162932626,0.2479225022629397,0.90115803,1,0.80231607
CANDIDATE_Sarang'ombe Ward_23,-1.3043570280103662,36.78449838491375,Sarang'ombe Ward,False,6,residential,415.7108529029916,376.6310399041616,6,46,5959,15421.34774339274,0,0,1440.0,0,8,23.69082151948292,15.855059154149329,27.60870270214972,39.54778439153439,86.71875,289,121.0,0.4857290005023328,congested,74.32034487468462,77355.9452208662,26.3,True,adequately_served,4.147591552927701,1.5812839335039282,58636.0,0.0143984730855972,1,58636,0.2104011684477993,1.8615246648315409,0.4348142050974024,0.014571631206351566,0.9645155809556767,0.7881249673045143,0.506355989237717,0.9011472,1,0.8022944
CANDIDATE_Mowlem Ward_29,-1.2452229488229007,36.91537055549187,Mowlem Ward,False,2,residential,1109.4856470324407,767.2875013870367,0,6,3727,924.779822358499,0,0,1440.0,0,0,17.845377654040565,11.606875140660836,20.96462891073044,57.8859819316018,91.796875,574,247.0,0.4245573366979223,moderate,80.21913323300808,62819.89166655838,6.4,True,adequately_served,11.834977045790794,11.45987617614401,14449.0,0.001801013822506,0,14449,0.0838307335300991,7.067824986975575,0.10714630004523444,0.11348213754810517,0.9277097521393414,0.0448653982088606,0.2603867694724988,0.90097773,1,0.80195546
CANDIDATE_Hospital Ward_1,-1.2616286282726583,36.85183641038761,Hospital Ward,False,6,residential,392.8628873446486,476.2303455723964,4,43,2568,5468.702396804928,0,0,1440.0,0,9,17.684657596250318,11.666697525521228,20.693637631614862,60.45883468467407,92.24137931034484,543,224.0,0.490429447437139,congested,78.17900267492627,39231.09369567416,14.5,True,adequately_served,4.734225962664549,1.7767955153392334,37715.0,0.0152337277585377,1,37715,0.0461995963019781,3.670557877306343,0.2796749052672169,0.01652921271999435,0.9551317991522581,0.27783874425076405,0.3486126287041289,0.9007854,1,0.8015708
CANDIDATE_Embakasi Ward_9,-1.334683222703676,36.89794911056461,Embakasi Ward,False,3,trunk,497.21217266678696,437.6884451315882,1,28,29594,170.15776873711866,0,0,1440.0,0,9,17.906847137299025,11.406366449662858,21.157087481117102,57.709691248294185,93.33333333333331,371,147.0,0.3154506881194194,moderate,22.437747821685697,127185.79787032236,7.2,False,severely_underserved,10.459582124762164,0.773715442127093,2363.0,0.0060215309151156,0,2363,0.4401639794947514,6.03841004939126,0.01752278406857838,0.00648576163852522,0.9587630371573738,0.0061748567331173475,0.20074199361173198,0.900524,1,0.80104804
CANDIDATE_Ngando Ward_37,-1.3160110578176885,36.74423180450203,Ngando Ward,False,4,secondary,1150.54416439057,1143.6409702090295,0,0,2979,1287.4420267405085,0,0,1440.0,0,0,16.699138772601074,11.303737458124182,19.57668614032208,68.12864671560324,95.45454545454544,134,49.0,0.5466091380314718,congested,64.55544213237266,28020.643468093764,18.5,False,underserved,8.754386227357916,64.55544213237266,6959.0,0.0034735966918966,1,6959,0.1996750767775023,17.558483286089597,0.051604339540091804,0.6451074121053447,0.8922514845471043,0.06345960307338838,0.3704805893894669,0.90023243,1,0.80046487
CANDIDATE_Korogocho Ward_12,-1.271896275733746,36.87404227429369,Korogocho Ward,False,2,residential,721.9036091730111,366.7007516807526,10,62,6406,7114.906913988673,0,0,1440.0,0,4,18.054313199966053,11.514724616707694,21.324107491595232,57.35551818750744,93.22916666666669,394,160.0,0.5289229448015942,congested,70.68412548851703,72846.89997678499,11.1,True,adequately_served,6.521553529395703,1.121970245849477,64098.0,0.0027666205765495,1,64098,0.0768685671769029,1.153103289594606,0.47531756801850905,0.009972701692943663,0.965451166372747,0.3622419813997413,0.4343929537842117,0.90014356,1,0.8002871
CANDIDATE_Eastleigh South Ward_21,-1.2750743148428965,36.854350325889136,Eastleigh South Ward,False,2,residential,414.2753840371452,529.4681669691822,0,17,4421,4792.49862701149,0,0,1440.0,0,3,17.684657596250318,11.666697525521228,20.693637631614862,60.45883468467407,92.24137931034484,543,224.0,0.490429447437139,congested,78.3703324081986,68143.70069639628,9.3,True,adequately_served,4.317640960923175,4.3539073560110335,51532.0,0.0048160812725203,1,51532,0.2187157501793953,0.704393795896947,0.3821346206610161,0.0423328323855483,0.9501159800526663,0.24316881925229095,0.3829872851887342,0.89989424,1,0.7997885
CANDIDATE_Korogocho Ward_46,-1.2662756001711148,36.87476343506273,Korogocho Ward,False,6,unclassified,451.0766605530865,462.1169769271282,5,89,6406,7114.906913988673,0,0,1440.0,0,12,17.684657596250318,11.666697525521228,20.693637631614862,60.45883468467407,92.24137931034484,543,224.0,0.490429447437139,congested,70.68412548851703,72846.89997678499,11.1,True,adequately_served,6.779149396359471,0.7853791720946336,64098.0,0.0132720852977886,1,64098,0.0768685671769029,1.153103289594606,0.47531756801850905,0.006602546035389303,0.9564614948864788,0.3622419813997413,0.43175248057256954,0.8998822,1,0.7997644
CANDIDATE_Dandora Area Iii Ward_11,-1.2533718898450863,36.91749473093984,Dandora Area Iii Ward,False,2,residential,551.2340141308073,557.8787204212011,0,22,8261,3479.3635402845307,0,0,1440.0,0,0,17.845377654040565,11.606875140660836,20.96462891073044,57.8859819316018,91.796875,574,247.0,0.4245573366979223,moderate,62.53869018516417,73507.78889000125,7.5,False,underserved,11.738808093017868,2.7190734863114856,46391.0,0.0036216530471197,1,46391,0.1688006615484064,4.244448169525055,0.3440116274758441,0.025963875973048854,0.9474392702832615,0.1758425235358472,0.35155139737362934,0.8997651,1,0.79953015
CANDIDATE_Lucky Summer Ward_29,-1.245969597504884,36.89494997203498,Lucky Summer Ward,False,6,unclassified,1229.7428197470283,479.0486608748764,3,39,6042,3344.2855019757435,0,0,1440.0,0,1,17.845377654040565,11.606875140660836,20.96462891073044,57.8859819316018,91.796875,574,247.0,0.4245573366979223,moderate,66.8770030670488,60808.06426925295,11.1,False,underserved,9.742556314142387,1.67192507667622,30128.0,0.0048751046146531,0,30128,0.0768685671769029,3.552160434569506,0.2234136430038635,0.015479185759303814,0.9548662706360272,0.16891688119798048,0.30682120185797973,0.8995734,1,0.7991468
CANDIDATE_Nyayo Highrise Ward_16,-1.3162993873579685,36.80422987803638,Nyayo Highrise Ward,False,2,residential,435.5782720495792,446.4120700860572,5,38,1215,5979.621047336875,0,0,1440.0,0,4,17.73181138157092,11.435384995598536,20.880024574557112,57.01554232804233,93.75,242,107.0,0.5580407232100865,congested,82.69463425732702,23400.367568368,12.7,True,adequately_served,3.623847021479628,2.12037523736736,47083.0,0.0045810800217122,1,47083,0.348155049984002,2.564062287684165,0.349143141049884,0.01996934299765411,0.9579411379226515,0.30403426708802156,0.3795875161190076,0.8995584,1,0.79911685
CANDIDATE_Dandora Area Iii Ward_46,-1.24569357296649,36.89513953688715,Dandora Area Iii Ward,False,8,residential,1254.1986402313626,459.82085634871214,4,36,8261,3479.3635402845307,0,0,1440.0,0,1,17.845377654040565,11.606875140660836,20.96462891073044,57.8859819316018,91.796875,574,247.0,0.4245573366979223,moderate,62.53869018516417,73507.78889000125,7.5,False,underserved,9.77543106593041,1.690234869869302,46391.0,0.0063734932014628,1,46391,0.1688006615484064,4.244448169525055,0.3440116274758441,0.015662514605282837,0.9566778246526116,0.1758425235358472,0.35082376790555786,0.89942974,1,0.7988595
CANDIDATE_Gatina Ward_46,-1.2811193868100794,36.74695519913524,Gatina Ward,False,6,residential,547.3096319255754,523.7977007554222,0,35,6063,3037.154756927026,0,0,1440.0,0,2,17.24048621436891,11.524509169053754,20.09847473702649,65.557208994709,92.96875,298,122.0,0.4417253633750815,congested,55.98639000937479,45919.74288559071,12.7,False,underserved,7.830949736507104,1.555177500260411,23914.0,0.0109427222332917,0,23914,0.0885442239001563,2.613255050207503,0.1773338375861123,0.014310237632503296,0.9506502249182964,0.15316985290380677,0.28640841812768575,0.899414,1,0.798828
CANDIDATE_Dandora Area Iii Ward_10,-1.2408267316770327,36.914661542808815,Dandora Area Iii Ward,False,6,residential,1428.7717382304988,833.3966070917827,0,4,8261,3479.3635402845307,0,0,1440.0,0,0,17.845377654040565,11.606875140660836,20.96462891073044,57.8859819316018,91.796875,574,247.0,0.4245573366979223,moderate,62.53869018516417,73507.78889000125,7.5,False,underserved,11.96110924077616,12.507738037032832,46391.0,0.0041964740521628,1,46391,0.1688006615484064,4.244448169525055,0.3440116274758441,0.1239739712720798,0.9214812606956473,0.1758425235358472,0.37086231928086427,0.8993746,1,0.7987492
CANDIDATE_Dandora Area Iii Ward_18,-1.2411598573167468,36.91179801592376,Dandora Area Iii Ward,False,6,residential,1472.3124497432923,569.7411041820236,0,9,8261,3479.3635402845307,0,0,1440.0,0,0,17.845377654040565,11.606875140660836,20.96462891073044,57.8859819316018,91.796875,574,247.0,0.4245573366979223,moderate,62.53869018516417,73507.78889000125,7.5,False,underserved,11.6575043066283,6.253869018516417,46391.0,0.0040724559145926,1,46391,0.1688006615484064,4.244448169525055,0.3440116274758441,0.06135641038658782,0.9463216518407116,0.1758425235358472,0.36017600728850413,0.8993629,1,0.79872584
CANDIDATE_Karen Ward_34,-1.3172036059754486,36.77551807877459,Karen Ward,False,2,residential,156.66253208186055,525.7257449869336,0,20,16628,125.91481364439316,0,0,1440.0,0,1,23.69082151948292,15.855059154149329,27.60870270214972,39.54778439153439,86.71875,289,121.0,0.4857290005023328,congested,38.49922811522797,90123.85907777146,12.7,False,severely_underserved,5.762159206762921,1.833296576915617,991.0,0.0126853220837628,0,991,0.348155049984002,25.96426766391263,0.00734874270501954,0.017094935899178144,0.9504685735879538,0.003906457763315437,0.19772080019180524,0.8988615,1,0.79772305
CANDIDATE_Dandora Area Iii Ward_5,-1.246101735849691,36.89481466475621,Dandora Area Iii Ward,False,6,unclassified,1219.607302257269,487.2601136985552,2,39,8261,3479.3635402845307,0,0,1440.0,0,1,17.845377654040565,11.606875140660836,20.96462891073044,57.8859819316018,91.796875,574,247.0,0.4245573366979223,moderate,62.53869018516417,73507.78889000125,7.5,False,underserved,9.72243334122536,1.5634672546291042,46391.0,0.0049155858636141,1,46391,0.1688006615484064,4.244448169525055,0.3440116274758441,0.014393239722468809,0.9540926258694348,0.1758425235358472,0.34998940942821904,0.89845264,1,0.7969053
CANDIDATE_Kwa Njenga Ward_33,-1.3325363498389953,36.90181286035066,Kwa Njenga Ward,False,4,primary,663.9642864035377,895.8338489745527,0,14,2929,14304.246388913643,0,0,1440.0,0,0,17.906847137299025,11.406366449662858,21.157087481117102,57.709691248294185,93.33333333333331,371,147.0,0.3154506881194194,moderate,80.52538641399036,50138.37407016672,13.8,True,adequately_served,10.714114233456138,5.368359094266024,103653.0,0.0060153606468612,1,103653,0.2682490623582934,1.4360258252339573,0.7686369602456008,0.052490143531256354,0.9155987151266369,0.7308495986869837,0.6114351347314986,0.89814144,1,0.7962829
CANDIDATE_Roysambu Ward_1,-1.236680013919492,36.859799631607366,Roysambu Ward,False,6,residential,1149.493149708897,1161.3510234890805,0,0,15669,483.239781975182,0,0,1440.0,0,0,17.684657596250318,11.666697525521228,20.693637631614862,60.45883468467407,92.24137931034484,543,224.0,0.490429447437139,congested,52.55807786151991,110098.7167953836,12.5,False,underserved,7.279596393807064,52.55807786151991,3865.0,0.0052151549111945,0,3865,0.140004148607421,20.27271584053182,0.02866083809778055,0.52498246457746,0.8905829259703961,0.022227014976261075,0.3238388976679196,0.89796466,1,0.7959293
CANDIDATE_Eastleigh South Ward_25,-1.2761764703402734,36.85737225836511,Eastleigh South Ward,False,6,residential,550.6307514208427,875.500052939164,0,7,4421,4792.49862701149,0,0,1440.0,0,0,17.684657596250318,11.666697525521228,20.693637631614862,60.45883468467407,92.24137931034484,543,224.0,0.490429447437139,congested,78.3703324081986,68143.70069639628,9.3,True,adequately_served,4.608253667401907,9.796291551024826,51532.0,0.010876841047287,1,51532,0.2187157501793953,0.704393795896947,0.3821346206610161,0.09682531099111392,0.9175144705021502,0.24316881925229095,0.3900901029300224,0.89769024,1,0.7953805
CANDIDATE_Nyayo Highrise Ward_21,-1.305979810770416,36.80995539287308,Nyayo Highrise Ward,False,6,residential,670.6168735402097,364.8876553427127,7,64,1215,5979.621047336875,0,0,1440.0,0,2,17.73181138157092,11.435384995598536,20.880024574557112,57.01554232804233,93.75,242,107.0,0.5580407232100865,congested,82.69463425732702,23400.367568368,12.7,True,adequately_served,2.3213561272362604,1.2722251424204158,47083.0,0.0089336647668974,1,47083,0.348155049984002,2.564062287684165,0.349143141049884,0.011477145599030784,0.965621987848967,0.30403426708802156,0.3790006367546148,0.89738715,1,0.7947743
CANDIDATE_Eastleigh South Ward_19,-1.281420765982069,36.85828095465429,Eastleigh South Ward,False,2,residential,664.2688954761621,810.422331065261,0,15,4421,4792.49862701149,0,0,1440.0,0,0,17.243300893072206,11.884733802396095,20.1012033414328,63.47116048203005,93.75,190,84.0,0.5831369347890785,congested,78.3703324081986,68143.70069639628,9.3,True,adequately_served,4.600286531733918,4.898145775512413,51532.0,0.0030063031859749,1,51532,0.2187157501793953,0.704393795896947,0.3821346206610161,0.04778208024610486,0.9236457897742184,0.24316881925229095,0.3790555590981837,0.8972486,1,0.79449725
CANDIDATE_Kangemi Ward_31,-1.2745396300931722,36.76017466810248,Kangemi Ward,False,6,tertiary,1166.581812106195,1115.853592248927,0,0,8188,6633.956850403134,0,0,1440.0,0,0,17.24048621436891,11.524509169053754,20.09847473702649,65.557208994709,92.96875,298,122.0,0.4417253633750815,congested,63.280549542627405,74330.71297439898,17.9,False,underserved,6.475071581581948,63.280549542627405,37061.0,0.0051388261942661,1,37061,0.1696428393750311,2.9059320347753803,0.2748251800108266,0.632342407893636,0.8948694816296873,0.33758299046034573,0.5007649093952049,0.8972181,1,0.7944362
CANDIDATE_Upper Savanna Ward_4,-1.2786658032126927,36.92365293951807,Upper Savanna Ward,False,2,residential,1470.6793895852445,778.1306311156487,0,23,2569,969.351607954276,0,0,1440.0,0,0,18.054313199966053,11.514724616707694,21.324107491595232,57.35551818750744,93.22916666666669,394,160.0,0.5289229448015942,congested,62.13610462916318,22624.40132520788,7.2,False,underserved,11.865269253044692,2.5890043595484658,13463.0,0.001358991648693,0,13463,0.4401639794947514,17.503225579665653,0.09983463475043196,0.024661544337977563,0.9266881630553935,0.0471506567842833,0.23587527221508095,0.8968324,1,0.7936648
CANDIDATE_Korogocho Ward_21,-1.2682047296046772,36.89005719461346,Korogocho Ward,False,6,residential,782.1544960883873,494.97434200763695,3,52,6406,7114.906913988673,0,0,1440.0,0,2,18.054313199966053,11.514724616707694,21.324107491595232,57.35551818750744,93.22916666666669,394,160.0,0.5289229448015942,congested,70.68412548851703,72846.89997678499,11.1,True,adequately_served,8.348214876461636,1.333662745066359,64098.0,0.0076613235702126,1,64098,0.0768685671769029,1.153103289594606,0.47531756801850905,0.0120922964461225,0.9533658272763271,0.3622419813997413,0.4325057846532225,0.8967771,1,0.7935542
CANDIDATE_Dandora Area Iii Ward_33,-1.2533798020925,36.91815390581566,Dandora Area Iii Ward,False,6,residential,536.69543510249,560.917506728369,0,24,8261,3479.3635402845307,0,0,1440.0,0,0,17.845377654040565,11.606875140660836,20.96462891073044,57.8859819316018,91.796875,574,247.0,0.4245573366979223,moderate,62.53869018516417,73507.78889000125,7.5,False,underserved,11.808157069115913,2.501547607406567,46391.0,0.0111587333800896,1,46391,0.1688006615484064,4.244448169525055,0.3440116274758441,0.02378587385529261,0.9471529700177891,0.1758425235358472,0.3509496367910958,0.896389,1,0.792778
CANDIDATE_Dandora Area Iii Ward_48,-1.2418199409942,36.91789786925612,Dandora Area Iii Ward,False,6,residential,1369.921293835398,1107.582447644976,0,0,8261,3479.3635402845307,0,0,1440.0,0,0,17.845377654040565,11.606875140660836,20.96462891073044,57.8859819316018,91.796875,574,247.0,0.4245573366979223,moderate,62.53869018516417,73507.78889000125,7.5,False,underserved,12.242812360186576,62.53869018516417,46391.0,0.0043766188671662,1,46391,0.1688006615484064,4.244448169525055,0.3440116274758441,0.6249144583560159,0.8956487502772673,0.1758425235358472,0.49093093896817225,0.8963237,1,0.79264736
CANDIDATE_Nairobi West Ward_22,-1.3116886303979067,36.792369347421534,Nairobi West Ward,False,6,residential,504.61818627131913,727.5800611497611,0,8,9939,1107.4331345036017,0,0,1440.0,0,0,23.69082151948292,15.855059154149329,27.60870270214972,39.54778439153439,86.71875,289,121.0,0.4857290005023328,congested,56.79149445936021,76676.38743229359,12.7,False,underserved,3.940380521028116,6.310166051040024,8719.0,0.0118666617675424,0,8719,0.348155049984002,18.15421991847434,0.06465558793649381,0.06192009070213042,0.9314508018651299,0.05423029221814396,0.2352456972699602,0.89612556,1,0.7922511
CANDIDATE_Korogocho Ward_10,-1.2631368827061358,36.89180101932363,Korogocho Ward,False,2,residential,359.65316387427566,348.87246620034,8,42,6406,7114.906913988673,0,0,1440.0,0,8,17.845377654040565,11.606875140660836,20.96462891073044,57.8859819316018,91.796875,574,247.0,0.4245573366979223,moderate,70.68412548851703,72846.89997678499,11.1,True,adequately_served,8.687256331344965,1.6438168718259774,64098.0,0.005545494121042,1,64098,0.0768685671769029,1.153103289594606,0.47531756801850905,0.015197749224035686,0.9671308642356469,0.3622419813997413,0.4360351552395647,0.8959919,1,0.79198384
CANDIDATE_Kwa Njenga Ward_20,-1.3342224567424976,36.89686841683977,Kwa Njenga Ward,False,3,trunk,415.53664305734617,396.3021782930088,7,32,2929,14304.246388913643,0,0,1440.0,0,10,17.906847137299025,11.406366449662858,21.157087481117102,57.709691248294185,93.33333333333331,371,147.0,0.3154506881194194,moderate,80.52538641399036,50138.37407016672,13.8,True,adequately_served,10.330197017259245,2.4401632246663745,103653.0,0.0072022475093193,1,103653,0.2682490623582934,1.4360258252339573,0.7686369602456008,0.02317125587844151,0.9626622580913521,0.7308495986869837,0.6135181214112378,0.89582133,1,0.79164267
CANDIDATE_Airbase Ward_42,-1.2551405382567955,36.88893253092065,Airbase Ward,False,6,residential,559.3788375947286,455.7247479555877,1,37,17075,1530.534366496874,0,0,1440.0,0,5,17.845377654040565,11.606875140660836,20.96462891073044,57.8859819316018,91.796875,574,247.0,0.4245573366979223,moderate,46.01546587417469,105433.25515722662,9.3,False,severely_underserved,8.698954052770308,1.2109333124782815,16457.0,0.010707042446059,0,16457,0.2187157501793953,11.040159940658125,0.1220365879884022,0.010863454317390338,0.9570637408710666,0.07592329162932626,0.2520260758753669,0.89557,1,0.79113996
CANDIDATE_Utawala Ward_30,-1.3321944551284393,36.90157711438905,Utawala Ward,False,4,primary,626.9262172799756,849.844587539186,0,22,1192,533.5841812400769,0,0,1440.0,0,0,17.906847137299025,11.406366449662858,21.157087481117102,57.709691248294185,93.33333333333331,371,147.0,0.3154506881194194,moderate,84.76259453269707,26083.793400018483,7.2,True,adequately_served,10.672924461682848,3.685330197073785,7410.0,0.0063701751733301,0,7410,0.4401639794947514,24.843012289751567,0.05494872194166982,0.03563862903200032,0.9199316087318128,0.02480824363036969,0.217089680410021,0.8955033,1,0.79100657
CANDIDATE_Kasarani Ward_35,-1.240233998862201,36.86801723363734,Kasarani Ward,False,3,trunk_link,171.63653139044223,399.9908201891836,5,37,19913,2300.2340071122967,0,0,1440.0,0,13,17.684657596250318,11.666697525521228,20.693637631614862,60.45883468467407,92.24137931034484,543,224.0,0.490429447437139,congested,59.51118305482108,163944.92175693653,11.0,False,underserved,7.633218291276777,1.5660837646005548,20911.0,0.0173775502545001,0,20911,0.2237461265027511,7.319531383711358,0.15506514500975135,0.01441943782031187,0.9623147314648116,0.11538688234494743,0.2734179829704428,0.89534396,1,0.7906879
CANDIDATE_Kangemi Ward_22,-1.2575534437077536,36.74420810455287,Kangemi Ward,False,6,residential,740.9913967017043,734.836656220129,0,15,8188,6633.956850403134,0,0,1440.0,0,0,17.24048621436891,11.524509169053754,20.09847473702649,65.557208994709,92.96875,298,122.0,0.4417253633750815,congested,63.280549542627405,74330.71297439898,17.9,False,underserved,8.725305926510408,3.955034346414213,37061.0,0.0080863471283779,1,37061,0.1696428393750311,2.9059320347753803,0.2748251800108266,0.038339071900629566,0.9307671193402445,0.33758299046034573,0.3594436029390648,0.89507043,1,0.79014087
CANDIDATE_Kwa Njenga Ward_18,-1.3280138002286737,36.902196428773344,Kwa Njenga Ward,False,4,primary,165.4161225198497,497.0173208042396,2,28,2929,14304.246388913643,0,0,1440.0,0,7,17.906847137299025,11.406366449662858,21.157087481117102,57.709691248294185,93.33333333333331,371,147.0,0.3154506881194194,moderate,80.52538641399036,50138.37407016672,13.8,True,adequately_served,10.5209094707027,2.776737462551392,103653.0,0.0240361326741217,1,103653,0.2682490623582934,1.4360258252339573,0.7686369602456008,0.026541242964971956,0.9531733473475996,0.7308495986869837,0.61246283603412,0.894925,1,0.78985
CANDIDATE_Eastleigh South Ward_44,-1.2821212667812305,36.85690479830856,Eastleigh South Ward,False,8,residential,584.5276724677697,647.4865561809178,0,16,4421,4792.49862701149,0,0,1440.0,0,0,17.243300893072206,11.884733802396095,20.1012033414328,63.47116048203005,93.75,190,84.0,0.5831369347890785,congested,78.3703324081986,68143.70069639628,9.3,True,adequately_served,4.43943103465052,4.610019553423448,51532.0,0.0136628896910766,1,51532,0.2187157501793953,0.704393795896947,0.3821346206610161,0.04489718431992787,0.938996838149782,0.24316881925229095,0.3814045447917522,0.89466596,1,0.7893319
CANDIDATE_Sarang'ombe Ward_20,-1.3174804357024514,36.77449698145676,Sarang'ombe Ward,False,2,residential,257.61642110786414,477.41095292876673,2,17,5959,15421.34774339274,0,0,1440.0,0,1,23.69082151948292,15.855059154149329,27.60870270214972,39.54778439153439,86.71875,289,121.0,0.4857290005023328,congested,74.32034487468462,77355.9452208662,26.3,True,adequately_served,5.87189214978454,4.128908048593591,58636.0,0.0077334609744902,1,58636,0.2104011684477993,1.8615246648315409,0.4348142050974024,0.040080001731485855,0.9550205678364033,0.7881249673045143,0.5108340792451458,0.89398277,1,0.78796554
CANDIDATE_Eastleigh South Ward_48,-1.2825965581669043,36.85747747852572,Eastleigh South Ward,False,8,residential,667.0482700350123,707.0295062651057,0,17,4421,4792.49862701149,0,0,1440.0,0,0,17.243300893072206,11.884733802396095,20.1012033414328,63.47116048203005,93.75,190,84.0,0.5831369347890785,congested,78.3703324081986,68143.70069639628,9.3,True,adequately_served,4.4974550379634985,4.3539073560110335,51532.0,0.0119751825711347,1,51532,0.2187157501793953,0.704393795896947,0.3821346206610161,0.0423328323855483,0.9333869792479235,0.24316881925229095,0.3796414850277856,0.8939509,1,0.78790176
CANDIDATE_Dandora Area Iii Ward_19,-1.2470019524553604,36.91513611713162,Dandora Area Iii Ward,False,8,residential,919.1570713901832,753.5686406213796,0,9,8261,3479.3635402845307,0,0,1440.0,0,0,17.845377654040565,11.606875140660836,20.96462891073044,57.8859819316018,91.796875,574,247.0,0.4245573366979223,moderate,62.53869018516417,73507.78889000125,7.5,False,underserved,11.73567584169097,6.253869018516417,46391.0,0.0086941678206238,1,46391,0.1688006615484064,4.244448169525055,0.3440116274758441,0.06135641038658782,0.9290022791821023,0.1758425235358472,0.35671213275678226,0.89392793,1,0.78785586
CANDIDATE_Kilimani Ward_15,-1.3088008293051216,36.76920369733637,Kilimani Ward,False,6,residential,941.4193558227144,404.2814732217981,1,19,8599,885.9820170246448,0,0,1440.0,0,2,16.699138772601074,11.303737458124182,19.57668614032208,68.12864671560324,95.45454545454544,134,49.0,0.5466091380314718,congested,79.90573642743492,142658.5972963719,12.7,True,adequately_served,5.888357598593957,3.995286821371746,6976.0,0.0063665924972032,0,6976,0.0885442239001563,26.665059604485144,0.05173040273482978,0.03874210429449365,0.9619104861582595,0.042876179779272466,0.22874850021832022,0.893696,1,0.787392
CANDIDATE_Ngando Ward_2,-1.3083107064269612,36.76891468304631,Ngando Ward,False,6,residential,886.3633558556826,426.6527203317059,4,21,2979,1287.4420267405085,0,0,1440.0,0,2,16.699138772601074,11.303737458124182,19.57668614032208,68.12864671560324,95.45454545454544,134,49.0,0.5466091380314718,congested,64.55544213237266,28020.643468093764,18.5,False,underserved,5.894753075438035,2.934338278744212,6959.0,0.0067616044322837,0,6959,0.1996750767775023,17.558483286089597,0.051604339540091804,0.028119238710379846,0.9598027716501986,0.06345960307338838,0.2297438034613445,0.893696,1,0.787392
CANDIDATE_Dandora Area Iii Ward_23,-1.2428629567164438,36.90571316744391,Dandora Area Iii Ward,False,6,residential,1395.5243326031205,302.54555810771205,9,19,8261,3479.3635402845307,0,0,1440.0,0,4,17.845377654040565,11.606875140660836,20.96462891073044,57.8859819316018,91.796875,574,247.0,0.4245573366979223,moderate,62.53869018516417,73507.78889000125,7.5,False,underserved,10.966231957299591,3.1269345092582084,46391.0,0.0042963805641796,1,46391,0.1688006615484064,4.244448169525055,0.3440116274758441,0.030047629943841813,0.9714955693332537,0.1758425235358472,0.35738359567632605,0.8931698,1,0.78633964
CANDIDATE_Eastleigh South Ward_41,-1.2858787420686837,36.8575093596756,Eastleigh South Ward,False,2,unclassified,641.6364426193088,518.9182514176428,0,20,4421,4792.49862701149,0,0,1440.0,0,1,17.243300893072206,11.884733802396095,20.1012033414328,63.47116048203005,93.75,190,84.0,0.5831369347890785,congested,78.3703324081986,68143.70069639628,9.3,True,adequately_served,4.481441925263891,3.7319205908666,51532.0,0.0031121795580845,1,51532,0.2187157501793953,0.704393795896947,0.3821346206610161,0.03610512054491223,0.951109943865124,0.24316881925229095,0.38162914999106673,0.89303774,1,0.7860755
CANDIDATE_Nairobi West Ward_49,-1.3170073385619965,36.80335202541999,Nairobi West Ward,False,2,residential,560.2989619494712,568.6288979625118,0,32,9939,1107.4331345036017,0,0,1440.0,0,0,17.73181138157092,11.435384995598536,20.880024574557112,57.01554232804233,93.75,242,107.0,0.5580407232100865,congested,56.79149445936021,76676.38743229359,12.7,False,underserved,3.7353495830691608,1.72095437755637,8719.0,0.0035631635466663,0,8719,0.348155049984002,18.15421991847434,0.06465558793649381,0.015970097101377975,0.946426438720643,0.05423029221814396,0.22675332624087474,0.8930226,1,0.7860452
CANDIDATE_Pangani Ward_16,-1.2630774537425258,36.852144792521706,Pangani Ward,False,6,residential,328.9682398964819,324.92260088064774,12,43,989,2790.562086051957,0,0,1440.0,0,9,17.684657596250318,11.666697525521228,20.693637631614862,60.45883468467407,92.24137931034484,543,224.0,0.490429447437139,congested,88.98050726062212,29921.21680161153,20.0,True,adequately_served,4.6708160796122815,2.02228425592323,13952.0,0.0181835682182089,0,13952,0.0823102809141833,24.46424571745943,0.10346080546965956,0.018987196108310945,0.9693873087848676,0.1405266974138228,0.26294088218119666,0.89229196,1,0.7845839
CANDIDATE_Eastleigh South Ward_17,-1.277310559101833,36.85210844554504,Eastleigh South Ward,False,8,tertiary,162.58028098604484,311.16294393726514,4,20,4421,4792.49862701149,0,0,1440.0,0,2,17.684657596250318,11.666697525521228,20.693637631614862,60.45883468467407,92.24137931034484,543,224.0,0.490429447437139,congested,78.3703324081986,68143.70069639628,9.3,True,adequately_served,4.010126989773424,3.7319205908666,51532.0,0.0489056501907004,1,51532,0.2187157501793953,0.704393795896947,0.3821346206610161,0.03610512054491223,0.9706836794531198,0.24316881925229095,0.3855438971086658,0.89224374,1,0.7844875
CANDIDATE_Kwa Njenga Ward_27,-1.3347463991441515,36.89918619574669,Kwa Njenga Ward,False,3,motorway_link,624.5987085889749,546.3498597969417,0,20,2929,14304.246388913643,0,0,1440.0,0,2,17.906847137299025,11.406366449662858,21.157087481117102,57.709691248294185,93.33333333333331,371,147.0,0.3154506881194194,moderate,80.52538641399036,50138.37407016672,13.8,True,adequately_served,10.581407564389185,3.834542210190017,103653.0,0.0047954063184792,1,103653,0.2682490623582934,1.4360258252339573,0.7686369602456008,0.03713263095121048,0.9485254657322582,0.7308495986869837,0.6141811067076114,0.89180624,1,0.7836125
CANDIDATE_Eastleigh South Ward_45,-1.287429399301055,36.8550747836746,Eastleigh South Ward,False,2,residential,361.4397081421204,380.9620564898936,7,33,4421,4792.49862701149,0,0,1440.0,0,2,17.243300893072206,11.884733802396095,20.1012033414328,63.47116048203005,93.75,190,84.0,0.5831369347890785,congested,78.3703324081986,68143.70069639628,9.3,True,adequately_served,4.211977121234315,2.305009776711724,51532.0,0.005518159172603,1,51532,0.2187157501793953,0.704393795896947,0.3821346206610161,0.02181801691051184,0.9641075327835049,0.24316881925229095,0.38065689186614277,0.8915553,1,0.7831106
CANDIDATE_Mowlem Ward_48,-1.2471196394509894,36.89192900094999,Mowlem Ward,False,2,residential,1219.8897726459347,478.4455852589036,2,43,3727,924.779822358499,0,0,1440.0,0,1,17.845377654040565,11.606875140660836,20.96462891073044,57.8859819316018,91.796875,574,247.0,0.4245573366979223,moderate,80.21913323300808,62819.89166655838,6.4,True,adequately_served,9.385695476208236,1.8231621189320013,14449.0,0.0016381495240684,0,14449,0.0838307335300991,7.067824986975575,0.10714630004523444,0.016993463508574565,0.9549230896063331,0.0448653982088606,0.24170726845601448,0.89148194,1,0.7829639
CANDIDATE_Hospital Ward_18,-1.261061031744738,36.85149649029341,Hospital Ward,False,2,residential,320.27869930426954,536.2230261497803,0,43,2568,5468.702396804928,0,0,1440.0,0,9,17.684657596250318,11.666697525521228,20.693637631614862,60.45883468467407,92.24137931034484,543,224.0,0.490429447437139,congested,78.17900267492627,39231.09369567416,14.5,True,adequately_served,4.740780177320394,1.7767955153392334,37715.0,0.0062251248038883,1,37715,0.0461995963019781,3.670557877306343,0.2796749052672169,0.01652921271999435,0.9494795687419821,0.27783874425076405,0.34748218262207375,0.8911736,1,0.7823472
CANDIDATE_Dandora Area Iii Ward_13,-1.2464765473969504,36.91553603804197,Dandora Area Iii Ward,False,2,residential,991.2278331773122,793.0619304087372,0,8,8261,3479.3635402845307,0,0,1440.0,0,0,17.845377654040565,11.606875140660836,20.96462891073044,57.8859819316018,91.796875,574,247.0,0.4245573366979223,moderate,62.53869018516417,73507.78889000125,7.5,False,underserved,11.798790081569246,6.94874335390713,46391.0,0.0020156660931346,1,46391,0.1688006615484064,4.244448169525055,0.3440116274758441,0.06831391715164248,0.9252814057123795,0.1758425235358472,0.3577073347541014,0.8911067,1,0.78221345
CANDIDATE_Dandora Area Iii Ward_41,-1.2405576730903254,36.91193652396296,Dandora Area Iii Ward,False,2,residential,1539.590464462186,631.3174431428196,0,8,8261,3479.3635402845307,0,0,1440.0,0,0,17.845377654040565,11.606875140660836,20.96462891073044,57.8859819316018,91.796875,574,247.0,0.4245573366979223,moderate,62.53869018516417,73507.78889000125,7.5,False,underserved,11.70041382295172,6.94874335390713,46391.0,0.0012982035434694,1,46391,0.1688006615484064,4.244448169525055,0.3440116274758441,0.06831391715164248,0.9405202165276366,0.1758425235358472,0.3607550969171528,0.8910909,1,0.78218186
CANDIDATE_Makina Ward_16,-1.3114467410704314,36.794765670805454,Makina Ward,False,6,residential,655.0886995423896,476.2761389189427,2,11,1896,15852.355248829706,0,0,1440.0,0,1,23.69082151948292,15.855059154149329,27.60870270214972,39.54778439153439,86.71875,289,121.0,0.4857290005023328,congested,89.77563305815848,61838.3383815226,26.3,True,adequately_served,3.738498004769957,7.481302754846539,60275.0,0.0091451049289294,1,60275,0.2104011684477993,3.298924345951629,0.44696818016655177,0.07364622753657848,0.9551274847168395,0.8102233325529709,0.5279205833963998,0.8905868,1,0.7811736
CANDIDATE_Korogocho Ward_17,-1.2707753634681087,36.888694996451065,Korogocho Ward,False,6,residential,543.41724010804,484.4126313685147,2,76,6406,7114.906913988673,0,0,1440.0,0,4,18.054313199966053,11.514724616707694,21.324107491595232,57.35551818750744,93.22916666666669,394,160.0,0.5289229448015942,congested,70.68412548851703,72846.89997678499,11.1,True,adequately_served,8.13557793649335,0.9179756556950264,64098.0,0.0110209588491527,1,64098,0.0768685671769029,1.153103289594606,0.47531756801850905,0.007930183112607687,0.9543609023668955,0.3622419813997413,0.4316642713379575,0.8905092,1,0.7810184
CANDIDATE_Airbase Ward_41,-1.276091713872593,36.85307980004502,Airbase Ward,False,2,residential,274.3403078306998,408.69823828014506,2,17,17075,1530.534366496874,0,0,1440.0,0,4,17.684657596250318,11.666697525521228,20.693637631614862,60.45883468467407,92.24137931034484,543,224.0,0.490429447437139,congested,46.01546587417469,105433.25515722662,9.3,False,severely_underserved,4.150084802306198,2.556414770787483,16457.0,0.0072637385196422,0,16457,0.2187157501793953,11.040159940658125,0.1220365879884022,0.024335237446606484,0.9614943591651403,0.07592329162932626,0.2562801453164857,0.8892396,1,0.7784792
CANDIDATE_Makina Ward_41,-1.3107850237193677,36.79158849391429,Makina Ward,False,2,unclassified,376.3744875522551,704.5769945619928,0,10,1896,15852.355248829706,0,0,1440.0,0,0,23.69082151948292,15.855059154149329,27.60870270214972,39.54778439153439,86.71875,289,121.0,0.4857290005023328,congested,89.77563305815848,61838.3383815226,26.3,True,adequately_served,3.931714426789645,8.161421187105317,60275.0,0.0052997753318527,1,60275,0.2104011684477993,3.298924345951629,0.44696818016655177,0.08045598917616784,0.9336180434560316,0.8102233325529709,0.5253211355541356,0.88923717,1,0.77847433
CANDIDATE_Nyayo Highrise Ward_46,-1.3065106428588595,36.81067936565749,Nyayo Highrise Ward,False,6,residential,723.9021648987891,306.2025450812584,10,69,1215,5979.621047336875,0,0,1440.0,0,2,17.73181138157092,11.435384995598536,20.880024574557112,57.01554232804233,93.75,242,107.0,0.5580407232100865,congested,82.69463425732702,23400.367568368,12.7,True,adequately_served,2.350753485659852,1.1813519179618146,47083.0,0.0082769790056258,1,47083,0.348155049984002,2.564062287684165,0.349143141049884,0.010567267306321142,0.9711510250858068,0.30403426708802156,0.3798789746288054,0.88901246,1,0.7780249
CANDIDATE_Nyayo Highrise Ward_29,-1.317137870757427,36.80229233095943,Nyayo Highrise Ward,False,2,residential,645.2809230682941,632.6338122306529,0,34,1215,5979.621047336875,0,0,1440.0,0,0,23.69082151948292,15.855059154149329,27.60870270214972,39.54778439153439,86.71875,289,121.0,0.4857290005023328,congested,82.69463425732702,23400.367568368,12.7,True,adequately_served,3.798475639749868,2.362703835923629,47083.0,0.003094629484814,1,47083,0.348155049984002,2.564062287684165,0.349143141049884,0.02239568511154648,0.9403961943749708,0.30403426708802156,0.37668511293794454,0.88835514,1,0.7767103
CANDIDATE_Eastleigh South Ward_1,-1.2854179675608417,36.858295635555386,Eastleigh South Ward,False,6,residential,734.8621658596626,529.1274991818626,0,21,4421,4792.49862701149,0,0,1440.0,0,1,17.243300893072206,11.884733802396095,20.1012033414328,63.47116048203005,93.75,190,84.0,0.5831369347890785,congested,78.3703324081986,68143.70069639628,9.3,True,adequately_served,4.569780203402319,3.5622878367363,51532.0,0.0081537008945018,1,51532,0.2187157501793953,0.704393795896947,0.3821346206610161,0.03440665367928421,0.9501480761818734,0.24316881925229095,0.38101215973800956,0.88820344,1,0.7764069
CANDIDATE_Mowlem Ward_17,-1.247957206675134,36.897960095274335,Mowlem Ward,False,2,residential,960.603501743784,317.30179301192794,7,47,3727,924.779822358499,0,0,1440.0,0,4,17.845377654040565,11.606875140660836,20.96462891073044,57.8859819316018,91.796875,574,247.0,0.4245573366979223,moderate,80.21913323300808,62819.89166655838,6.4,True,adequately_served,9.943619217131056,1.671231942354335,14449.0,0.002079859314544,0,14449,0.0838307335300991,7.067824986975575,0.10714630004523444,0.015472245674618003,0.9701053057400275,0.0448653982088606,0.2443634072242642,0.8880255,1,0.77605104
CANDIDATE_Lucky Summer Ward_32,-1.2512213368939311,36.88816775861172,Lucky Summer Ward,False,8,unclassified,958.9305306990018,420.4896408126999,2,29,6042,3344.2855019757435,0,0,1440.0,0,1,17.845377654040565,11.606875140660836,20.96462891073044,57.8859819316018,91.796875,574,247.0,0.4245573366979223,moderate,66.8770030670488,60808.06426925295,11.1,False,underserved,8.805831916727852,2.2292334355682937,30128.0,0.0083339364091009,0,30128,0.0768685671769029,3.552160434569506,0.2234136430038635,0.021059297845373155,0.9603834282426864,0.16891688119798048,0.3093196614008289,0.88796866,1,0.7759373
CANDIDATE_Kangemi Ward_21,-1.2739860774716143,36.76099984545367,Kangemi Ward,False,2,residential,1128.829196453478,1123.6636627758046,0,0,8188,6633.956850403134,0,0,1440.0,0,0,17.24048621436891,11.524509169053754,20.09847473702649,65.557208994709,92.96875,298,122.0,0.4417253633750815,congested,63.280549542627405,74330.71297439898,17.9,False,underserved,6.398286209781668,63.280549542627405,37061.0,0.0017701790733307,1,37061,0.1696428393750311,2.9059320347753803,0.2748251800108266,0.632342407893636,0.8941336532300631,0.33758299046034573,0.5006177437152801,0.88757986,1,0.7751597
CANDIDATE_Kwa Njenga Ward_28,-1.3346959638577407,36.90036696627359,Kwa Njenga Ward,False,3,motorway,699.268594666134,665.2569676430297,0,12,2929,14304.246388913643,0,0,1440.0,0,0,17.906847137299025,11.406366449662858,21.157087481117102,57.709691248294185,93.33333333333331,371,147.0,0.3154506881194194,moderate,80.52538641399036,50138.37407016672,13.8,True,adequately_served,10.691856709523876,6.194260493383874,103653.0,0.0042840704593218,1,103653,0.2682490623582934,1.4360258252339573,0.7686369602456008,0.060759573382050285,0.9373225929068193,0.7308495986869837,0.6178472677502335,0.8871085,1,0.774217
CANDIDATE_Mowlem Ward_33,-1.2458467424977024,36.9147423399878,Mowlem Ward,False,8,residential,1019.1354723601326,702.800371928259,0,7,3727,924.779822358499,0,0,1440.0,0,0,17.845377654040565,11.606875140660836,20.96462891073044,57.8859819316018,91.796875,574,247.0,0.4245573366979223,moderate,80.21913323300808,62819.89166655838,6.4,True,adequately_served,11.743799940067095,10.02739165412601,14449.0,0.007842095698811,0,14449,0.0838307335300991,7.067824986975575,0.10714630004523444,0.099139226542229,0.9337854285500352,0.0448653982088606,0.2580161770031685,0.8867798,1,0.7735596
CANDIDATE_Nairobi West Ward_14,-1.307815542024204,36.79447035122188,Nairobi West Ward,False,2,residential,471.9975171798866,470.8113320982861,1,28,9939,1107.4331345036017,0,0,1440.0,0,1,23.69082151948292,15.855059154149329,27.60870270214972,39.54778439153439,86.71875,289,121.0,0.4857290005023328,congested,56.79149445936021,76676.38743229359,12.7,False,underserved,3.472056249302288,1.958327395150352,8719.0,0.0042283520047302,0,8719,0.348155049984002,18.15421991847434,0.06465558793649381,0.01834682090831344,0.9556423533141537,0.05423029221814396,0.22919069011131074,0.8867103,1,0.7734206
CANDIDATE_Dandora Area Iii Ward_16,-1.240822054950114,36.91223900151523,Dandora Area Iii Ward,False,6,unclassified,1511.8224998216533,630.1883211461782,0,8,8261,3479.3635402845307,0,0,1440.0,0,0,17.845377654040565,11.606875140660836,20.96462891073044,57.8859819316018,91.796875,574,247.0,0.4245573366979223,moderate,62.53869018516417,73507.78889000125,7.5,False,underserved,11.71794478890546,6.94874335390713,46391.0,0.0039660964856798,1,46391,0.1688006615484064,4.244448169525055,0.3440116274758441,0.06831391715164248,0.9406265971331522,0.1758425235358472,0.36077637303825594,0.8864722,1,0.77294445
CANDIDATE_Nyayo Highrise Ward_34,-1.3179361082303993,36.8026023371435,Nyayo Highrise Ward,False,2,residential,551.0324484995842,538.3077024861983,0,34,1215,5979.621047336875,0,0,1440.0,0,5,23.69082151948292,15.855059154149329,27.60870270214972,39.54778439153439,86.71875,289,121.0,0.4857290005023328,congested,82.69463425732702,23400.367568368,12.7,True,adequately_served,3.863936232181508,2.362703835923629,47083.0,0.0036229754345708,1,47083,0.348155049984002,2.564062287684165,0.349143141049884,0.02239568511154648,0.9492831602656333,0.30403426708802156,0.378462506116077,0.8863415,1,0.772683
CANDIDATE_Nairobi West Ward_43,-1.306411673579534,36.79048584521641,Nairobi West Ward,False,3,secondary,112.20360156852422,327.8596880984194,5,27,9939,1107.4331345036017,0,0,1440.0,0,2,23.69082151948292,15.855059154149329,27.60870270214972,39.54778439153439,86.71875,289,121.0,0.4857290005023328,congested,56.79149445936021,76676.38743229359,12.7,False,underserved,3.710892814507176,2.028267659262865,8719.0,0.0265009236316924,0,8719,0.348155049984002,18.15421991847434,0.06465558793649381,0.01904710560142836,0.9691105901330228,0.05423029221814396,0.23205940864836327,0.88629234,1,0.7725847
CANDIDATE_Korogocho Ward_6,-1.269242392684375,36.88872253205518,Korogocho Ward,False,6,residential,709.0721567194379,394.5191332360948,6,72,6406,7114.906913988673,0,0,1440.0,0,2,18.054313199966053,11.514724616707694,21.324107491595232,57.35551818750744,93.22916666666669,394,160.0,0.5289229448015942,congested,70.68412548851703,72846.89997678499,11.1,True,adequately_served,8.176655319699575,0.9682756916235208,64098.0,0.0084498454744659,1,64098,0.0768685671769029,1.153103289594606,0.47531756801850905,0.008433817831046693,0.9628302482760978,0.3622419813997413,0.43348404919940764,0.88603544,1,0.7720709
CANDIDATE_Mountain View Ward_3,-1.2559391784676424,36.74569385722928,Mountain View Ward,False,6,residential,633.5700147673945,909.238952829266,0,8,6212,2438.23971917691,0,0,1440.0,0,0,17.24048621436891,11.524509169053754,20.09847473702649,65.557208994709,92.96875,298,122.0,0.4417253633750815,congested,61.1874463798916,53352.875177465976,17.9,False,underserved,8.640692669154022,6.798605153321289,13621.0,0.0094552214261169,0,13621,0.1696428393750311,5.847857289081503,0.10100628091329077,0.06681064167711834,0.9143357487958895,0.1224626306627993,0.2594145346306691,0.88584137,1,0.77168274
CANDIDATE_Woodley/kenyatta Golf Course Ward_10,-1.3179183654730506,36.74389096093053,Woodley/kenyatta Golf Course Ward,False,2,residential,1351.8829903519131,1348.3267335230175,0,0,7917,4018.27020779832,0,0,1440.0,0,0,16.699138772601074,11.303737458124182,19.57668614032208,68.12864671560324,95.45454545454544,134,49.0,0.5466091380314718,congested,85.74743830112823,185176.1679773348,26.3,True,adequately_served,8.871130307441701,85.74743830112823,15278.0,0.0014783244480587,1,15278,0.2104011684477993,10.498111183713132,0.11329373465922153,0.8572946367583104,0.8729669470865462,0.20347303164376196,0.4692644620663668,0.8854439,1,0.77088785
CANDIDATE_Woodley/kenyatta Golf Course Ward_29,-1.31088403185645,36.79532954920505,Woodley/kenyatta Golf Course Ward,False,6,residential,669.2721526080983,391.2090523095377,2,11,7917,4018.27020779832,0,0,1440.0,0,1,23.69082151948292,15.855059154149329,27.60870270214972,39.54778439153439,86.71875,289,121.0,0.4857290005023328,congested,85.74743830112823,185176.1679773348,26.3,True,adequately_served,3.650071904783828,7.145619858427352,15278.0,0.0089515877642437,0,15278,0.2104011684477993,10.498111183713132,0.11329373465922153,0.07028516510586369,0.9631421086546221,0.20347303164376196,0.29054712646687025,0.88521266,1,0.7704253
CANDIDATE_Makina Ward_29,-1.3066675485990695,36.79206929305434,Makina Ward,False,3,secondary,234.1409296696212,505.7134108271197,0,28,1896,15852.355248829706,0,0,1440.0,0,2,23.69082151948292,15.855059154149329,27.60870270214972,39.54778439153439,86.71875,289,121.0,0.4857290005023328,congested,89.77563305815848,61838.3383815226,26.3,True,adequately_served,3.5893794874935043,3.0957114847640854,60275.0,0.0127583062813227,1,60275,0.2104011684477993,3.298924345951629,0.44696818016655177,0.0297350059295714,0.9523540423256408,0.8102233325529709,0.5163880895164084,0.8851677,1,0.77033544
CANDIDATE_Kasarani Ward_33,-1.2393111644600263,36.867264883965824,Kasarani Ward,False,3,trunk_link,270.89356050701724,498.83492021697776,1,22,19913,2300.2340071122967,0,0,1440.0,0,5,17.684657596250318,11.666697525521228,20.693637631614862,60.45883468467407,92.24137931034484,543,224.0,0.490429447437139,congested,59.51118305482108,163944.92175693653,11.0,False,underserved,7.641473143410852,2.5874427415139603,20911.0,0.0110337295021099,0,20911,0.2237461265027511,7.319531383711358,0.15506514500975135,0.024645908463278875,0.9530021016126948,0.11538688234494743,0.2741120746607612,0.8840143,1,0.7680286
CANDIDATE_Pangani Ward_45,-1.2610355422550497,36.8493093156609,Pangani Ward,False,6,unclassified,321.7645595487655,564.3348912169002,0,48,989,2790.562086051957,0,0,1440.0,0,0,17.684657596250318,11.666697525521228,20.693637631614862,60.45883468467407,92.24137931034484,543,224.0,0.490429447437139,congested,88.98050726062212,29921.21680161153,20.0,True,adequately_served,4.549292003098757,1.815928719604533,13952.0,0.0185894015389675,0,13952,0.0823102809141833,24.46424571745943,0.10346080546965956,0.016921038291248174,0.9468309999983837,0.1405266974138228,0.25791308096963417,0.88322854,1,0.7664571
CANDIDATE_Gatina Ward_13,-1.2801578767135802,36.74833810274755,Gatina Ward,False,6,residential,726.14450560395,336.88075553669506,4,23,6063,3037.154756927026,0,0,1440.0,0,1,17.24048621436891,11.524509169053754,20.09847473702649,65.557208994709,92.96875,298,122.0,0.4417253633750815,congested,55.98639000937479,45919.74288559071,12.7,False,underserved,7.686575294947061,2.332766250390616,23914.0,0.0082514547710383,0,23914,0.0885442239001563,2.613255050207503,0.1773338375861123,0.02209593169820704,0.9682606672554811,0.15316985290380677,0.29187693011154864,0.88252294,1,0.7650459
CANDIDATE_Hospital Ward_43,-1.2564025501517746,36.85243092658173,Hospital Ward,False,2,residential,237.7017959107894,302.87283808615825,8,18,2568,5468.702396804928,0,0,1440.0,0,13,17.684657596250318,11.666697525521228,20.693637631614862,60.45883468467407,92.24137931034484,543,224.0,0.490429447437139,congested,78.17900267492627,39231.09369567416,14.5,True,adequately_served,5.144437912022889,4.114684351311909,37715.0,0.0083786550175243,1,37715,0.0461995963019781,3.670557877306343,0.2796749052672169,0.0399375853764398,0.971464734540925,0.27783874425076405,0.35773130894597366,0.8823784,1,0.7647568
CANDIDATE_Dandora Area Iii Ward_40,-1.2386094897414943,36.91140284107449,Dandora Area Iii Ward,False,6,residential,1422.9691150980943,786.8991607824897,0,5,8261,3479.3635402845307,0,0,1440.0,0,0,17.845377654040565,11.606875140660836,20.96462891073044,57.8859819316018,91.796875,574,247.0,0.4245573366979223,moderate,62.53869018516417,73507.78889000125,7.5,False,underserved,11.743468607826626,10.423115030860696,46391.0,0.0042135745335927,1,46391,0.1688006615484064,4.244448169525055,0.3440116274758441,0.10310145097691584,0.9258620331082178,0.1758425235358472,0.36652034368958736,0.8822322,1,0.7644644
CANDIDATE_Pangani Ward_27,-1.2731267758454303,36.84463346455148,Pangani Ward,False,6,residential,91.00973582785323,477.11788013566047,6,52,989,2790.562086051957,0,0,1440.0,0,5,17.684657596250318,11.666697525521228,20.693637631614862,60.45883468467407,92.24137931034484,543,224.0,0.490429447437139,congested,88.98050726062212,29921.21680161153,20.0,True,adequately_served,3.388067713161014,1.6788774954834362,13952.0,0.0652104904553337,0,13952,0.0823102809141833,24.46424571745943,0.10346080546965956,0.01554879762784045,0.955048179787356,0.1405266974138228,0.25921345676157675,0.88217914,1,0.7643583
CANDIDATE_Lucky Summer Ward_25,-1.2375690889801592,36.88136285131818,Lucky Summer Ward,False,2,residential,794.5151525419694,548.4176524127176,0,32,6042,3344.2855019757435,0,0,1440.0,0,1,17.684657596250318,11.666697525521228,20.693637631614862,60.45883468467407,92.24137931034484,543,224.0,0.490429447437139,congested,66.8770030670488,60808.06426925295,11.1,False,underserved,8.964361057335767,2.0265758505166303,30128.0,0.002514094161009,0,30128,0.0768685671769029,3.552160434569506,0.2234136430038635,0.019030166177711572,0.948330647961281,0.16891688119798048,0.3064018224276324,0.8821618,1,0.7643236
CANDIDATE_Pangani Ward_38,-1.260978961645648,36.85091211249826,Pangani Ward,False,6,residential,293.91461371370434,546.9846035164679,0,47,989,2790.562086051957,0,0,1440.0,0,9,17.684657596250318,11.666697525521228,20.693637631614862,60.45883468467407,92.24137931034484,543,224.0,0.490429447437139,congested,88.98050726062212,29921.21680161153,20.0,True,adequately_served,4.694183297572925,1.853760567929628,13952.0,0.0203448717730368,0,13952,0.0823102809141833,24.46424571745943,0.10346080546965956,0.01729983389104302,0.9484656631410135,0.1405266974138228,0.2583347124981089,0.88168216,1,0.7633643
CANDIDATE_Pangani Ward_21,-1.2595535550402517,36.84915944718034,Pangani Ward,False,6,unclassified,194.4137780466639,614.781422356642,0,44,989,2790.562086051957,0,0,1440.0,0,0,17.684657596250318,11.666697525521228,20.693637631614862,60.45883468467407,92.24137931034484,543,224.0,0.490429447437139,congested,88.98050726062212,29921.21680161153,20.0,True,adequately_served,4.640485159350511,1.9773446057916024,13952.0,0.030704078596583,0,13952,0.0823102809141833,24.46424571745943,0.10346080546965956,0.01853723285037283,0.9420781632413532,0.1405266974138228,0.25736656225800925,0.8810521,1,0.76210415
CANDIDATE_Eastleigh South Ward_18,-1.2758522815200717,36.85694075797745,Eastleigh South Ward,False,2,residential,528.7736019170935,820.6330392285963,0,10,4421,4792.49862701149,0,0,1440.0,0,0,17.684657596250318,11.666697525521228,20.693637631614862,60.45883468467407,92.24137931034484,543,224.0,0.490429447437139,congested,78.3703324081986,68143.70069639628,9.3,True,adequately_served,4.570899697381502,7.1245756734726005,51532.0,0.0037751975424267,1,51532,0.2187157501793953,0.704393795896947,0.3821346206610161,0.07007445785747263,0.922683784498978,0.24316881925229095,0.3844362524459776,0.8808937,1,0.7617874
CANDIDATE_Lucky Summer Ward_20,-1.2508119170545515,36.88880836538728,Lucky Summer Ward,False,6,residential,960.2028939697716,504.7511248895704,0,33,6042,3344.2855019757435,0,0,1440.0,0,1,17.845377654040565,11.606875140660836,20.96462891073044,57.8859819316018,91.796875,574,247.0,0.4245573366979223,moderate,66.8770030670488,60808.06426925295,11.1,False,underserved,8.889863006740038,1.966970678442612,30128.0,0.0062421784595549,0,30128,0.0768685671769029,3.552160434569506,0.2234136430038635,0.018433362746046407,0.9524447044162033,0.16891688119798048,0.3070754328607006,0.8808024,1,0.7616048
CANDIDATE_Nyayo Highrise Ward_6,-1.306491536426167,36.80739679139616,Nyayo Highrise Ward,False,4,residential,387.4080559554931,394.3392805545101,8,49,1215,5979.621047336875,0,0,1440.0,0,5,17.73181138157092,11.435384995598536,20.880024574557112,57.01554232804233,93.75,242,107.0,0.5580407232100865,congested,82.69463425732702,23400.367568368,12.7,True,adequately_served,2.485706659653089,1.6538926851465403,47083.0,0.01029844756994,1,47083,0.348155049984002,2.564062287684165,0.349143141049884,0.015298634428411277,0.9628471931564804,0.30403426708802156,0.37940105002346264,0.88044363,1,0.76088727
CANDIDATE_Dandora Area Iii Ward_31,-1.2461141862069496,36.89318900484101,Dandora Area Iii Ward,False,2,residential,1277.8408284250547,437.04711472957706,5,41,8261,3479.3635402845307,0,0,1440.0,0,1,17.845377654040565,11.606875140660836,20.96462891073044,57.8859819316018,91.796875,574,247.0,0.4245573366979223,moderate,62.53869018516417,73507.78889000125,7.5,False,underserved,9.561765173265185,1.4890164329800992,46391.0,0.0015639162869573,1,46391,0.1688006615484064,4.244448169525055,0.3440116274758441,0.013647792569070094,0.9588234603151056,0.1758425235358472,0.3507492145290035,0.88043946,1,0.7608789
CANDIDATE_Lucky Summer Ward_44,-1.2509189444552136,36.8894185070904,Lucky Summer Ward,False,6,residential,917.2453212994794,559.4137941918818,0,32,6042,3344.2855019757435,0,0,1440.0,0,0,17.845377654040565,11.606875140660836,20.96462891073044,57.8859819316018,91.796875,574,247.0,0.4245573366979223,moderate,66.8770030670488,60808.06426925295,11.1,False,underserved,8.945396016808335,2.0265758505166303,30128.0,0.0065342015481319,0,30128,0.0768685671769029,3.552160434569506,0.2234136430038635,0.019030166177711572,0.9472946427959554,0.16891688119798048,0.3061946213945673,0.88015264,1,0.7603053
CANDIDATE_Woodley/kenyatta Golf Course Ward_34,-1.3178917654307525,36.80212350046087,Woodley/kenyatta Golf Course Ward,False,2,residential,568.7230692197147,557.8307049605418,0,34,7917,4018.27020779832,0,0,1440.0,0,0,23.69082151948292,15.855059154149329,27.60870270214972,39.54778439153439,86.71875,289,121.0,0.4857290005023328,congested,85.74743830112823,185176.1679773348,26.3,True,adequately_served,3.882143970310554,2.449926808603664,15278.0,0.0035104774723957,0,15278,0.2104011684477993,10.498111183713132,0.11329373465922153,0.02326901485130194,0.9474437940759023,0.20347303164376196,0.2756534259874859,0.8799688,1,0.75993764
CANDIDATE_Dandora Area Iii Ward_17,-1.2413788766927725,36.90950626857916,Dandora Area Iii Ward,False,8,residential,1463.5837227920345,424.6817859266861,3,11,8261,3479.3635402845307,0,0,1440.0,0,4,17.845377654040565,11.606875140660836,20.96462891073044,57.8859819316018,91.796875,574,247.0,0.4245573366979223,moderate,62.53869018516417,73507.78889000125,7.5,False,underserved,11.417506188609838,5.211557515430347,46391.0,0.0054623029571495,1,46391,0.1688006615484064,4.244448169525055,0.3440116274758441,0.05092015023900581,0.9599884638925438,0.1758425235358472,0.36030030466197505,0.8796468,1,0.75929356
CANDIDATE_Hospital Ward_23,-1.2576581073698565,36.85227666365087,Hospital Ward,False,2,residential,207.50754245373625,355.2323540682707,8,24,2568,5468.702396804928,0,0,1440.0,0,13,17.684657596250318,11.666697525521228,20.693637631614862,60.45883468467407,92.24137931034484,543,224.0,0.490429447437139,congested,78.17900267492627,39231.09369567416,14.5,True,adequately_served,5.041757935564754,3.1271601069970507,37715.0,0.0095919791507962,1,37715,0.0461995963019781,3.670557877306343,0.2796749052672169,0.030049888766357242,0.9665316652789225,0.27783874425076405,0.35427277094105253,0.8795189,1,0.75903785
CANDIDATE_Nyayo Highrise Ward_17,-1.3172008969395068,36.80169285637774,Nyayo Highrise Ward,False,2,residential,648.2942059344246,629.7046366494949,0,32,1215,5979.621047336875,0,0,1440.0,0,0,23.69082151948292,15.855059154149329,27.60870270214972,39.54778439153439,86.71875,289,121.0,0.4857290005023328,congested,82.69463425732702,23400.367568368,12.7,True,adequately_served,3.834278777817816,2.505898007797789,47083.0,0.003080267745685,1,47083,0.348155049984002,2.564062287684165,0.349143141049884,0.023829432724301068,0.940672167629333,0.30403426708802156,0.3770987444920056,0.87947696,1,0.7589539
CANDIDATE_Airbase Ward_47,-1.2598426648912175,36.84857858569131,Airbase Ward,False,6,residential,264.3933376275519,549.5517640105528,0,45,17075,1530.534366496874,0,0,1440.0,0,12,17.684657596250318,11.666697525521228,20.693637631614862,60.45883468467407,92.24137931034484,543,224.0,0.490429447437139,congested,46.01546587417469,105433.25515722662,9.3,False,severely_underserved,4.5703977296756655,1.0003362146559716,16457.0,0.0226079526096479,0,16457,0.2187157501793953,11.040159940658125,0.1220365879884022,0.008754827392817376,0.9482237972588247,0.07592329162932626,0.2497309304217753,0.879472,1,0.75894403
CANDIDATE_Airbase Ward_23,-1.272707442356758,36.87406014237728,Airbase Ward,False,8,residential,645.4750573601242,366.1970322000438,11,60,17075,1530.534366496874,0,0,1440.0,0,4,18.054313199966053,11.514724616707694,21.324107491595232,57.35551818750744,93.22916666666669,394,160.0,0.5289229448015942,congested,46.01546587417469,105433.25515722662,9.3,False,severely_underserved,6.501765921970686,0.7543518995766343,16457.0,0.0123748007118293,0,16457,0.2187157501793953,11.040159940658125,0.1220365879884022,0.006291882009607152,0.9654986244716302,0.07592329162932626,0.25257015951853384,0.8792974,1,0.75859475
CANDIDATE_Nyayo Highrise Ward_23,-1.3163694277521465,36.80335737678382,Nyayo Highrise Ward,False,6,residential,522.8709706454797,538.6554263677331,0,35,1215,5979.621047336875,0,0,1440.0,0,4,17.73181138157092,11.435384995598536,20.880024574557112,57.01554232804233,93.75,242,107.0,0.5580407232100865,congested,82.69463425732702,23400.367568368,12.7,True,adequately_served,3.670588106758953,2.29707317381464,47083.0,0.0114532019069642,1,47083,0.348155049984002,2.564062287684165,0.349143141049884,0.021738550789033965,0.9492503993441563,0.30403426708802156,0.37829167035115346,0.8791973,1,0.7583946
CANDIDATE_Dandora Area Iii Ward_38,-1.2538948408287252,36.9159308277378,Dandora Area Iii Ward,False,6,unclassified,500.2075066238553,501.64726022546296,0,28,8261,3479.3635402845307,0,0,1440.0,0,4,17.845377654040565,11.606875140660836,20.96462891073044,57.8859819316018,91.796875,574,247.0,0.4245573366979223,moderate,62.53869018516417,73507.78889000125,7.5,False,underserved,11.555486706507228,2.1565065581091094,46391.0,0.0119710896598818,1,46391,0.1688006615484064,4.244448169525055,0.3440116274758441,0.020331111875403398,0.9527371360607807,0.1758425235358472,0.35120277950472184,0.87907135,1,0.7581427
CANDIDATE_Makina Ward_8,-1.3051887931268074,36.79324188792629,Makina Ward,False,2,residential,429.379441681085,443.0812149308496,3,32,1896,15852.355248829706,0,0,1440.0,0,2,23.69082151948292,15.855059154149329,27.60870270214972,39.54778439153439,86.71875,289,121.0,0.4857290005023328,congested,89.77563305815848,61838.3383815226,26.3,True,adequately_served,3.3849977437630967,2.7204737290351053,60275.0,0.0046470621184596,1,60275,0.2104011684477993,3.298924345951629,0.44696818016655177,0.025977896059453144,0.9582549555520571,0.8102233325529709,0.516628994694162,0.8780685,1,0.756137
CANDIDATE_Woodley/kenyatta Golf Course Ward_8,-1.305350798973648,36.7933659654068,Woodley/kenyatta Golf Course Ward,False,2,residential,431.7140102417152,462.6849384848703,2,33,7917,4018.27020779832,0,0,1440.0,0,2,23.69082151948292,15.855059154149329,27.60870270214972,39.54778439153439,86.71875,289,121.0,0.4857290005023328,congested,85.74743830112823,185176.1679773348,26.3,True,adequately_served,3.385339437588756,2.521983479444948,15278.0,0.0046219903970356,0,15278,0.2104011684477993,10.498111183713132,0.11329373465922153,0.023990490302778587,0.956407984198881,0.20347303164376196,0.27762663287495076,0.8780685,1,0.756137
CANDIDATE_Nyayo Highrise Ward_42,-1.31847388992178,36.80295448616263,Nyayo Highrise Ward,False,2,residential,484.6278853726545,471.73294858026185,2,33,1215,5979.621047336875,0,0,1440.0,0,6,17.73181138157092,11.435384995598536,20.880024574557112,57.01554232804233,93.75,242,107.0,0.5580407232100865,congested,82.69463425732702,23400.367568368,12.7,True,adequately_served,3.9022357711054223,2.4321951252155007,47083.0,0.0041183796487824,1,47083,0.348155049984002,2.564062287684165,0.349143141049884,0.023091474394206793,0.9555555229099127,0.30403426708802156,0.379890925965598,0.8780161,1,0.7560322
CANDIDATE_Lucky Summer Ward_17,-1.2516121893574654,36.889915422127984,Lucky Summer Ward,False,6,unclassified,823.319380242623,524.261041518849,0,32,6042,3344.2855019757435,0,0,1440.0,0,2,17.845377654040565,11.606875140660836,20.96462891073044,57.8859819316018,91.796875,574,247.0,0.4245573366979223,moderate,66.8770030670488,60808.06426925295,11.1,False,underserved,8.961463188422412,2.0265758505166303,30128.0,0.007278732180522,0,30128,0.0768685671769029,3.552160434569506,0.2234136430038635,0.019030166177711572,0.9506065711137297,0.16891688119798048,0.3068570070581222,0.8776384,1,0.7552768
CANDIDATE_Lucky Summer Ward_35,-1.2385920325344124,36.89272929750326,Lucky Summer Ward,False,2,residential,1655.9279369658475,319.45619726627604,12,21,6042,3344.2855019757435,0,0,1440.0,0,1,17.845377654040565,11.606875140660836,20.96462891073044,57.8859819316018,91.796875,574,247.0,0.4245573366979223,moderate,66.8770030670488,60808.06426925295,11.1,False,underserved,9.937807842840217,3.0398637757749456,30128.0,0.0012070530983154,0,30128,0.0768685671769029,3.552160434569506,0.2234136430038635,0.02917582451601946,0.9699023278246343,0.16891688119798048,0.3132525729848801,0.8774753,1,0.75495064
CANDIDATE_Dandora Area Iii Ward_37,-1.2534634956481263,36.91527806620882,Dandora Area Iii Ward,False,6,residential,437.41626999421175,439.0583694852891,2,24,8261,3479.3635402845307,0,0,1440.0,0,3,17.845377654040565,11.606875140660836,20.96462891073044,57.8859819316018,91.796875,574,247.0,0.4245573366979223,moderate,62.53869018516417,73507.78889000125,7.5,False,underserved,11.501767615098853,2.501547607406567,46391.0,0.0136856234830865,1,46391,0.1688006615484064,4.244448169525055,0.3440116274758441,0.02378587385529261,0.9586339692774717,0.1758425235358472,0.35324583664303233,0.8774719,1,0.75494385
CANDIDATE_Makina Ward_48,-1.3124023525374893,36.79570505657488,Makina Ward,False,6,residential,803.1961508083941,449.90911481484846,2,11,1896,15852.355248829706,0,0,1440.0,0,1,23.69082151948292,15.855059154149329,27.60870270214972,39.54778439153439,86.71875,289,121.0,0.4857290005023328,congested,89.77563305815848,61838.3383815226,26.3,True,adequately_served,3.750941818203356,7.481302754846539,60275.0,0.007460866349545,1,60275,0.2104011684477993,3.298924345951629,0.44696818016655177,0.07364622753657848,0.9576116626871405,0.8102233325529709,0.52841741899046,0.8773094,1,0.75461876
CANDIDATE_Njiru Ward_3,-1.2659032681036506,36.92898762924393,Njiru Ward,False,2,residential,969.6208233872136,632.5986767331316,0,11,10989,746.4285914852591,0,0,1440.0,0,0,17.845377654040565,11.606875140660836,20.96462891073044,57.8859819316018,91.796875,574,247.0,0.4245573366979223,moderate,47.21837435030173,69402.06821576251,11.0,False,severely_underserved,12.634401690355396,3.934864529191811,6785.0,0.0020605368768212,0,6785,0.2237461265027511,10.89304713008968,0.050314045664538426,0.03813711935665502,0.9403995046775887,0.035721077999510915,0.22236831235717214,0.8769553,1,0.75391054
CANDIDATE_Pangani Ward_18,-1.2726996910766957,36.84386328695921,Pangani Ward,False,2,residential,114.20485818786256,458.404406820365,4,57,989,2790.562086051957,0,0,1440.0,0,6,17.684657596250318,11.666697525521228,20.693637631614862,60.45883468467407,92.24137931034484,543,224.0,0.490429447437139,congested,88.98050726062212,29921.21680161153,20.0,True,adequately_served,3.3326490892469973,1.534146676907278,13952.0,0.0173603789932073,0,13952,0.0823102809141833,24.46424571745943,0.10346080546965956,0.014099664168638325,0.9568112759173608,0.1405266974138228,0.25920379262277715,0.8769038,1,0.75380754
CANDIDATE_Korogocho Ward_13,-1.252218292249048,36.88982490920812,Korogocho Ward,False,6,unclassified,769.2091530699333,491.9653612693763,2,28,6406,7114.906913988673,0,0,1440.0,0,4,17.845377654040565,11.606875140660836,20.96462891073044,57.8859819316018,91.796875,574,247.0,0.4245573366979223,moderate,70.68412548851703,72846.89997678499,11.1,True,adequately_served,8.923473071288587,2.4373836375350697,64098.0,0.007790091790113,1,64098,0.0768685671769029,1.153103289594606,0.47531756801850905,0.02314342495235149,0.9536493194001836,0.3622419813997413,0.435325265204551,0.8759157,1,0.7518314
CANDIDATE_Gatina Ward_43,-1.2762098320048436,36.7613403521766,Gatina Ward,False,6,residential,954.8307748257068,904.1668073057906,0,6,6063,3037.154756927026,0,0,1440.0,0,0,17.24048621436891,11.524509169053754,20.09847473702649,65.557208994709,92.96875,298,122.0,0.4417253633750815,congested,55.98639000937479,45919.74288559071,12.7,False,underserved,6.312287871329646,7.99805571562497,23914.0,0.0062772617894564,0,23914,0.0885442239001563,2.613255050207503,0.1773338375861123,0.07882027417690575,0.9148136226781235,0.15316985290380677,0.2953686068157518,0.87572956,1,0.7514591
CANDIDATE_Mowlem Ward_39,-1.245725971583605,36.920050460160645,Mowlem Ward,False,6,residential,1324.5683849786112,1288.6694515156944,0,0,3727,924.779822358499,0,0,1440.0,0,0,17.845377654040565,11.606875140660836,20.96462891073044,57.8859819316018,91.796875,574,247.0,0.4245573366979223,moderate,80.21913323300808,62819.89166655838,6.4,True,adequately_served,12.295679899079207,80.21913323300808,14449.0,0.0045263602149781,1,14449,0.0838307335300991,7.067824986975575,0.10714630004523444,0.8019418658301614,0.8785875778086766,0.0448653982088606,0.4226772666768798,0.8754994,1,0.75099885
CANDIDATE_Karura Ward_2,-1.2512614994260949,36.74706445247865,Karura Ward,False,6,residential,690.6417535284226,1151.987342141435,0,0,19794,501.8775238660341,0,0,1440.0,0,0,17.24048621436891,11.524509169053754,20.09847473702649,65.557208994709,92.96875,298,122.0,0.4417253633750815,congested,51.54050841066344,136158.56870400644,17.9,False,underserved,8.721040956984666,51.54050841066344,2803.0,0.0086750112603683,0,2803,0.1696428393750311,21.68060393185624,0.02078559616767888,0.5147939369866892,0.8914651283316829,0.02318259840001828,0.31890298825170016,0.8752268,1,0.7504536
CANDIDATE_Njiru Ward_46,-1.2656192996018396,36.93629259446366,Njiru Ward,False,2,residential,1352.304753291526,1353.0134750875102,0,0,10989,746.4285914852591,0,0,1440.0,0,0,17.845377654040565,11.606875140660836,20.96462891073044,57.8859819316018,91.796875,574,247.0,0.4245573366979223,moderate,47.21837435030173,69402.06821576251,11.0,False,severely_underserved,13.439345665339228,47.21837435030173,6785.0,0.0014778637222218,0,6785,0.2237461265027511,10.89304713008968,0.050314045664538426,0.47151808776780646,0.8725253841668538,0.035721077999510915,0.31713873035781304,0.875026,1,0.750052
CANDIDATE_Ngando Ward_47,-1.3157691641537612,36.75157771539509,Ngando Ward,False,6,tertiary,1372.8975068863526,1373.8463214548342,0,0,2979,1287.4420267405085,0,0,1440.0,0,0,16.699138772601074,11.303737458124182,19.57668614032208,68.12864671560324,95.45454545454544,134,49.0,0.5466091380314718,congested,64.55544213237266,28020.643468093764,18.5,False,underserved,7.992596449236493,64.55544213237266,6959.0,0.0043671379924094,1,6959,0.1996750767775023,17.558483286089597,0.051604339540091804,0.6451074121053447,0.8705626105978663,0.06345960307338838,0.3661428145996192,0.874854,1,0.74970806
CANDIDATE_Makina Ward_34,-1.311062165373985,36.79560031999353,Makina Ward,False,2,unclassified,705.240168551924,374.95221211345023,3,12,1896,15852.355248829706,0,0,1440.0,0,1,23.69082151948292,15.855059154149329,27.60870270214972,39.54778439153439,86.71875,289,121.0,0.4857290005023328,congested,89.77563305815848,61838.3383815226,26.3,True,adequately_served,3.644970543825176,6.905817927550652,60275.0,0.0028318978288941,1,60275,0.2104011684477993,3.298924345951629,0.44696818016655177,0.06788412153384905,0.9646737522759269,0.8102233325529709,0.528389310407535,0.8747715,1,0.74954295
CANDIDATE_Mowlem Ward_20,-1.249314994483338,36.917776802145575,Mowlem Ward,False,2,residential,901.9041640921496,904.0136066705812,0,3,3727,924.779822358499,0,0,1440.0,0,0,17.845377654040565,11.606875140660836,20.96462891073044,57.8859819316018,91.796875,574,247.0,0.4245573366979223,moderate,80.21913323300808,62819.89166655838,6.4,True,adequately_served,11.917086624602195,20.05478330825202,14449.0,0.0022150745112699,0,14449,0.0838307335300991,7.067824986975575,0.10714630004523444,0.1995396035833622,0.9148280565270676,0.0448653982088606,0.27932479685885825,0.8746602,1,0.7493204
CANDIDATE_Kawangware Ward_34,-1.2809681537126858,36.74597393294814,Kawangware Ward,False,6,residential,492.2912208656635,484.6908347022269,3,40,3492,5178.226263284484,0,0,1440.0,0,2,17.24048621436891,11.524509169053754,20.09847473702649,65.557208994709,92.96875,298,122.0,0.4417253633750815,congested,81.98129425370998,64603.17956032373,12.7,True,adequately_served,7.940992885741005,1.9995437622856087,40773.0,0.0121632004507819,1,40773,0.0885442239001563,4.6437342874103065,0.3023514493559654,0.018759504380085768,0.9543346913470192,0.26294562147791023,0.3539689459345952,0.874569,1,0.749138
CANDIDATE_Sarang'ombe Ward_21,-1.3073044857651703,36.77001819038463,Sarang'ombe Ward,False,2,residential,784.7826604994669,309.76444616606,5,24,5959,15421.34774339274,0,0,1440.0,0,2,16.699138772601074,11.303737458124182,19.57668614032208,68.12864671560324,95.45454545454544,134,49.0,0.5466091380314718,congested,74.32034487468462,77355.9452208662,26.3,True,adequately_served,5.737033658533396,2.9728137949873847,58636.0,0.0025452330530286,1,58636,0.2104011684477993,1.8615246648315409,0.4348142050974024,0.02850447910697663,0.9708154393870824,0.7881249673045143,0.5110991728991543,0.8745254,1,0.74905086
CANDIDATE_Makina Ward_25,-1.3073804058517535,36.77008587612549,Makina Ward,False,2,residential,794.3267335239302,300.63687783131854,5,24,1896,15852.355248829706,0,0,1440.0,0,2,16.699138772601074,11.303737458124182,19.57668614032208,68.12864671560324,95.45454545454544,134,49.0,0.5466091380314718,congested,89.77563305815848,61838.3383815226,26.3,True,adequately_served,5.733585006925567,3.591025322326339,60275.0,0.0025146897692454,1,60275,0.2104011684477993,3.298924345951629,0.44696818016655177,0.03469439095812749,0.9716753962821064,0.8102233325529709,0.5214922065648404,0.8743725,1,0.74874496
CANDIDATE_Kangemi Ward_46,-1.2587623612431005,36.74219066234208,Kangemi Ward,False,2,residential,610.1000481233812,602.3620026297084,0,18,8188,6633.956850403134,0,0,1440.0,0,0,17.24048621436891,11.524509169053754,20.09847473702649,65.557208994709,92.96875,298,122.0,0.4417253633750815,congested,63.280549542627405,74330.71297439898,17.9,False,underserved,8.886878129514207,3.330555239085653,37061.0,0.0032727865202134,1,37061,0.1696428393750311,2.9059320347753803,0.2748251800108266,0.03208640520596635,0.9432482630132414,0.33758299046034573,0.3603766649999984,0.8739154,1,0.74783075
CANDIDATE_Pangani Ward_49,-1.2591901215508836,36.84898458481142,Pangani Ward,False,6,unclassified,186.5006589781256,598.8188068170225,0,43,989,2790.562086051957,0,0,1440.0,0,0,17.684657596250318,11.666697525521228,20.693637631614862,60.45883468467407,92.24137931034484,543,224.0,0.490429447437139,congested,88.98050726062212,29921.21680161153,20.0,True,adequately_served,4.651802025702213,2.02228425592323,13952.0,0.0319998875347951,0,13952,0.0823102809141833,24.46424571745943,0.10346080546965956,0.018987196108310945,0.9435820863885145,0.1405266974138228,0.25777983770192603,0.87337863,1,0.74675727
CANDIDATE_Roysambu Ward_33,-1.2459883041930593,36.85790348970163,Roysambu Ward,False,8,unclassified,616.773492060339,601.3101270419788,0,21,15669,483.239781975182,0,0,1440.0,0,0,17.684657596250318,11.666697525521228,20.693637631614862,60.45883468467407,92.24137931034484,543,224.0,0.490429447437139,congested,52.55807786151991,110098.7167953836,12.5,False,underserved,6.377075250545312,2.389003539159996,3865.0,0.0129497301240931,0,3865,0.140004148607421,20.27271584053182,0.02866083809778055,0.022659013822748722,0.9433473658225769,0.022227014976261075,0.208810922949678,0.8728135,1,0.74562705
CANDIDATE_Nairobi West Ward_41,-1.3131678563227576,36.79626666011617,Nairobi West Ward,False,6,residential,895.5688020654251,465.9156128813274,3,11,9939,1107.4331345036017,0,0,1440.0,0,1,23.69082151948292,15.855059154149329,27.60870270214972,39.54778439153439,86.71875,289,121.0,0.4857290005023328,congested,56.79149445936021,76676.38743229359,12.7,False,underserved,3.778169572441,4.732624538280017,8719.0,0.0066921802165966,0,8719,0.348155049984002,18.15421991847434,0.06465558793649381,0.04612478040187176,0.9561036051330747,0.05423029221814396,0.2362274303484845,0.8727457,1,0.7454914
CANDIDATE_Pangani Ward_39,-1.2764939871173413,36.83904150392144,Pangani Ward,False,2,residential,255.1684862132666,390.0353560312394,12,50,989,2790.562086051957,0,0,1440.0,0,2,17.684657596250318,11.666697525521228,20.693637631614862,60.45883468467407,92.24137931034484,543,224.0,0.490429447437139,congested,88.98050726062212,29921.21680161153,20.0,True,adequately_served,2.6662257173734405,1.7447158286396494,13952.0,0.007807361590664,0,13952,0.0823102809141833,24.46424571745943,0.10346080546965956,0.01620801127986965,0.9632526888409512,0.1405266974138228,0.26101916198530306,0.87235,1,0.74469995
CANDIDATE_Hospital Ward_8,-1.260205607686335,36.84845940246781,Hospital Ward,False,6,residential,300.6023821672373,537.9536228159576,0,48,2568,5468.702396804928,0,0,1440.0,0,12,17.684657596250318,11.666697525521228,20.693637631614862,60.45883468467407,92.24137931034484,543,224.0,0.490429447437139,congested,78.17900267492627,39231.09369567416,14.5,True,adequately_served,4.534263932322993,1.5954898505086994,37715.0,0.0198937420748653,1,37715,0.0461995963019781,3.670557877306343,0.2796749052672169,0.014713869534392458,0.9493165199998632,0.27783874425076405,0.34699573707724946,0.8721015,1,0.744203
CANDIDATE_Woodley/kenyatta Golf Course Ward_31,-1.32032292833934,36.77117529197016,Woodley/kenyatta Golf Course Ward,False,2,residential,683.5673438639994,376.8200846118421,2,7,7917,4018.27020779832,0,0,1440.0,0,1,23.69082151948292,15.855059154149329,27.60870270214972,39.54778439153439,86.71875,289,121.0,0.4857290005023328,congested,85.74743830112823,185176.1679773348,26.3,True,adequately_served,6.35656066277978,10.718429787641028,15278.0,0.0029215533255079,0,15278,0.2104011684477993,10.498111183713132,0.11329373465922153,0.10605832290824763,0.9644977700454894,0.20347303164376196,0.2997615481956397,0.8715703,1,0.7431406
CANDIDATE_Upper Savanna Ward_46,-1.2890946913063248,36.92020248284787,Upper Savanna Ward,False,6,residential,1722.4540847042597,1048.3279926414584,0,0,2569,969.351607954276,0,0,1440.0,0,0,18.054313199966053,11.514724616707694,21.324107491595232,57.35551818750744,93.22916666666669,394,160.0,0.5289229448015942,congested,62.13610462916318,22624.40132520788,7.2,False,underserved,11.45438061327828,62.13610462916318,13463.0,0.0034813808231099,1,13463,0.4401639794947514,17.503225579665653,0.09983463475043196,0.620883525586258,0.901231428518877,0.0471506567842833,0.37983942061984777,0.8715221,1,0.74304426
CANDIDATE_Kasarani Ward_37,-1.2351816582796673,36.86564138304239,Kasarani Ward,False,6,residential,630.0258568139204,786.9874058063288,0,9,19913,2300.2340071122967,0,0,1440.0,0,0,17.684657596250318,11.666697525521228,20.693637631614862,60.45883468467407,92.24137931034484,543,224.0,0.490429447437139,congested,59.51118305482108,163944.92175693653,11.0,False,underserved,7.838059232847707,5.951118305482108,20911.0,0.009508326695667,0,20911,0.2237461265027511,7.319531383711358,0.15506514500975135,0.058325085114116854,0.9258537190738639,0.11538688234494743,0.2771021923157045,0.87114364,1,0.7422873
CANDIDATE_Kwa Njenga Ward_9,-1.3356713669183855,36.8976930649131,Kwa Njenga Ward,False,3,motorway_link,439.3170164904283,351.5028853522136,5,22,2929,14304.246388913643,0,0,1440.0,0,9,17.906847137299025,11.406366449662858,21.157087481117102,57.709691248294185,93.33333333333331,371,147.0,0.3154506881194194,moderate,80.52538641399036,50138.37407016672,13.8,True,adequately_served,10.492117203484494,3.501103757130016,103653.0,0.0068132729093953,1,103653,0.2682490623582934,1.4360258252339573,0.7686369602456008,0.033794041259896164,0.9668830384179153,0.7308495986869837,0.6170179738219143,0.87088877,1,0.74177754
CANDIDATE_Dandora Area Iii Ward_43,-1.2395048132821742,36.91703116329868,Dandora Area Iii Ward,False,6,tertiary,1184.559735194932,1133.6889803755014,0,0,8261,3479.3635402845307,0,0,1440.0,0,0,17.845377654040565,11.606875140660836,20.96462891073044,57.8859819316018,91.796875,574,247.0,0.4245573366979223,moderate,62.53869018516417,73507.78889000125,7.5,False,underserved,12.262021493920596,62.53869018516417,46391.0,0.0050609006209319,1,46391,0.1688006615484064,4.244448169525055,0.3440116274758441,0.6249144583560159,0.8931891145886102,0.1758425235358472,0.49043901183044086,0.87061733,1,0.74123466
CANDIDATE_Kwa Njenga Ward_36,-1.3207973635035808,36.88736415635061,Kwa Njenga Ward,False,6,residential,935.2906982170214,363.9517614796709,7,16,2929,14304.246388913643,0,0,1440.0,0,1,23.153712807789017,15.270454673240636,27.358117146214813,40.53008159785654,88.23529411764706,250,102.0,0.5267625854793785,congested,80.52538641399036,50138.37407016672,13.8,True,adequately_served,8.6871916645155,4.73678743611708,103653.0,0.0064082661628763,1,103653,0.2682490623582934,1.4360258252339573,0.7686369602456008,0.046166461880649226,0.9657101634014271,0.7308495986869837,0.6198765039738048,0.87021583,1,0.74043167
CANDIDATE_Kangemi Ward_24,-1.257181232420173,36.74023666869208,Kangemi Ward,False,2,residential,813.4149064287761,793.6559637166597,0,13,8188,6633.956850403134,0,0,1440.0,0,0,17.24048621436891,11.524509169053754,20.09847473702649,65.557208994709,92.96875,298,122.0,0.4417253633750815,congested,63.280549542627405,74330.71297439898,17.9,False,underserved,9.151938704708698,4.520039253044815,37061.0,0.0024557507287901,1,37061,0.1696428393750311,2.9059320347753803,0.2748251800108266,0.0439962465291344,0.9252254386661425,0.33758299046034573,0.3597495604613706,0.87018085,1,0.7403617
CANDIDATE_Kasarani Ward_18,-1.243090544158492,36.91143844897393,Kasarani Ward,False,6,unclassified,1257.515456673496,396.2867381090817,2,11,19913,2300.2340071122967,0,0,1440.0,0,4,17.845377654040565,11.606875140660836,20.96462891073044,57.8859819316018,91.796875,574,247.0,0.4245573366979223,moderate,59.51118305482108,163944.92175693653,11.0,False,underserved,11.530151055418802,4.959265254568424,20911.0,0.0047675218990628,0,20911,0.2237461265027511,7.319531383711358,0.15506514500975135,0.04839404584528002,0.9626637127934305,0.11538688234494743,0.2819814312424086,0.87009305,1,0.7401861
CANDIDATE_Makina Ward_22,-1.3128427913555991,36.79566492330769,Makina Ward,False,6,residential,832.6671249801722,485.0788339040352,1,11,1896,15852.355248829706,0,0,1440.0,0,1,23.69082151948292,15.855059154149329,27.60870270214972,39.54778439153439,86.71875,289,121.0,0.4857290005023328,congested,89.77563305815848,61838.3383815226,26.3,True,adequately_served,3.791636404540286,7.481302754846539,60275.0,0.0071971171948788,1,60275,0.2104011684477993,3.298924345951629,0.44696818016655177,0.07364622753657848,0.9542981358728093,0.8102233325529709,0.5277547136275937,0.86990654,1,0.7398131
CANDIDATE_Eastleigh South Ward_37,-1.278204569301164,36.85649873063975,Eastleigh South Ward,False,2,residential,387.8254733197568,727.7977321370669,0,10,4421,4792.49862701149,0,0,1440.0,0,0,17.684657596250318,11.666697525521228,20.693637631614862,60.45883468467407,92.24137931034484,543,224.0,0.490429447437139,congested,78.3703324081986,68143.70069639628,9.3,True,adequately_served,4.462758037696153,7.1245756734726005,51532.0,0.0051436959181819,1,51532,0.2187157501793953,0.704393795896947,0.3821346206610161,0.07007445785747263,0.93143029392046,0.24316881925229095,0.38618555433027396,0.86975855,1,0.7395171
CANDIDATE_Sarang'ombe Ward_34,-1.306759055697088,36.76934990155896,Sarang'ombe Ward,False,2,residential,715.9731856465929,309.0470505218842,5,25,5959,15421.34774339274,0,0,1440.0,0,2,16.699138772601074,11.303737458124182,19.57668614032208,68.12864671560324,95.45454545454544,134,49.0,0.5466091380314718,congested,74.32034487468462,77355.9452208662,26.3,True,adequately_served,5.781014215848207,2.8584748028724856,58636.0,0.002789504600784,1,58636,0.2104011684477993,1.8615246648315409,0.4348142050974024,0.027359647199058142,0.9708830290569751,0.7881249673045143,0.5108264828561533,0.8693972,1,0.73879445
CANDIDATE_Mowlem Ward_27,-1.252535592740754,36.91787743367304,Mowlem Ward,False,2,residential,634.1024609302327,651.653096393181,0,20,3727,924.779822358499,0,0,1440.0,0,0,17.845377654040565,11.606875140660836,20.96462891073044,57.8859819316018,91.796875,574,247.0,0.4245573366979223,moderate,80.21913323300808,62819.89166655838,6.4,True,adequately_served,11.808549638736215,3.819958725381337,14449.0,0.0031490981739711,0,14449,0.0838307335300991,7.067824986975575,0.10714630004523444,0.03698661218343226,0.9386042861739953,0.0448653982088606,0.2434417949382613,0.8692286,1,0.7384572
CANDIDATE_Kwa Njenga Ward_40,-1.3231986331489534,36.89561306162239,Kwa Njenga Ward,False,6,residential,302.1517797965922,300.2771541564609,30,56,2929,14304.246388913643,0,0,1440.0,0,12,17.906847137299025,11.406366449662858,21.157087481117102,57.709691248294185,93.33333333333331,371,147.0,0.3154506881194194,moderate,80.52538641399036,50138.37407016672,13.8,True,adequately_served,9.629480156011454,1.4127260774384274,103653.0,0.0197920658886642,1,103653,0.2682490623582934,1.4360258252339573,0.7686369602456008,0.012883926877453844,0.9717092877681136,0.7308495986869837,0.6127556950963433,0.8688769,1,0.73775375
CANDIDATE_Pangani Ward_15,-1.273826363404341,36.83614648030981,Pangani Ward,False,2,residential,94.33821023218955,394.9989154712758,10,65,989,2790.562086051957,0,0,1440.0,0,12,17.684657596250318,11.666697525521228,20.693637631614862,60.45883468467407,92.24137931034484,543,224.0,0.490429447437139,congested,88.98050726062212,29921.21680161153,20.0,True,adequately_served,2.5280314984266807,1.34818950394882,13952.0,0.0209779478252123,0,13952,0.0823102809141833,24.46424571745943,0.10346080546965956,0.012237747239239233,0.9627850454327858,0.1405266974138228,0.2599330672935124,0.86871326,1,0.7374265
CANDIDATE_Mowlem Ward_37,-1.261949047037752,36.90234270620044,Mowlem Ward,False,2,residential,436.6652938201105,446.969362372968,8,57,3727,924.779822358499,0,0,1440.0,0,6,17.845377654040565,11.606875140660836,20.96462891073044,57.8859819316018,91.796875,574,247.0,0.4245573366979223,moderate,80.21913323300808,62819.89166655838,6.4,True,adequately_served,9.847844100887375,1.3830885040173806,14449.0,0.004569702071972,0,14449,0.0838307335300991,7.067824986975575,0.10714630004523444,0.012587177368838314,0.9578886324439635,0.0448653982088606,0.24119880548860648,0.8686019,1,0.73720384
CANDIDATE_Gatina Ward_23,-1.282196354380078,36.75517602440349,Gatina Ward,False,6,residential,801.9758786306538,302.50583910188493,5,33,6063,3037.154756927026,0,0,1440.0,0,1,17.24048621436891,11.524509169053754,20.09847473702649,65.557208994709,92.96875,298,122.0,0.4417253633750815,congested,55.98639000937479,45919.74288559071,12.7,False,underserved,6.910844417733259,1.6466585296874938,23914.0,0.0074722045327588,0,23914,0.0885442239001563,2.613255050207503,0.1773338375861123,0.015226201640233146,0.9714993114726354,0.15316985290380677,0.290807226440486,0.86818075,1,0.7363615
CANDIDATE_Lucky Summer Ward_14,-1.2430063625144765,36.896490686940325,Lucky Summer Ward,False,2,residential,1520.0098081391625,310.2460724337949,12,24,6042,3344.2855019757435,0,0,1440.0,0,1,17.845377654040565,11.606875140660836,20.96462891073044,57.8859819316018,91.796875,574,247.0,0.4245573366979223,moderate,66.8770030670488,60808.06426925295,11.1,False,underserved,10.04882142154233,2.675080122681952,30128.0,0.0013149159126375,0,30128,0.0768685671769029,3.552160434569506,0.2234136430038635,0.02552338751422862,0.9707700628076283,0.16891688119798048,0.31251301073103116,0.8677497,1,0.7354994
CANDIDATE_Hospital Ward_45,-1.2611191792755745,36.8502112548208,Hospital Ward,False,6,residential,306.169972820423,543.818222181215,0,47,2568,5468.702396804928,0,0,1440.0,0,9,17.684657596250318,11.666697525521228,20.693637631614862,60.45883468467407,92.24137931034484,543,224.0,0.490429447437139,congested,78.17900267492627,39231.09369567416,14.5,True,adequately_served,4.622720057490249,1.6287292223942973,37715.0,0.0195331592632841,1,37715,0.0461995963019781,3.670557877306343,0.2796749052672169,0.015046682451752804,0.9487639848146144,0.27783874425076405,0.3469684332695398,0.8672473,1,0.73449457
CANDIDATE_Pangani Ward_41,-1.275540021905473,36.83819336734304,Pangani Ward,False,2,residential,275.96472258906834,406.3450103039566,10,56,989,2790.562086051957,0,0,1440.0,0,2,17.684657596250318,11.666697525521228,20.693637631614862,60.45883468467407,92.24137931034484,543,224.0,0.490429447437139,congested,88.98050726062212,29921.21680161153,20.0,True,adequately_served,2.627685378342993,1.5610615308881073,13952.0,0.0072211362562855,0,13952,0.0823102809141833,24.46424571745943,0.10346080546965956,0.014369152145261875,0.9617160693238015,0.1405266974138228,0.26025212329822117,0.86705816,1,0.7341163
CANDIDATE_Korogocho Ward_29,-1.266673266720264,36.890281777392566,Korogocho Ward,False,6,residential,670.8408613004002,374.7766565125215,7,40,6406,7114.906913988673,0,0,1440.0,0,2,18.054313199966053,11.514724616707694,21.324107491595232,57.35551818750744,93.22916666666669,394,160.0,0.5289229448015942,congested,70.68412548851703,72846.89997678499,11.1,True,adequately_served,8.415215149152637,1.7240030606955372,64098.0,0.0089306863360268,1,64098,0.0768685671769029,1.153103289594606,0.47531756801850905,0.016000622381252265,0.9646902923054224,0.3622419813997413,0.43574775914282393,0.8669534,1,0.73390675
CANDIDATE_Lucky Summer Ward_6,-1.2473109965733018,36.8971667843099,Lucky Summer Ward,False,2,residential,1036.9483056663976,428.94074488820064,5,42,6042,3344.2855019757435,0,0,1440.0,0,4,17.845377654040565,11.606875140660836,20.96462891073044,57.8859819316018,91.796875,574,247.0,0.4245573366979223,moderate,66.8770030670488,60808.06426925295,11.1,False,underserved,9.895418113616952,1.5552791410941582,30128.0,0.0019268782357286,0,30128,0.0768685671769029,3.552160434569506,0.2234136430038635,0.01431125532268465,0.9595872046534715,0.16891688119798048,0.30747340605231377,0.86691916,1,0.7338383
CANDIDATE_Kawangware Ward_40,-1.2909344923415875,36.74132395980659,Kawangware Ward,False,2,residential,151.09105789327566,316.8364313023192,15,61,3492,5178.226263284484,0,0,1440.0,0,6,16.699138772601074,11.303737458124182,19.57668614032208,68.12864671560324,95.45454545454544,134,49.0,0.5466091380314718,congested,81.98129425370998,64603.17956032373,12.7,True,adequately_served,8.449953512939604,1.322278939575967,40773.0,0.013150017020747,1,40773,0.0885442239001563,4.6437342874103065,0.3023514493559654,0.011978314824298845,0.9701491499487128,0.26294562147791023,0.35543654026598726,0.86688626,1,0.7337725
CANDIDATE_Nyayo Highrise Ward_9,-1.3060691848923132,36.81080373911628,Nyayo Highrise Ward,False,6,residential,756.5594188573796,339.2284676304177,10,64,1215,5979.621047336875,0,0,1440.0,0,2,17.73181138157092,11.435384995598536,20.880024574557112,57.01554232804233,93.75,242,107.0,0.5580407232100865,congested,82.69463425732702,23400.367568368,12.7,True,adequately_served,2.2997951042682496,1.2722251424204158,47083.0,0.0079201708151814,1,47083,0.348155049984002,2.564062287684165,0.349143141049884,0.011477145599030784,0.9680394767775262,0.30403426708802156,0.37948413454032665,0.8667633,1,0.7335266
CANDIDATE_Gatina Ward_18,-1.272716651034084,36.76284823499517,Gatina Ward,False,6,residential,1029.549050414215,1007.4203260718288,0,0,6063,3037.154756927026,0,0,1440.0,0,0,17.24048621436891,11.524509169053754,20.09847473702649,65.557208994709,92.96875,298,122.0,0.4417253633750815,congested,55.98639000937479,45919.74288559071,12.7,False,underserved,6.230762139445563,55.98639000937479,23914.0,0.0058221391767702,1,23914,0.0885442239001563,2.613255050207503,0.1773338375861123,0.5593088222317655,0.9050855579688862,0.15316985290380677,0.41354513088761924,0.8663094,1,0.7326188
CANDIDATE_Dandora Area Iii Ward_47,-1.2406570334526308,36.90908531373212,Dandora Area Iii Ward,False,8,residential,1549.8028772634118,493.5236102344814,1,11,8261,3479.3635402845307,0,0,1440.0,0,4,17.845377654040565,11.606875140660836,20.96462891073044,57.8859819316018,91.796875,574,247.0,0.4245573366979223,moderate,62.53869018516417,73507.78889000125,7.5,False,underserved,11.411018249977603,5.211557515430347,46391.0,0.0051586182340059,1,46391,0.1688006615484064,4.244448169525055,0.3440116274758441,0.05092015023900581,0.9535025084542053,0.1758425235358472,0.35900311357430736,0.8658686,1,0.73173726
CANDIDATE_Kasarani Ward_31,-1.245058792460032,36.898137789093326,Kasarani Ward,False,2,residential,1282.3078664730158,561.5221306546681,0,35,19913,2300.2340071122967,0,0,1440.0,0,0,17.845377654040565,11.606875140660836,20.96462891073044,57.8859819316018,91.796875,574,247.0,0.4245573366979223,moderate,59.51118305482108,163944.92175693653,11.0,False,underserved,10.103957179703182,1.6530884181894745,20911.0,0.0015584724852476,0,20911,0.2237461265027511,7.319531383711358,0.15506514500975135,0.015290581615823876,0.9470960051729094,0.11538688234494743,0.2705920236609403,0.865613,1,0.73122597
CANDIDATE_Lucky Summer Ward_24,-1.2375717902909338,36.88083039079538,Lucky Summer Ward,False,2,residential,763.6465987105676,587.9494205722899,0,31,6042,3344.2855019757435,0,0,1440.0,0,0,17.684657596250318,11.666697525521228,20.693637631614862,60.45883468467407,92.24137931034484,543,224.0,0.490429447437139,congested,66.8770030670488,60808.06426925295,11.1,False,underserved,8.917151318746782,2.089906345845275,30128.0,0.0026155873881772,0,30128,0.0768685671769029,3.552160434569506,0.2234136430038635,0.01966426982385582,0.9446061492388861,0.16891688119798048,0.3058154485946895,0.86555684,1,0.7311137
CANDIDATE_Nyayo Highrise Ward_45,-1.3173858360892976,36.80394595034552,Nyayo Highrise Ward,False,2,residential,534.7038632957374,534.2905486789766,0,33,1215,5979.621047336875,0,0,1440.0,0,4,17.73181138157092,11.435384995598536,20.880024574557112,57.01554232804233,93.75,242,107.0,0.5580407232100865,congested,82.69463425732702,23400.367568368,12.7,True,adequately_served,3.7472874768771214,2.4321951252155007,47083.0,0.0037334059674232,1,47083,0.348155049984002,2.564062287684165,0.349143141049884,0.023091474394206793,0.9496616377514434,0.30403426708802156,0.3787121489339041,0.86543494,1,0.7308699
CANDIDATE_Matopeni/spring Valley Ward_28,-1.264188080796668,36.928329279971656,Matopeni/spring Valley Ward,False,6,residential,781.2120718848721,535.1719759367126,0,21,1882,814.344876647441,0,0,1440.0,0,2,17.845377654040565,11.606875140660836,20.96462891073044,57.8859819316018,91.796875,574,247.0,0.4245573366979223,moderate,58.72900295774414,15205.42326080414,7.0,False,underserved,12.598423833349534,2.669500134442916,11633.0,0.0076705540807392,0,11633,0.0226306829054491,3.94596052808772,0.08626430261099123,0.025467517259788745,0.9495785937883687,0.03920324213099311,0.2343157524126665,0.8652423,1,0.7304846
CANDIDATE_Korogocho Ward_32,-1.268724786643715,36.889650022278346,Korogocho Ward,False,2,residential,744.9391000450738,476.1527756890183,5,63,6406,7114.906913988673,0,0,1440.0,0,2,18.054313199966053,11.514724616707694,21.324107491595232,57.35551818750744,93.22916666666669,394,160.0,0.5289229448015942,congested,70.68412548851703,72846.89997678499,11.1,True,adequately_served,8.290407351853034,1.1044394607580783,64098.0,0.0026811840267913,1,64098,0.0768685671769029,1.153103289594606,0.47531756801850905,0.009797172752446034,0.9551391074246928,0.3622419813997413,0.4322866597594765,0.8650044,1,0.73000884
CANDIDATE_Upper Savanna Ward_10,-1.2927524519277191,36.92045657869391,Upper Savanna Ward,False,6,residential,1829.2148035686769,1050.3064388110697,0,0,2569,969.351607954276,0,0,1440.0,0,0,18.054313199966053,11.514724616707694,21.324107491595232,57.35551818750744,93.22916666666669,394,160.0,0.5289229448015942,congested,62.13610462916318,22624.40132520788,7.2,False,underserved,11.50041261026812,62.13610462916318,13463.0,0.0032783037205801,1,13463,0.4401639794947514,17.503225579665653,0.09983463475043196,0.620883525586258,0.9010450285531255,0.0471506567842833,0.3798021406266975,0.86487216,1,0.7297443
CANDIDATE_Nairobi West Ward_0,-1.3072484238496047,36.794719974045805,Nairobi West Ward,False,2,residential,501.7945927523632,471.2378264735727,1,34,9939,1107.4331345036017,0,0,1440.0,0,1,23.69082151948292,15.855059154149329,27.60870270214972,39.54778439153439,86.71875,289,121.0,0.4857290005023328,congested,56.79149445936021,76676.38743229359,12.7,False,underserved,3.4087176021308845,1.6226141274102917,8719.0,0.0039777675194391,0,8719,0.348155049984002,18.15421991847434,0.06465558793649381,0.014985454381361847,0.9556021710043352,0.05423029221814396,0.22834231201760913,0.86440766,1,0.7288153
CANDIDATE_Kwa Njenga Ward_46,-1.3195069222300793,36.88541601957064,Kwa Njenga Ward,False,6,residential,1024.2936044119278,416.8820540148312,3,11,2929,14304.246388913643,0,0,1440.0,0,1,23.153712807789017,15.270454673240636,27.358117146214813,40.53008159785654,88.23529411764706,250,102.0,0.5267625854793785,congested,80.52538641399036,50138.37407016672,13.8,True,adequately_served,8.429637015686897,6.71044886783253,103653.0,0.0058519822753028,1,103653,0.2682490623582934,1.4360258252339573,0.7686369602456008,0.06592796703879648,0.9607233182361052,0.7308495986869837,0.6238195112302772,0.8643563,1,0.72871256
CANDIDATE_Korogocho Ward_1,-1.2675024825657355,36.88935844663833,Korogocho Ward,False,2,residential,734.8867464531611,386.9387506010326,14,58,6406,7114.906913988673,0,0,1440.0,0,2,18.054313199966053,11.514724616707694,21.324107491595232,57.35551818750744,93.22916666666669,394,160.0,0.5289229448015942,congested,70.68412548851703,72846.89997678499,11.1,True,adequately_served,8.292317705069266,1.1980360252291022,64098.0,0.0027178095129986,1,64098,0.0768685671769029,1.153103289594606,0.47531756801850905,0.010734318790696057,0.9635444365543854,0.3622419813997413,0.43420201209497755,0.86359876,1,0.7271975
CANDIDATE_Mowlem Ward_7,-1.263528767588437,36.90105108403636,Mowlem Ward,False,8,residential,426.435088079088,434.9577462531845,5,47,3727,924.779822358499,0,0,1440.0,0,5,17.845377654040565,11.606875140660836,20.96462891073044,57.8859819316018,91.796875,574,247.0,0.4245573366979223,moderate,80.21913323300808,62819.89166655838,6.4,True,adequately_served,9.662203497004962,1.671231942354335,14449.0,0.0187162921882533,0,14449,0.0838307335300991,7.067824986975575,0.10714630004523444,0.015472245674618003,0.959020310862987,0.0448653982088606,0.24214640824885608,0.8628344,1,0.7256688
CANDIDATE_Upper Savanna Ward_32,-1.274807668952126,36.92359349186807,Upper Savanna Ward,False,2,residential,1244.1110100851758,624.9199568588222,0,33,2569,969.351607954276,0,0,1440.0,0,0,17.845377654040565,11.606875140660836,20.96462891073044,57.8859819316018,91.796875,574,247.0,0.4245573366979223,moderate,62.13610462916318,22624.40132520788,7.2,False,underserved,11.897495184491364,1.827532489093035,13463.0,0.0016062824790724,0,13463,0.4401639794947514,17.503225579665653,0.09983463475043196,0.017037222327129987,0.941122957831671,0.0471506567842833,0.23685615066762455,0.862709,1,0.725418
CANDIDATE_Matopeni/spring Valley Ward_45,-1.2459971176037217,36.91961557069785,Matopeni/spring Valley Ward,False,6,residential,1301.7314450376066,1242.6390371846226,0,0,1882,814.344876647441,0,0,1440.0,0,0,17.845377654040565,11.606875140660836,20.96462891073044,57.8859819316018,91.796875,574,247.0,0.4245573366979223,moderate,58.72900295774414,15205.42326080414,7.0,False,underserved,12.23963719612517,58.72900295774414,11633.0,0.0046057075100592,1,11633,0.0226306829054491,3.94596052808772,0.08626430261099123,0.5867695401923404,0.8829243486476472,0.03920324213099311,0.36131040911766016,0.86260307,1,0.72520614
CANDIDATE_Upper Savanna Ward_27,-1.2759944370583138,36.923602159881526,Upper Savanna Ward,False,2,residential,1308.583899523339,665.2458821888638,0,33,2569,969.351607954276,0,0,1440.0,0,0,17.845377654040565,11.606875140660836,20.96462891073044,57.8859819316018,91.796875,574,247.0,0.4245573366979223,moderate,62.13610462916318,22624.40132520788,7.2,False,underserved,11.884878378819536,1.827532489093035,13463.0,0.0015272026486641,0,13463,0.4401639794947514,17.503225579665653,0.09983463475043196,0.017037222327129987,0.9373236373265809,0.0471506567842833,0.23609628656660653,0.86210364,1,0.7242073
CANDIDATE_Sarang'ombe Ward_15,-1.318343567279808,36.77526007929281,Sarang'ombe Ward,False,2,residential,180.5849001238552,395.9900385443937,3,18,5959,15421.34774339274,0,0,1440.0,0,1,23.69082151948292,15.855059154149329,27.60870270214972,39.54778439153439,86.71875,289,121.0,0.4857290005023328,congested,74.32034487468462,77355.9452208662,26.3,True,adequately_served,5.861185447091604,3.911597098667612,58636.0,0.0110141316741416,1,58636,0.2104011684477993,1.8615246648315409,0.4348142050974024,0.037904151614096895,0.9626916664418774,0.7881249673045143,0.5118243364368934,0.86177605,1,0.7235521
CANDIDATE_Mountain View Ward_19,-1.2561948747658995,36.73945584401723,Mountain View Ward,False,2,residential,938.943547713742,902.52349301534,0,8,6212,2438.23971917691,0,0,1440.0,0,0,17.24048621436891,11.524509169053754,20.09847473702649,65.557208994709,92.96875,298,122.0,0.4417253633750815,congested,61.1874463798916,53352.875177465976,17.9,False,underserved,9.272302217583668,6.798605153321289,13621.0,0.002127787360065,0,13621,0.1696428393750311,5.847857289081503,0.10100628091329077,0.06681064167711834,0.9149684480821016,0.1224626306627993,0.2595410744879115,0.8613477,1,0.72269535
CANDIDATE_Korogocho Ward_18,-1.2525069739212749,36.88955062157327,Korogocho Ward,False,6,unclassified,756.0277273321549,501.63035925456967,0,30,6406,7114.906913988673,0,0,1440.0,0,5,17.845377654040565,11.606875140660836,20.96462891073044,57.8859819316018,91.796875,574,247.0,0.4245573366979223,moderate,70.68412548851703,72846.89997678499,11.1,True,adequately_served,8.882226994311033,2.2801330802747426,64098.0,0.007925733474974,1,64098,0.0768685671769029,1.153103289594606,0.47531756801850905,0.021568936213560798,0.9527387283913905,0.3622419813997413,0.4347495248180947,0.8610377,1,0.72207534
CANDIDATE_Nyayo Highrise Ward_12,-1.3062924635315156,36.81088105286158,Nyayo Highrise Ward,False,6,residential,756.3068961630598,313.5575471733553,10,68,1215,5979.621047336875,0,0,1440.0,0,2,17.73181138157092,11.435384995598536,20.880024574557112,57.01554232804233,93.75,242,107.0,0.5580407232100865,congested,82.69463425732702,23400.367568368,12.7,True,adequately_served,2.320802910621312,1.1984729602511164,47083.0,0.0079228117826463,1,47083,0.348155049984002,2.564062287684165,0.349143141049884,0.01073869365132441,0.9704580711105468,0.30403426708802156,0.3797832404200042,0.8607662,1,0.72153234
CANDIDATE_Kwa Njenga Ward_25,-1.3186491054923746,36.88864721621946,Kwa Njenga Ward,False,2,residential,765.6550585438949,639.0218757789658,0,37,2929,14304.246388913643,0,0,1440.0,0,0,23.153712807789017,15.270454673240636,27.358117146214813,40.53008159785654,88.23529411764706,250,102.0,0.5267625854793785,congested,80.52538641399036,50138.37407016672,13.8,True,adequately_served,8.714498779316898,2.119089116157641,103653.0,0.0026087351511103,1,103653,0.2682490623582934,1.4360258252339573,0.7686369602456008,0.019956465565632863,0.9397943408371217,0.7308495986869837,0.6081408403821896,0.86057174,1,0.7211435
CANDIDATE_Njiru Ward_6,-1.2483951760680878,36.89478768292444,Njiru Ward,False,2,residential,978.2684222000504,517.6446758734093,0,42,10989,746.4285914852591,0,0,1440.0,0,4,17.845377654040565,11.606875140660836,20.96462891073044,57.8859819316018,91.796875,574,247.0,0.4245573366979223,moderate,47.21837435030173,69402.06821576251,11.0,False,severely_underserved,9.60486682603331,1.0981017290767845,6785.0,0.0020423409503052,0,6785,0.2237461265027511,10.89304713008968,0.050314045664538426,0.009733715507298379,0.9512299342098064,0.035721077999510915,0.2174335473012765,0.86056024,1,0.7211205
CANDIDATE_Lucky Summer Ward_16,-1.237787104470532,36.89399102090928,Lucky Summer Ward,False,6,residential,1651.4847599313357,323.7766871283013,12,17,6042,3344.2855019757435,0,0,1440.0,0,1,17.845377654040565,11.606875140660836,20.96462891073044,57.8859819316018,91.796875,574,247.0,0.4245573366979223,moderate,66.8770030670488,60808.06426925295,11.1,False,underserved,10.104195150656128,3.715389059280489,30128.0,0.0036308958154926,0,30128,0.0768685671769029,3.552160434569506,0.2234136430038635,0.03593959674155804,0.9694952714312476,0.16891688119798048,0.31486210476258736,0.86004245,1,0.7200849
CANDIDATE_Lucky Summer Ward_30,-1.2477102339228332,36.897974882098325,Lucky Summer Ward,False,2,residential,988.0003034821094,338.23334703675425,5,45,6042,3344.2855019757435,0,0,1440.0,0,4,17.845377654040565,11.606875140660836,20.96462891073044,57.8859819316018,91.796875,574,247.0,0.4245573366979223,moderate,66.8770030670488,60808.06426925295,11.1,False,underserved,9.95693855031975,1.4538478927619305,30128.0,0.0020222440710668,0,30128,0.0768685671769029,3.552160434569506,0.2234136430038635,0.013295663638667988,0.968133232396166,0.16891688119798048,0.30892871367984853,0.8591305,1,0.718261
CANDIDATE_Makina Ward_2,-1.3152857062082084,36.795984950762495,Makina Ward,False,2,residential,803.2031703925778,635.8349307573897,0,10,1896,15852.355248829706,0,0,1440.0,0,0,23.69082151948292,15.855059154149329,27.60870270214972,39.54778439153439,86.71875,289,121.0,0.4857290005023328,congested,89.77563305815848,61838.3383815226,26.3,True,adequately_served,3.98479918499456,8.161421187105317,60275.0,0.0024869337421583,1,60275,0.2104011684477993,3.298924345951629,0.44696818016655177,0.08045598917616784,0.9400945999252882,0.8102233325529709,0.5266164468479868,0.8587934,1,0.71758676
CANDIDATE_Matopeni/spring Valley Ward_18,-1.2615783598375707,36.934209758823286,Matopeni/spring Valley Ward,False,2,residential,848.2058211228497,848.7838901037014,0,7,1882,814.344876647441,0,0,1440.0,0,0,17.845377654040565,11.606875140660836,20.96462891073044,57.8859819316018,91.796875,574,247.0,0.4245573366979223,moderate,58.72900295774414,15205.42326080414,7.0,False,underserved,13.297271832294497,7.341125369718018,11633.0,0.0023551416514732,0,11633,0.0226306829054491,3.94596052808772,0.08626430261099123,0.07224268583750137,0.9200315426944771,0.03920324213099311,0.2401001343383163,0.85873175,1,0.7174635
CANDIDATE_Gatina Ward_16,-1.2728665525904037,36.75864498271193,Gatina Ward,False,2,residential,1005.6686354599392,965.3569482049628,0,4,6063,3037.154756927026,0,0,1440.0,0,0,17.24048621436891,11.524509169053754,20.09847473702649,65.557208994709,92.96875,298,122.0,0.4417253633750815,congested,55.98639000937479,45919.74288559071,12.7,False,underserved,6.681079678080915,11.197278001874958,23914.0,0.0019867510812892,0,23914,0.0885442239001563,2.613255050207503,0.1773338375861123,0.11085284404722973,0.909048573144235,0.15316985290380677,0.3022237393765551,0.85869265,1,0.7173853
CANDIDATE_Airbase Ward_4,-1.2810413913991752,36.84171959730968,Airbase Ward,False,6,unclassified,281.3069859920994,322.1373568575194,8,38,17075,1530.534366496874,0,0,1440.0,0,4,17.684657596250318,11.666697525521228,20.693637631614862,60.45883468467407,92.24137931034484,543,224.0,0.490429447437139,congested,46.01546587417469,105433.25515722662,9.3,False,severely_underserved,2.7901366060081383,1.1798837403634537,16457.0,0.021253459169331,0,16457,0.2187157501793953,11.040159940658125,0.1220365879884022,0.010552567014408426,0.9696497214794838,0.07592329162932626,0.2544655501713049,0.85807616,1,0.7161523
CANDIDATE_Korogocho Ward_45,-1.2658417722270645,36.89084912780666,Korogocho Ward,False,2,residential,604.5453692229815,372.66396040626034,6,35,6406,7114.906913988673,0,0,1440.0,0,2,18.054313199966053,11.514724616707694,21.324107491595232,57.35551818750744,93.22916666666669,394,160.0,0.5289229448015942,congested,70.68412548851703,72846.89997678499,11.1,True,adequately_served,8.500518980220498,1.963447930236584,64098.0,0.00330280785165,1,64098,0.0768685671769029,1.153103289594606,0.47531756801850905,0.01839809083682955,0.9648893406737326,0.3622419813997413,0.4363869359303803,0.8576787,1,0.7153574
CANDIDATE_Kangemi Ward_1,-1.2542515342865044,36.73836265104702,Kangemi Ward,False,2,residential,1148.723462282939,1128.8102028670464,0,0,8188,6633.956850403134,0,0,1440.0,0,0,17.24048621436891,11.524509169053754,20.09847473702649,65.557208994709,92.96875,298,122.0,0.4417253633750815,congested,63.280549542627405,74330.71297439898,17.9,False,underserved,9.46516173313475,63.280549542627405,37061.0,0.0017395487398584,1,37061,0.1696428393750311,2.9059320347753803,0.2748251800108266,0.632342407893636,0.8936487702388138,0.33758299046034573,0.5005207671170302,0.85681355,1,0.7136271
CANDIDATE_Hospital Ward_39,-1.2601627507025797,36.848008880399725,Hospital Ward,False,6,residential,297.13632941488135,487.72782094830217,3,45,2568,5468.702396804928,0,0,1440.0,0,13,17.684657596250318,11.666697525521228,20.693637631614862,60.45883468467407,92.24137931034484,543,224.0,0.490429447437139,congested,78.17900267492627,39231.09369567416,14.5,True,adequately_served,4.499084222426593,1.6995435364114406,37715.0,0.020125021367827,1,37715,0.0461995963019781,3.670557877306343,0.2796749052672169,0.01575571866699876,0.954048560674903,0.27783874425076405,0.348202607495409,0.85665506,1,0.7133101
CANDIDATE_Dandora Area Iii Ward_22,-1.237796088487487,36.91585659695593,Dandora Area Iii Ward,False,6,residential,1070.9761317904438,1071.6177527595548,0,0,8261,3479.3635402845307,0,0,1440.0,0,0,17.845377654040565,11.606875140660836,20.96462891073044,57.8859819316018,91.796875,574,247.0,0.4245573366979223,moderate,62.53869018516417,73507.78889000125,7.5,False,underserved,12.226761642064528,62.53869018516417,46391.0,0.0055971395463615,1,46391,0.1688006615484064,4.244448169525055,0.3440116274758441,0.6249144583560159,0.8990371760013931,0.1758425235358472,0.49160862411299744,0.8564726,1,0.7129452
CANDIDATE_Kwa Njenga Ward_23,-1.3310507797888471,36.896182299339216,Kwa Njenga Ward,False,2,residential,514.4859624162377,430.8805925380008,8,43,2929,14304.246388913643,0,0,1440.0,0,10,17.906847137299025,11.406366449662858,21.157087481117102,57.709691248294185,93.33333333333331,371,147.0,0.3154506881194194,moderate,80.52538641399036,50138.37407016672,13.8,True,adequately_served,10.08669846320968,1.8301224184997809,103653.0,0.0038798340707968,1,103653,0.2682490623582934,1.4360258252339573,0.7686369602456008,0.017063154284105084,0.9594044412601378,0.7308495986869837,0.6113395326464109,0.85638577,1,0.71277153
CANDIDATE_Upper Savanna Ward_7,-1.272541763213726,36.92195021861954,Upper Savanna Ward,False,6,residential,940.914205011592,333.2554335774763,21,48,2569,969.351607954276,0,0,1440.0,0,8,17.845377654040565,11.606875140660836,20.96462891073044,57.8859819316018,91.796875,574,247.0,0.4245573366979223,moderate,62.13610462916318,22624.40132520788,7.2,False,underserved,11.746304978168984,1.2680837679421058,13463.0,0.006370006915785,0,13463,0.4401639794947514,17.503225579665653,0.09983463475043196,0.01143567962528279,0.9686022281730419,0.0471506567842833,0.24095161906043694,0.85630924,1,0.71261847
CANDIDATE_Nairobi West Ward_42,-1.321276366758386,36.815740778235146,Nairobi West Ward,False,2,unclassified,548.4090697397729,555.1781701176236,0,23,9939,1107.4331345036017,0,0,1440.0,0,0,17.537775244317,11.62485744823719,20.494234142356905,58.00865800865801,88.88888888888889,178,69.0,0.4114521425097195,congested,56.79149445936021,76676.38743229359,12.7,False,underserved,3.8814662289634327,2.3663122691400087,8719.0,0.0036402748155346,0,8719,0.348155049984002,18.15421991847434,0.06465558793649381,0.022431814951483785,0.9476937035308419,0.05423029221814396,0.22862220866544095,0.855892,1,0.711784
CANDIDATE_Eastleigh South Ward_35,-1.286516423177933,36.845695716084215,Eastleigh South Ward,False,6,tertiary,175.442073220515,370.2740936883719,2,39,4421,4792.49862701149,0,0,1440.0,0,2,17.243300893072206,11.884733802396095,20.1012033414328,63.47116048203005,93.75,190,84.0,0.5831369347890785,congested,78.3703324081986,68143.70069639628,9.3,True,adequately_served,3.167806850988314,1.9592583102049648,51532.0,0.034005494780722,1,51532,0.2187157501793953,0.704393795896947,0.3821346206610161,0.01835614179909943,0.9651145027636633,0.24316881925229095,0.37999281708432137,0.8554715,1,0.710943
CANDIDATE_Nyayo Highrise Ward_13,-1.315704630048104,36.80241312103071,Nyayo Highrise Ward,False,2,residential,571.8097666833144,489.44104993801744,1,38,1215,5979.621047336875,0,0,1440.0,0,1,23.69082151948292,15.855059154149329,27.60870270214972,39.54778439153439,86.71875,289,121.0,0.4857290005023328,congested,82.69463425732702,23400.367568368,12.7,True,adequately_served,3.649668200155733,2.12037523736736,47083.0,0.0034915605779217,1,47083,0.348155049984002,2.564062287684165,0.349143141049884,0.01996934299765411,0.9538871482342146,0.30403426708802156,0.3787767181813202,0.85456455,1,0.7091291
CANDIDATE_Hospital Ward_28,-1.2596710722814943,36.83800135314012,Hospital Ward,False,6,residential,133.32765456171632,441.8000598782684,11,24,2568,5468.702396804928,0,0,1440.0,0,18,17.684657596250318,11.666697525521228,20.693637631614862,60.45883468467407,92.24137931034484,543,224.0,0.490429447437139,congested,78.17900267492627,39231.09369567416,14.5,True,adequately_served,3.765747631039265,3.1271601069970507,37715.0,0.0446669006436297,1,37715,0.0461995963019781,3.670557877306343,0.2796749052672169,0.030049888766357242,0.9583756600026465,0.27783874425076405,0.3526415698857973,0.85427654,1,0.7085531
CANDIDATE_Njiru Ward_31,-1.2633452102765144,36.901529662448,Njiru Ward,False,8,residential,392.4783965154597,400.445310543168,5,53,10989,746.4285914852591,0,0,1440.0,0,5,17.845377654040565,11.606875140660836,20.96462891073044,57.8859819316018,91.796875,574,247.0,0.4245573366979223,moderate,47.21837435030173,69402.06821576251,11.0,False,severely_underserved,9.718904079540772,0.8744143398204024,6785.0,0.0203314847037242,0,6785,0.2237461265027511,10.89304713008968,0.050314045664538426,0.007494020580108965,0.9622719115045224,0.035721077999510915,0.2190820190284224,0.8542659,1,0.70853186
CANDIDATE_Kangemi Ward_40,-1.2583860545218384,36.74455582777506,Kangemi Ward,False,2,residential,648.0555990691485,639.6062959047049,0,21,8188,6633.956850403134,0,0,1440.0,0,0,17.24048621436891,11.524509169053754,20.09847473702649,65.557208994709,92.96875,298,122.0,0.4417253633750815,congested,63.280549542627405,74330.71297439898,17.9,False,underserved,8.655619558904055,2.876388615573973,37061.0,0.0030814001186775,1,37061,0.1696428393750311,2.9059320347753803,0.2748251800108266,0.027539011246211272,0.9397392795000504,0.33758299046034573,0.3585380198074214,0.8540661,1,0.70813215
CANDIDATE_Ngando Ward_22,-1.3163582415644095,36.743919857839806,Ngando Ward,False,2,residential,1182.0510314252888,1176.751501733236,0,0,2979,1287.4420267405085,0,0,1440.0,0,0,16.699138772601074,11.303737458124182,19.57668614032208,68.12864671560324,95.45454545454544,134,49.0,0.5466091380314718,congested,64.55544213237266,28020.643468093764,18.5,False,underserved,8.801066484175585,64.55544213237266,6959.0,0.0016905441497231,1,6959,0.1996750767775023,17.558483286089597,0.051604339540091804,0.6451074121053447,0.8891319647760196,0.06345960307338838,0.3698566854352499,0.8533585,1,0.706717
CANDIDATE_Woodley/kenyatta Golf Course Ward_14,-1.3168825658608665,36.74190235552239,Woodley/kenyatta Golf Course Ward,False,2,residential,1195.0252868785046,1189.512496568032,0,0,7917,4018.27020779832,0,0,1440.0,0,0,16.699138772601074,11.303737458124182,19.57668614032208,68.12864671560324,95.45454545454544,134,49.0,0.5466091380314718,congested,85.74743830112823,185176.1679773348,26.3,True,adequately_served,9.030778153574817,85.74743830112823,15278.0,0.0016722054474448,1,15278,0.2104011684477993,10.498111183713132,0.11329373465922153,0.8572946367583104,0.8879296833914169,0.20347303164376196,0.4722570093273409,0.8533585,1,0.706717
CANDIDATE_Kangemi Ward_28,-1.2730256946133989,36.73759989456208,Kangemi Ward,False,6,unclassified,503.3480242026871,486.619899949014,2,31,8188,6633.956850403134,0,0,1440.0,0,3,17.860120755591254,11.573045141024393,21.003658562874683,57.14772462015109,94.04761904761904,382,161.0,0.477674612291292,congested,63.280549542627405,74330.71297439898,17.9,False,underserved,8.973016141038663,1.9775171732071064,37061.0,0.0118965470509877,1,37061,0.1696428393750311,2.9059320347753803,0.2748251800108266,0.018538960700862687,0.9541529438213817,0.33758299046034573,0.3591707400353505,0.85312825,1,0.7062565
CANDIDATE_Kawangware Ward_0,-1.2803067324373751,36.74560852096144,Kawangware Ward,False,6,residential,527.3653922679968,523.0864655660921,0,43,3492,5178.226263284484,0,0,1440.0,0,2,17.24048621436891,11.524509169053754,20.09847473702649,65.557208994709,92.96875,298,122.0,0.4417253633750815,congested,81.98129425370998,64603.17956032373,12.7,True,adequately_served,7.987400858878488,1.863211233038863,40773.0,0.0113557778155097,1,40773,0.0885442239001563,4.6437342874103065,0.3023514493559654,0.017394459729245547,0.9507172341788812,0.26294562147791023,0.35290419333825757,0.85306364,1,0.7061273
CANDIDATE_Nairobi West Ward_2,-1.3217569523678916,36.81606610926068,Nairobi West Ward,False,2,unclassified,612.5637755413671,619.5553787934322,0,22,9939,1107.4331345036017,0,0,1440.0,0,0,17.537775244317,11.62485744823719,20.494234142356905,58.00865800865801,88.88888888888889,178,69.0,0.4114521425097195,congested,56.79149445936021,76676.38743229359,12.7,False,underserved,3.933533885964217,2.46919541127653,8719.0,0.0032596448482235,0,8719,0.348155049984002,18.15421991847434,0.06465558793649381,0.023461943884109344,0.941628383343378,0.05423029221814396,0.22766667686110456,0.8527627,1,0.7055254
CANDIDATE_Imara Daima Ward_46,-1.3326658568376504,36.89554209749721,Imara Daima Ward,False,3,trunk,453.6579361664625,426.523991837234,5,34,8991,2562.801079728265,0,0,1440.0,0,10,17.906847137299025,11.406366449662858,21.157087481117102,57.709691248294185,93.33333333333331,371,147.0,0.3154506881194194,moderate,67.61809525092917,92557.21147751193,13.8,False,underserved,10.114954464185915,1.9319455785979764,18571.0,0.0065983671709221,0,18571,0.2682490623582934,5.704579811463799,0.13771291702817143,0.018082670028378618,0.9598148998482408,0.1288490680370577,0.27045298204401436,0.8523578,1,0.7047156
CANDIDATE_South C Ward_4,-1.3264782280880492,36.81522025674445,South C Ward,False,2,residential,946.9790905494732,931.6161784838548,0,5,9969,464.7086107611213,0,0,1440.0,0,0,17.537775244317,11.62485744823719,20.494234142356905,58.00865800865801,88.88888888888889,178,69.0,0.4114521425097195,congested,52.75712751657217,70344.6251026133,12.7,False,underserved,4.461926557579143,8.79285458609536,3659.0,0.0021097511748289,0,3659,0.348155049984002,28.829494748770223,0.02713324879683804,0.08677828649152988,0.9122274710172474,0.021276895582041187,0.21789208202163352,0.85232556,1,0.7046511
CANDIDATE_Lucky Summer Ward_19,-1.2382661316444288,36.889889414316535,Lucky Summer Ward,False,6,residential,1467.921148324911,310.9227253433629,3,29,6042,3344.2855019757435,0,0,1440.0,0,1,17.845377654040565,11.606875140660836,20.96462891073044,57.8859819316018,91.796875,574,247.0,0.4245573366979223,moderate,66.8770030670488,60808.06426925295,11.1,False,underserved,9.692508845532949,2.2292334355682937,30128.0,0.0040846304152146,0,30128,0.0768685671769029,3.552160434569506,0.2234136430038635,0.021059297845373155,0.9707063117280658,0.16891688119798048,0.3113842380979048,0.8514011,1,0.7028022
CANDIDATE_Pangani Ward_6,-1.2763308977329275,36.84514875280002,Pangani Ward,False,6,tertiary,84.83876850594788,431.5392505734689,3,41,989,2790.562086051957,0,0,1440.0,0,2,17.684657596250318,11.666697525521228,20.693637631614862,60.45883468467407,92.24137931034484,543,224.0,0.490429447437139,congested,88.98050726062212,29921.21680161153,20.0,True,adequately_served,3.3025622948410045,2.1185835062052885,13952.0,0.0698984864814813,0,13952,0.0823102809141833,24.46424571745943,0.10346080546965956,0.0199514030896069,0.9593423855736405,0.1405266974138228,0.26117294928427526,0.8513819,1,0.7027638
CANDIDATE_Woodley/kenyatta Golf Course Ward_9,-1.313684542888243,36.746038032848304,Woodley/kenyatta Golf Course Ward,False,4,secondary,956.9739564193084,951.9733790323414,0,2,7917,4018.27020779832,0,0,1440.0,0,0,16.699138772601074,11.303737458124182,19.57668614032208,68.12864671560324,95.45454545454544,134,49.0,0.5466091380314718,congested,85.74743830112823,185176.1679773348,26.3,True,adequately_served,8.472633904267045,28.58247943370941,15278.0,0.0041754788563888,1,15278,0.2104011684477993,10.498111183713132,0.11329373465922153,0.28492411192016737,0.9103095105777265,0.20347303164376196,0.33364034355506705,0.8512866,1,0.7025732
CANDIDATE_Dandora Area Iii Ward_35,-1.2452200686275818,36.89811080580287,Dandora Area Iii Ward,False,2,residential,1264.387803084522,549.3491135802266,0,36,8261,3479.3635402845307,0,0,1440.0,0,3,17.845377654040565,11.606875140660836,20.96462891073044,57.8859819316018,91.796875,574,247.0,0.4245573366979223,moderate,62.53869018516417,73507.78889000125,7.5,False,underserved,10.093137356097742,1.690234869869302,46391.0,0.0015805431308289,1,46391,0.1688006615484064,4.244448169525055,0.3440116274758441,0.015662514605282837,0.9482428900367089,0.1758425235358472,0.3491367809823774,0.8507918,1,0.7015836
CANDIDATE_Eastleigh South Ward_26,-1.2735635616811052,36.84273674567139,Eastleigh South Ward,False,6,residential,269.08675831063084,505.1447014441718,0,60,4421,4792.49862701149,0,0,1440.0,0,6,17.684657596250318,11.666697525521228,20.693637631614862,60.45883468467407,92.24137931034484,543,224.0,0.490429447437139,congested,78.3703324081986,68143.70069639628,9.3,True,adequately_served,3.1774796599313686,1.284759547675387,51532.0,0.0222150839142558,1,51532,0.2187157501793953,0.704393795896947,0.3821346206610161,0.011602647729294905,0.9524076234698399,0.24316881925229095,0.3757630677081055,0.85033756,1,0.70067513
CANDIDATE_Kwa Njenga Ward_43,-1.3187808478317793,36.88702609213089,Kwa Njenga Ward,False,6,unclassified,910.8242095163682,536.7280047791435,0,28,2929,14304.246388913643,0,0,1440.0,0,1,23.153712807789017,15.270454673240636,27.358117146214813,40.53008159785654,88.23529411764706,250,102.0,0.5267625854793785,congested,80.52538641399036,50138.37407016672,13.8,True,adequately_served,8.55672431592446,2.776737462551392,103653.0,0.0065802157229214,1,103653,0.2682490623582934,1.4360258252339573,0.7686369602456008,0.026541242964971956,0.9494319920119885,0.7308495986869837,0.6117145649669978,0.84980786,1,0.6996157
CANDIDATE_Makina Ward_3,-1.3204974830399987,36.78247738301559,Makina Ward,False,2,residential,224.33592389988905,438.4860353716917,2,33,1896,15852.355248829706,0,0,1440.0,0,1,23.69082151948292,15.855059154149329,27.60870270214972,39.54778439153439,86.71875,289,121.0,0.4857290005023328,congested,89.77563305815848,61838.3383815226,26.3,True,adequately_served,5.410606850793936,2.6404597958281903,60275.0,0.0088756376053404,1,60275,0.2104011684477993,3.298924345951629,0.44696818016655177,0.025176747631266164,0.9586878919268779,0.8102233325529709,0.5165152948620795,0.8496963,1,0.69939256
CANDIDATE_Ngando Ward_4,-1.291000755881557,36.741206809331125,Ngando Ward,False,2,residential,136.6478025289864,330.218459878264,14,61,2979,1287.4420267405085,0,0,1440.0,0,6,16.699138772601074,11.303737458124182,19.57668614032208,68.12864671560324,95.45454545454544,134,49.0,0.5466091380314718,congested,64.55544213237266,28020.643468093764,18.5,False,underserved,8.463395659541593,1.0412168085866558,6959.0,0.0145298360253795,0,6959,0.1996750767775023,17.558483286089597,0.051604339540091804,0.00916414889793853,0.9688883576630511,0.06345960307338838,0.22682214821080468,0.8496093,1,0.69921863
CANDIDATE_Eastleigh South Ward_32,-1.2765815214378755,36.846594141453,Eastleigh South Ward,False,2,residential,157.25256196506294,364.3911725865056,8,24,4421,4792.49862701149,0,0,1440.0,0,3,17.684657596250318,11.666697525521228,20.693637631614862,60.45883468467407,92.24137931034484,543,224.0,0.490429447437139,congested,78.3703324081986,68143.70069639628,9.3,True,adequately_served,3.445223528430143,3.1348132963279443,51532.0,0.0126380260462483,1,51532,0.2187157501793953,0.704393795896947,0.3821346206610161,0.030126517177901605,0.9656687641374376,0.24316881925229095,0.38304626320377677,0.8487609,1,0.6975218
CANDIDATE_Sarang'ombe Ward_16,-1.3185882611088933,36.77377392666683,Sarang'ombe Ward,False,2,residential,346.448285172227,357.45166742851904,3,16,5959,15421.34774339274,0,0,1440.0,0,1,23.69082151948292,15.855059154149329,27.60870270214972,39.54778439153439,86.71875,289,121.0,0.4857290005023328,congested,74.32034487468462,77355.9452208662,26.3,True,adequately_served,6.009603399057643,4.371784992628507,58636.0,0.0057562523268998,1,58636,0.2104011684477993,1.8615246648315409,0.4348142050974024,0.04251183421562643,0.9663225719304673,0.7881249673045143,0.5137024381849937,0.8486703,1,0.6973406
CANDIDATE_Upper Savanna Ward_20,-1.2925634974737528,36.91895670566889,Upper Savanna Ward,False,6,residential,1664.3929713462085,932.4014460243944,0,2,2569,969.351607954276,0,0,1440.0,0,0,18.054313199966053,11.514724616707694,21.324107491595232,57.35551818750744,93.22916666666669,394,160.0,0.5289229448015942,congested,62.13610462916318,22624.40132520788,7.2,False,underserved,11.332706389555195,20.71203487638773,13463.0,0.0036027532860006,0,13463,0.4401639794947514,17.503225579665653,0.09983463475043196,0.2061204081961499,0.9121534867740011,0.0471506567842833,0.27833305292334554,0.8481198,1,0.6962396
CANDIDATE_Nyayo Highrise Ward_11,-1.32378807197425,36.81055435779034,Nyayo Highrise Ward,False,2,residential,520.3725673360556,396.2993198067958,2,19,1215,5979.621047336875,0,0,1440.0,0,5,17.537775244317,11.62485744823719,20.494234142356905,58.00865800865801,88.88888888888889,178,69.0,0.4114521425097195,congested,82.69463425732702,23400.367568368,12.7,True,adequately_served,4.22249403379588,4.134731712866351,47083.0,0.0038360284474094,1,47083,0.348155049984002,2.564062287684165,0.349143141049884,0.04013831181938448,0.962662527404584,0.30403426708802156,0.3855740362208267,0.84784985,1,0.6956997
CANDIDATE_Eastleigh South Ward_14,-1.2786623933970476,36.842024433537496,Eastleigh South Ward,False,2,residential,203.44959210690809,351.4111337291933,3,28,4421,4792.49862701149,0,0,1440.0,0,4,17.684657596250318,11.666697525521228,20.693637631614862,60.45883468467407,92.24137931034484,543,224.0,0.490429447437139,congested,78.3703324081986,68143.70069639628,9.3,True,adequately_served,2.8906710288776045,2.7024252554551245,51532.0,0.0097823623876646,1,51532,0.2187157501793953,0.704393795896947,0.3821346206610161,0.025797183705238737,0.9668916828276807,0.24316881925229095,0.38220851357365965,0.8476899,1,0.69537985
CANDIDATE_Kawangware Ward_14,-1.273194924241512,36.73977318370459,Kawangware Ward,False,2,residential,688.8730993824362,635.7926337891705,0,25,3492,5178.226263284484,0,0,1440.0,0,0,17.24048621436891,11.524509169053754,20.09847473702649,65.557208994709,92.96875,298,122.0,0.4417253633750815,congested,81.98129425370998,64603.17956032373,12.7,True,adequately_served,8.73166638440548,3.1531267020657685,40773.0,0.0028990839065769,1,40773,0.0885442239001563,4.6437342874103065,0.3023514493559654,0.030309882194887675,0.9400985849482565,0.26294562147791023,0.35400931910854316,0.8474563,1,0.69491255
CANDIDATE_Nyayo Highrise Ward_39,-1.3191594828034945,36.80207559402925,Nyayo Highrise Ward,False,2,residential,428.3008332102758,425.7402738208317,7,30,1215,5979.621047336875,0,0,1440.0,0,6,23.69082151948292,15.855059154149329,27.60870270214972,39.54778439153439,86.71875,289,121.0,0.4857290005023328,congested,82.69463425732702,23400.367568368,12.7,True,adequately_served,4.01198494499303,2.667568847010549,47083.0,0.0046587377551638,1,47083,0.348155049984002,2.564062287684165,0.349143141049884,0.025448180029023985,0.9598887381025537,0.30403426708802156,0.3813467454128305,0.8470349,1,0.69406974
CANDIDATE_Mowlem Ward_14,-1.2723306265748804,36.906519928103904,Mowlem Ward,False,2,residential,494.14365943538365,324.08872820885654,11,101,3727,924.779822358499,0,0,1440.0,0,8,18.054313199966053,11.514724616707694,21.324107491595232,57.35551818750744,93.22916666666669,394,160.0,0.5289229448015942,congested,80.21913323300808,62819.89166655838,6.4,True,adequately_served,10.051935060964151,0.7864620905196871,14449.0,0.0040392317701909,0,14449,0.0838307335300991,7.067824986975575,0.10714630004523444,0.006613388876870957,0.9694658723767663,0.0448653982088606,0.24202080635217518,0.84680235,1,0.6936047
CANDIDATE_Makina Ward_40,-1.3147302415184268,36.79618509865548,Makina Ward,False,8,unclassified,835.5487203027957,577.4209534217562,0,6,1896,15852.355248829706,0,0,1440.0,0,0,23.69082151948292,15.855059154149329,27.60870270214972,39.54778439153439,86.71875,289,121.0,0.4857290005023328,congested,89.77563305815848,61838.3383815226,26.3,True,adequately_served,3.921889585794741,12.825090436879782,60275.0,0.009563101115144,1,60275,0.2104011684477993,3.298924345951629,0.44696818016655177,0.12715149756192326,0.9455980922830893,0.8102233325529709,0.5393910224159859,0.846628,1,0.693256
CANDIDATE_Mountain View Ward_24,-1.2714198916813857,36.73826445333655,Mountain View Ward,False,6,residential,650.4147199723635,655.9133002323011,0,32,6212,2438.23971917691,0,0,1440.0,0,0,17.860120755591254,11.573045141024393,21.003658562874683,57.14772462015109,94.04761904761904,382,161.0,0.477674612291292,congested,61.1874463798916,53352.875177465976,17.9,False,underserved,8.931742595721238,1.8541650418148967,13621.0,0.0092107221652199,0,13621,0.1696428393750311,5.847857289081503,0.10100628091329077,0.01730388373092013,0.9382029096483642,0.1224626306627993,0.2518112773146145,0.846487,1,0.692974
CANDIDATE_Upper Savanna Ward_33,-1.2842099406461225,36.92294328143522,Upper Savanna Ward,False,2,residential,1744.4024836445249,960.9027975487,0,2,2569,969.351607954276,0,0,1440.0,0,0,18.054313199966053,11.514724616707694,21.324107491595232,57.35551818750744,93.22916666666669,394,160.0,0.5289229448015942,congested,62.13610462916318,22624.40132520788,7.2,False,underserved,11.75768020578236,20.71203487638773,13463.0,0.0011458675112137,0,13463,0.4401639794947514,17.503225579665653,0.09983463475043196,0.2061204081961499,0.9094682224339313,0.0471506567842833,0.27779600005533156,0.8463134,1,0.69262683
CANDIDATE_Nyayo Highrise Ward_5,-1.3112394524702675,36.808726124675104,Nyayo Highrise Ward,False,6,residential,286.3711730118727,328.7615279376296,13,57,1215,5979.621047336875,0,0,1440.0,0,5,17.73181138157092,11.435384995598536,20.880024574557112,57.01554232804233,93.75,242,107.0,0.5580407232100865,congested,82.69463425732702,23400.367568368,12.7,True,adequately_served,2.9182431513651994,1.4257695561608108,47083.0,0.0208789209339104,1,47083,0.348155049984002,2.564062287684165,0.349143141049884,0.01301452616257466,0.9690256229917762,0.30403426708802156,0.3800657089240626,0.8462298,1,0.6924596
CANDIDATE_Nyayo Highrise Ward_7,-1.3054323780967578,36.80717641399522,Nyayo Highrise Ward,False,6,residential,416.6643067175896,407.8947231288512,5,50,1215,5979.621047336875,0,0,1440.0,0,7,17.73181138157092,11.435384995598536,20.880024574557112,57.01554232804233,93.75,242,107.0,0.5580407232100865,congested,82.69463425732702,23400.367568368,12.7,True,adequately_served,2.391731018848028,1.621463416810334,47083.0,0.0143656039156273,1,47083,0.348155049984002,2.564062287684165,0.349143141049884,0.014973932763169797,0.9615700626131201,0.30403426708802156,0.3790644484984802,0.8456983,1,0.6913966
CANDIDATE_Matopeni/spring Valley Ward_46,-1.2642289001598337,36.9266969043247,Matopeni/spring Valley Ward,False,6,residential,666.1060295884607,353.9243372852692,6,24,1882,814.344876647441,0,0,1440.0,0,3,17.845377654040565,11.606875140660836,20.96462891073044,57.8859819316018,91.796875,574,247.0,0.4245573366979223,moderate,58.72900295774414,15205.42326080414,7.0,False,underserved,12.4196273521837,2.349160118309766,11633.0,0.0089940725070367,0,11633,0.0226306829054491,3.94596052808772,0.08626430261099123,0.02226007712874559,0.9666549005164028,0.03920324213099311,0.23692915372551251,0.8455065,1,0.691013
CANDIDATE_Nyayo Highrise Ward_41,-1.3225393398659713,36.81423449613562,Nyayo Highrise Ward,False,2,unclassified,529.5991691087244,528.8463008685089,0,15,1215,5979.621047336875,0,0,1440.0,0,5,17.537775244317,11.62485744823719,20.494234142356905,58.00865800865801,88.88888888888889,178,69.0,0.4114521425097195,congested,82.69463425732702,23400.367568368,12.7,True,adequately_served,4.032010747237167,5.168414641082939,47083.0,0.0037693236560462,1,47083,0.348155049984002,2.564062287684165,0.349143141049884,0.050488177398956655,0.9501745693747555,0.30403426708802156,0.385663911009754,0.8449153,1,0.68983054
CANDIDATE_Korogocho Ward_9,-1.2688449164084898,36.89105455086837,Korogocho Ward,False,6,residential,683.6468263099762,614.5285382312525,0,45,6406,7114.906913988673,0,0,1440.0,0,0,18.054313199966053,11.514724616707694,21.324107491595232,57.35551818750744,93.22916666666669,394,160.0,0.5289229448015942,congested,70.68412548851703,72846.89997678499,11.1,True,adequately_served,8.439075130695967,1.5366114236634136,64098.0,0.0087636424641563,1,64098,0.0768685671769029,1.153103289594606,0.47531756801850905,0.014124342720365694,0.9421019888035725,0.3622419813997413,0.4307610285272323,0.8449102,1,0.6898204
CANDIDATE_Pangani Ward_1,-1.2754723171799824,36.84491605764399,Pangani Ward,False,2,residential,69.93252242283482,514.8786747140716,0,47,989,2790.562086051957,0,0,1440.0,0,2,17.684657596250318,11.666697525521228,20.693637631614862,60.45883468467407,92.24137931034484,543,224.0,0.490429447437139,congested,88.98050726062212,29921.21680161153,20.0,True,adequately_served,3.312060336320263,1.853760567929628,13952.0,0.0281958110565676,0,13952,0.0823102809141833,24.46424571745943,0.10346080546965956,0.01729983389104302,0.9514905339315924,0.1405266974138228,0.2589396866562247,0.84484404,1,0.6896881
CANDIDATE_Mowlem Ward_1,-1.2500660493361635,36.89575003181825,Mowlem Ward,False,2,residential,768.2291567759614,314.3426813871099,10,36,3727,924.779822358499,0,0,1440.0,0,4,17.845377654040565,11.606875140660836,20.96462891073044,57.8859819316018,91.796875,574,247.0,0.4245573366979223,moderate,80.21913323300808,62819.89166655838,6.4,True,adequately_served,9.62156837126414,2.168084681973191,14449.0,0.0026000054501086,0,14449,0.0838307335300991,7.067824986975575,0.10714630004523444,0.02044703913161109,0.9703840994287279,0.0448653982088606,0.24566286432625256,0.8446478,1,0.68929565
CANDIDATE_Njiru Ward_27,-1.261172272219625,36.89734181467346,Njiru Ward,False,8,residential,456.1431472539233,480.8571378746815,2,35,10989,746.4285914852591,0,0,1440.0,0,7,17.845377654040565,11.606875140660836,20.96462891073044,57.8859819316018,91.796875,574,247.0,0.4245573366979223,moderate,47.21837435030173,69402.06821576251,11.0,False,severely_underserved,9.340357088767057,1.3116215097306037,6785.0,0.0174999888941927,0,6785,0.2237461265027511,10.89304713008968,0.050314045664538426,0.011871606119615545,0.9546958843722996,0.035721077999510915,0.21866120998685445,0.84457505,1,0.6891501
CANDIDATE_Nyayo Highrise Ward_27,-1.3184240727420655,36.80525114459471,Nyayo Highrise Ward,False,2,residential,476.4939550471317,490.9106914222514,4,41,1215,5979.621047336875,0,0,1440.0,0,8,17.73181138157092,11.435384995598536,20.880024574557112,57.01554232804233,93.75,242,107.0,0.5580407232100865,congested,82.69463425732702,23400.367568368,12.7,True,adequately_served,3.800594144420645,1.9689198632696912,47083.0,0.0041885347005127,1,47083,0.348155049984002,2.564062287684165,0.349143141049884,0.018452879176471367,0.9537486854716002,0.30403426708802156,0.37836990967350165,0.84454155,1,0.6890831
CANDIDATE_Korogocho Ward_33,-1.268113345157278,36.890631665689966,Korogocho Ward,False,6,residential,773.498300408103,521.208688617599,0,47,6406,7114.906913988673,0,0,1440.0,0,2,18.054313199966053,11.514724616707694,21.324107491595232,57.35551818750744,93.22916666666669,394,160.0,0.5289229448015942,congested,70.68412548851703,72846.89997678499,11.1,True,adequately_served,8.41263809485504,1.472585947677438,64098.0,0.0077469505056866,1,64098,0.0768685671769029,1.153103289594606,0.47531756801850905,0.013483280502896112,0.9508941495603884,0.3622419813997413,0.43235919512422816,0.84431785,1,0.6886357
CANDIDATE_Kawangware Ward_9,-1.2781816486117337,36.74071125545656,Kawangware Ward,False,2,residential,537.9185008374237,536.3982111789919,0,42,3492,5178.226263284484,0,0,1440.0,0,2,17.24048621436891,11.524509169053754,20.09847473702649,65.557208994709,92.96875,298,122.0,0.4417253633750815,congested,81.98129425370998,64603.17956032373,12.7,True,adequately_served,8.551995553313914,1.9065417268304643,40773.0,0.0037111362792188,1,40773,0.0885442239001563,4.6437342874103065,0.3023514493559654,0.01782831112990019,0.9494630636260246,0.26294562147791023,0.3527618220778499,0.84374976,1,0.6874995
CANDIDATE_Nyayo Highrise Ward_44,-1.314779965510532,36.80221001908072,Nyayo Highrise Ward,False,2,residential,543.445172489791,385.97563271777,2,33,1215,5979.621047336875,0,0,1440.0,0,1,23.69082151948292,15.855059154149329,27.60870270214972,39.54778439153439,86.71875,289,121.0,0.4857290005023328,congested,82.69463425732702,23400.367568368,12.7,True,adequately_served,3.568657699668303,2.4321951252155007,47083.0,0.0036734644755023,1,47083,0.348155049984002,2.564062287684165,0.349143141049884,0.023091474394206793,0.9636351770269909,0.30403426708802156,0.3815068567890136,0.84364843,1,0.68729687
CANDIDATE_Hospital Ward_22,-1.2508264351049856,36.85359827928762,Hospital Ward,False,2,residential,576.9045535972064,620.9316975340978,0,20,2568,5468.702396804928,0,0,1440.0,0,0,17.684657596250318,11.666697525521228,20.693637631614862,60.45883468467407,92.24137931034484,543,224.0,0.490429447437139,congested,78.17900267492627,39231.09369567416,14.5,True,adequately_served,5.658569673659263,3.722809651186965,37715.0,0.0034607790984702,1,37715,0.0461995963019781,3.670557877306343,0.2796749052672169,0.03601389624545465,0.9414987130141752,0.27783874425076405,0.35075718235787745,0.8431822,1,0.6863644
CANDIDATE_Mowlem Ward_41,-1.2517593804678695,36.88830653712714,Mowlem Ward,False,2,residential,901.132629982714,409.2492615597378,2,32,3727,924.779822358499,0,0,1440.0,0,1,17.845377654040565,11.606875140660836,20.96462891073044,57.8859819316018,91.796875,574,247.0,0.4245573366979223,moderate,80.21913323300808,62819.89166655838,6.4,True,adequately_served,8.79328455161707,2.4308828252426693,14449.0,0.0022169689173512,0,14449,0.0838307335300991,7.067824986975575,0.10714630004523444,0.023078334844400826,0.9614424443230677,0.0448653982088606,0.24453235723331795,0.84315896,1,0.6863179
CANDIDATE_Lucky Summer Ward_13,-1.2493642352341905,36.8960493736964,Lucky Summer Ward,False,2,residential,834.4288396967969,341.4152375343605,8,41,6042,3344.2855019757435,0,0,1440.0,0,4,17.845377654040565,11.606875140660836,20.96462891073044,57.8859819316018,91.796875,574,247.0,0.4245573366979223,moderate,66.8770030670488,60808.06426925295,11.1,False,underserved,9.684706240744507,1.5923095968344954,30128.0,0.0023939800794115,0,30128,0.0768685671769029,3.552160434569506,0.2234136430038635,0.014682026889865338,0.9678334495216612,0.16891688119798048,0.3092153479177469,0.84286314,1,0.6857263
CANDIDATE_Ngando Ward_43,-1.2991915134450371,36.74294116845358,Ngando Ward,False,2,residential,475.8824560494932,465.4414281109573,3,29,2979,1287.4420267405085,0,0,1440.0,0,1,16.699138772601074,11.303737458124182,19.57668614032208,68.12864671560324,95.45454545454544,134,49.0,0.5466091380314718,congested,64.55544213237266,28020.643468093764,18.5,False,underserved,8.37674261398731,2.1518480710790886,6959.0,0.0041939055937768,0,6959,0.1996750767775023,17.558483286089597,0.051604339540091804,0.020284468254570767,0.9561482806093725,0.06345960307338838,0.22705421263922698,0.841816,1,0.683632
CANDIDATE_Matopeni/spring Valley Ward_17,-1.2610847096109936,36.92687334433441,Matopeni/spring Valley Ward,False,6,residential,447.5724869264756,518.7869121198968,0,23,1882,814.344876647441,0,0,1440.0,0,5,17.845377654040565,11.606875140660836,20.96462891073044,57.8859819316018,91.796875,574,247.0,0.4245573366979223,moderate,58.72900295774414,15205.42326080414,7.0,False,underserved,12.512844986530766,2.447041789906006,11633.0,0.0133757646196955,0,11633,0.0226306829054491,3.94596052808772,0.08626430261099123,0.023240128279897663,0.9511223180408674,0.03920324213099311,0.23406765001819343,0.8416854,1,0.6833708
CANDIDATE_Korogocho Ward_37,-1.2670630115030992,36.88999714911951,Korogocho Ward,False,6,residential,703.1262162336768,385.7458943977626,8,44,6406,7114.906913988673,0,0,1440.0,0,2,18.054313199966053,11.514724616707694,21.324107491595232,57.35551818750744,93.22916666666669,394,160.0,0.5289229448015942,congested,70.68412548851703,72846.89997678499,11.1,True,adequately_served,8.373437993607158,1.5707583441892672,64098.0,0.0085211995543832,1,64098,0.0768685671769029,1.153103289594606,0.47531756801850905,0.014466242569682802,0.9636568218994361,0.3622419813997413,0.43515747010873435,0.84168184,1,0.6833637
CANDIDATE_Dandora Area Iii Ward_4,-1.2401424192365822,36.9091646849938,Dandora Area Iii Ward,False,6,residential,1605.019453113786,551.3175388300892,0,11,8261,3479.3635402845307,0,0,1440.0,0,4,17.845377654040565,11.606875140660836,20.96462891073044,57.8859819316018,91.796875,574,247.0,0.4245573366979223,moderate,62.53869018516417,73507.78889000125,7.5,False,underserved,11.444521883219757,5.211557515430347,46391.0,0.0037359447847079,1,46391,0.1688006615484064,4.244448169525055,0.3440116274758441,0.05092015023900581,0.9480574341952538,0.1758425235358472,0.35791409872251706,0.8412422,1,0.6824844
CANDIDATE_Dandora Area Iii Ward_42,-1.2605232207123058,36.89843487677997,Dandora Area Iii Ward,False,6,residential,433.122051825593,426.2742397374325,5,37,8261,3479.3635402845307,0,0,1440.0,0,5,17.845377654040565,11.606875140660836,20.96462891073044,57.8859819316018,91.796875,574,247.0,0.4245573366979223,moderate,62.53869018516417,73507.78889000125,7.5,False,underserved,9.47799189353429,1.6457550048727414,46391.0,0.0138209979768788,1,46391,0.1688006615484064,4.244448169525055,0.3440116274758441,0.015217154997277913,0.9598384303256247,0.1758425235358472,0.35134454913815927,0.8411123,1,0.68222463
CANDIDATE_Nyayo Highrise Ward_31,-1.3245379328646296,36.81260984076172,Nyayo Highrise Ward,False,2,residential,630.8387776383179,579.1239812099088,0,15,1215,5979.621047336875,0,0,1440.0,0,0,17.537775244317,11.62485744823719,20.494234142356905,58.00865800865801,88.88888888888889,178,69.0,0.4114521425097195,congested,82.69463425732702,23400.367568368,12.7,True,adequately_served,4.27133358151886,5.168414641082939,47083.0,0.0031653644422958,1,47083,0.348155049984002,2.564062287684165,0.349143141049884,0.050488177398956655,0.9454376409520086,0.30403426708802156,0.3847165253252046,0.8410416,1,0.68208325
CANDIDATE_Nyayo Highrise Ward_49,-1.323097399965602,36.813849638044665,Nyayo Highrise Ward,False,2,residential,549.316139455648,547.6236172962692,0,12,1215,5979.621047336875,0,0,1440.0,0,1,17.537775244317,11.62485744823719,20.494234142356905,58.00865800865801,88.88888888888889,178,69.0,0.4114521425097195,congested,82.69463425732702,23400.367568368,12.7,True,adequately_served,4.097526663571723,6.361125712102079,47083.0,0.0036342746588866,1,47083,0.348155049984002,2.564062287684165,0.349143141049884,0.062430329990770694,0.948405458244616,0.30403426708802156,0.3882956269316796,0.84071517,1,0.68143034
CANDIDATE_Gatina Ward_38,-1.2760604007926313,36.75843781376883,Gatina Ward,False,6,residential,1118.362773772356,875.3600773902186,0,6,6063,3037.154756927026,0,0,1440.0,0,0,17.24048621436891,11.524509169053754,20.09847473702649,65.557208994709,92.96875,298,122.0,0.4417253633750815,congested,55.98639000937479,45919.74288559071,12.7,False,underserved,6.632826743700517,7.99805571562497,23914.0,0.005360192549355,0,23914,0.0885442239001563,2.613255050207503,0.1773338375861123,0.07882027417690575,0.9175276583451808,0.15316985290380677,0.2959114139491632,0.8402488,1,0.68049765
CANDIDATE_Kasarani Ward_2,-1.2374773389713614,36.90894933403976,Kasarani Ward,False,2,residential,1483.3583779973717,843.3153812550383,0,5,19913,2300.2340071122967,0,0,1440.0,0,0,17.845377654040565,11.606875140660836,20.96462891073044,57.8859819316018,91.796875,574,247.0,0.4245573366979223,moderate,59.51118305482108,163944.92175693653,11.0,False,underserved,11.559611757088568,9.918530509136849,20911.0,0.0013473835090271,0,20911,0.2237461265027511,7.319531383711358,0.15506514500975135,0.09804924218946424,0.9205467600795947,0.11538688234494743,0.28597183978568746,0.8396176,1,0.6792352
CANDIDATE_Kangemi Ward_44,-1.2729136094813993,36.73917734307564,Kangemi Ward,False,6,residential,671.6158097233603,606.7695737212408,0,27,8188,6633.956850403134,0,0,1440.0,0,0,17.24048621436891,11.524509169053754,20.09847473702649,65.557208994709,92.96875,298,122.0,0.4417253633750815,congested,63.280549542627405,74330.71297439898,17.9,False,underserved,8.802243791806726,2.2600196265224075,37061.0,0.0089203969238661,1,37061,0.1696428393750311,2.9059320347753803,0.2748251800108266,0.021367548015115104,0.942833002232772,0.33758299046034573,0.3576138985461917,0.8396071,1,0.67921424
CANDIDATE_Woodley/kenyatta Golf Course Ward_4,-1.3189272750301544,36.80413584587122,Woodley/kenyatta Golf Course Ward,False,2,residential,421.9330856826237,415.6772422296748,4,35,7917,4018.27020779832,0,0,1440.0,0,6,17.73181138157092,11.435384995598536,20.880024574557112,57.01554232804233,93.75,242,107.0,0.5580407232100865,congested,85.74743830112823,185176.1679773348,26.3,True,adequately_served,3.8975487798818658,2.3818732861424508,15278.0,0.0047288804487167,0,15278,0.2104011684477993,10.498111183713132,0.11329373465922153,0.022587621369351767,0.960836829980291,0.20347303164376196,0.27816168479787606,0.8391938,1,0.67838764
CANDIDATE_Embakasi Ward_27,-1.295966551152368,36.91952681632829,Embakasi Ward,False,6,residential,1855.045460775568,747.3782524894184,0,7,29594,170.15776873711866,0,0,1440.0,0,0,17.95428871024195,11.727983489233942,21.06744132074596,57.05751424501424,91.34615384615384,157,71.0,0.491454884675341,congested,22.437747821685697,127185.79787032236,7.2,False,severely_underserved,11.424963299691594,2.804718477710712,2363.0,0.0032326794395934,0,2363,0.4401639794947514,6.03841004939126,0.01752278406857838,0.026821405999277438,0.929585508664668,0.0061748567331173475,0.1999903990033789,0.8390771,1,0.67815423
CANDIDATE_Pangani Ward_26,-1.2597029226463743,36.83846701879653,Pangani Ward,False,6,residential,134.9146105837383,438.05656790281387,13,24,989,2790.562086051957,0,0,1440.0,0,18,17.684657596250318,11.666697525521228,20.693637631614862,60.45883468467407,92.24137931034484,543,224.0,0.490429447437139,congested,88.98050726062212,29921.21680161153,20.0,True,adequately_served,3.794984895664777,3.559220290424885,13952.0,0.0441453643153643,0,13952,0.0823102809141833,24.46424571745943,0.10346080546965956,0.034375939529794446,0.9587283543477008,0.1405266974138228,0.2646562771491342,0.83907425,1,0.6781485
CANDIDATE_Upper Savanna Ward_25,-1.2787396118375192,36.92257359112386,Upper Savanna Ward,False,2,residential,1382.2071574173146,679.1711980567453,0,31,2569,969.351607954276,0,0,1440.0,0,0,18.054313199966053,11.514724616707694,21.324107491595232,57.35551818750744,93.22916666666669,394,160.0,0.5289229448015942,congested,62.13610462916318,22624.40132520788,7.2,False,underserved,11.745001828522192,1.941753269661349,13463.0,0.0014459150166156,0,13463,0.4401639794947514,17.503225579665653,0.09983463475043196,0.01818087062875712,0.9360116590475038,0.0471506567842833,0.2361198029861979,0.83885235,1,0.6777047
CANDIDATE_Dandora Area Iii Ward_8,-1.249803290776941,36.91600347287738,Dandora Area Iii Ward,False,6,residential,719.337240000566,721.5067254154127,0,12,8261,3479.3635402845307,0,0,1440.0,0,0,17.845377654040565,11.606875140660836,20.96462891073044,57.8859819316018,91.796875,574,247.0,0.4245573366979223,moderate,62.53869018516417,73507.78889000125,7.5,False,underserved,11.713351818016598,4.810668475781859,46391.0,0.0083294319199647,1,46391,0.1688006615484064,4.244448169525055,0.3440116274758441,0.04690620402839735,0.9320230032170135,0.1758425235358472,0.3537037259742169,0.8387141,1,0.67742825
CANDIDATE_Dandora Area Iii Ward_26,-1.260551891666346,36.90108593286837,Dandora Area Iii Ward,False,6,residential,363.6631736046026,364.59139772709455,4,60,8261,3479.3635402845307,0,0,1440.0,0,3,17.845377654040565,11.606875140660836,20.96462891073044,57.8859819316018,91.796875,574,247.0,0.4245573366979223,moderate,62.53869018516417,73507.78889000125,7.5,False,underserved,9.758264675811263,1.0252244292649864,46391.0,0.016453539688945,1,46391,0.1688006615484064,4.244448169525055,0.3440116274758441,0.009004023416750233,0.9656498998590348,0.1758425235358472,0.35095356014970935,0.83868587,1,0.67737174
CANDIDATE_Korogocho Ward_49,-1.2701301152472773,36.89165503627594,Korogocho Ward,False,6,residential,527.5628840113118,542.7115987260406,0,52,6406,7114.906913988673,0,0,1440.0,0,2,18.054313199966053,11.514724616707694,21.324107491595232,57.35551818750744,93.22916666666669,394,160.0,0.5289229448015942,congested,70.68412548851703,72846.89997678499,11.1,True,adequately_served,8.472369568187148,1.333662745066359,64098.0,0.0113515348532712,1,64098,0.0768685671769029,1.153103289594606,0.47531756801850905,0.0120922964461225,0.9488682457125417,0.3622419813997413,0.4316062683404654,0.83825916,1,0.6765183
CANDIDATE_Korogocho Ward_39,-1.2702080007865038,36.89159536971432,Korogocho Ward,False,6,residential,521.2145417511939,534.9239905946755,0,52,6406,7114.906913988673,0,0,1440.0,0,2,18.054313199966053,11.514724616707694,21.324107491595232,57.35551818750744,93.22916666666669,394,160.0,0.5289229448015942,congested,70.68412548851703,72846.89997678499,11.1,True,adequately_served,8.464043097179406,1.333662745066359,64098.0,0.0114895306819293,1,64098,0.0768685671769029,1.153103289594606,0.47531756801850905,0.0120922964461225,0.9496019578100806,0.3622419813997413,0.4317530107599732,0.83825916,1,0.6765183
CANDIDATE_Makina Ward_37,-1.3039429521629715,36.78487235068879,Makina Ward,False,8,residential,366.8686265760193,354.01271500137153,10,49,1896,15852.355248829706,0,0,1440.0,0,9,23.69082151948292,15.855059154149329,27.60870270214972,39.54778439153439,86.71875,289,121.0,0.4857290005023328,congested,89.77563305815848,61838.3383815226,26.3,True,adequately_served,4.089038489803027,1.7955126611631695,60275.0,0.0217468939236839,1,60275,0.2104011684477993,3.298924345951629,0.44696818016655177,0.01671662022961165,0.9666465739804031,0.8102233325529709,0.5159919994223707,0.83817846,1,0.6763569
CANDIDATE_Gatina Ward_39,-1.2724784889568073,36.76317203170038,Gatina Ward,False,6,residential,1010.485568852359,988.2366981335508,0,1,6063,3037.154756927026,0,0,1440.0,0,0,17.24048621436891,11.524509169053754,20.09847473702649,65.557208994709,92.96875,298,122.0,0.4417253633750815,congested,55.98639000937479,45919.74288559071,12.7,False,underserved,6.202419210727648,27.9931950046874,23914.0,0.0059318691089262,1,23914,0.0885442239001563,2.613255050207503,0.1773338375861123,0.2790238358664307,0.9068929498735084,0.15316985290380677,0.34383536267721,0.83794636,1,0.6758927
CANDIDATE_Gatina Ward_25,-1.275493104454064,36.75769040589147,Gatina Ward,False,6,tertiary,1216.6801202016145,820.8463140930025,0,6,6063,3037.154756927026,0,0,1440.0,0,0,17.24048621436891,11.524509169053754,20.09847473702649,65.557208994709,92.96875,298,122.0,0.4417253633750815,congested,55.98639000937479,45919.74288559071,12.7,False,underserved,6.7257603954889245,7.99805571562497,23914.0,0.0049274024437604,0,23914,0.0885442239001563,2.613255050207503,0.1773338375861123,0.07882027417690575,0.9226636907364933,0.15316985290380677,0.29693862042742575,0.83790785,1,0.6758157
CANDIDATE_Upper Savanna Ward_2,-1.2791217440526943,36.92240624802298,Upper Savanna Ward,False,2,residential,1396.1736556180556,688.5020684812778,0,29,2569,969.351607954276,0,0,1440.0,0,0,18.054313199966053,11.514724616707694,21.324107491595232,57.35551818750744,93.22916666666669,394,160.0,0.5289229448015942,congested,62.13610462916318,22624.40132520788,7.2,False,underserved,11.72343706836609,2.0712034876387726,13463.0,0.0014314612875485,0,13463,0.4401639794947514,17.503225579665653,0.09983463475043196,0.01947700537060121,0.9351325479782817,0.0471506567842833,0.2362680144578145,0.8378859,1,0.67577183
CANDIDATE_Airbase Ward_38,-1.2529247914489026,36.88839352902598,Airbase Ward,False,6,unclassified,793.157588101058,392.6855681880295,2,32,17075,1530.534366496874,0,0,1440.0,0,1,17.845377654040565,11.606875140660836,20.96462891073044,57.8859819316018,91.796875,574,247.0,0.4245573366979223,moderate,46.01546587417469,105433.25515722662,9.3,False,severely_underserved,8.74604435786656,1.3944080567931725,16457.0,0.0075551755594841,0,16457,0.2187157501793953,11.040159940658125,0.1220365879884022,0.012700515653192539,0.9630029982186599,0.07592329162932626,0.25367319267883615,0.83740634,1,0.6748127
CANDIDATE_Airbase Ward_2,-1.2644984089314684,36.84326040248768,Airbase Ward,False,6,unclassified,265.8990942951054,319.6830243531405,12,67,17075,1530.534366496874,0,0,1440.0,0,21,17.684657596250318,11.666697525521228,20.693637631614862,60.45883468467407,92.24137931034484,543,224.0,0.490429447437139,congested,46.01546587417469,105433.25515722662,9.3,False,severely_underserved,3.784693371814806,0.6766980275613925,16457.0,0.0224804059970541,0,16457,0.2187157501793953,11.040159940658125,0.1220365879884022,0.0055143639572603955,0.9698809572349905,0.07592329162932626,0.25325224655811923,0.83739746,1,0.6747949
CANDIDATE_Nairobi West Ward_48,-1.3251730084736326,36.81217632946573,Nairobi West Ward,False,2,residential,687.0263214450871,611.1816699440376,0,14,9939,1107.4331345036017,0,0,1440.0,0,0,17.537775244317,11.62485744823719,20.494234142356905,58.00865800865801,88.88888888888889,178,69.0,0.4114521425097195,congested,56.79149445936021,76676.38743229359,12.7,False,underserved,4.34738084565238,3.786099630624014,8719.0,0.0029068655335733,0,8719,0.348155049984002,18.15421991847434,0.06465558793649381,0.03664759422171657,0.9424173151155513,0.05423029221814396,0.231120875799941,0.83709556,1,0.6741911
CANDIDATE_Eastleigh South Ward_24,-1.2734664535538702,36.84168752154773,Eastleigh South Ward,False,6,residential,370.2382551478252,463.5438118809253,9,58,4421,4792.49862701149,0,0,1440.0,0,6,17.684657596250318,11.666697525521228,20.693637631614862,60.45883468467407,92.24137931034484,543,224.0,0.490429447437139,congested,78.3703324081986,68143.70069639628,9.3,True,adequately_served,3.0787466530306284,1.3283107187830272,51532.0,0.0161621274661223,1,51532,0.2187157501793953,0.704393795896947,0.3821346206610161,0.012038708686183008,0.956327065155407,0.24316881925229095,0.376655971284441,0.83676964,1,0.6735393
CANDIDATE_Makina Ward_21,-1.304481463977912,36.796050965438894,Makina Ward,False,2,residential,575.6593720225251,512.4886877248493,0,44,1896,15852.355248829706,0,0,1440.0,0,3,23.69082151948292,15.855059154149329,27.60870270214972,39.54778439153439,86.71875,289,121.0,0.4857290005023328,congested,89.77563305815848,61838.3383815226,26.3,True,adequately_served,3.093522772757229,1.995014067959077,60275.0,0.003468251964735,1,60275,0.2104011684477993,3.298924345951629,0.44696818016655177,0.018714150310557853,0.9517157073529271,0.8102233325529709,0.5135052086171121,0.8358173,1,0.67163455
CANDIDATE_Woodley/kenyatta Golf Course Ward_33,-1.311181263806453,36.75783648168736,Woodley/kenyatta Golf Course Ward,False,6,tertiary,1131.2681415494926,1149.3623885215115,0,0,7917,4018.27020779832,0,0,1440.0,0,0,16.699138772601074,11.303737458124182,19.57668614032208,68.12864671560324,95.45454545454544,134,49.0,0.5466091380314718,congested,85.74743830112823,185176.1679773348,26.3,True,adequately_served,7.151422664983554,85.74743830112823,15278.0,0.0052990981374686,1,15278,0.2104011684477993,10.498111183713132,0.11329373465922153,0.8572946367583104,0.8917124392124988,0.20347303164376196,0.47301356049155724,0.8357804,1,0.67156076
CANDIDATE_Kangemi Ward_29,-1.2562014898498894,36.7368300818166,Kangemi Ward,False,2,residential,911.0558611548628,923.9378721501624,0,11,8188,6633.956850403134,0,0,1440.0,0,0,17.860120755591254,11.573045141024393,21.003658562874683,57.14772462015109,94.04761904761904,382,161.0,0.477674612291292,congested,63.280549542627405,74330.71297439898,17.9,False,underserved,9.54470594588718,5.273379128552284,37061.0,0.0021928481414148,1,37061,0.1696428393750311,2.9059320347753803,0.2748251800108266,0.05153914603380749,0.9129508852094627,0.33758299046034573,0.3591803746462029,0.8357343,1,0.6714686
CANDIDATE_Upper Savanna Ward_11,-1.2748103895502387,36.92298744355015,Upper Savanna Ward,False,2,residential,1191.64044040878,562.9426581371798,0,35,2569,969.351607954276,0,0,1440.0,0,0,17.845377654040565,11.606875140660836,20.96462891073044,57.8859819316018,91.796875,574,247.0,0.4245573366979223,moderate,62.13610462916318,22624.40132520788,7.2,False,underserved,11.830488389624534,1.726002906365644,13463.0,0.001676951352844,0,13463,0.4401639794947514,17.503225579665653,0.09983463475043196,0.01602064605901698,0.9469621697023485,0.0471506567842833,0.2377698489747318,0.8357185,1,0.671437
CANDIDATE_Utawala Ward_29,-1.330022637238227,36.90326414335506,Utawala Ward,False,4,primary,413.9666637721034,746.7520734867503,0,20,1192,533.5841812400769,0,0,1440.0,0,0,17.906847137299025,11.406366449662858,21.157087481117102,57.709691248294185,93.33333333333331,371,147.0,0.3154506881194194,moderate,84.76259453269707,26083.793400018483,7.2,True,adequately_served,10.726772382778767,4.036314025366527,7410.0,0.0096393285273555,0,7410,0.4401639794947514,24.843012289751567,0.05494872194166982,0.039152893749229326,0.9296445043282573,0.02480824363036969,0.21991082570861717,0.83570683,1,0.67141366
CANDIDATE_Mowlem Ward_18,-1.2480300595631186,36.9123585128342,Mowlem Ward,False,2,residential,716.2820956018475,447.16533144437625,2,20,3727,924.779822358499,0,0,1440.0,0,4,17.845377654040565,11.606875140660836,20.96462891073044,57.8859819316018,91.796875,574,247.0,0.4245573366979223,moderate,80.21913323300808,62819.89166655838,6.4,True,adequately_served,11.40654327563699,3.819958725381337,14449.0,0.0027883032523234,0,14449,0.0838307335300991,7.067824986975575,0.10714630004523444,0.03698661218343226,0.9578701691525381,0.0448653982088606,0.2472949715339699,0.8354786,1,0.6709572
CANDIDATE_Kwa Njenga Ward_30,-1.32540405031981,36.891907831740426,Kwa Njenga Ward,False,6,unclassified,338.0951143421585,327.1681056527264,16,56,2929,14304.246388913643,0,0,1440.0,0,11,17.906847137299025,11.406366449662858,21.157087481117102,57.709691248294185,93.33333333333331,371,147.0,0.3154506881194194,moderate,80.52538641399036,50138.37407016672,13.8,True,adequately_served,9.369237901938009,1.4127260774384274,103653.0,0.0176941505383819,1,103653,0.2682490623582934,1.4360258252339573,0.7686369602456008,0.012883926877453844,0.969175747803811,0.7308495986869837,0.6122489871034827,0.8351166,1,0.67023325
CANDIDATE_Lucky Summer Ward_42,-1.242289842302894,36.90625320589464,Lucky Summer Ward,False,8,residential,1435.011333075258,335.25735313982875,7,18,6042,3344.2855019757435,0,0,1440.0,0,4,17.845377654040565,11.606875140660836,20.96462891073044,57.8859819316018,91.796875,574,247.0,0.4245573366979223,moderate,66.8770030670488,60808.06426925295,11.1,False,underserved,11.048276638458296,3.519842266686779,30128.0,0.0055709866738083,0,30128,0.0768685671769029,3.552160434569506,0.2234136430038635,0.033981662676270556,0.9684136166537639,0.16891688119798048,0.31415629029076875,0.8350698,1,0.67013955
CANDIDATE_Kwa Njenga Ward_31,-1.3222359318429044,36.89534796060763,Kwa Njenga Ward,False,6,residential,373.56782403367606,328.1202386523181,25,59,2929,14304.246388913643,0,0,1440.0,0,12,17.906847137299025,11.406366449662858,21.157087481117102,57.709691248294185,93.33333333333331,371,147.0,0.3154506881194194,moderate,80.52538641399036,50138.37407016672,13.8,True,adequately_served,9.55768954667443,1.342089773566506,103653.0,0.0160184607833815,1,103653,0.2682490623582934,1.4360258252339573,0.7686369602456008,0.012176673008635943,0.9690860422756845,0.7308495986869837,0.6120542325306529,0.83473593,1,0.66947186
CANDIDATE_Mowlem Ward_35,-1.2623684297972382,36.89916697388862,Mowlem Ward,False,6,residential,642.3378296823367,643.3179700459611,0,47,3727,924.779822358499,0,0,1440.0,0,0,17.845377654040565,11.606875140660836,20.96462891073044,57.8859819316018,91.796875,574,247.0,0.4245573366979223,moderate,80.21913323300808,62819.89166655838,6.4,True,adequately_served,9.495797934095783,1.671231942354335,14449.0,0.0093263596871998,0,14449,0.0838307335300991,7.067824986975575,0.10714630004523444,0.015472245674618003,0.9393895828828576,0.0448653982088606,0.2382202626528302,0.83462715,1,0.6692543
CANDIDATE_Nyayo Highrise Ward_19,-1.324507772940935,36.81682773891209,Nyayo Highrise Ward,False,2,residential,888.515645465968,888.1769808912624,0,12,1215,5979.621047336875,0,0,1440.0,0,0,17.537775244317,11.62485744823719,20.494234142356905,58.00865800865801,88.88888888888889,178,69.0,0.4114521425097195,congested,82.69463425732702,23400.367568368,12.7,True,adequately_served,4.237593086291499,6.361125712102079,47083.0,0.0022484146402532,1,47083,0.348155049984002,2.564062287684165,0.349143141049884,0.062430329990770694,0.91632010950694,0.30403426708802156,0.38187855718414443,0.8346078,1,0.66921556
CANDIDATE_Nairobi West Ward_21,-1.325986275903745,36.81241466021754,Nairobi West Ward,False,2,residential,780.8335792597679,702.9857931344194,0,10,9939,1107.4331345036017,0,0,1440.0,0,0,17.537775244317,11.62485744823719,20.494234142356905,58.00865800865801,88.88888888888889,178,69.0,0.4114521425097195,congested,56.79149445936021,76676.38743229359,12.7,False,underserved,4.433821280272282,5.16286313266911,8719.0,0.0025580891548474,0,8719,0.348155049984002,18.15421991847434,0.06465558793649381,0.0504325923019423,0.9337679590292522,0.05423029221814396,0.23283725410273767,0.8341504,1,0.66830075
CANDIDATE_Gatina Ward_35,-1.2766003113238609,36.74233877883962,Gatina Ward,False,6,residential,735.3084493888964,735.4277683995847,0,25,6063,3037.154756927026,0,0,1440.0,0,0,17.24048621436891,11.524509169053754,20.09847473702649,65.557208994709,92.96875,298,122.0,0.4417253633750815,congested,55.98639000937479,45919.74288559071,12.7,False,underserved,8.393142478766295,2.153322692668261,23914.0,0.0081487588591163,0,23914,0.0885442239001563,2.613255050207503,0.1773338375861123,0.020299233067660023,0.9307114275091003,0.15316985290380677,0.28391790750463575,0.8339092,1,0.6678184
CANDIDATE_Lucky Summer Ward_0,-1.236227212345716,36.88184420604099,Lucky Summer Ward,False,6,residential,711.4637399154934,402.9816877080881,1,28,6042,3344.2855019757435,0,0,1440.0,0,1,17.684657596250318,11.666697525521228,20.693637631614862,60.45883468467407,92.24137931034484,543,224.0,0.490429447437139,congested,66.8770030670488,60808.06426925295,11.1,False,underserved,9.09772732360621,2.3061035540361656,30128.0,0.0084214812120988,0,30128,0.0768685671769029,3.552160434569506,0.2234136430038635,0.02182896847793444,0.962032945883958,0.16891688119798048,0.30984198258722356,0.83343357,1,0.66686714
CANDIDATE_Nyayo Highrise Ward_40,-1.319080304726013,36.80135108793721,Nyayo Highrise Ward,False,6,residential,447.019252473301,440.37306611932144,5,25,1215,5979.621047336875,0,0,1440.0,0,6,23.69082151948292,15.855059154149329,27.60870270214972,39.54778439153439,86.71875,289,121.0,0.4857290005023328,congested,82.69463425732702,23400.367568368,12.7,True,adequately_served,4.038474345519118,3.1805628560510395,47083.0,0.0133922816193207,1,47083,0.348155049984002,2.564062287684165,0.349143141049884,0.03058458974593325,0.9585101046955985,0.30403426708802156,0.3823551211606667,0.8331163,1,0.6662326
CANDIDATE_Nyayo Highrise Ward_10,-1.3207842671316137,36.81666252372107,Nyayo Highrise Ward,False,2,unclassified,578.5321132406453,575.2849913746604,0,25,1215,5979.621047336875,0,0,1440.0,0,0,17.537775244317,11.62485744823719,20.494234142356905,58.00865800865801,88.88888888888889,178,69.0,0.4114521425097195,congested,82.69463425732702,23400.367568368,12.7,True,adequately_served,3.823822895395207,3.1805628560510395,47083.0,0.0034510598365573,1,47083,0.348155049984002,2.564062287684165,0.349143141049884,0.03058458974593325,0.9457993326597752,0.30403426708802156,0.37981296675350207,0.83293325,1,0.6658665
CANDIDATE_Hospital Ward_26,-1.2530014313645268,36.84903493101804,Hospital Ward,False,2,residential,385.5241692259512,392.5915866737486,3,18,2568,5468.702396804928,0,0,1440.0,0,4,17.684657596250318,11.666697525521228,20.693637631614862,60.45883468467407,92.24137931034484,543,224.0,0.490429447437139,congested,78.17900267492627,39231.09369567416,14.5,True,adequately_served,5.129967516880915,4.114684351311909,37715.0,0.0051743206744488,1,37715,0.0461995963019781,3.670557877306343,0.2796749052672169,0.0399375853764398,0.963011852718374,0.27783874425076405,0.35604073258146346,0.8328315,1,0.665663
CANDIDATE_Nyayo Highrise Ward_33,-1.3240114587318612,36.81767281692266,Nyayo Highrise Ward,False,2,residential,919.4738684776464,926.8432884867678,0,11,1215,5979.621047336875,0,0,1440.0,0,0,17.537775244317,11.62485744823719,20.494234142356905,58.00865800865801,88.88888888888889,178,69.0,0.4114521425097195,congested,82.69463425732702,23400.367568368,12.7,True,adequately_served,4.182533671637514,6.891219521443919,47083.0,0.0021727938928975,1,47083,0.348155049984002,2.564062287684165,0.349143141049884,0.06773795336491027,0.9126771504402504,0.30403426708802156,0.3824768712143414,0.83215606,1,0.6643121
CANDIDATE_Mowlem Ward_15,-1.2505918617981029,36.91357533518445,Mowlem Ward,False,8,residential,485.6958628372754,487.8950444636331,2,24,3727,924.779822358499,0,0,1440.0,0,3,17.845377654040565,11.606875140660836,20.96462891073044,57.8859819316018,91.796875,574,247.0,0.4245573366979223,moderate,80.21913323300808,62819.89166655838,6.4,True,adequately_served,11.429776097375647,3.208765329320323,14449.0,0.0164373700515197,0,14449,0.0838307335300991,7.067824986975575,0.10714630004523444,0.03086697015425843,0.9540328056556312,0.0448653982088606,0.24499758832729507,0.8316124,1,0.6632248
CANDIDATE_Ngando Ward_7,-1.3072798225227422,36.76326602878478,Ngando Ward,False,8,residential,867.1824861714827,709.55342181416,0,15,2979,1287.4420267405085,0,0,1440.0,0,0,16.699138772601074,11.303737458124182,19.57668614032208,68.12864671560324,95.45454545454544,134,49.0,0.5466091380314718,congested,64.55544213237266,28020.643468093764,18.5,False,underserved,6.429480886505646,4.034715133273291,6959.0,0.0092146525959979,0,6959,0.1996750767775023,17.558483286089597,0.051604339540091804,0.03913688466386136,0.9331491877026544,0.06345960307338838,0.22716749816020604,0.8311418,1,0.66228366
CANDIDATE_Utawala Ward_36,-1.3227733792589025,36.89574368688056,Utawala Ward,False,6,unclassified,330.3195401046024,320.20709046500224,29,55,1192,533.5841812400769,0,0,1440.0,0,12,17.906847137299025,11.406366449662858,21.157087481117102,57.709691248294185,93.33333333333331,371,147.0,0.3154506881194194,moderate,84.76259453269707,26083.793400018483,7.2,True,adequately_served,9.62265725762488,1.5136177595124476,7410.0,0.0181094057963068,0,7410,0.4401639794947514,24.843012289751567,0.05494872194166982,0.013894116094145877,0.9698315821714668,0.02480824363036969,0.2216335468634882,0.8310393,1,0.6620786
CANDIDATE_Eastleigh South Ward_42,-1.2756858032958192,36.84419096311992,Eastleigh South Ward,False,2,residential,147.2265247768472,539.9502695176144,0,51,4421,4792.49862701149,0,0,1440.0,0,2,17.684657596250318,11.666697525521228,20.693637631614862,60.45883468467407,92.24137931034484,543,224.0,0.490429447437139,congested,78.3703324081986,68143.70069639628,9.3,True,adequately_served,3.228373795459329,1.5071217770807424,51532.0,0.0134928617061687,1,51532,0.2187157501793953,0.704393795896947,0.3821346206610161,0.013829074345713979,0.9491284052649144,0.24316881925229095,0.3756638307212252,0.8309614,1,0.6619228
CANDIDATE_Nyayo Highrise Ward_26,-1.3137058311024354,36.80295955849308,Nyayo Highrise Ward,False,6,residential,425.5569186516145,334.25139982118907,7,27,1215,5979.621047336875,0,0,1440.0,0,4,23.69082151948292,15.855059154149329,27.60870270214972,39.54778439153439,86.71875,289,121.0,0.4857290005023328,congested,82.69463425732702,23400.367568368,12.7,True,adequately_served,3.424179466850757,2.9533797949045364,47083.0,0.0140661181137714,1,47083,0.348155049984002,2.564062287684165,0.349143141049884,0.028309894014159148,0.9685083928812005,0.30403426708802156,0.3837861048648436,0.83092546,1,0.6618509
CANDIDATE_Roysambu Ward_40,-1.2539046698534493,36.88996947047277,Roysambu Ward,False,2,residential,600.1792975543993,390.9301164883036,3,32,15669,483.239781975182,0,0,1440.0,0,4,17.845377654040565,11.606875140660836,20.96462891073044,57.8859819316018,91.796875,574,247.0,0.4245573366979223,moderate,52.55807786151991,110098.7167953836,12.5,False,underserved,8.859898615129538,1.592669026106664,3865.0,0.0033267945322402,0,3865,0.140004148607421,20.27271584053182,0.02866083809778055,0.014685625715531083,0.9631683886860547,0.022227014976261075,0.21078178049556912,0.83026433,1,0.66052866
CANDIDATE_Nairobi West Ward_46,-1.3239254445562485,36.81177110743243,Nairobi West Ward,False,2,residential,542.5116951820715,469.6468506698873,2,16,9939,1107.4331345036017,0,0,1440.0,0,5,17.537775244317,11.62485744823719,20.494234142356905,58.00865800865801,88.88888888888889,178,69.0,0.4114521425097195,congested,56.79149445936021,76676.38743229359,12.7,False,underserved,4.216057330587417,3.340676144668248,8719.0,0.0036797736235096,0,8719,0.348155049984002,18.15421991847434,0.06465558793649381,0.03218774190164354,0.955752065320326,0.05423029221814396,0.23267286276087773,0.83015364,1,0.6603073
CANDIDATE_Airbase Ward_30,-1.2722265704544549,36.84045171175437,Airbase Ward,False,8,unclassified,326.7226551190868,313.1505368880772,14,72,17075,1530.534366496874,0,0,1440.0,0,6,17.684657596250318,11.666697525521228,20.693637631614862,60.45883468467407,92.24137931034484,543,224.0,0.490429447437139,congested,46.01546587417469,105433.25515722662,9.3,False,severely_underserved,3.027400492892029,0.6303488475914342,16457.0,0.024410884859617,0,16457,0.2187157501793953,11.040159940658125,0.1220365879884022,0.005050287624646384,0.9704964177203267,0.07592329162932626,0.25325931957203296,0.82991225,1,0.6598245
CANDIDATE_Kwa Njenga Ward_38,-1.3194478390750086,36.88524119515125,Kwa Njenga Ward,False,6,residential,1028.8197487231955,422.74867027263286,3,11,2929,14304.246388913643,0,0,1440.0,0,1,23.153712807789017,15.270454673240636,27.358117146214813,40.53008159785654,88.23529411764706,250,102.0,0.5267625854793785,congested,80.52538641399036,50138.37407016672,13.8,True,adequately_served,8.409285044144506,6.71044886783253,103653.0,0.0058262623215752,1,103653,0.2682490623582934,1.4360258252339573,0.7686369602456008,0.06592796703879648,0.9601705930286527,0.7308495986869837,0.6237089661887867,0.82947797,1,0.65895593
CANDIDATE_Gatina Ward_0,-1.283519137266996,36.75789260103199,Gatina Ward,False,8,residential,599.9370619681516,541.194137009747,0,37,6063,3037.154756927026,0,0,1440.0,0,1,17.24048621436891,11.524509169053754,20.09847473702649,65.557208994709,92.96875,298,122.0,0.4417253633750815,congested,55.98639000937479,45919.74288559071,12.7,False,underserved,6.600801092885005,1.473326052878284,23914.0,0.0133125422050004,0,23914,0.0885442239001563,2.613255050207503,0.1773338375861123,0.013490690888745008,0.9490112138742693,0.15316985290380677,0.2858757292329408,0.8290899,1,0.65817976
CANDIDATE_Nyayo Highrise Ward_18,-1.3165218620809207,36.79850154250029,Nyayo Highrise Ward,False,2,unclassified,786.1788951962362,603.7343218546272,0,23,1215,5979.621047336875,0,0,1440.0,0,0,23.69082151948292,15.855059154149329,27.60870270214972,39.54778439153439,86.71875,289,121.0,0.4857290005023328,congested,82.69463425732702,23400.367568368,12.7,True,adequately_served,3.941979363700936,3.44560976072196,47083.0,0.0025407185230765,1,47083,0.348155049984002,2.564062287684165,0.349143141049884,0.03323840143300304,0.9431189694997487,0.30403426708802156,0.37994034704326424,0.82908577,1,0.65817153
CANDIDATE_Hospital Ward_2,-1.262318873471814,36.84941060143827,Hospital Ward,False,6,unclassified,426.39912479364096,423.06911995304887,13,49,2568,5468.702396804928,0,0,1440.0,0,10,17.684657596250318,11.666697525521228,20.693637631614862,60.45883468467407,92.24137931034484,543,224.0,0.490429447437139,congested,78.17900267492627,39231.09369567416,14.5,True,adequately_served,4.4712395472866655,1.5635800534985254,37715.0,0.0140384002959691,1,37715,0.0461995963019781,3.670557877306343,0.2796749052672169,0.014394369133726524,0.960140401755131,0.27783874425076405,0.34908063832813657,0.8290842,1,0.65816844
CANDIDATE_Kwa Njenga Ward_13,-1.3247513400220368,36.893124721261806,Kwa Njenga Ward,False,6,unclassified,415.17504165764905,314.3455653265668,16,58,2929,14304.246388913643,0,0,1440.0,0,11,17.906847137299025,11.406366449662858,21.157087481117102,57.709691248294185,93.33333333333331,371,147.0,0.3154506881194194,moderate,80.52538641399036,50138.37407016672,13.8,True,adequately_served,9.45640500035221,1.3648370578642437,103653.0,0.0144170106311557,1,103653,0.2682490623582934,1.4360258252339573,0.7686369602456008,0.012404432729102728,0.9703838277174102,0.7308495986869837,0.6123707295491148,0.8288805,1,0.657761
CANDIDATE_Hospital Ward_21,-1.2508824391797246,36.85125794787006,Hospital Ward,False,2,residential,552.6301769675771,523.2614840055174,0,18,2568,5468.702396804928,0,0,1440.0,0,4,17.684657596250318,11.666697525521228,20.693637631614862,60.45883468467407,92.24137931034484,543,224.0,0.490429447437139,congested,78.17900267492627,39231.09369567416,14.5,True,adequately_served,5.471052905981954,4.114684351311909,37715.0,0.0036125198430379,1,37715,0.0461995963019781,3.670557877306343,0.2796749052672169,0.0399375853764398,0.950700744758236,0.27783874425076405,0.3535785109894359,0.8288112,1,0.65762246
CANDIDATE_Hospital Ward_16,-1.2505931726137929,36.851534925864776,Hospital Ward,False,2,residential,584.2873218203908,550.95865569496,0,18,2568,5468.702396804928,0,0,1440.0,0,4,17.684657596250318,11.666697525521228,20.693637631614862,60.45883468467407,92.24137931034484,543,224.0,0.490429447437139,congested,78.17900267492627,39231.09369567416,14.5,True,adequately_served,5.515580236912343,4.114684351311909,37715.0,0.003417125103239,1,37715,0.0461995963019781,3.670557877306343,0.2796749052672169,0.0399375853764398,0.9480912464895302,0.27783874425076405,0.3530566113356947,0.8288112,1,0.65762246
CANDIDATE_Nairobi West Ward_24,-1.3258026262298073,36.81125085456828,Nairobi West Ward,False,2,residential,743.4039845899997,632.8877974621403,0,12,9939,1107.4331345036017,0,0,1440.0,0,0,17.537775244317,11.62485744823719,20.494234142356905,58.00865800865801,88.88888888888889,178,69.0,0.4114521425097195,congested,56.79149445936021,76676.38743229359,12.7,False,underserved,4.431003973217319,4.368576496873862,8719.0,0.0026867131845103,0,8719,0.348155049984002,18.15421991847434,0.06465558793649381,0.04247970879411976,0.9403722650716732,0.05423029221814396,0.23216989443426622,0.82879597,1,0.65759194
CANDIDATE_Njiru Ward_15,-1.2611438984558268,36.93024717548213,Njiru Ward,False,6,residential,655.796368702848,642.8189550177825,0,17,10989,746.4285914852591,0,0,1440.0,0,0,17.845377654040565,11.606875140660836,20.96462891073044,57.8859819316018,91.796875,574,247.0,0.4245573366979223,moderate,47.21837435030173,69402.06821576251,11.0,False,severely_underserved,12.877130662056167,2.623243019461208,6785.0,0.0091352514811399,0,6785,0.2237461265027511,10.89304713008968,0.050314045664538426,0.025004362738135295,0.9394365977501765,0.035721077999510915,0.21889254181705978,0.8284051,1,0.65681016
CANDIDATE_Utawala Ward_27,-1.326231082838089,36.901895865909246,Utawala Ward,False,4,primary,35.98105907249563,335.2929284139913,15,38,1192,533.5841812400769,0,0,1440.0,0,12,17.906847137299025,11.406366449662858,21.157087481117102,57.709691248294185,93.33333333333331,371,147.0,0.3154506881194194,moderate,84.76259453269707,26083.793400018483,7.2,True,adequately_served,10.405003314418945,2.1733998598127453,7410.0,0.1081634788273267,0,7410,0.4401639794947514,24.843012289751567,0.05494872194166982,0.020500257942398473,0.9684102649174431,0.02480824363036969,0.2230008188747466,0.8283772,1,0.6567544
CANDIDATE_Dandora Area Iii Ward_14,-1.2504585888052135,36.91527485722976,Dandora Area Iii Ward,False,8,unclassified,610.796225350018,612.9699697451734,0,13,8261,3479.3635402845307,0,0,1440.0,0,0,17.845377654040565,11.606875140660836,20.96462891073044,57.8859819316018,91.796875,574,247.0,0.4245573366979223,moderate,62.53869018516417,73507.78889000125,7.5,False,underserved,11.612152243348223,4.467049298940298,46391.0,0.0130762493596999,1,46391,0.1688006615484064,4.244448169525055,0.3440116274758441,0.04346567870501866,0.9422488298533261,0.1758425235358472,0.35488875997063474,0.82792825,1,0.6558565
CANDIDATE_Mowlem Ward_36,-1.2659284782023483,36.89214415085278,Mowlem Ward,False,6,residential,666.1280425923737,508.44126730696206,0,37,3727,924.779822358499,0,0,1440.0,0,2,18.054313199966053,11.514724616707694,21.324107491595232,57.35551818750744,93.22916666666669,394,160.0,0.5289229448015942,congested,80.21913323300808,62819.89166655838,6.4,True,adequately_served,8.636720437838628,2.111029821921265,14449.0,0.0089937757325936,0,14449,0.0838307335300991,7.067824986975575,0.10714630004523444,0.019875770983439636,0.9520970364175559,0.0448653982088606,0.24186263468697528,0.827787,1,0.65557396
CANDIDATE_Matopeni/spring Valley Ward_12,-1.2614298297133877,36.931699912238926,Matopeni/spring Valley Ward,False,6,residential,728.8503285106656,717.7877958937004,0,9,1882,814.344876647441,0,0,1440.0,0,0,17.845377654040565,11.606875140660836,20.96462891073044,57.8859819316018,91.796875,574,247.0,0.4245573366979223,moderate,58.72900295774414,15205.42326080414,7.0,False,underserved,13.027974153563376,5.872900295774414,11633.0,0.0082208636012312,0,11633,0.0226306829054491,3.94596052808772,0.08626430261099123,0.05754191857022026,0.9323733834022959,0.03920324213099311,0.2388933106630598,0.8277383,1,0.65547657
CANDIDATE_Kawangware Ward_46,-1.2745320432279563,36.741987478205125,Kawangware Ward,False,2,residential,781.7625780020045,767.1497382689776,0,15,3492,5178.226263284484,0,0,1440.0,0,0,17.24048621436891,11.524509169053754,20.09847473702649,65.557208994709,92.96875,298,122.0,0.4417253633750815,congested,81.98129425370998,64603.17956032373,12.7,True,adequately_served,8.46466362663608,5.1238308908568735,40773.0,0.0025550531619753,1,40773,0.0885442239001563,4.6437342874103065,0.3023514493559654,0.05004177762850759,0.9277227315374582,0.26294562147791023,0.3564671222847885,0.82771856,1,0.6554371
CANDIDATE_Hospital Ward_31,-1.2586082856155825,36.8395954327167,Hospital Ward,False,6,residential,299.6583373409776,315.75952444129257,10,23,2568,5468.702396804928,0,0,1440.0,0,17,17.684657596250318,11.666697525521228,20.693637631614862,60.45883468467407,92.24137931034484,543,224.0,0.490429447437139,congested,78.17900267492627,39231.09369567416,14.5,True,adequately_served,3.968408800718059,3.2574584447885946,37715.0,0.019956206945944,1,37715,0.0461995963019781,3.670557877306343,0.2796749052672169,0.0313545154024098,0.970250611087811,0.27783874425076405,0.35534271676184337,0.82764494,1,0.6552899
CANDIDATE_Dandora Area Iii Ward_24,-1.23663738162773,36.89636734420584,Dandora Area Iii Ward,False,2,residential,1708.373531799896,368.9925126669552,7,15,8261,3479.3635402845307,0,0,1440.0,0,1,17.845377654040565,11.606875140660836,20.96462891073044,57.8859819316018,91.796875,574,247.0,0.4245573366979223,moderate,62.53869018516417,73507.78889000125,7.5,False,underserved,10.395832681905706,3.9086681365727607,46391.0,0.0011700192864774,1,46391,0.1688006615484064,4.244448169525055,0.3440116274758441,0.037874825054528306,0.9652352473470487,0.1758425235358472,0.35808833005675667,0.82710606,1,0.6542121
CANDIDATE_Matopeni/spring Valley Ward_30,-1.2619909114521064,36.92833452274937,Matopeni/spring Valley Ward,False,8,residential,637.735721830554,595.1438152930784,0,22,1882,814.344876647441,0,0,1440.0,0,0,17.845377654040565,11.606875140660836,20.96462891073044,57.8859819316018,91.796875,574,247.0,0.4245573366979223,moderate,58.72900295774414,15205.42326080414,7.0,False,underserved,12.6491637139961,2.553434911206267,11633.0,0.0125247418088231,0,11633,0.0226306829054491,3.94596052808772,0.08626430261099123,0.02430540127028035,0.9439283269406823,0.03920324213099311,0.23289517004575208,0.8261799,1,0.65235984
CANDIDATE_Nyayo Highrise Ward_30,-1.3179678770902934,36.80021326628049,Nyayo Highrise Ward,False,6,unclassified,593.7647830407611,592.1200519722778,0,27,1215,5979.621047336875,0,0,1440.0,0,0,23.69082151948292,15.855059154149329,27.60870270214972,39.54778439153439,86.71875,289,121.0,0.4857290005023328,congested,82.69463425732702,23400.367568368,12.7,True,adequately_served,3.9858859626511705,2.9533797949045364,47083.0,0.0100880216365951,1,47083,0.348155049984002,2.564062287684165,0.349143141049884,0.028309894014159148,0.9442132118104835,0.30403426708802156,0.3789270686507002,0.82585293,1,0.65170586
CANDIDATE_Kangemi Ward_11,-1.2591327419588243,36.73940897378806,Kangemi Ward,False,2,residential,615.1647825043942,577.2629290627747,0,19,8188,6633.956850403134,0,0,1440.0,0,0,17.24048621436891,11.524509169053754,20.09847473702649,65.557208994709,92.96875,298,122.0,0.4417253633750815,congested,63.280549542627405,74330.71297439898,17.9,False,underserved,9.163947144305736,3.1640274771313703,37061.0,0.0032458849593302,1,37061,0.1696428393750311,2.9059320347753803,0.2748251800108266,0.030419027420722822,0.9456129806007775,0.33758299046034573,0.3604327640711947,0.82564765,1,0.6512953
CANDIDATE_Mountain View Ward_31,-1.2771944176008143,36.73884306727144,Mountain View Ward,False,2,residential,342.66902270782674,341.996790002566,6,38,6212,2438.23971917691,0,0,1440.0,0,3,17.860120755591254,11.573045141024393,21.003658562874683,57.14772462015109,94.04761904761904,382,161.0,0.477674612291292,congested,61.1874463798916,53352.875177465976,17.9,False,underserved,8.7706504209123,1.5689088815356822,13621.0,0.0058195527319909,0,13621,0.1696428393750311,5.847857289081503,0.10100628091329077,0.014447724618639468,0.9677786583619009,0.1224626306627993,0.2570123872792517,0.8254318,1,0.65086365
CANDIDATE_Nyayo Highrise Ward_38,-1.3244675610886223,36.80961611657018,Nyayo Highrise Ward,False,2,residential,578.6082371345223,452.1851572930774,2,17,1215,5979.621047336875,0,0,1440.0,0,3,17.73181138157092,11.435384995598536,20.880024574557112,57.01554232804233,93.75,242,107.0,0.5580407232100865,congested,82.69463425732702,23400.367568368,12.7,True,adequately_served,4.316060320964199,4.594146347629279,47083.0,0.0034506065853853,1,47083,0.348155049984002,2.564062287684165,0.349143141049884,0.044738252076972115,0.9573972245859136,0.30403426708802156,0.3856709607214895,0.8253896,1,0.65077925
CANDIDATE_Mowlem Ward_40,-1.260611092054866,36.89973478040648,Mowlem Ward,False,2,residential,441.2521225716136,438.788868806176,8,48,3727,924.779822358499,0,0,1440.0,0,5,17.845377654040565,11.606875140660836,20.96462891073044,57.8859819316018,91.796875,574,247.0,0.4245573366979223,moderate,80.21913323300808,62819.89166655838,6.4,True,adequately_served,9.612859505394512,1.637125168020573,14449.0,0.0045223072946951,0,14449,0.0838307335300991,7.067824986975575,0.10714630004523444,0.015130747793525714,0.9586593603738423,0.0448653982088606,0.24198884368075407,0.8253173,1,0.65063465
CANDIDATE_Pangani Ward_30,-1.259010989903663,36.83732432056389,Pangani Ward,False,6,secondary,145.95601344397312,513.8387450915488,0,24,989,2790.562086051957,0,0,1440.0,0,15,17.684657596250318,11.666697525521228,20.693637631614862,60.45883468467407,92.24137931034484,543,224.0,0.490429447437139,congested,88.98050726062212,29921.21680161153,20.0,True,adequately_served,3.7789041655431896,3.559220290424885,13952.0,0.0408285435851694,0,13952,0.0823102809141833,24.46424571745943,0.10346080546965956,0.034375939529794446,0.9515885112478317,0.1405266974138228,0.26322830852916035,0.8250936,1,0.65018725
CANDIDATE_Matopeni/spring Valley Ward_39,-1.2611504250870378,36.9285312142142,Matopeni/spring Valley Ward,False,6,residential,586.8709415213851,621.7019116933158,0,20,1882,814.344876647441,0,0,1440.0,0,0,17.845377654040565,11.606875140660836,20.96462891073044,57.8859819316018,91.796875,574,247.0,0.4245573366979223,moderate,58.72900295774414,15205.42326080414,7.0,False,underserved,12.690870974414471,2.796619188464007,11633.0,0.010206321789732,0,11633,0.0226306829054491,3.94596052808772,0.08626430261099123,0.02674031096258364,0.9414261470302709,0.03920324213099311,0.23300346148674564,0.82491916,1,0.6498383
CANDIDATE_Pangani Ward_34,-1.2580501964159452,36.83718486943391,Pangani Ward,False,6,residential,207.8972175048592,590.3753255849874,0,24,989,2790.562086051957,0,0,1440.0,0,0,17.684657596250318,11.666697525521228,20.693637631614862,60.45883468467407,92.24137931034484,543,224.0,0.490429447437139,congested,88.98050726062212,29921.21680161153,20.0,True,adequately_served,3.856572016647068,3.559220290424885,13952.0,0.0287222590691541,0,13952,0.0823102809141833,24.46424571745943,0.10346080546965956,0.034375939529794446,0.9443775917889898,0.1405266974138228,0.261786124637392,0.8244231,1,0.64884615
CANDIDATE_Njiru Ward_0,-1.2627871619386402,36.89278141208743,Njiru Ward,False,2,residential,382.3013823221917,367.0269751122625,3,42,10989,746.4285914852591,0,0,1440.0,0,7,17.845377654040565,11.606875140660836,20.96462891073044,57.8859819316018,91.796875,574,247.0,0.4245573366979223,moderate,47.21837435030173,69402.06821576251,11.0,False,severely_underserved,8.802881291599222,1.0981017290767845,6785.0,0.0052178262125829,0,6785,0.2237461265027511,10.89304713008968,0.050314045664538426,0.009733715507298379,0.9654204311233402,0.035721077999510915,0.22027164668398327,0.8242504,1,0.6485008
CANDIDATE_Nairobi West Ward_15,-1.3255023231562473,36.809402938323416,Nairobi West Ward,False,2,residential,606.8764323511643,566.4299452013801,0,14,9939,1107.4331345036017,0,0,1440.0,0,0,17.73181138157092,11.435384995598536,20.880024574557112,57.01554232804233,93.75,242,107.0,0.5580407232100865,congested,56.79149445936021,76676.38743229359,12.7,False,underserved,4.433533273563723,3.786099630624014,8719.0,0.0032901423604536,0,8719,0.348155049984002,18.15421991847434,0.06465558793649381,0.03664759422171657,0.9466336137884614,0.05423029221814396,0.23196413553452305,0.8236459,1,0.6472918
CANDIDATE_Hospital Ward_38,-1.2570589077138623,36.83854458596897,Hospital Ward,False,6,residential,388.3284860937176,486.5674184646917,5,22,2568,5468.702396804928,0,0,1440.0,0,4,17.684657596250318,11.666697525521228,20.693637631614862,60.45883468467407,92.24137931034484,543,224.0,0.490429447437139,congested,78.17900267492627,39231.09369567416,14.5,True,adequately_served,4.034195189810427,3.3990870728228813,37715.0,0.0154111507745048,1,37715,0.0461995963019781,3.670557877306343,0.2796749052672169,0.03277258783290171,0.9541578883819316,0.27783874425076405,0.3524786903282905,0.8235359,1,0.64707184
CANDIDATE_Mountain View Ward_22,-1.2750733791273547,36.74070099266662,Mountain View Ward,False,6,residential,628.2124868307967,612.5619869917356,0,21,6212,2438.23971917691,0,0,1440.0,0,0,17.24048621436891,11.524509169053754,20.09847473702649,65.557208994709,92.96875,298,122.0,0.4417253633750815,congested,61.1874463798916,53352.875177465976,17.9,False,underserved,8.59693338677053,2.7812475627223456,13621.0,0.0095357293848707,0,13621,0.1696428393750311,5.847857289081503,0.10100628091329077,0.0265864008458323,0.9422872680845179,0.1224626306627993,0.2549487782805733,0.823351,1,0.64670205
CANDIDATE_Kawangware Ward_33,-1.2757074627233234,36.74191707115412,Kawangware Ward,False,6,residential,718.7794557681375,711.6411237376407,0,21,3492,5178.226263284484,0,0,1440.0,0,0,17.24048621436891,11.524509169053754,20.09847473702649,65.557208994709,92.96875,298,122.0,0.4417253633750815,congested,81.98129425370998,64603.17956032373,12.7,True,adequately_served,8.453021173469876,3.726422466077726,40773.0,0.0083358867107382,1,40773,0.0885442239001563,4.6437342874103065,0.3023514493559654,0.036050069957395285,0.9329524941696113,0.26294562147791023,0.354015147893441,0.82304776,1,0.6460955
CANDIDATE_Mowlem Ward_34,-1.2679852800761944,36.89287941788727,Mowlem Ward,False,6,residential,709.6548848605515,690.0248892948161,0,36,3727,924.779822358499,0,0,1440.0,0,0,18.054313199966053,11.514724616707694,21.324107491595232,57.35551818750744,93.22916666666669,394,160.0,0.5289229448015942,congested,80.21913323300808,62819.89166655838,6.4,True,adequately_served,8.658673113312418,2.168084681973191,14449.0,0.0084429167065774,0,14449,0.0838307335300991,7.067824986975575,0.10714630004523444,0.02044703913161109,0.9349890749074197,0.0448653982088606,0.2385838594219909,0.822606,1,0.64521205
CANDIDATE_Upper Savanna Ward_49,-1.289965274443966,36.91854388849607,Upper Savanna Ward,False,6,residential,1551.0804389225416,1037.7395887282796,0,0,2569,969.351607954276,0,0,1440.0,0,0,18.054313199966053,11.514724616707694,21.324107491595232,57.35551818750744,93.22916666666669,394,160.0,0.5289229448015942,congested,62.13610462916318,22624.40132520788,7.2,False,underserved,11.273051204341796,62.13610462916318,13463.0,0.0038657790211989,1,13463,0.4401639794947514,17.503225579665653,0.09983463475043196,0.620883525586258,0.9022290185251638,0.0471506567842833,0.38003893862110516,0.8224907,1,0.6449814
CANDIDATE_Hospital Ward_48,-1.2602512606152445,36.84768763477252,Hospital Ward,False,6,residential,272.2194568957983,452.35698851406073,5,45,2568,5468.702396804928,0,0,1440.0,0,13,17.684657596250318,11.666697525521228,20.693637631614862,60.45883468467407,92.24137931034484,543,224.0,0.490429447437139,congested,78.17900267492627,39231.09369567416,14.5,True,adequately_served,4.465543721124901,1.6995435364114406,37715.0,0.0219603686654289,1,37715,0.0461995963019781,3.670557877306343,0.2796749052672169,0.01575571866699876,0.9573810354501168,0.27783874425076405,0.3488691024504518,0.8222602,1,0.6445204
CANDIDATE_Nairobi West Ward_37,-1.3159178740088728,36.79913679761209,Nairobi West Ward,False,2,unclassified,836.5573344316268,514.3213289703845,0,33,9939,1107.4331345036017,0,0,1440.0,0,1,23.69082151948292,15.855059154149329,27.60870270214972,39.54778439153439,86.71875,289,121.0,0.4857290005023328,congested,56.79149445936021,76676.38743229359,12.7,False,underserved,3.8477556665540087,1.6703380723341237,8719.0,0.00238789622845,0,8719,0.348155049984002,18.15421991847434,0.06465558793649381,0.015463295701369673,0.9515430444467284,0.05423029221814396,0.22764994703608973,0.8221468,1,0.64429355
CANDIDATE_Kawangware Ward_44,-1.277970797924153,36.73960883027877,Kawangware Ward,False,2,residential,415.27659519086086,424.36509553106447,7,41,3492,5178.226263284484,0,0,1440.0,0,3,17.24048621436891,11.524509169053754,20.09847473702649,65.557208994709,92.96875,298,122.0,0.4417253633750815,congested,81.98129425370998,64603.17956032373,12.7,True,adequately_served,8.676358933458308,1.951935577469285,40773.0,0.0048044978341456,1,40773,0.0885442239001563,4.6437342874103065,0.3023514493559654,0.0182828221210622,0.9600183009837947,0.26294562147791023,0.35498649729719445,0.8218844,1,0.6437688
CANDIDATE_Mountain View Ward_21,-1.2782163776843072,36.73966317199402,Mountain View Ward,False,2,residential,421.849127829192,422.3100489756634,7,42,6212,2438.23971917691,0,0,1440.0,0,3,17.24048621436891,11.524509169053754,20.09847473702649,65.557208994709,92.96875,298,122.0,0.4417253633750815,congested,61.1874463798916,53352.875177465976,17.9,False,underserved,8.667443431818459,1.4229638692998048,13621.0,0.0047298193808924,0,13621,0.1696428393750311,5.847857289081503,0.10100628091329077,0.012986433910030756,0.9602119178804424,0.1224626306627993,0.2551337165058078,0.8218844,1,0.6437688
CANDIDATE_Upper Savanna Ward_30,-1.276501463416164,36.9234926169456,Upper Savanna Ward,False,2,residential,1324.2369489239843,672.3631376344002,0,33,2569,969.351607954276,0,0,1440.0,0,0,17.845377654040565,11.606875140660836,20.96462891073044,57.8859819316018,91.796875,574,247.0,0.4245573366979223,moderate,62.13610462916318,22624.40132520788,7.2,False,underserved,11.8673958708034,1.827532489093035,13463.0,0.0015091640793926,0,13463,0.4401639794947514,17.503225579665653,0.09983463475043196,0.017037222327129987,0.9366530827309236,0.0471506567842833,0.23596217564747507,0.82188374,1,0.6437675
CANDIDATE_Imara Daima Ward_35,-1.334141220615969,36.895745798662986,Imara Daima Ward,False,3,trunk,327.9653737883524,326.24224678798646,11,33,8991,2562.801079728265,0,0,1440.0,0,10,17.906847137299025,11.406366449662858,21.157087481117102,57.709691248294185,93.33333333333331,371,147.0,0.3154506881194194,moderate,67.61809525092917,92557.21147751193,13.8,False,underserved,10.218711156937598,1.9887675073802693,18571.0,0.0091195008321153,0,18571,0.2682490623582934,5.704579811463799,0.13771291702817143,0.01865160592623987,0.969262977905559,0.1288490680370577,0.2724848316299433,0.82176095,1,0.6435219
CANDIDATE_Dandora Area Iii Ward_21,-1.2389918021432478,36.90712094724997,Dandora Area Iii Ward,False,2,residential,1673.066729597989,685.6626639203042,0,11,8261,3479.3635402845307,0,0,1440.0,0,0,17.845377654040565,11.606875140660836,20.96462891073044,57.8859819316018,91.796875,574,247.0,0.4245573366979223,moderate,62.53869018516417,73507.78889000125,7.5,False,underserved,11.301139812558567,5.211557515430347,46391.0,0.0011946955068393,1,46391,0.1688006615484064,4.244448169525055,0.3440116274758441,0.05092015023900581,0.9354000634260355,0.1758425235358472,0.3553826245686734,0.8216223,1,0.6432446
CANDIDATE_Landimawe Ward_12,-1.2891444577148543,36.84803415880163,Landimawe Ward,False,6,residential,442.9420057688248,479.92607174660833,6,39,1605,1460.3630618359082,0,0,1440.0,0,17,17.243300893072206,11.884733802396095,20.1012033414328,63.47116048203005,93.75,190,84.0,0.5831369347890785,congested,89.63594611695733,51643.83141519055,20.0,True,adequately_served,3.441293808355137,2.240898652923933,7301.0,0.0135152788473105,0,7301,0.0823102809141833,19.053582451873734,0.054140434398938106,0.021176097134876427,0.9547836050780995,0.07232550945431139,0.2296649992298296,0.82162154,1,0.6432431
CANDIDATE_Clay City_0,-1.2368996160628185,36.91568505166007,Clay City,False,2,residential,997.9701219868116,998.891260499982,0,3,7281,935.8012048297124,0,0,1440.0,0,0,17.845377654040565,11.606875140660836,20.96462891073044,57.8859819316018,91.796875,574,247.0,0.4245573366979223,moderate,59.34801434111238,59710.23367322085,11.0,False,underserved,12.254110041747156,14.837003585278095,8507.0,0.0020020618795107,0,8507,0.2237461265027511,12.259205080423108,0.06308350574329084,0.14729600229861495,0.9058891267264824,0.04543048009796805,0.24916714894969563,0.8212029,1,0.64240575
CANDIDATE_Airbase Ward_37,-1.2517142665629957,36.85527133427125,Airbase Ward,False,6,residential,387.74017534013296,454.9172036622489,9,28,17075,1530.534366496874,0,0,1440.0,0,13,17.684657596250318,11.666697525521228,20.693637631614862,60.45883468467407,92.24137931034484,543,224.0,0.490429447437139,congested,46.01546587417469,105433.25515722662,9.3,False,severely_underserved,5.726069738583589,1.5867402025577482,16457.0,0.0154344736680489,0,16457,0.2187157501793953,11.040159940658125,0.1220365879884022,0.01462626270865416,0.957139823926008,0.07592329162932626,0.2529819945841712,0.8211514,1,0.64230275
CANDIDATE_Hospital Ward_46,-1.2537781151761256,36.85056276263521,Hospital Ward,False,2,residential,456.0029809745642,576.1255776489177,0,20,2568,5468.702396804928,0,0,1440.0,0,0,17.684657596250318,11.666697525521228,20.693637631614862,60.45883468467407,92.24137931034484,543,224.0,0.490429447437139,congested,78.17900267492627,39231.09369567416,14.5,True,adequately_served,5.187829553412006,3.722809651186965,37715.0,0.0043763390683688,1,37715,0.0461995963019781,3.670557877306343,0.2796749052672169,0.03601389624545465,0.9457201365435808,0.27783874425076405,0.3516014670637585,0.8211468,1,0.6422936
CANDIDATE_Dandora Area Iii Ward_36,-1.2364565522850912,36.91100881548304,Dandora Area Iii Ward,False,6,tertiary,1260.7280222967656,995.9030297557352,0,1,8261,3479.3635402845307,0,0,1440.0,0,0,17.845377654040565,11.606875140660836,20.96462891073044,57.8859819316018,91.796875,574,247.0,0.4245573366979223,moderate,62.53869018516417,73507.78889000125,7.5,False,underserved,11.815043859286693,31.269345092582085,46391.0,0.0047553830096267,1,46391,0.1688006615484064,4.244448169525055,0.3440116274758441,0.31182665392855585,0.906170663882732,0.1758425235358472,0.41476337058240026,0.8206296,1,0.6412592
CANDIDATE_Pangani Ward_11,-1.2628697143048286,36.84903864217602,Pangani Ward,False,6,unclassified,365.8618048950407,359.98382074730046,17,47,989,2790.562086051957,0,0,1440.0,0,10,17.684657596250318,11.666697525521228,20.693637631614862,60.45883468467407,92.24137931034484,543,224.0,0.490429447437139,congested,88.98050726062212,29921.21680161153,20.0,True,adequately_served,4.401510204155205,1.853760567929628,13952.0,0.0163549323476631,0,13952,0.0823102809141833,24.46424571745943,0.10346080546965956,0.01729983389104302,0.9660840042609758,0.1405266974138228,0.2618583807221013,0.8205781,1,0.6411562
CANDIDATE_Mowlem Ward_47,-1.262016707878055,36.89686973971282,Mowlem Ward,False,6,residential,539.2202216964163,568.6921281331257,0,33,3727,924.779822358499,0,0,1440.0,0,0,17.845377654040565,11.606875140660836,20.96462891073044,57.8859819316018,91.796875,574,247.0,0.4245573366979223,moderate,80.21913323300808,62819.89166655838,6.4,True,adequately_served,9.262392926287864,2.359386271559061,14449.0,0.0111065816476817,0,14449,0.0838307335300991,7.067824986975575,0.10714630004523444,0.022362467628421263,0.9464204814690291,0.0448653982088606,0.24134899785851532,0.82050204,1,0.6410041
CANDIDATE_Dandora Area Iii Ward_25,-1.2366088675272222,36.917668869601535,Dandora Area Iii Ward,False,6,residential,860.4426424778006,859.2825810894259,0,9,8261,3479.3635402845307,0,0,1440.0,0,0,17.845377654040565,11.606875140660836,20.96462891073044,57.8859819316018,91.796875,574,247.0,0.4245573366979223,moderate,62.53869018516417,73507.78889000125,7.5,False,underserved,12.465867564183842,6.253869018516417,46391.0,0.0069650603582171,1,46391,0.1688006615484064,4.244448169525055,0.3440116274758441,0.06135641038658782,0.9190424050215729,0.1758425235358472,0.35472015792467637,0.82049507,1,0.64099014
CANDIDATE_Pipeline Ward_37,-1.3492569498216305,36.886190626161486,Pipeline Ward,False,2,tertiary,1459.1170708588745,1564.4798371448512,0,0,4759,688.1241032945147,0,0,1440.0,0,0,17.906847137299025,11.406366449662858,21.157087481117102,57.709691248294185,93.33333333333331,371,147.0,0.3154506881194194,moderate,60.39700177501157,40062.52343641133,13.8,False,underserved,10.376449735508356,60.39700177501157,4986.0,0.0013697531793279,1,4986,0.2682490623582934,34.44615769624161,0.036973593468443415,0.6034705643404202,0.8526020103341215,0.03273172431213803,0.3408751457283122,0.8202151,1,0.6404302
CANDIDATE_Pangani Ward_20,-1.2748961462923023,36.84279831112559,Pangani Ward,False,6,tertiary,283.0032708114842,651.8683399931656,0,56,989,2790.562086051957,0,0,1440.0,0,0,17.684657596250318,11.666697525521228,20.693637631614862,60.45883468467407,92.24137931034484,543,224.0,0.490429447437139,congested,88.98050726062212,29921.21680161153,20.0,True,adequately_served,3.119973636651688,1.5610615308881073,13952.0,0.0211265172505097,0,13952,0.0823102809141833,24.46424571745943,0.10346080546965956,0.014369152145261875,0.9385840069264314,0.1405266974138228,0.2556257108187472,0.81937355,1,0.6387471
CANDIDATE_Mountain View Ward_20,-1.256430256183507,36.73552341591984,Mountain View Ward,False,2,residential,883.6355848567182,864.6213195991003,0,13,6212,2438.23971917691,0,0,1440.0,0,0,17.860120755591254,11.573045141024393,21.003658562874683,57.14772462015109,94.04761904761904,382,161.0,0.477674612291292,congested,61.1874463798916,53352.875177465976,17.9,False,underserved,9.672019158025051,4.370531884277972,13621.0,0.0022608179393144,0,13621,0.1696428393750311,5.847857289081503,0.10100628091329077,0.042499287328538866,0.918539413992226,0.1224626306627993,0.25417742908279156,0.81936276,1,0.6387255
CANDIDATE_Kawangware Ward_5,-1.2727151723646777,36.73565295185107,Kawangware Ward,False,6,residential,326.8432238314486,338.2514594648515,11,31,3492,5178.226263284484,0,0,1440.0,0,3,17.860120755591254,11.573045141024393,21.003658562874683,57.14772462015109,94.04761904761904,382,161.0,0.477674612291292,congested,81.98129425370998,64603.17956032373,12.7,True,adequately_served,9.192182352427013,2.5619154454284367,40773.0,0.0183014305736717,1,40773,0.0885442239001563,4.6437342874103065,0.3023514493559654,0.0243903135648017,0.9681315259277117,0.26294562147791023,0.35813601514691273,0.8193383,1,0.63867664
CANDIDATE_Makongeni Ward_48,-1.2879964028531352,36.84696449107813,Makongeni Ward,False,6,residential,316.9311115512355,548.6875626786456,0,44,1369,894.6734451583051,0,0,1440.0,0,1,17.243300893072206,11.884733802396095,20.1012033414328,63.47116048203005,93.75,190,84.0,0.5831369347890785,congested,83.24316740229835,27239.29778072184,7.3,True,adequately_served,3.3135833797674046,1.849848164495519,12255.0,0.0188720127788849,0,12255,0.0295766007950331,56.829658842951936,0.09087673244199239,0.017260660515406503,0.948305218275552,0.04332180160953181,0.23444742546056574,0.81910455,1,0.6382091
CANDIDATE_Nyayo Highrise Ward_35,-1.3099074906702992,36.80896459127153,Nyayo Highrise Ward,False,2,residential,373.2516614576006,384.1834753091469,9,57,1215,5979.621047336875,0,0,1440.0,0,5,17.73181138157092,11.435384995598536,20.880024574557112,57.01554232804233,93.75,242,107.0,0.5580407232100865,congested,82.69463425732702,23400.367568368,12.7,True,adequately_served,2.7696003752279723,1.4257695561608108,47083.0,0.0053439976517688,1,47083,0.348155049984002,2.564062287684165,0.349143141049884,0.01301452616257466,0.963804025734992,0.30403426708802156,0.3790213894727058,0.8184004,1,0.63680077
CANDIDATE_Ngando Ward_21,-1.298461491930124,36.74069201733843,Ngando Ward,False,2,residential,362.2228758390412,380.6251203109181,1,25,2979,1287.4420267405085,0,0,1440.0,0,1,16.699138772601074,11.303737458124182,19.57668614032208,68.12864671560324,95.45454545454544,134,49.0,0.5466091380314718,congested,64.55544213237266,28020.643468093764,18.5,False,underserved,8.610231135879124,2.482901620475872,6959.0,0.0055062611224032,0,6959,0.1996750767775023,17.558483286089597,0.051604339540091804,0.02359917883202846,0.9641392773379872,0.06345960307338838,0.22948108962931435,0.8181139,1,0.63622785
CANDIDATE_Airbase Ward_21,-1.276862386611192,36.844059675578265,Airbase Ward,False,2,residential,209.6382809636696,411.6724088661903,2,44,17075,1530.534366496874,0,0,1440.0,0,2,17.684657596250318,11.666697525521228,20.693637631614862,60.45883468467407,92.24137931034484,543,224.0,0.490429447437139,congested,46.01546587417469,105433.25515722662,9.3,False,severely_underserved,3.168659999866463,1.0225659083149932,16457.0,0.0094949502571422,0,16457,0.2187157501793953,11.040159940658125,0.1220365879884022,0.008977404679300076,0.961214146691385,0.07592329162932626,0.25238464462990806,0.81754965,1,0.6350993
CANDIDATE_Upper Savanna Ward_12,-1.2885781189816754,36.92038654862369,Upper Savanna Ward,False,2,residential,1739.0252012699157,1015.475127709374,0,0,2569,969.351607954276,0,0,1440.0,0,0,18.054313199966053,11.514724616707694,21.324107491595232,57.35551818750744,93.22916666666669,394,160.0,0.5289229448015942,congested,62.13610462916318,22624.40132520788,7.2,False,underserved,11.473480578256105,62.13610462916318,13463.0,0.0011494086399095,1,13463,0.4401639794947514,17.503225579665653,0.09983463475043196,0.620883525586258,0.9043266721460441,0.0471506567842833,0.38045846934528116,0.81747836,1,0.6349567
CANDIDATE_Mowlem Ward_42,-1.2504162782737265,36.90970030170712,Mowlem Ward,False,2,residential,465.4848885637299,352.39108281860285,8,32,3727,924.779822358499,0,0,1440.0,0,5,17.845377654040565,11.606875140660836,20.96462891073044,57.8859819316018,91.796875,574,247.0,0.4245573366979223,moderate,80.21913323300808,62819.89166655838,6.4,True,adequately_served,11.034067671560075,2.4308828252426693,14449.0,0.0042873843269775,0,14449,0.0838307335300991,7.067824986975575,0.10714630004523444,0.023078334844400826,0.9667993565973743,0.0448653982088606,0.24560373968817925,0.81723243,1,0.63446486
CANDIDATE_Kangemi Ward_5,-1.2738007636853774,36.74220391948917,Kangemi Ward,False,6,unclassified,844.8544775187638,826.898473446693,0,12,8188,6633.956850403134,0,0,1440.0,0,0,17.24048621436891,11.524509169053754,20.09847473702649,65.557208994709,92.96875,298,122.0,0.4417253633750815,congested,63.280549542627405,74330.71297439898,17.9,False,underserved,8.453992971154769,4.867734580202108,37061.0,0.0070934187374646,1,37061,0.1696428393750311,2.9059320347753803,0.2748251800108266,0.04747758476206044,0.9220934845243764,0.33758299046034573,0.3599935041912489,0.8171575,1,0.634315
CANDIDATE_Roysambu Ward_26,-1.2677918641528936,36.8919104513157,Roysambu Ward,False,6,residential,762.3456695707994,592.194715064064,0,40,15669,483.239781975182,0,0,1440.0,0,0,18.054313199966053,11.514724616707694,21.324107491595232,57.35551818750744,93.22916666666669,394,160.0,0.5289229448015942,congested,52.55807786151991,110098.7167953836,12.5,False,underserved,8.559222939526562,1.2819043380858517,3865.0,0.0078601349810153,0,3865,0.140004148607421,20.27271584053182,0.02866083809778055,0.011574059624909568,0.944206177402388,0.022227014976261075,0.2062114467161804,0.8168973,1,0.63379455
CANDIDATE_Nyayo Highrise Ward_28,-1.316786162224832,36.7995219520605,Nyayo Highrise Ward,False,2,unclassified,734.9250858136252,593.4761348375373,0,31,1215,5979.621047336875,0,0,1440.0,0,0,23.69082151948292,15.855059154149329,27.60870270214972,39.54778439153439,86.71875,289,121.0,0.4857290005023328,congested,82.69463425732702,23400.367568368,12.7,True,adequately_served,3.9087365129339817,2.584207320541469,47083.0,0.0027176679237518,1,47083,0.348155049984002,2.564062287684165,0.349143141049884,0.024613513450026225,0.9440854480110314,0.30403426708802156,0.3779774207497766,0.81641763,1,0.63283527
CANDIDATE_Airbase Ward_43,-1.261411449468261,36.847780815166665,Airbase Ward,False,6,residential,368.3475326591152,474.4712671874215,3,41,17075,1530.534366496874,0,0,1440.0,0,22,17.684657596250318,11.666697525521228,20.693637631614862,60.45883468467407,92.24137931034484,543,224.0,0.490429447437139,congested,46.01546587417469,105433.25515722662,9.3,False,severely_underserved,4.390653399195061,1.0956063303374928,16457.0,0.0162448628174203,0,16457,0.2187157501793953,11.040159940658125,0.1220365879884022,0.009708730049171811,0.9552975313090132,0.07592329162932626,0.2513841528959016,0.816154,1,0.632308
CANDIDATE_Mountain View Ward_9,-1.277346952586087,36.742319760275535,Mountain View Ward,False,2,residential,720.0219649817083,725.6375501132169,0,33,6212,2438.23971917691,0,0,1440.0,0,0,17.24048621436891,11.524509169053754,20.09847473702649,65.557208994709,92.96875,298,122.0,0.4417253633750815,congested,61.1874463798916,53352.875177465976,17.9,False,underserved,8.384865645764739,1.7996307758791648,13621.0,0.0027738406000581,0,13621,0.1696428393750311,5.847857289081503,0.10100628091329077,0.016757853312395887,0.9316338161903339,0.1224626306627993,0.2503609510183774,0.8159404,1,0.63188076
CANDIDATE_Mountain View Ward_44,-1.279576091987958,36.74656491360307,Mountain View Ward,False,6,tertiary,654.6037453424528,493.3210176022439,1,19,6212,2438.23971917691,0,0,1440.0,0,1,17.24048621436891,11.524509169053754,20.09847473702649,65.557208994709,92.96875,298,122.0,0.4417253633750815,congested,61.1874463798916,53352.875177465976,17.9,False,underserved,7.888870462888365,3.0593723189945803,13621.0,0.0091518696203694,0,13621,0.1696428393750311,5.847857289081503,0.10100628091329077,0.029371155980305947,0.9535215957866232,0.1224626306627993,0.2578918326046128,0.8158302,1,0.63166034
CANDIDATE_Woodley/kenyatta Golf Course Ward_2,-1.3166211443441125,36.800239129986494,Woodley/kenyatta Golf Course Ward,False,2,unclassified,737.4011487344831,561.2685003994038,0,31,7917,4018.27020779832,0,0,1440.0,0,0,23.69082151948292,15.855059154149329,27.60870270214972,39.54778439153439,86.71875,289,121.0,0.4857290005023328,congested,85.74743830112823,185176.1679773348,26.3,True,adequately_served,3.853253593957718,2.679607446910257,15278.0,0.0027085548328679,0,15278,0.2104011684477993,10.498111183713132,0.11329373465922153,0.02556871785288376,0.9471199010320037,0.20347303164376196,0.2761635731291016,0.8155794,1,0.6311588
CANDIDATE_Nairobi West Ward_39,-1.3242383152605572,36.80948459699007,Nairobi West Ward,False,2,residential,556.5040079982108,426.2587291857918,2,17,9939,1107.4331345036017,0,0,1440.0,0,3,17.73181138157092,11.435384995598536,20.880024574557112,57.01554232804233,93.75,242,107.0,0.5580407232100865,congested,56.79149445936021,76676.38743229359,12.7,False,underserved,4.293959719914378,3.155083025520012,8719.0,0.0035874181553981,0,8719,0.348155049984002,18.15421991847434,0.06465558793649381,0.030329470101613114,0.9598398916574208,0.05423029221814396,0.23302586007828907,0.8155003,1,0.63100064
CANDIDATE_Nairobi West Ward_36,-1.3145409609210623,36.79803776392806,Nairobi West Ward,False,6,residential,929.0162723314656,427.66134245868005,2,15,9939,1107.4331345036017,0,0,1440.0,0,1,23.69082151948292,15.855059154149329,27.60870270214972,39.54778439153439,86.71875,289,121.0,0.4857290005023328,congested,56.79149445936021,76676.38743229359,12.7,False,underserved,3.7853925247321625,3.549468403710013,8719.0,0.0064515000204873,0,8719,0.348155049984002,18.15421991847434,0.06465558793649381,0.03427829767667777,0.9597077439800946,0.05423029221814396,0.23398663743659,0.8149138,1,0.6298276
CANDIDATE_Makongeni Ward_18,-1.2845876984680382,36.846192422145485,Makongeni Ward,False,2,residential,115.42260877283547,303.80189095043664,3,34,1369,894.6734451583051,0,0,1440.0,0,2,17.684657596250318,11.666697525521228,20.693637631614862,60.45883468467407,92.24137931034484,543,224.0,0.490429447437139,congested,83.24316740229835,27239.29778072184,7.3,True,adequately_served,3.229292746074546,2.378376211494239,12255.0,0.0171787938878986,0,12255,0.0295766007950331,56.829658842951936,0.09087673244199239,0.022552606519495276,0.971377203515445,0.04332180160953181,0.24038480900956652,0.81454265,1,0.6290853
CANDIDATE_Upper Savanna Ward_48,-1.27538665180289,36.92066168474859,Upper Savanna Ward,False,2,residential,990.5681503956738,334.64834289678254,14,40,2569,969.351607954276,0,0,1440.0,0,8,17.845377654040565,11.606875140660836,20.96462891073044,57.8859819316018,91.796875,574,247.0,0.4245573366979223,moderate,62.13610462916318,22624.40132520788,7.2,False,underserved,11.566552219171886,1.5155147470527603,13463.0,0.0020170071005224,0,13463,0.4401639794947514,17.503225579665653,0.09983463475043196,0.013913109893416833,0.968470994756939,0.0471506567842833,0.24154472994424986,0.81447166,1,0.6289433
CANDIDATE_Nairobi West Ward_1,-1.3297211144115288,36.81438160605547,Nairobi West Ward,False,2,residential,1238.749915809106,1171.526963163527,0,0,9939,1107.4331345036017,0,0,1440.0,0,0,17.537775244317,11.62485744823719,20.494234142356905,58.00865800865801,88.88888888888889,178,69.0,0.4114521425097195,congested,56.79149445936021,76676.38743229359,12.7,False,underserved,4.827266404626407,56.79149445936021,8719.0,0.0016132285830362,1,8719,0.348155049984002,18.15421991847434,0.06465558793649381,0.5673700203104073,0.8896241964199328,0.05423029221814396,0.35324285858299004,0.8143006,1,0.6286012
CANDIDATE_Nyayo Highrise Ward_2,-1.3237290965673862,36.812587346231126,Nyayo Highrise Ward,False,2,residential,544.9530093675446,509.0915177910946,0,16,1215,5979.621047336875,0,0,1440.0,0,4,17.537775244317,11.62485744823719,20.494234142356905,58.00865800865801,88.88888888888889,178,69.0,0.4114521425097195,congested,82.69463425732702,23400.367568368,12.7,True,adequately_served,4.182358839558554,4.8643902504310015,47083.0,0.0036633189407947,1,47083,0.348155049984002,2.564062287684165,0.349143141049884,0.04744409928731778,0.9520357728513119,0.30403426708802156,0.38527513217715553,0.81224823,1,0.62449646
CANDIDATE_Mowlem Ward_10,-1.2600932755668042,36.90481978407162,Mowlem Ward,False,2,residential,347.4273259182522,333.24747869602265,10,72,3727,924.779822358499,0,0,1440.0,0,5,17.845377654040565,11.606875140660836,20.96462891073044,57.8859819316018,91.796875,574,247.0,0.4245573366979223,moderate,80.21913323300808,62819.89166655838,6.4,True,adequately_served,10.1702210682608,1.0988922360686038,14449.0,0.0057400779193456,0,14449,0.0838307335300991,7.067824986975575,0.10714630004523444,0.009741630546699442,0.9686029776448513,0.0448653982088606,0.2426302878232493,0.81220293,1,0.62440586
CANDIDATE_Hospital Ward_17,-1.255421913168444,36.84977411911135,Hospital Ward,False,2,residential,282.5426952103759,604.5849545504511,0,22,2568,5468.702396804928,0,0,1440.0,0,0,17.684657596250318,11.666697525521228,20.693637631614862,60.45883468467407,92.24137931034484,543,224.0,0.490429447437139,congested,78.17900267492627,39231.09369567416,14.5,True,adequately_served,4.997829233808587,3.3990870728228813,37715.0,0.0070536114447106,1,37715,0.0461995963019781,3.670557877306343,0.2796749052672169,0.03277258783290171,0.9430388268565956,0.27783874425076405,0.35025487802322325,0.8121046,1,0.62420917
CANDIDATE_Pipeline Ward_32,-1.3313378393603177,36.89532366227466,Pipeline Ward,False,4,unclassified,461.277528924352,408.45120648983294,9,42,4759,688.1241032945147,0,0,1440.0,0,11,17.906847137299025,11.406366449662858,21.157087481117102,57.709691248294185,93.33333333333331,371,147.0,0.3154506881194194,moderate,60.39700177501157,40062.52343641133,13.8,False,underserved,10.01960154500487,1.404581436628176,4986.0,0.0086528108110886,0,4986,0.2682490623582934,34.44615769624161,0.036973593468443415,0.012802377753173118,0.9615176333476583,0.03273172431213803,0.21499122368420776,0.81187284,1,0.6237457
CANDIDATE_Pipeline Ward_41,-1.3312370857548663,36.895204245549394,Pipeline Ward,False,4,unclassified,443.9913425073765,392.72135019640285,10,42,4759,688.1241032945147,0,0,1440.0,0,10,17.906847137299025,11.406366449662858,21.157087481117102,57.709691248294185,93.33333333333331,371,147.0,0.3154506881194194,moderate,60.39700177501157,40062.52343641133,13.8,False,underserved,10.002508570097437,1.404581436628176,4986.0,0.0089889389251066,0,4986,0.2682490623582934,34.44615769624161,0.036973593468443415,0.012802377753173118,0.9629996270048065,0.03273172431213803,0.21528762241563737,0.81187284,1,0.6237457
CANDIDATE_Mountain View Ward_7,-1.2572518088268403,36.746808799421856,Mountain View Ward,False,6,residential,497.1408271877789,759.3761755255015,0,16,6212,2438.23971917691,0,0,1440.0,0,0,17.24048621436891,11.524509169053754,20.09847473702649,65.557208994709,92.96875,298,122.0,0.4417253633750815,congested,61.1874463798916,53352.875177465976,17.9,False,underserved,8.46988406636326,3.599261551758329,13621.0,0.0120447866798483,0,13621,0.1696428393750311,5.847857289081503,0.10100628091329077,0.034776857123695964,0.9284551203440925,0.1224626306627993,0.25422996280195415,0.8117274,1,0.6234548
CANDIDATE_Hospital Ward_13,-1.2539842031411117,36.85264019959189,Hospital Ward,False,6,residential,370.9798589499042,376.6093978093186,8,18,2568,5468.702396804928,0,0,1440.0,0,13,17.684657596250318,11.666697525521228,20.693637631614862,60.45883468467407,92.24137931034484,543,224.0,0.490429447437139,congested,78.17900267492627,39231.09369567416,14.5,True,adequately_served,5.339874467989396,4.114684351311909,37715.0,0.0161299055732155,1,37715,0.0461995963019781,3.670557877306343,0.2796749052672169,0.0399375853764398,0.9645176199728607,0.27783874425076405,0.35634188603236083,0.8113888,1,0.6227776
CANDIDATE_Mountain View Ward_39,-1.2782165258370226,36.74529945414243,Mountain View Ward,False,8,residential,701.3108135123906,619.640512982385,0,14,6212,2438.23971917691,0,0,1440.0,0,0,17.24048621436891,11.524509169053754,20.09847473702649,65.557208994709,92.96875,298,122.0,0.4417253633750815,congested,61.1874463798916,53352.875177465976,17.9,False,underserved,8.044604241302112,4.079163091992774,13621.0,0.0113909679960507,0,13621,0.1696428393750311,5.847857289081503,0.10100628091329077,0.03958192480670933,0.9416203623973705,0.1224626306627993,0.2580642781333631,0.81126183,1,0.62252367
CANDIDATE_Makina Ward_13,-1.3187984650589315,36.78990283092479,Makina Ward,False,2,residential,277.05686656091547,446.6631807447467,6,27,1896,15852.355248829706,0,0,1440.0,0,2,23.69082151948292,15.855059154149329,27.60870270214972,39.54778439153439,86.71875,289,121.0,0.4857290005023328,congested,89.77563305815848,61838.3383815226,26.3,True,adequately_served,4.710271285968349,3.2062726092199454,60275.0,0.0071927732795688,1,60275,0.2104011684477993,3.298924345951629,0.44696818016655177,0.030842011516302666,0.9579174794481887,0.8102233325529709,0.5177775283376007,0.81057876,1,0.6211575
CANDIDATE_Nyayo Highrise Ward_24,-1.3145334299953997,36.79955704816958,Nyayo Highrise Ward,False,6,residential,785.0675734185519,354.3753778219433,2,27,1215,5979.621047336875,0,0,1440.0,0,1,23.69082151948292,15.855059154149329,27.60870270214972,39.54778439153439,86.71875,289,121.0,0.4857290005023328,congested,82.69463425732702,23400.367568368,12.7,True,adequately_served,3.6922798947333617,2.9533797949045364,47083.0,0.0076329315734351,1,47083,0.348155049984002,2.564062287684165,0.349143141049884,0.028309894014159148,0.9666124055818022,0.30403426708802156,0.3834069074049639,0.8105762,1,0.6211524
CANDIDATE_Gatina Ward_47,-1.2790837707852656,36.7425234594244,Gatina Ward,False,2,residential,529.7035353773307,538.3951800189296,0,44,6063,3037.154756927026,0,0,1440.0,0,2,17.24048621436891,11.524509169053754,20.09847473702649,65.557208994709,92.96875,298,122.0,0.4417253633750815,congested,55.98639000937479,45919.74288559071,12.7,False,underserved,8.34133784146366,1.2441420002083283,23914.0,0.0037685823942702,0,23914,0.0885442239001563,2.613255050207503,0.1773338375861123,0.011195960006221794,0.9492749185407102,0.15316985290380677,0.28535478744559817,0.80944526,1,0.6188905
CANDIDATE_Dandora Area Iii Ward_44,-1.2545137381213858,36.91440616669252,Dandora Area Iii Ward,False,8,residential,322.3969535705402,328.91371078932457,7,34,8261,3479.3635402845307,0,0,1440.0,0,4,17.845377654040565,11.606875140660836,20.96462891073044,57.8859819316018,91.796875,574,247.0,0.4245573366979223,moderate,62.53869018516417,73507.78889000125,7.5,False,underserved,11.37297841453858,1.786819719576119,46391.0,0.0247374006207359,1,46391,0.1688006615484064,4.244448169525055,0.3440116274758441,0.01662958118266495,0.9690112850336454,0.1758425235358472,0.35353222662611017,0.80910116,1,0.6182023
CANDIDATE_Dandora Area Iii Ward_15,-1.2365614974389756,36.89614208232957,Dandora Area Iii Ward,False,2,residential,1685.882220598807,385.9959000078126,7,15,8261,3479.3635402845307,0,0,1440.0,0,1,17.845377654040565,11.606875140660836,20.96462891073044,57.8859819316018,91.796875,574,247.0,0.4245573366979223,moderate,62.53869018516417,73507.78889000125,7.5,False,underserved,10.379144306368296,3.9086681365727607,46391.0,0.001185619230304,1,46391,0.1688006615484064,4.244448169525055,0.3440116274758441,0.037874825054528306,0.9636332675374996,0.1758425235358472,0.3577679340948468,0.80908495,1,0.6181699
CANDIDATE_Pangani Ward_17,-1.2546039073581594,36.8493906019437,Pangani Ward,False,2,residential,381.6077623374515,555.6001762346601,0,22,989,2790.562086051957,0,0,1440.0,0,0,17.684657596250318,11.666697525521228,20.693637631614862,60.45883468467407,92.24137931034484,543,224.0,0.490429447437139,congested,88.98050726062212,29921.21680161153,20.0,True,adequately_served,5.030531351007021,3.8687177069835705,13952.0,0.0052272854784269,0,13952,0.0823102809141833,24.46424571745943,0.10346080546965956,0.03747481692359433,0.9476539440837713,0.1405266974138228,0.26321611444479825,0.80866784,1,0.6173357
CANDIDATE_Upper Savanna Ward_37,-1.28380769334895,36.92294067076488,Upper Savanna Ward,False,2,residential,1717.2447633893405,946.8418736461892,0,4,2569,969.351607954276,0,0,1440.0,0,0,18.054313199966053,11.514724616707694,21.324107491595232,57.35551818750744,93.22916666666669,394,160.0,0.5289229448015942,congested,62.13610462916318,22624.40132520788,7.2,False,underserved,11.758402427294069,12.427220925832636,13463.0,0.0011639785219277,0,13463,0.4401639794947514,17.503225579665653,0.09983463475043196,0.12316778471812824,0.9107929770692211,0.0471506567842833,0.25732279511288414,0.80859756,1,0.6171951
CANDIDATE_Dandora Area Iii Ward_29,-1.249041254429483,36.91244724761284,Dandora Area Iii Ward,False,6,unclassified,607.0582013682887,483.37154560999033,1,22,8261,3479.3635402845307,0,0,1440.0,0,2,17.845377654040565,11.606875140660836,20.96462891073044,57.8859819316018,91.796875,574,247.0,0.4245573366979223,moderate,62.53869018516417,73507.78889000125,7.5,False,underserved,11.374144855001674,2.7190734863114856,46391.0,0.0098674764792226,1,46391,0.1688006615484064,4.244448169525055,0.3440116274758441,0.025963875973048854,0.9544589886088737,0.1758425235358472,0.3529553410387518,0.8085894,1,0.6171788
CANDIDATE_Kwa Njenga Ward_11,-1.325537636374004,36.89241840440227,Kwa Njenga Ward,False,6,unclassified,319.39944358095454,304.59768251317234,15,58,2929,14304.246388913643,0,0,1440.0,0,11,17.906847137299025,11.406366449662858,21.157087481117102,57.709691248294185,93.33333333333331,371,147.0,0.3154506881194194,moderate,80.52538641399036,50138.37407016672,13.8,True,adequately_served,9.426433915387802,1.3648370578642437,103653.0,0.0187266242816804,1,103653,0.2682490623582934,1.4360258252339573,0.7686369602456008,0.012404432729102728,0.9713022277479373,0.7308495986869837,0.6125544095552202,0.807869,1,0.61573803
CANDIDATE_Kawangware Ward_27,-1.2783457679210513,36.74677975150848,Kawangware Ward,False,8,residential,777.8470068158639,454.8622900087026,2,15,3492,5178.226263284484,0,0,1440.0,0,1,17.24048621436891,11.524509169053754,20.09847473702649,65.557208994709,92.96875,298,122.0,0.4417253633750815,congested,81.98129425370998,64603.17956032373,12.7,True,adequately_served,7.879475481473249,5.1238308908568735,40773.0,0.0102715936891202,1,40773,0.0885442239001563,4.6437342874103065,0.3023514493559654,0.05004177762850759,0.9571449976341926,0.26294562147791023,0.3623515755041354,0.80786246,1,0.6157249
CANDIDATE_Njiru Ward_9,-1.2546840443042406,36.92042382837632,Njiru Ward,False,6,residential,358.2799768686393,381.7439200010629,4,19,10989,746.4285914852591,0,0,1440.0,0,3,17.845377654040565,11.606875140660836,20.96462891073044,57.8859819316018,91.796875,574,247.0,0.4245573366979223,moderate,47.21837435030173,69402.06821576251,11.0,False,severely_underserved,12.00484119086394,2.3609187175150863,6785.0,0.01670006787546,0,6785,0.2237461265027511,10.89304713008968,0.050314045664538426,0.022377811414431334,0.964033869252021,0.035721077999510915,0.22315535828650268,0.8077549,1,0.61550975
CANDIDATE_Mowlem Ward_25,-1.2719809475409516,36.89103628841768,Mowlem Ward,False,2,residential,352.1893775439851,358.22703173553566,7,57,3727,924.779822358499,0,0,1440.0,0,3,18.054313199966053,11.514724616707694,21.324107491595232,57.35551818750744,93.22916666666669,394,160.0,0.5289229448015942,congested,80.21913323300808,62819.89166655838,6.4,True,adequately_served,8.363299688691528,1.3830885040173806,14449.0,0.0056626844609756,0,14449,0.0838307335300991,7.067824986975575,0.10714630004523444,0.012587177368838314,0.9662495207236704,0.0448653982088606,0.24287098314454786,0.8075953,1,0.6151906
CANDIDATE_Kwa Njenga Ward_41,-1.3331435210713791,36.894671387302246,Kwa Njenga Ward,False,3,trunk,370.1283936596355,327.58654616722083,11,33,2929,14304.246388913643,0,0,1440.0,0,10,17.906847137299025,11.406366449662858,21.157087481117102,57.709691248294185,93.33333333333331,371,147.0,0.3154506881194194,moderate,80.52538641399036,50138.37407016672,13.8,True,adequately_served,10.059077092125769,2.36839371805854,103653.0,0.0080834558908778,1,103653,0.2682490623582934,1.4360258252339573,0.7686369602456008,0.022452655690872517,0.9691363242911732,0.7308495986869837,0.6146332846043099,0.80687785,1,0.6137557
CANDIDATE_Eastleigh South Ward_6,-1.287971633193686,36.84426996059151,Eastleigh South Ward,False,8,residential,318.49752789731866,420.5638067391378,4,35,4421,4792.49862701149,0,0,1440.0,0,19,17.243300893072206,11.884733802396095,20.1012033414328,63.47116048203005,93.75,190,84.0,0.5831369347890785,congested,78.3703324081986,68143.70069639628,9.3,True,adequately_served,3.014352789438565,2.1769536780055168,51532.0,0.0250393173701521,1,51532,0.2187157501793953,0.704393795896947,0.3821346206610161,0.020535840943322056,0.9603764406751901,0.24316881925229095,0.3795901294526824,0.8062127,1,0.61242545
CANDIDATE_Nyayo Highrise Ward_1,-1.3244078077802297,36.80860959361187,Nyayo Highrise Ward,False,2,residential,472.44600128166553,453.23755196691775,4,17,1215,5979.621047336875,0,0,1440.0,0,4,17.73181138157092,11.435384995598536,20.880024574557112,57.01554232804233,93.75,242,107.0,0.5580407232100865,congested,82.69463425732702,23400.367568368,12.7,True,adequately_served,4.332823046369499,4.594146347629279,47083.0,0.004224346587754,1,47083,0.348155049984002,2.564062287684165,0.349143141049884,0.044738252076972115,0.9572980728707069,0.30403426708802156,0.38565113037844817,0.8058834,1,0.6117668
CANDIDATE_Nyayo Highrise Ward_22,-1.3245840305552423,36.80918527718791,Nyayo Highrise Ward,False,2,residential,538.8522969777114,465.038982179594,2,17,1215,5979.621047336875,0,0,1440.0,0,4,17.73181138157092,11.435384995598536,20.880024574557112,57.01554232804233,93.75,242,107.0,0.5580407232100865,congested,82.69463425732702,23400.367568368,12.7,True,adequately_served,4.338344734983457,4.594146347629279,47083.0,0.0037047170331528,1,47083,0.348155049984002,2.564062287684165,0.349143141049884,0.044738252076972115,0.9561861971870258,0.30403426708802156,0.3854287552417119,0.8058834,1,0.6117668
CANDIDATE_Kawangware Ward_22,-1.2793413600283494,36.74701099651909,Kawangware Ward,False,8,tertiary,705.1309080434013,439.1440487462292,2,18,3492,5178.226263284484,0,0,1440.0,0,1,17.24048621436891,11.524509169053754,20.09847473702649,65.557208994709,92.96875,298,122.0,0.4417253633750815,congested,81.98129425370998,64603.17956032373,12.7,True,adequately_served,7.842081805089234,4.3148049607215775,40773.0,0.011329344047787,1,40773,0.0885442239001563,4.6437342874103065,0.3023514493559654,0.041941315292600465,0.9586258969773251,0.26294562147791023,0.3606226397887851,0.8058108,1,0.6116216
CANDIDATE_Ngando Ward_1,-1.3162879462772008,36.74053107516739,Ngando Ward,False,3,secondary,1087.2681567801071,1086.3627423630262,0,0,2979,1287.4420267405085,0,0,1440.0,0,0,16.699138772601074,11.303737458124182,19.57668614032208,68.12864671560324,95.45454545454544,134,49.0,0.5466091380314718,congested,64.55544213237266,28020.643468093764,18.5,False,underserved,9.148025886330071,64.55544213237266,6959.0,0.002756673510393,1,6959,0.1996750767775023,17.558483286089597,0.051604339540091804,0.6451074121053447,0.8976479718879273,0.06345960307338838,0.37155988685763147,0.8057911,1,0.61158216
CANDIDATE_Gatina Ward_30,-1.277654838678439,36.75864552520344,Gatina Ward,False,6,residential,959.9536688661528,835.4649864302007,0,12,6063,3037.154756927026,0,0,1440.0,0,0,17.24048621436891,11.524509169053754,20.09847473702649,65.557208994709,92.96875,298,122.0,0.4417253633750815,congested,55.98639000937479,45919.74288559071,12.7,False,underserved,6.581563781664509,4.306645385336522,23914.0,0.0062437973800334,0,23914,0.0885442239001563,2.613255050207503,0.1773338375861123,0.04185961663422424,0.9212863876464007,0.15316985290380677,0.28742299542373684,0.8050272,1,0.6100544
CANDIDATE_Airbase Ward_35,-1.262877766863825,36.84820482533296,Airbase Ward,False,6,unclassified,382.0325570489385,371.0227024026089,17,48,17075,1530.534366496874,0,0,1440.0,0,10,17.684657596250318,11.666697525521228,20.693637631614862,60.45883468467407,92.24137931034484,543,224.0,0.490429447437139,congested,46.01546587417469,105433.25515722662,9.3,False,severely_underserved,4.326781561081168,0.9390911402892794,16457.0,0.0156644647813407,0,16457,0.2187157501793953,11.040159940658125,0.1220365879884022,0.008141604256589524,0.965043972343964,0.07592329162932626,0.25294165965474624,0.80452555,1,0.6090511
CANDIDATE_Dandora Area Iii Ward_7,-1.259906339744088,36.90452561481971,Dandora Area Iii Ward,False,2,residential,327.08184993054414,307.1509426179284,10,69,8261,3479.3635402845307,0,0,1440.0,0,5,17.845377654040565,11.606875140660836,20.96462891073044,57.8859819316018,91.796875,574,247.0,0.4245573366979223,moderate,62.53869018516417,73507.78889000125,7.5,False,underserved,10.144922147378011,0.8934098597880595,46391.0,0.0060960397547849,1,46391,0.1688006615484064,4.244448169525055,0.3440116274758441,0.007684215341880378,0.9710616714955653,0.1758425235358472,0.351705962458298,0.8041397,1,0.60827935
CANDIDATE_Pangani Ward_23,-1.254057163757696,36.85015342245115,Pangani Ward,False,6,residential,425.7930075332983,563.2296384859419,0,19,989,2790.562086051957,0,0,1440.0,0,0,17.684657596250318,11.666697525521228,20.693637631614862,60.45883468467407,92.24137931034484,543,224.0,0.490429447437139,congested,88.98050726062212,29921.21680161153,20.0,True,adequately_served,5.1336103000313065,4.449025363031106,13952.0,0.0140583371660133,0,13952,0.0823102809141833,24.46424571745943,0.10346080546965956,0.04328521203696911,0.9469351317530718,0.1405266974138228,0.26452495075700205,0.80374926,1,0.6074985
CANDIDATE_Lucky Summer Ward_48,-1.2372973868861163,36.88631367601845,Lucky Summer Ward,False,2,residential,1111.1624040514655,417.2674215133513,4,25,6042,3344.2855019757435,0,0,1440.0,0,2,17.845377654040565,11.606875140660836,20.96462891073044,57.8859819316018,91.796875,574,247.0,0.4245573366979223,moderate,66.8770030670488,60808.06426925295,11.1,False,underserved,9.425664133570086,2.572192425655724,30128.0,0.0017982985153195,0,30128,0.0768685671769029,3.552160434569506,0.2234136430038635,0.02449321297526198,0.9606870107086984,0.16891688119798048,0.31023885667650347,0.80359775,1,0.6071955
CANDIDATE_Kangemi Ward_26,-1.2704902917000624,36.762323503921,Kangemi Ward,False,2,residential,785.4912276151216,754.171757749286,0,15,8188,6633.956850403134,0,0,1440.0,0,0,17.24048621436891,11.524509169053754,20.09847473702649,65.557208994709,92.96875,298,122.0,0.4417253633750815,congested,63.280549542627405,74330.71297439898,17.9,False,underserved,6.35179989234583,3.955034346414213,37061.0,0.00254293999701,1,37061,0.1696428393750311,2.9059320347753803,0.2748251800108266,0.038339071900629566,0.9289454563007358,0.33758299046034573,0.35907927033116305,0.8035307,1,0.6070614
CANDIDATE_Roysambu Ward_45,-1.2650280011996646,36.89761107469209,Roysambu Ward,False,6,residential,666.9839512342752,636.6766571067504,0,33,15669,483.239781975182,0,0,1440.0,0,0,17.845377654040565,11.606875140660836,20.96462891073044,57.8859819316018,91.796875,574,247.0,0.4245573366979223,moderate,52.55807786151991,110098.7167953836,12.5,False,underserved,9.24958556489061,1.545825819456468,3865.0,0.0089822517276252,0,3865,0.140004148607421,20.27271584053182,0.02866083809778055,0.014216602885694752,0.9400152963965377,0.022227014976261075,0.20603390633020663,0.8033693,1,0.60673857
CANDIDATE_Nairobi West Ward_19,-1.3196147412610424,36.7998238813814,Nairobi West Ward,False,6,residential,419.3186693952561,446.1540441156831,8,18,9939,1107.4331345036017,0,0,1440.0,0,6,23.69082151948292,15.855059154149329,27.60870270214972,39.54778439153439,86.71875,289,121.0,0.4857290005023328,congested,56.79149445936021,76676.38743229359,12.7,False,underserved,4.167944814724497,2.989026024176853,8719.0,0.0142748834084211,0,8719,0.348155049984002,18.15421991847434,0.06465558793649381,0.02866680585948062,0.957965447925511,0.05423029221814396,0.23223530527137398,0.8033208,1,0.60664165
CANDIDATE_Pangani Ward_14,-1.2615947268701,36.84753693609339,Pangani Ward,False,6,residential,368.5170187856005,453.4429903940978,5,40,989,2790.562086051957,0,0,1440.0,0,23,17.684657596250318,11.666697525521228,20.693637631614862,60.45883468467407,92.24137931034484,543,224.0,0.490429447437139,congested,88.98050726062212,29921.21680161153,20.0,True,adequately_served,4.356764663430456,2.17025627464932,13952.0,0.0162374117969416,0,13952,0.0823102809141833,24.46424571745943,0.10346080546965956,0.020468782445424247,0.9572787174207691,0.1405266974138228,0.2608895604926553,0.8029064,1,0.6058128
CANDIDATE_Nairobi West Ward_13,-1.3170131244760273,36.799178165939374,Nairobi West Ward,False,6,unclassified,716.0547467116307,627.8842010584337,0,22,9939,1107.4331345036017,0,0,1440.0,0,0,23.69082151948292,15.855059154149329,27.60870270214972,39.54778439153439,86.71875,289,121.0,0.4857290005023328,congested,56.79149445936021,76676.38743229359,12.7,False,underserved,3.949818900187812,2.46919541127653,8719.0,0.0083675619295676,0,8719,0.348155049984002,18.15421991847434,0.06465558793649381,0.023461943884109344,0.9408436805757244,0.05423029221814396,0.22750973630757385,0.80230093,1,0.60460186
CANDIDATE_Eastleigh South Ward_10,-1.2855959904996344,36.847958696764366,Eastleigh South Ward,False,6,residential,80.31441642368303,404.8470678359556,5,33,4421,4792.49862701149,0,0,1440.0,0,3,17.243300893072206,11.884733802396095,20.1012033414328,63.47116048203005,93.75,190,84.0,0.5831369347890785,congested,78.3703324081986,68143.70069639628,9.3,True,adequately_served,3.420518103428358,2.305009776711724,51532.0,0.0737876537013734,1,51532,0.2187157501793953,0.704393795896947,0.3821346206610161,0.02181801691051184,0.9618571984730409,0.24316881925229095,0.38020682500404995,0.8020867,1,0.6041734
CANDIDATE_Hospital Ward_10,-1.2541995060819149,36.84854161429177,Hospital Ward,False,2,residential,445.2300504320273,468.1705151358663,3,22,2568,5468.702396804928,0,0,1440.0,0,4,17.684657596250318,11.666697525521228,20.693637631614862,60.45883468467407,92.24137931034484,543,224.0,0.490429447437139,congested,78.17900267492627,39231.09369567416,14.5,True,adequately_served,4.995964420289717,3.3990870728228813,37715.0,0.0044819930842032,1,37715,0.0461995963019781,3.670557877306343,0.2796749052672169,0.03277258783290171,0.9558911587650738,0.27783874425076405,0.3528253444049189,0.80204916,1,0.6040983
CANDIDATE_Pangani Ward_44,-1.2747220349367276,36.840300578034295,Pangani Ward,False,2,residential,474.56737094731255,563.4963980043265,0,46,989,2790.562086051957,0,0,1440.0,0,0,17.684657596250318,11.666697525521228,20.693637631614862,60.45883468467407,92.24137931034484,543,224.0,0.490429447437139,congested,88.98050726062212,29921.21680161153,20.0,True,adequately_served,2.8776616539951965,1.8932022821408965,13952.0,0.0042055029890214,0,13952,0.0823102809141833,24.46424571745943,0.10346080546965956,0.01769474845253126,0.9469099989160734,0.1405266974138228,0.2581223082934929,0.8014675,1,0.60293496
CANDIDATE_Mountain View Ward_32,-1.278132926862746,36.74341623854,Mountain View Ward,False,2,residential,644.185811153025,650.2218461641318,0,38,6212,2438.23971917691,0,0,1440.0,0,0,17.24048621436891,11.524509169053754,20.09847473702649,65.557208994709,92.96875,298,122.0,0.4417253633750815,congested,61.1874463798916,53352.875177465976,17.9,False,underserved,8.25367645452745,1.5689088815356822,13621.0,0.0030998821818876,0,13621,0.1696428393750311,5.847857289081503,0.10100628091329077,0.014447724618639468,0.9387391318916977,0.1224626306627993,0.251204481985211,0.8010073,1,0.60201454
CANDIDATE_Hospital Ward_41,-1.254067937972306,36.85040526706875,Hospital Ward,False,6,residential,423.5642395807064,580.7836508297456,0,20,2568,5468.702396804928,0,0,1440.0,0,0,17.684657596250318,11.666697525521228,20.693637631614862,60.45883468467407,92.24137931034484,543,224.0,0.490429447437139,congested,78.17900267492627,39231.09369567416,14.5,True,adequately_served,5.152790338597695,3.722809651186965,37715.0,0.0141321370022249,1,37715,0.0461995963019781,3.670557877306343,0.2796749052672169,0.03601389624545465,0.9452812746252172,0.27783874425076405,0.3515136946800858,0.8007161,1,0.6014322
CANDIDATE_Gatina Ward_24,-1.2829427467805967,36.75714130290502,Gatina Ward,False,2,residential,703.5647920667413,485.2240976281296,1,37,6063,3037.154756927026,0,0,1440.0,0,1,17.24048621436891,11.524509169053754,20.09847473702649,65.557208994709,92.96875,298,122.0,0.4417253633750815,congested,55.98639000937479,45919.74288559071,12.7,False,underserved,6.687602169993963,1.473326052878284,23914.0,0.0028386317660484,0,23914,0.0885442239001563,2.613255050207503,0.1773338375861123,0.013490690888745008,0.9542844498025932,0.15316985290380677,0.2869303764186055,0.8005151,1,0.60103023
CANDIDATE_Makongeni Ward_25,-1.2830692926437834,36.85956347887036,Makongeni Ward,False,2,residential,881.6330128742629,715.7409175992038,0,19,1369,894.6734451583051,0,0,1440.0,0,0,17.243300893072206,11.884733802396095,20.1012033414328,63.47116048203005,93.75,190,84.0,0.5831369347890785,congested,83.24316740229835,27239.29778072184,7.3,True,adequately_served,4.723960139572379,4.162158370114918,12255.0,0.0022659474218929,0,12255,0.0295766007950331,56.829658842951936,0.09087673244199239,0.040412924283294877,0.9325662307235181,0.04332180160953181,0.23708769389213105,0.80040836,1,0.6008167
CANDIDATE_Kawangware Ward_30,-1.2770111688086825,36.745466841100665,Kawangware Ward,False,2,residential,830.2553849396257,622.4026826730704,0,10,3492,5178.226263284484,0,0,1440.0,0,0,17.24048621436891,11.524509169053754,20.09847473702649,65.557208994709,92.96875,298,122.0,0.4417253633750815,congested,81.98129425370998,64603.17956032373,12.7,True,adequately_served,8.042416030626887,7.452844932155452,40773.0,0.0024059994512339,1,40773,0.0885442239001563,4.6437342874103065,0.3023514493559654,0.07336129041369477,0.9413601236586815,0.26294562147791023,0.36502447890532996,0.79978997,1,0.59957993
CANDIDATE_Mowlem Ward_4,-1.2632956196123797,36.89469755137178,Mowlem Ward,False,6,unclassified,550.071970973713,558.0669418871139,0,33,3727,924.779822358499,0,0,1440.0,0,0,17.845377654040565,11.606875140660836,20.96462891073044,57.8859819316018,91.796875,574,247.0,0.4245573366979223,moderate,80.21913323300808,62819.89166655838,6.4,True,adequately_served,8.990101162388022,2.359386271559061,14449.0,0.010887870035194,0,14449,0.0838307335300991,7.067824986975575,0.10714630004523444,0.022362467628421263,0.9474215369350719,0.0448653982088606,0.24154920895172388,0.7991506,1,0.5983012
CANDIDATE_Imara Daima Ward_34,-1.3175860884150046,36.8882594145454,Imara Daima Ward,False,2,residential,721.3477892013719,709.075630259377,0,36,8991,2562.801079728265,0,0,1440.0,0,0,23.153712807789017,15.270454673240636,27.358117146214813,40.53008159785654,88.23529411764706,250,102.0,0.5267625854793785,congested,67.61809525092917,92557.21147751193,13.8,False,underserved,8.627039149330795,1.8275160878629504,18571.0,0.0027687493890044,0,18571,0.2682490623582934,5.704579811463799,0.13771291702817143,0.017037058107984948,0.9331942029933487,0.1288490680370577,0.2648674396929375,0.79906404,1,0.5981281
CANDIDATE_Nyayo Highrise Ward_0,-1.3181486904897035,36.79955637285006,Nyayo Highrise Ward,False,6,unclassified,584.6710152176182,602.3696802667884,0,20,1215,5979.621047336875,0,0,1440.0,0,0,23.69082151948292,15.855059154149329,27.60870270214972,39.54778439153439,86.71875,289,121.0,0.4857290005023328,congested,82.69463425732702,23400.367568368,12.7,True,adequately_served,4.038559519583235,3.9378397265393823,47083.0,0.0102446592781624,1,47083,0.348155049984002,2.564062287684165,0.349143141049884,0.038166908851846926,0.9432475396621031,0.30403426708802156,0.3811981879304461,0.79880977,1,0.59761953
CANDIDATE_Gatina Ward_34,-1.278407605033706,36.75982919250798,Gatina Ward,False,2,residential,815.7424803647889,809.6279766410144,0,12,6063,3037.154756927026,0,0,1440.0,0,0,17.24048621436891,11.524509169053754,20.09847473702649,65.557208994709,92.96875,298,122.0,0.4417253633750815,congested,55.98639000937479,45919.74288559071,12.7,False,underserved,6.439366587213184,4.306645385336522,23914.0,0.0024487522665733,0,23914,0.0885442239001563,2.613255050207503,0.1773338375861123,0.04185961663422424,0.9237206301412441,0.15316985290380677,0.2879098439227055,0.7986646,1,0.59732926
CANDIDATE_Kangemi Ward_6,-1.2739312137665733,36.74354058799236,Kangemi Ward,False,6,unclassified,964.9571466134588,951.414705433816,0,4,8188,6633.956850403134,0,0,1440.0,0,0,17.24048621436891,11.524509169053754,20.09847473702649,65.557208994709,92.96875,298,122.0,0.4417253633750815,congested,63.280549542627405,74330.71297439898,17.9,False,underserved,8.305056280076803,12.65610990852548,37061.0,0.0062114556748561,1,37061,0.1696428393750311,2.9059320347753803,0.2748251800108266,0.12545956117960386,0.910362146197149,0.33758299046034573,0.37714273063018927,0.79807425,1,0.5961485
CANDIDATE_Hospital Ward_0,-1.2592119662511636,36.83669406571848,Hospital Ward,False,6,secondary,74.60677007294412,500.9146603915864,0,24,2568,5468.702396804928,0,0,1440.0,0,18,17.684657596250318,11.666697525521228,20.693637631614862,60.45883468467407,92.24137931034484,543,224.0,0.490429447437139,congested,78.17900267492627,39231.09369567416,14.5,True,adequately_served,3.719666029667725,3.1271601069970507,37715.0,0.0793579727610543,1,37715,0.0461995963019781,3.670557877306343,0.2796749052672169,0.030049888766357242,0.9528061581984774,0.27783874425076405,0.3515276695249635,0.79714745,1,0.5942949
CANDIDATE_Nairobi West Ward_31,-1.324901113612492,36.81841576666475,Nairobi West Ward,False,6,residential,1048.0599064969313,1051.9806601424034,0,0,9939,1107.4331345036017,0,0,1440.0,0,0,17.537775244317,11.62485744823719,20.494234142356905,58.00865800865801,88.88888888888889,178,69.0,0.4114521425097195,congested,56.79149445936021,76676.38743229359,12.7,False,underserved,4.28326129547827,56.79149445936021,8719.0,0.0057194064541418,1,8719,0.348155049984002,18.15421991847434,0.06465558793649381,0.5673700203104073,0.900887291231982,0.05423029221814396,0.35549547754539984,0.7967371,1,0.59347415
CANDIDATE_Ngando Ward_14,-1.2999550165578535,36.744079179886334,Ngando Ward,False,2,residential,551.0575512319089,533.8036604248283,0,31,2979,1287.4420267405085,0,0,1440.0,0,1,16.699138772601074,11.303737458124182,19.57668614032208,68.12864671560324,95.45454545454544,134,49.0,0.5466091380314718,congested,64.55544213237266,28020.643468093764,18.5,False,underserved,8.267153667989032,2.0173575666366457,6959.0,0.0036228106934449,0,6959,0.1996750767775023,17.558483286089597,0.051604339540091804,0.018937867082478584,0.9497075100907024,0.06345960307338838,0.22542940824246993,0.7966269,1,0.59325385
CANDIDATE_Dandora Area Iii Ward_6,-1.244528607015696,36.899298050075664,Dandora Area Iii Ward,False,2,residential,1348.2321158234686,547.0127761040746,0,38,8261,3479.3635402845307,0,0,1440.0,0,3,17.845377654040565,11.606875140660836,20.96462891073044,57.8859819316018,91.796875,574,247.0,0.4245573366979223,moderate,62.53869018516417,73507.78889000125,7.5,False,underserved,10.245643002173315,1.603556158593953,46391.0,0.0014823246323182,1,46391,0.1688006615484064,4.244448169525055,0.3440116274758441,0.014794634343529654,0.9484630088512757,0.1758425235358472,0.3489638346798524,0.79653424,1,0.5930685
CANDIDATE_Dandora Area Iii Ward_0,-1.244827485462884,36.89965822515193,Dandora Area Iii Ward,False,2,residential,1320.0377237995735,501.378994796559,0,39,8261,3479.3635402845307,0,0,1440.0,0,4,17.845377654040565,11.606875140660836,20.96462891073044,57.8859819316018,91.796875,574,247.0,0.4245573366979223,moderate,62.53869018516417,73507.78889000125,7.5,False,underserved,10.266318418850078,1.5634672546291042,46391.0,0.0015139613078176,1,46391,0.1688006615484064,4.244448169525055,0.3440116274758441,0.014393239722468809,0.9527624107776409,0.1758425235358472,0.34972336640986024,0.79653424,1,0.5930685
CANDIDATE_Gatina Ward_19,-1.2763734724309823,36.75728122966529,Gatina Ward,False,6,residential,1165.3263903504624,742.59473288398,0,6,6063,3037.154756927026,0,0,1440.0,0,0,17.24048621436891,11.524509169053754,20.09847473702649,65.557208994709,92.96875,298,122.0,0.4417253633750815,congested,55.98639000937479,45919.74288559071,12.7,False,underserved,6.753656955676568,7.99805571562497,23914.0,0.0051443575740381,0,23914,0.0885442239001563,2.613255050207503,0.1773338375861123,0.07882027417690575,0.9300361895597672,0.15316985290380677,0.29841312019208055,0.79651034,1,0.5930207
CANDIDATE_Dandora Area Iii Ward_2,-1.237459117312401,36.8934725469605,Dandora Area Iii Ward,False,6,residential,1589.413745544642,378.3214249489282,9,17,8261,3479.3635402845307,0,0,1440.0,0,1,17.845377654040565,11.606875140660836,20.96462891073044,57.8859819316018,91.796875,574,247.0,0.4245573366979223,moderate,62.53869018516417,73507.78889000125,7.5,False,underserved,10.075198895473152,3.474371676953565,46391.0,0.00377260320895,1,46391,0.1688006615484064,4.244448169525055,0.3440116274758441,0.03352638332636914,0.9643563207648809,0.1758425235358472,0.3568254343082833,0.7964982,1,0.59299636
CANDIDATE_Makina Ward_31,-1.3199775163987664,36.77828749925514,Makina Ward,False,2,residential,292.6028471539499,341.9716820756975,9,21,1896,15852.355248829706,0,0,1440.0,0,1,23.69082151948292,15.855059154149329,27.60870270214972,39.54778439153439,86.71875,289,121.0,0.4857290005023328,congested,89.77563305815848,61838.3383815226,26.3,True,adequately_served,5.714217460434609,4.080710593552658,60275.0,0.0068119230429373,1,60275,0.2104011684477993,3.298924345951629,0.44696818016655177,0.03959741933863182,0.9677810239136052,0.8102233325529709,0.5219390891862663,0.79590327,1,0.59180653
CANDIDATE_Njiru Ward_24,-1.261112285010804,36.92501555318763,Njiru Ward,False,2,residential,279.5422946472057,389.3086936776617,11,30,10989,746.4285914852591,0,0,1440.0,0,6,17.845377654040565,11.606875140660836,20.96462891073044,57.8859819316018,91.796875,574,247.0,0.4245573366979223,moderate,47.21837435030173,69402.06821576251,11.0,False,severely_underserved,12.310999818213872,1.5231733661387654,6785.0,0.0071290498372628,0,6785,0.2237461265027511,10.89304713008968,0.050314045664538426,0.013989792670989695,0.9633211515769611,0.035721077999510915,0.2209158100656303,0.7951787,1,0.5903574
CANDIDATE_Karura Ward_19,-1.2567823632365935,36.84827535773229,Karura Ward,False,2,residential,267.70370929754387,546.1099348141172,0,22,19794,501.8775238660341,0,0,1440.0,0,2,17.684657596250318,11.666697525521228,20.693637631614862,60.45883468467407,92.24137931034484,543,224.0,0.490429447437139,congested,51.54050841066344,136158.56870400644,17.9,False,underserved,4.772849302927948,2.240891670028845,2803.0,0.0074431425052839,0,2803,0.1696428393750311,21.68060393185624,0.02078559616767888,0.021176027217860726,0.9485480703445385,0.02318259840001828,0.20691509921206414,0.7949018,1,0.5898036
CANDIDATE_Nairobi West Ward_11,-1.3338263946757485,36.81084795283125,Nairobi West Ward,False,6,residential,1205.1172530675835,1405.2567857851293,0,0,9939,1107.4331345036017,0,0,1440.0,0,0,17.537775244317,11.62485744823719,20.494234142356905,58.00865800865801,88.88888888888889,178,69.0,0.4114521425097195,congested,56.79149445936021,76676.38743229359,12.7,False,underserved,5.32063985014957,56.79149445936021,8719.0,0.0049746407198304,1,8719,0.348155049984002,18.15421991847434,0.06465558793649381,0.5673700203104073,0.8676032632244884,0.05423029221814396,0.3488386719439011,0.79466003,1,0.58932006
CANDIDATE_Nyayo Highrise Ward_43,-1.3113368064912216,36.809852649899305,Nyayo Highrise Ward,False,2,residential,350.44662842644675,380.3586832130919,15,56,1215,5979.621047336875,0,0,1440.0,0,5,17.73181138157092,11.435384995598536,20.880024574557112,57.01554232804233,93.75,242,107.0,0.5580407232100865,congested,82.69463425732702,23400.367568368,12.7,True,adequately_served,2.890640672393304,1.4507830571460882,47083.0,0.005690764509407,1,47083,0.348155049984002,2.564062287684165,0.349143141049884,0.013264976630319905,0.964164379798025,0.30403426708802156,0.37915607290224873,0.7940713,1,0.58814263
CANDIDATE_Airbase Ward_40,-1.2820926438497655,36.860120092029234,Airbase Ward,False,2,residential,879.8252822543645,794.8212699934315,0,13,17075,1530.534366496874,0,0,1440.0,0,0,17.243300893072206,11.884733802396095,20.1012033414328,63.47116048203005,93.75,190,84.0,0.5831369347890785,congested,46.01546587417469,105433.25515722662,9.3,False,severely_underserved,4.795276897614351,3.286818991012478,16457.0,0.0022705978589547,0,16457,0.2187157501793953,11.040159940658125,0.1220365879884022,0.031648491145323816,0.9251156489466057,0.07592329162932626,0.2508327166974581,0.7939574,1,0.5879148
CANDIDATE_Kilimani Ward_35,-1.3063343457611944,36.80720188557221,Kilimani Ward,False,2,residential,377.0315758967213,376.5302636666252,9,46,8599,885.9820170246448,0,0,1440.0,0,5,17.73181138157092,11.435384995598536,20.880024574557112,57.01554232804233,93.75,242,107.0,0.5580407232100865,congested,79.90573642743492,142658.5972963719,12.7,True,adequately_served,2.4796450367866107,1.7001220516475517,6976.0,0.0052905633484606,0,6976,0.0885442239001563,26.665059604485144,0.05173040273482978,0.015761511115307658,0.9645250756225086,0.042876179779272466,0.22352626981637355,0.7935928,1,0.5871856
CANDIDATE_Hospital Ward_36,-1.2537367853454775,36.84929725356498,Hospital Ward,False,2,residential,460.71833956262265,472.63515861563855,3,21,2568,5468.702396804928,0,0,1440.0,0,4,17.684657596250318,11.666697525521228,20.693637631614862,60.45883468467407,92.24137931034484,543,224.0,0.490429447437139,congested,78.17900267492627,39231.09369567416,14.5,True,adequately_served,5.091480922982766,3.553591030678467,37715.0,0.0043316451365015,1,37715,0.0461995963019781,3.670557877306343,0.2796749052672169,0.03431957593889289,0.9554705208905108,0.27783874425076405,0.3531279638565041,0.79355365,1,0.5871073
CANDIDATE_Makina Ward_15,-1.3044656824274126,36.79708117931915,Makina Ward,False,6,residential,598.3323411861626,459.2836105243042,2,37,1896,15852.355248829706,0,0,1440.0,0,1,23.69082151948292,15.855059154149329,27.60870270214972,39.54778439153439,86.71875,289,121.0,0.4857290005023328,congested,89.77563305815848,61838.3383815226,26.3,True,adequately_served,3.0062324123930426,2.362516659425223,60275.0,0.0100111400431439,1,60275,0.2104011684477993,3.298924345951629,0.44696818016655177,0.022393810985985075,0.9567284414471486,0.8102233325529709,0.5154276706048133,0.79349524,1,0.5869905
CANDIDATE_Gatina Ward_27,-1.2856677256205993,36.75699946989402,Gatina Ward,False,6,residential,423.8291293742985,406.9407381613042,12,40,6063,3037.154756927026,0,0,1440.0,0,4,16.699138772601074,11.303737458124182,19.57668614032208,68.12864671560324,95.45454545454544,134,49.0,0.5466091380314718,congested,55.98639000937479,45919.74288559071,12.7,False,underserved,6.69280270855123,1.3655217075457264,23914.0,0.0141233253210225,0,23914,0.0885442239001563,2.613255050207503,0.1773338375861123,0.012411287860380428,0.9616599426250252,0.15316985290380677,0.2881356242260008,0.7931313,1,0.5862626
CANDIDATE_Gatina Ward_10,-1.285330608817765,36.75768362799229,Gatina Ward,False,2,residential,463.9058991265807,468.16471846867023,4,40,6063,3037.154756927026,0,0,1440.0,0,4,16.699138772601074,11.303737458124182,19.57668614032208,68.12864671560324,95.45454545454544,134,49.0,0.5466091380314718,congested,55.98639000937479,45919.74288559071,12.7,False,underserved,6.617320546338081,1.3655217075457264,23914.0,0.0043019458427122,0,23914,0.0885442239001563,2.613255050207503,0.1773338375861123,0.012411287860380428,0.9558917049000071,0.15316985290380677,0.2869819766809972,0.7931313,1,0.5862626
CANDIDATE_Kawangware Ward_39,-1.2708329353163414,36.73634586192202,Kawangware Ward,False,2,residential,511.4436215747131,503.5479800780637,0,36,3492,5178.226263284484,0,0,1440.0,0,2,17.860120755591254,11.573045141024393,21.003658562874683,57.14772462015109,94.04761904761904,382,161.0,0.477674612291292,congested,81.98129425370998,64603.17956032373,12.7,True,adequately_served,9.15349043524025,2.215710655505675,40773.0,0.0039028683659952,1,40773,0.0885442239001563,4.6437342874103065,0.3023514493559654,0.020923899502138743,0.9525580591059107,0.26294562147791023,0.35415471826688677,0.79299885,1,0.5859977
CANDIDATE_Airbase Ward_33,-1.277426610254195,36.86521605515622,Airbase Ward,False,6,residential,848.894126858629,722.0423353194866,0,17,17075,1530.534366496874,0,0,1440.0,0,0,17.684657596250318,11.666697525521228,20.693637631614862,60.45883468467407,92.24137931034484,543,224.0,0.490429447437139,congested,46.01546587417469,105433.25515722662,9.3,False,severely_underserved,5.430263596715503,2.556414770787483,16457.0,0.0070597028622578,0,16457,0.2187157501793953,11.040159940658125,0.1220365879884022,0.024335237446606484,0.9319725405512563,0.07592329162932626,0.2503757815937089,0.792975,1,0.58595
CANDIDATE_Hospital Ward_40,-1.2568867616851258,36.84931806333117,Hospital Ward,False,2,residential,165.02583641902703,651.705734679882,0,22,2568,5468.702396804928,0,0,1440.0,0,0,17.684657596250318,11.666697525521228,20.693637631614862,60.45883468467407,92.24137931034484,543,224.0,0.490429447437139,congested,78.17900267492627,39231.09369567416,14.5,True,adequately_served,4.849543543740834,3.3990870728228813,37715.0,0.0120463178691795,1,37715,0.0461995963019781,3.670557877306343,0.2796749052672169,0.03277258783290171,0.938599326840257,0.27783874425076405,0.34936697801995553,0.7926134,1,0.5852268
CANDIDATE_Pangani Ward_40,-1.2569709131160551,36.84929914820702,Pangani Ward,False,4,secondary,160.53568737279636,654.8518356182706,0,22,989,2790.562086051957,0,0,1440.0,0,0,17.684657596250318,11.666697525521228,20.693637631614862,60.45883468467407,92.24137931034484,543,224.0,0.490429447437139,congested,88.98050726062212,29921.21680161153,20.0,True,adequately_served,4.841666339114657,3.8687177069835705,13952.0,0.0247623300154639,0,13952,0.0823102809141833,24.46424571745943,0.10346080546965956,0.03747481692359433,0.9383029158910109,0.1405266974138228,0.2613459088062462,0.7926134,1,0.5852268
CANDIDATE_Pangani Ward_36,-1.2609555614589774,36.84660988505654,Pangani Ward,False,6,residential,256.2134555214432,337.0116646548073,5,39,989,2790.562086051957,0,0,1440.0,0,17,17.684657596250318,11.666697525521228,20.693637631614862,60.45883468467407,92.24137931034484,543,224.0,0.490429447437139,congested,88.98050726062212,29921.21680161153,20.0,True,adequately_served,4.323657724648086,2.224512681515553,13952.0,0.023326928942486,0,13952,0.0823102809141833,24.46424571745943,0.10346080546965956,0.02101203076903246,0.9682483336092553,0.1405266974138228,0.2632192958112546,0.79218525,1,0.5843705
CANDIDATE_Airbase Ward_29,-1.255807315577118,36.84921003480197,Airbase Ward,False,2,residential,266.81551170244154,645.0898330388376,0,22,17075,1530.534366496874,0,0,1440.0,0,0,17.684657596250318,11.666697525521228,20.693637631614862,60.45883468467407,92.24137931034484,543,224.0,0.490429447437139,congested,46.01546587417469,105433.25515722662,9.3,False,severely_underserved,4.922872580556199,2.000672429311943,16457.0,0.0074678273386274,0,16457,0.2187157501793953,11.040159940658125,0.1220365879884022,0.018770805284538946,0.9392226462200048,0.07592329162932626,0.25043469468694174,0.7920397,1,0.5840794
CANDIDATE_Kawangware Ward_47,-1.2752530414901275,36.744328036763285,Kawangware Ward,False,2,residential,977.3556464537368,810.7832369698451,0,5,3492,5178.226263284484,0,0,1440.0,0,0,17.24048621436891,11.524509169053754,20.09847473702649,65.557208994709,92.96875,298,122.0,0.4417253633750815,congested,81.98129425370998,64603.17956032373,12.7,True,adequately_served,8.195242923076616,13.663549042284997,40773.0,0.0020442463916362,1,40773,0.0885442239001563,4.6437342874103065,0.3023514493559654,0.1355466578408606,0.9236117869040432,0.26294562147791023,0.37702115341119374,0.7908192,1,0.58163846
CANDIDATE_Gatina Ward_29,-1.2786797374490286,36.74328338063125,Gatina Ward,False,2,residential,581.8980750708289,588.0947589861556,0,43,6063,3037.154756927026,0,0,1440.0,0,0,17.24048621436891,11.524509169053754,20.09847473702649,65.557208994709,92.96875,298,122.0,0.4417253633750815,congested,55.98639000937479,45919.74288559071,12.7,False,underserved,8.261814368276315,1.272417954758518,23914.0,0.0034311315914998,0,23914,0.0885442239001563,2.613255050207503,0.1773338375861123,0.011479076154065569,0.9445924561317482,0.15316985290380677,0.2844890740007667,0.79079753,1,0.58159506
CANDIDATE_Airbase Ward_11,-1.277636052564815,36.843697295413,Airbase Ward,False,2,residential,285.94486934082454,336.2643538235389,2,42,17075,1530.534366496874,0,0,1440.0,0,2,17.684657596250318,11.666697525521228,20.693637631614862,60.45883468467407,92.24137931034484,543,224.0,0.490429447437139,congested,46.01546587417469,105433.25515722662,9.3,False,severely_underserved,3.102641293980725,1.0701271133528998,16457.0,0.0069699799985775,0,16457,0.2187157501793953,11.040159940658125,0.1220365879884022,0.009453616548053764,0.9683187417484779,0.07592329162932626,0.253924616608515,0.7906245,1,0.581249
CANDIDATE_Gatina Ward_26,-1.2765628394522512,36.745246465626536,Gatina Ward,False,2,residential,866.9629895789257,660.4458921688071,0,8,6063,3037.154756927026,0,0,1440.0,0,0,17.24048621436891,11.524509169053754,20.09847473702649,65.557208994709,92.96875,298,122.0,0.4417253633750815,congested,55.98639000937479,45919.74288559071,12.7,False,underserved,8.073311727791605,6.220710001041643,23914.0,0.0023042457155578,0,23914,0.0885442239001563,2.613255050207503,0.1773338375861123,0.06102440202672576,0.9377758699872867,0.15316985290380677,0.29551208824003944,0.79021555,1,0.5804311
CANDIDATE_Nyayo Highrise Ward_20,-1.3186542445109262,36.79879853348724,Nyayo Highrise Ward,False,6,unclassified,548.8306335871339,553.3586309091846,0,19,1215,5979.621047336875,0,0,1440.0,0,1,23.69082151948292,15.855059154149329,27.60870270214972,39.54778439153439,86.71875,289,121.0,0.4857290005023328,congested,82.69463425732702,23400.367568368,12.7,True,adequately_served,4.128874830527877,4.134731712866351,47083.0,0.0109124512776881,1,47083,0.348155049984002,2.564062287684165,0.349143141049884,0.04013831181938448,0.9478651320242455,0.30403426708802156,0.38261455714475895,0.7895325,1,0.57906497
CANDIDATE_Njiru Ward_33,-1.2600021521183915,36.92553673906568,Njiru Ward,False,6,residential,265.0552258950537,366.77297088322297,6,24,10989,746.4285914852591,0,0,1440.0,0,6,17.845377654040565,11.606875140660836,20.96462891073044,57.8859819316018,91.796875,574,247.0,0.4245573366979223,moderate,47.21837435030173,69402.06821576251,11.0,False,severely_underserved,12.396065343363183,1.8887349740120687,6785.0,0.022551708878542,0,6785,0.2237461265027511,10.89304713008968,0.050314045664538426,0.017650019031764226,0.9654443622164985,0.035721077999510915,0.22225550878373143,0.78864986,1,0.5772997
CANDIDATE_Kasarani Ward_36,-1.2360142015412714,36.9123182664608,Kasarani Ward,False,6,residential,1134.5221988628714,1091.500873685146,0,0,19913,2300.2340071122967,0,0,1440.0,0,0,17.845377654040565,11.606875140660836,20.96462891073044,57.8859819316018,91.796875,574,247.0,0.4245573366979223,moderate,59.51118305482108,163944.92175693653,11.0,False,underserved,11.96667669321716,59.51118305482108,20911.0,0.0052839125523116,1,20911,0.2237461265027511,7.319531383711358,0.15506514500975135,0.5946012056313064,0.8971638811316656,0.11538688234494743,0.4054332548565622,0.78814137,1,0.57628274
CANDIDATE_Roysambu Ward_30,-1.256553148297462,36.84841028764993,Roysambu Ward,False,2,residential,267.6273297270841,558.0002569141657,0,22,15669,483.239781975182,0,0,1440.0,0,0,17.684657596250318,11.666697525521228,20.693637631614862,60.45883468467407,92.24137931034484,543,224.0,0.490429447437139,congested,52.55807786151991,110098.7167953836,12.5,False,underserved,4.801299811620861,2.285133820066083,3865.0,0.0074452588351003,0,3865,0.140004148607421,20.27271584053182,0.02866083809778055,0.02161900667832903,0.94742781968204,0.022227014976261075,0.2093670119354657,0.7881022,1,0.5762044
CANDIDATE_Roysambu Ward_47,-1.2518352489458775,36.85333806008046,Roysambu Ward,False,2,residential,507.1351088532492,528.4609642030523,0,19,15669,483.239781975182,0,0,1440.0,0,13,17.684657596250318,11.666697525521228,20.693637631614862,60.45883468467407,92.24137931034484,543,224.0,0.490429447437139,congested,52.55807786151991,110098.7167953836,12.5,False,underserved,5.559791607955342,2.627903893075996,3865.0,0.0039359610567228,0,3865,0.140004148607421,20.27271584053182,0.02866083809778055,0.02505103025491402,0.9502108739972149,0.022227014976261075,0.21078162869264688,0.7880053,1,0.5760106
CANDIDATE_Woodley/kenyatta Golf Course Ward_7,-1.318622625446607,36.79234347719582,Woodley/kenyatta Golf Course Ward,False,2,residential,471.3071517220396,596.2789596632471,0,25,7917,4018.27020779832,0,0,1440.0,0,0,23.69082151948292,15.855059154149329,27.60870270214972,39.54778439153439,86.71875,289,121.0,0.4857290005023328,congested,85.74743830112823,185176.1679773348,26.3,True,adequately_served,4.524725088561347,3.2979783961972395,15278.0,0.0042345325339833,0,15278,0.2104011684477993,10.498111183713132,0.11329373465922153,0.03176022593406559,0.9438213789352361,0.20347303164376196,0.27705174573004354,0.7876923,1,0.5753846
CANDIDATE_Lucky Summer Ward_7,-1.245476910336948,36.90025174306116,Lucky Summer Ward,False,6,residential,1259.7429510114052,407.7198119772065,4,40,6042,3344.2855019757435,0,0,1440.0,0,4,17.845377654040565,11.606875140660836,20.96462891073044,57.8859819316018,91.796875,574,247.0,0.4245573366979223,moderate,66.8770030670488,60808.06426925295,11.1,False,underserved,10.293145818503444,1.631146416269483,30128.0,0.0047590985895948,0,30128,0.0768685671769029,3.552160434569506,0.2234136430038635,0.01507088487495728,0.9615865419256113,0.16891688119798048,0.30806318089480994,0.7871393,1,0.5742786
CANDIDATE_Hospital Ward_25,-1.253624256787563,36.83960249585153,Hospital Ward,False,2,residential,501.7422759775816,502.7776669046645,0,14,2568,5468.702396804928,0,0,1440.0,0,2,17.684657596250318,11.666697525521228,20.693637631614862,60.45883468467407,92.24137931034484,543,224.0,0.490429447437139,congested,78.17900267492627,39231.09369567416,14.5,True,adequately_served,4.414136932673261,5.211933511661751,37715.0,0.0039781814571114,1,37715,0.0461995963019781,3.670557877306343,0.2796749052672169,0.0509239149431982,0.9526306344184692,0.27783874425076405,0.35671107131317215,0.78628695,1,0.5725739
CANDIDATE_Kawangware Ward_37,-1.2704476532761213,36.739844584779775,Kawangware Ward,False,6,residential,666.113789157559,630.6240485121019,0,28,3492,5178.226263284484,0,0,1440.0,0,0,17.24048621436891,11.524509169053754,20.09847473702649,65.557208994709,92.96875,298,122.0,0.4417253633750815,congested,81.98129425370998,64603.17956032373,12.7,True,adequately_served,8.780428352660412,2.8269411811624128,40773.0,0.0089939678920096,1,40773,0.0885442239001563,4.6437342874103065,0.3023514493559654,0.027043913295529895,0.9405855449340412,0.26294562147791023,0.35329021888086065,0.7859583,1,0.5719166
CANDIDATE_Roysambu Ward_4,-1.250688154791585,36.84107861622744,Roysambu Ward,False,2,residential,577.6989696457628,608.5100224642465,0,9,15669,483.239781975182,0,0,1440.0,0,0,17.684657596250318,11.666697525521228,20.693637631614862,60.45883468467407,92.24137931034484,543,224.0,0.490429447437139,congested,52.55807786151991,110098.7167953836,12.5,False,underserved,4.776523943839469,5.255807786151991,3865.0,0.0034560282718738,0,3865,0.140004148607421,20.27271584053182,0.02866083809778055,0.05136321100873222,0.9426690252739486,0.022227014976261075,0.2158513041364482,0.78584737,1,0.57169473
CANDIDATE_Hospital Ward_20,-1.2505592615833363,36.840683376116246,Hospital Ward,False,2,residential,622.2138966794928,651.9968632921638,0,9,2568,5468.702396804928,0,0,1440.0,0,0,17.684657596250318,11.666697525521228,20.693637631614862,60.45883468467407,92.24137931034484,543,224.0,0.490429447437139,congested,78.17900267492627,39231.09369567416,14.5,True,adequately_served,4.764228625790829,7.817900267492627,37715.0,0.0032091710577316,1,37715,0.0461995963019781,3.670557877306343,0.2796749052672169,0.0770164476642494,0.9385718980609492,0.27783874425076405,0.3604224572219309,0.78584737,1,0.57169473
CANDIDATE_Landimawe Ward_24,-1.2885394690181924,36.84566155948957,Landimawe Ward,False,6,residential,384.4800329123298,481.18489635470695,2,43,1605,1460.3630618359082,0,0,1440.0,0,18,17.243300893072206,11.884733802396095,20.1012033414328,63.47116048203005,93.75,190,84.0,0.5831369347890785,congested,89.63594611695733,51643.83141519055,20.0,True,adequately_served,3.1729131706563827,2.037180593567212,7301.0,0.0155650085288972,0,7301,0.0823102809141833,19.053582451873734,0.054140434398938106,0.01913634734998728,0.954665004497785,0.07232550945431139,0.22913134166754442,0.7853793,1,0.5707586
CANDIDATE_Karen Ward_36,-1.2972620130122374,36.73894402696483,Karen Ward,False,6,residential,290.1907401553935,383.3870677953034,3,21,16628,125.91481364439316,0,0,1440.0,0,1,16.699138772601074,11.303737458124182,19.57668614032208,68.12864671560324,95.45454545454544,134,49.0,0.5466091380314718,congested,38.49922811522797,90123.85907777146,12.7,False,severely_underserved,8.782898644229569,1.749964914328544,991.0,0.0206050508226948,0,991,0.348155049984002,25.96426766391263,0.00734874270501954,0.01626056833562895,0.9638790595345388,0.003906457763315437,0.20019430549023493,0.7850302,1,0.5700604
CANDIDATE_Roysambu Ward_19,-1.246809377007347,36.8369251706692,Roysambu Ward,False,2,residential,1062.6027544973238,1062.580615036647,0,0,15669,483.239781975182,0,0,1440.0,0,0,17.684657596250318,11.666697525521228,20.693637631614862,60.45883468467407,92.24137931034484,543,224.0,0.490429447437139,congested,52.55807786151991,110098.7167953836,12.5,False,underserved,4.918172673116684,52.55807786151991,3865.0,0.0018804012978936,1,3865,0.140004148607421,20.27271584053182,0.02866083809778055,0.52498246457746,0.8998886129461614,0.022227014976261075,0.32570003506307266,0.7847827,1,0.5695654
CANDIDATE_Eastleigh South Ward_30,-1.2883878273252607,36.84745441055809,Eastleigh South Ward,False,2,residential,357.22542769072413,513.2707066624788,0,44,4421,4792.49862701149,0,0,1440.0,0,16,17.243300893072206,11.884733802396095,20.1012033414328,63.47116048203005,93.75,190,84.0,0.5831369347890785,congested,78.3703324081986,68143.70069639628,9.3,True,adequately_served,3.370543237614395,1.7415629424044134,51532.0,0.005583076592002,1,51532,0.2187157501793953,0.704393795896947,0.3821346206610161,0.016176442654876805,0.9516420291778874,0.24316881925229095,0.37675339758111054,0.78448397,1,0.56896794
CANDIDATE_Landimawe Ward_10,-1.28871240954599,36.84783599258381,Landimawe Ward,False,2,residential,396.47992341789353,491.8689074849362,2,42,1605,1460.3630618359082,0,0,1440.0,0,17,17.243300893072206,11.884733802396095,20.1012033414328,63.47116048203005,93.75,190,84.0,0.5831369347890785,congested,89.63594611695733,51643.83141519055,20.0,True,adequately_served,3.4153995311164262,2.084556886440868,7301.0,0.0050317006776145,0,7301,0.0823102809141833,19.053582451873734,0.054140434398938106,0.019610707765077777,0.9536584068256554,0.07232550945431139,0.22904861223689113,0.78448397,1,0.56896794
CANDIDATE_Makongeni Ward_16,-1.2904304843228689,36.84870981923858,Makongeni Ward,False,6,residential,336.1526665638696,355.8710689991212,8,39,1369,894.6734451583051,0,0,1440.0,0,17,17.243300893072206,11.884733802396095,20.1012033414328,63.47116048203005,93.75,190,84.0,0.5831369347890785,congested,83.24316740229835,27239.29778072184,7.3,True,adequately_served,3.531400203256968,2.081079185057459,12255.0,0.0177960923790094,0,12255,0.0295766007950331,56.829658842951936,0.09087673244199239,0.019575886892195343,0.9664714885386785,0.04332180160953181,0.23865948610738824,0.7841334,1,0.56826675
CANDIDATE_Eastleigh South Ward_8,-1.2812436487848875,36.86043678554485,Eastleigh South Ward,False,2,residential,875.0663948039911,846.4259439856675,0,13,4421,4792.49862701149,0,0,1440.0,0,0,17.243300893072206,11.884733802396095,20.1012033414328,63.47116048203005,93.75,190,84.0,0.5831369347890785,congested,78.3703324081986,68143.70069639628,9.3,True,adequately_served,4.840581141708983,5.5978808862999,51532.0,0.0022829319922121,1,51532,0.2187157501793953,0.704393795896947,0.3821346206610161,0.054788256066820445,0.920253697374446,0.24316881925229095,0.38012868457340815,0.7839372,1,0.56787443
CANDIDATE_Gatina Ward_31,-1.2854317776516129,36.75879480478311,Gatina Ward,False,6,residential,411.19077021568165,456.1237355830667,6,40,6063,3037.154756927026,0,0,1440.0,0,4,16.699138772601074,11.303737458124182,19.57668614032208,68.12864671560324,95.45454545454544,134,49.0,0.5466091380314718,congested,55.98639000937479,45919.74288559071,12.7,False,underserved,6.493618382945328,1.3655217075457264,23914.0,0.0145563666960821,0,23914,0.0885442239001563,2.613255050207503,0.1773338375861123,0.012411287860380428,0.9570261501186672,0.15316985290380677,0.2872088657247292,0.78392357,1,0.56784713
CANDIDATE_Kawangware Ward_21,-1.2727722287976715,36.74333185039035,Kawangware Ward,False,6,residential,927.6136197264236,919.8996016128508,0,9,3492,5178.226263284484,0,0,1440.0,0,0,17.24048621436891,11.524509169053754,20.09847473702649,65.557208994709,92.96875,298,122.0,0.4417253633750815,congested,81.98129425370998,64603.17956032373,12.7,True,adequately_served,8.350360387973815,8.198129425370997,40773.0,0.0064612448843552,1,40773,0.0885442239001563,4.6437342874103065,0.3023514493559654,0.08082353450495466,0.9133313522150412,0.26294562147791023,0.36128428563941684,0.783691,1,0.567382
CANDIDATE_Pangani Ward_33,-1.2622831563756782,36.84759752041732,Pangani Ward,False,6,residential,432.5975101101872,454.47105972736426,12,44,989,2790.562086051957,0,0,1440.0,0,23,17.684657596250318,11.666697525521228,20.693637631614862,60.45883468467407,92.24137931034484,543,224.0,0.490429447437139,congested,88.98050726062212,29921.21680161153,20.0,True,adequately_served,4.313982501490016,1.9773446057916024,13952.0,0.0138377178376214,0,13952,0.0823102809141833,24.46424571745943,0.10346080546965956,0.01853723285037283,0.957181857525638,0.1405266974138228,0.2603873011148662,0.7832368,1,0.5664736
CANDIDATE_Gatina Ward_45,-1.2783276655153497,36.75547595066123,Gatina Ward,False,2,residential,1156.141995292931,493.4210922537018,1,8,6063,3037.154756927026,0,0,1440.0,0,1,17.24048621436891,11.524509169053754,20.09847473702649,65.557208994709,92.96875,298,122.0,0.4417253633750815,congested,55.98639000937479,45919.74288559071,12.7,False,underserved,6.920142526666633,6.220710001041643,23914.0,0.0017283963490528,0,23914,0.0885442239001563,2.613255050207503,0.1773338375861123,0.06102440202672576,0.9535121672199577,0.15316985290380677,0.29865934768657365,0.7829567,1,0.56591344
CANDIDATE_Airbase Ward_8,-1.276702723601725,36.84197056558876,Airbase Ward,False,2,residential,320.14909880798484,514.4437857267598,0,49,17075,1530.534366496874,0,0,1440.0,0,2,17.684657596250318,11.666697525521228,20.693637631614862,60.45883468467407,92.24137931034484,543,224.0,0.490429447437139,congested,46.01546587417469,105433.25515722662,9.3,False,severely_underserved,2.957264909549409,0.920309317483494,16457.0,0.0062276369680732,0,16457,0.2187157501793953,11.040159940658125,0.1220365879884022,0.007953549161479652,0.9515315071425828,0.07592329162932626,0.2501921528406925,0.78294265,1,0.5658853
CANDIDATE_Airbase Ward_12,-1.276497232547752,36.84258645249347,Airbase Ward,False,8,residential,338.2795838645635,499.6910744829256,1,47,17075,1530.534366496874,0,0,1440.0,0,2,17.684657596250318,11.666697525521228,20.693637631614862,60.45883468467407,92.24137931034484,543,224.0,0.490429447437139,congested,46.01546587417469,105433.25515722662,9.3,False,severely_underserved,3.029351551932975,0.958655539045306,16457.0,0.0235793734149164,0,16457,0.2187157501793953,11.040159940658125,0.1220365879884022,0.00833749498066231,0.9529214387529709,0.07592329162932626,0.2505661256175658,0.7826685,1,0.56533694
CANDIDATE_Gatina Ward_33,-1.2805655438488086,36.75813415000276,Gatina Ward,False,6,residential,771.1329682532197,658.7713061416058,0,18,6063,3037.154756927026,0,0,1440.0,0,0,17.24048621436891,11.524509169053754,20.09847473702649,65.557208994709,92.96875,298,122.0,0.4417253633750815,congested,55.98639000937479,45919.74288559071,12.7,False,underserved,6.5981472174233184,2.946652105756568,23914.0,0.0077706823134021,0,23914,0.0885442239001563,2.613255050207503,0.1773338375861123,0.02824253227639421,0.9379336416683731,0.15316985290380677,0.28734817513867383,0.7821622,1,0.5643244
CANDIDATE_Lucky Summer Ward_37,-1.235962153519503,36.89772399058045,Lucky Summer Ward,False,2,residential,1755.645693242117,422.5021200192492,2,12,6042,3344.2855019757435,0,0,1440.0,0,1,17.845377654040565,11.606875140660836,20.96462891073044,57.8859819316018,91.796875,574,247.0,0.4245573366979223,moderate,66.8770030670488,60808.06426925295,11.1,False,underserved,10.563487503441554,5.144384851311447,30128.0,0.001138533517427,0,30128,0.0768685671769029,3.552160434569506,0.2234136430038635,0.05024757644942814,0.9601938218430085,0.16891688119798048,0.31657880977190705,0.7820398,1,0.56407964
CANDIDATE_Imara Daima Ward_22,-1.3184061599527452,36.8853469600637,Imara Daima Ward,False,6,residential,1041.3375470058838,538.6082245509201,0,11,8991,2562.801079728265,0,0,1440.0,0,1,23.153712807789017,15.270454673240636,27.358117146214813,40.53008159785654,88.23529411764706,250,102.0,0.5267625854793785,congested,67.61809525092917,92557.21147751193,13.8,False,underserved,8.369959911220812,5.634841270910765,18571.0,0.0057562926877526,0,18571,0.2682490623582934,5.704579811463799,0.13771291702817143,0.055158326039004,0.9492548464790709,0.1288490680370577,0.2776098853728367,0.7819672,1,0.56393445
CANDIDATE_Makina Ward_17,-1.3042837998931949,36.79298042207097,Makina Ward,False,2,residential,470.5648882834355,340.3728846234841,7,32,1896,15852.355248829706,0,0,1440.0,0,7,23.69082151948292,15.855059154149329,27.60870270214972,39.54778439153439,86.71875,289,121.0,0.4857290005023328,congested,89.77563305815848,61838.3383815226,26.3,True,adequately_served,3.347167663464859,2.7204737290351053,60275.0,0.0042411978705206,1,60275,0.2104011684477993,3.298924345951629,0.44696818016655177,0.025977896059453144,0.967931655148821,0.8102233325529709,0.5185643346135147,0.7815288,1,0.56305754
CANDIDATE_Matopeni/spring Valley Ward_11,-1.261695381134902,36.93475648836167,Matopeni/spring Valley Ward,False,8,residential,885.9102265840365,887.1010936365011,0,6,1882,814.344876647441,0,0,1440.0,0,0,17.845377654040565,11.606875140660836,20.96462891073044,57.8859819316018,91.796875,574,247.0,0.4245573366979223,moderate,58.72900295774414,15205.42326080414,7.0,False,underserved,13.354049576987874,8.38985756539202,11633.0,0.0090200786508148,0,11633,0.0226306829054491,3.94596052808772,0.08626430261099123,0.0827432338855593,0.9164214745834938,0.03920324213099311,0.2420032577281341,0.7813131,1,0.56262624
CANDIDATE_Kangemi Ward_43,-1.2692641201127584,36.73758677091422,Kangemi Ward,False,6,residential,509.7545240854766,517.5517167506715,0,36,8188,6633.956850403134,0,0,1440.0,0,5,17.860120755591254,11.573045141024393,21.003658562874683,57.14772462015109,94.04761904761904,382,161.0,0.477674612291292,congested,63.280549542627405,74330.71297439898,17.9,False,underserved,9.053174129337416,1.7102851227737137,37061.0,0.011747326194992,1,37061,0.1696428393750311,2.9059320347753803,0.2748251800108266,0.01586326999819149,0.9512386923845603,0.33758299046034573,0.3579189670723184,0.78086865,1,0.5617373
CANDIDATE_Pipeline Ward_26,-1.3532239037323102,36.88416192910731,Pipeline Ward,False,2,tertiary,1646.8034629979402,2054.862412324333,0,0,4759,688.1241032945147,0,0,1440.0,0,0,17.086936272096395,11.48035487701918,20.29069706928337,63.656204906204906,91.66666666666669,138,67.0,0.5547498182851955,congested,60.39700177501157,40062.52343641133,13.8,False,underserved,10.517743931343764,60.39700177501157,4986.0,0.0012137369807205,1,4986,0.2682490623582934,34.44615769624161,0.036973593468443415,0.6034705643404202,0.8064004524536796,0.03273172431213803,0.3316348341522238,0.7805464,1,0.56109285
CANDIDATE_Hospital Ward_49,-1.255544698861084,36.83801203659904,Hospital Ward,False,6,residential,492.4418529504861,596.7987215699554,0,21,2568,5468.702396804928,0,0,1440.0,0,0,17.684657596250318,11.666697525521228,20.693637631614862,60.45883468467407,92.24137931034484,543,224.0,0.490429447437139,congested,78.17900267492627,39231.09369567416,14.5,True,adequately_served,4.138150776522881,3.553591030678467,37715.0,0.0121594874130023,1,37715,0.0461995963019781,3.670557877306343,0.2796749052672169,0.03431957593889289,0.9437724093938367,0.27783874425076405,0.35078834155716926,0.7801477,1,0.56029534
CANDIDATE_Dandora Area Iii Ward_20,-1.2357048388983436,36.898441928334975,Dandora Area Iii Ward,False,2,residential,1697.9045725790415,462.27231006313787,1,12,8261,3479.3635402845307,0,0,1440.0,0,1,17.845377654040565,11.606875140660836,20.96462891073044,57.8859819316018,91.796875,574,247.0,0.4245573366979223,moderate,62.53869018516417,73507.78889000125,7.5,False,underserved,10.646328086578988,4.810668475781859,46391.0,0.0011772291582945,1,46391,0.1688006615484064,4.244448169525055,0.3440116274758441,0.04690620402839735,0.9564468601232606,0.1758425235358472,0.35858849735546633,0.7798887,1,0.5597774
CANDIDATE_Lucky Summer Ward_31,-1.236022331177325,36.89655090611347,Lucky Summer Ward,False,2,residential,1670.330595819962,428.31766751903496,4,14,6042,3344.2855019757435,0,0,1440.0,0,1,17.845377654040565,11.606875140660836,20.96462891073044,57.8859819316018,91.796875,574,247.0,0.4245573366979223,moderate,66.8770030670488,60808.06426925295,11.1,False,underserved,10.449616790194764,4.458466871136587,30128.0,0.0011966513417525,0,30128,0.0768685671769029,3.552160434569506,0.2234136430038635,0.0433797461896505,0.9596459080956257,0.16891688119798048,0.3147522694574861,0.7793609,1,0.5587218
CANDIDATE_Nairobi West Ward_18,-1.332096795503257,36.81673306012289,Nairobi West Ward,False,2,residential,1579.2714579825415,1530.5467938001705,0,0,9939,1107.4331345036017,0,0,1440.0,0,0,17.537775244317,11.62485744823719,20.494234142356905,58.00865800865801,88.88888888888889,178,69.0,0.4114521425097195,congested,56.79149445936021,76676.38743229359,12.7,False,underserved,5.081516950302828,56.79149445936021,8719.0,0.001265605342612,1,8719,0.348155049984002,18.15421991847434,0.06465558793649381,0.5673700203104073,0.8557990233307089,0.05423029221814396,0.3464778239651452,0.7781697,1,0.5563394
CANDIDATE_Landimawe Ward_11,-1.290219271022355,36.84873374987381,Landimawe Ward,False,6,residential,359.411282051506,378.79659628459024,8,38,1605,1460.3630618359082,0,0,1440.0,0,17,17.243300893072206,11.884733802396095,20.1012033414328,63.47116048203005,93.75,190,84.0,0.5831369347890785,congested,89.63594611695733,51643.83141519055,20.0,True,adequately_served,3.531137634127527,2.298357592742496,7301.0,0.0166476475593306,0,7301,0.0823102809141833,19.053582451873734,0.054140434398938106,0.021751411176768244,0.964311552339005,0.07232550945431139,0.23171441719248367,0.77758783,1,0.55517566
CANDIDATE_Pipeline Ward_40,-1.352420423071905,36.88715290919537,Pipeline Ward,False,2,tertiary,1689.6782716300006,1808.3840695400124,0,0,4759,688.1241032945147,0,0,1440.0,0,0,17.906847137299025,11.406366449662858,21.157087481117102,57.709691248294185,93.33333333333331,371,147.0,0.3154506881194194,moderate,60.39700177501157,40062.52343641133,13.8,False,underserved,10.694102772768437,60.39700177501157,4986.0,0.0011829571797073,1,4986,0.2682490623582934,34.44615769624161,0.036973593468443415,0.6034705643404202,0.8296224917283362,0.03273172431213803,0.33627924200715514,0.77605635,1,0.5521127
CANDIDATE_Kawangware Ward_15,-1.269360742468327,36.73732104673597,Kawangware Ward,False,6,residential,520.1374431560107,535.4029759529235,0,38,3492,5178.226263284484,0,0,1440.0,0,4,17.860120755591254,11.573045141024393,21.003658562874683,57.14772462015109,94.04761904761904,382,161.0,0.477674612291292,congested,81.98129425370998,64603.17956032373,12.7,True,adequately_served,9.079806236811354,2.102084468043845,40773.0,0.0115132775025029,1,40773,0.0885442239001563,4.6437342874103065,0.3023514493559654,0.01978620463029038,0.9495568300447947,0.26294562147791023,0.35327004873670154,0.7759101,1,0.55182016
CANDIDATE_Kwa Njenga Ward_16,-1.3367261463357956,36.90017745960412,Kwa Njenga Ward,False,3,trunk,476.2924037266578,584.8416863014338,0,13,2929,14304.246388913643,0,0,1440.0,0,0,17.906847137299025,11.406366449662858,21.157087481117102,57.709691248294185,93.33333333333331,371,147.0,0.3154506881194194,moderate,80.52538641399036,50138.37407016672,13.8,True,adequately_served,10.788986571989856,5.751813315285026,103653.0,0.0062854551561605,1,103653,0.2682490623582934,1.4360258252339573,0.7686369602456008,0.05632952167626782,0.944898945459754,0.7308495986869837,0.6182550253343748,0.77536994,1,0.5507399
CANDIDATE_Mowlem Ward_6,-1.2633651664529808,36.898506902385904,Mowlem Ward,False,6,residential,692.5729142381186,677.818891868561,0,40,3727,924.779822358499,0,0,1440.0,0,0,17.845377654040565,11.606875140660836,20.96462891073044,57.8859819316018,91.796875,574,247.0,0.4245573366979223,moderate,80.21913323300808,62819.89166655838,6.4,True,adequately_served,9.394585113594626,1.956564225195319,14449.0,0.0086508568556067,0,14449,0.0838307335300991,7.067824986975575,0.10714630004523444,0.01832916697253643,0.9361390670260654,0.0448653982088606,0.2382843898059514,0.7753695,1,0.55073905
CANDIDATE_Nyayo Highrise Ward_37,-1.3246723309377626,36.80742645725479,Nyayo Highrise Ward,False,2,residential,372.96178559077055,373.9877205451911,4,18,1215,5979.621047336875,0,0,1440.0,0,6,17.73181138157092,11.435384995598536,20.880024574557112,57.01554232804233,93.75,242,107.0,0.5580407232100865,congested,82.69463425732702,23400.367568368,12.7,True,adequately_served,4.392190964968983,4.352349171438265,47083.0,0.0053481400428134,1,47083,0.348155049984002,2.564062287684165,0.349143141049884,0.0423172308887681,0.9647646221707225,0.30403426708802156,0.3865391849414002,0.7749253,1,0.5498506
CANDIDATE_Hospital Ward_30,-1.2524270974211122,36.84390789200375,Hospital Ward,False,2,residential,313.8484904844715,365.0337502365288,4,14,2568,5468.702396804928,0,0,1440.0,0,4,17.684657596250318,11.666697525521228,20.693637631614862,60.45883468467407,92.24137931034484,543,224.0,0.490429447437139,congested,78.17900267492627,39231.09369567416,14.5,True,adequately_served,4.804752598363178,5.211933511661751,37715.0,0.0063522616764733,1,37715,0.0461995963019781,3.670557877306343,0.2796749052672169,0.0509239149431982,0.9656082234698183,0.27783874425076405,0.35930658912344193,0.7739508,1,0.54790163
CANDIDATE_Hospital Ward_32,-1.2514727089200834,36.84119962734395,Hospital Ward,False,2,residential,564.9831512426591,567.5192673223,0,12,2568,5468.702396804928,0,0,1440.0,0,0,17.684657596250318,11.666697525521228,20.693637631614862,60.45883468467407,92.24137931034484,543,224.0,0.490429447437139,congested,78.17900267492627,39231.09369567416,14.5,True,adequately_served,4.711851772014196,6.013769436532789,37715.0,0.003533674095437,1,37715,0.0461995963019781,3.670557877306343,0.2796749052672169,0.05895238654967548,0.9465309829415115,0.27783874425076405,0.3574982589193999,0.7738174,1,0.54763484
CANDIDATE_Eastleigh South Ward_38,-1.290015914559166,36.84954409924831,Eastleigh South Ward,False,6,residential,306.4504493887488,312.5347951721418,10,35,4421,4792.49862701149,0,0,1440.0,0,17,17.243300893072206,11.884733802396095,20.1012033414328,63.47116048203005,93.75,190,84.0,0.5831369347890785,congested,78.3703324081986,68143.70069639628,9.3,True,adequately_served,3.618001415796321,2.1769536780055168,51532.0,0.0195153398276983,1,51532,0.2187157501793953,0.704393795896947,0.3821346206610161,0.020535840943322056,0.9705544300314651,0.24316881925229095,0.38162572732393735,0.77372193,1,0.54744387
CANDIDATE_Kangemi Ward_37,-1.2694096241537098,36.76364690808671,Kangemi Ward,False,6,residential,681.3385163266406,677.2482174556374,0,15,8188,6633.956850403134,0,0,1440.0,0,0,17.24048621436891,11.524509169053754,20.09847473702649,65.557208994709,92.96875,298,122.0,0.4417253633750815,congested,63.280549542627405,74330.71297439898,17.9,False,underserved,6.245929074508519,3.955034346414213,37061.0,0.0087932893372352,1,37061,0.1696428393750311,2.9059320347753803,0.2748251800108266,0.038339071900629566,0.9361928333062192,0.33758299046034573,0.36052874573225974,0.7735087,1,0.54701746
CANDIDATE_Hospital Ward_15,-1.2514447838565328,36.84157696964831,Hospital Ward,False,2,residential,525.6139973549735,553.6324994032422,0,12,2568,5468.702396804928,0,0,1440.0,0,2,17.684657596250318,11.666697525521228,20.693637631614862,60.45883468467407,92.24137931034484,543,224.0,0.490429447437139,congested,78.17900267492627,39231.09369567416,14.5,True,adequately_served,4.738277103655501,6.013769436532789,37715.0,0.0037978481583197,1,37715,0.0461995963019781,3.670557877306343,0.2796749052672169,0.05895238654967548,0.9478393294127331,0.27783874425076405,0.3577599282136442,0.77339065,1,0.5467813
CANDIDATE_Gatina Ward_32,-1.2722310991609111,36.74424067871627,Gatina Ward,False,6,residential,864.3992600562528,877.4235794484504,0,12,6063,3037.154756927026,0,0,1440.0,0,0,17.24048621436891,11.524509169053754,20.09847473702649,65.557208994709,92.96875,298,122.0,0.4417253633750815,congested,55.98639000937479,45919.74288559071,12.7,False,underserved,8.262289551321132,4.306645385336522,23914.0,0.0069332160043792,0,23914,0.0885442239001563,2.613255050207503,0.1773338375861123,0.04185961663422424,0.9173332448105137,0.15316985290380677,0.28663236685655946,0.77276254,1,0.5455251
CANDIDATE_Lucky Summer Ward_21,-1.2347161501962265,36.89684567212328,Lucky Summer Ward,False,2,residential,1589.419691008722,564.8075131778978,0,12,6042,3344.2855019757435,0,0,1440.0,0,0,17.845377654040565,11.606875140660836,20.96462891073044,57.8859819316018,91.796875,574,247.0,0.4245573366979223,moderate,66.8770030670488,60808.06426925295,11.1,False,underserved,10.555663000891627,5.144384851311447,30128.0,0.0012575297019439,0,30128,0.0768685671769029,3.552160434569506,0.2234136430038635,0.05024757644942814,0.9467864717626922,0.16891688119798048,0.31389733975584383,0.7724725,1,0.544945
CANDIDATE_Landimawe Ward_45,-1.289566638623874,36.84751720557084,Landimawe Ward,False,6,residential,401.7063250681843,411.64783193079023,6,40,1605,1460.3630618359082,0,0,1440.0,0,17,17.243300893072206,11.884733802396095,20.1012033414328,63.47116048203005,93.75,190,84.0,0.5831369347890785,congested,89.63594611695733,51643.83141519055,20.0,True,adequately_served,3.388611645502301,2.186242588218472,7301.0,0.0148991948387801,0,7301,0.0823102809141833,19.053582451873734,0.054140434398938106,0.020628847192589103,0.961216462215551,0.07232550945431139,0.23081475817174812,0.7719962,1,0.5439924
CANDIDATE_South C Ward_10,-1.3273534155599531,36.81891071228243,South C Ward,False,2,residential,1274.559733379882,1243.8081751808236,0,0,9969,464.7086107611213,0,0,1440.0,0,0,17.537775244317,11.62485744823719,20.494234142356905,58.00865800865801,88.88888888888889,178,69.0,0.4114521425097195,congested,52.75712751657217,70344.6251026133,12.7,False,underserved,4.557781244497385,52.75712751657217,3659.0,0.0015679391154035,0,3659,0.348155049984002,28.829494748770223,0.02713324879683804,0.5269754714437004,0.8828141979213864,0.021276895582041187,0.3220587236405039,0.7716657,1,0.5433314
CANDIDATE_Mountain View Ward_17,-1.254441633246327,36.73462686366016,Mountain View Ward,False,2,residential,1102.78674591465,1074.5015958326956,0,0,6212,2438.23971917691,0,0,1440.0,0,0,17.860120755591254,11.573045141024393,21.003658562874683,57.14772462015109,94.04761904761904,382,161.0,0.477674612291292,congested,61.1874463798916,53352.875177465976,17.9,False,underserved,9.843300145770332,61.1874463798916,13621.0,0.0018119442069787,1,13621,0.1696428393750311,5.847857289081503,0.10100628091329077,0.6113849790852985,0.8987654737643936,0.1224626306627993,0.392444063976415,0.7708905,1,0.54178095
CANDIDATE_Hospital Ward_33,-1.253029148383109,36.8375485361887,Hospital Ward,False,6,residential,618.9372677291481,733.2678349149347,0,6,2568,5468.702396804928,0,0,1440.0,0,0,17.684657596250318,11.666697525521228,20.693637631614862,60.45883468467407,92.24137931034484,543,224.0,0.490429447437139,congested,78.17900267492627,39231.09369567416,14.5,True,adequately_served,4.345820578254523,11.168428953560896,37715.0,0.0096783986256838,1,37715,0.0461995963019781,3.670557877306343,0.2796749052672169,0.11056398973417238,0.9309149263627706,0.27783874425076405,0.36727794839977596,0.77076983,1,0.54153967
CANDIDATE_Kawangware Ward_12,-1.2864582377966538,36.73338947278776,Kawangware Ward,False,2,unclassified,313.3283364737031,339.23822005705296,2,51,3492,5178.226263284484,0,0,1440.0,0,6,16.699138772601074,11.303737458124182,19.57668614032208,68.12864671560324,95.45454545454544,134,49.0,0.5466091380314718,congested,81.98129425370998,64603.17956032373,12.7,True,adequately_served,9.316958790418193,1.5765633510328845,40773.0,0.0063627734694142,1,40773,0.0885442239001563,4.6437342874103065,0.3023514493559654,0.014524365847991744,0.968038557949398,0.26294562147791023,0.35565093462204744,0.77031523,1,0.54063046
CANDIDATE_Kangemi Ward_8,-1.2690231566039962,36.738478912726,Kangemi Ward,False,6,residential,491.03079530350215,477.40115036741526,2,31,8188,6633.956850403134,0,0,1440.0,0,6,17.860120755591254,11.573045141024393,21.003658562874683,57.14772462015109,94.04761904761904,382,161.0,0.477674612291292,congested,63.280549542627405,74330.71297439898,17.9,False,underserved,8.96198201088317,1.9775171732071064,37061.0,0.0121943586809418,1,37061,0.1696428393750311,2.9059320347753803,0.2748251800108266,0.018538960700862687,0.9550214913879906,0.33758299046034573,0.3593444495486723,0.7700972,1,0.5401944
CANDIDATE_Embakasi Ward_15,-1.3373424874414157,36.89968348088655,Embakasi Ward,False,3,trunk,395.9500805987099,527.5839205872572,0,14,29594,170.15776873711866,0,0,1440.0,0,2,17.906847137299025,11.406366449662858,21.157087481117102,57.709691248294185,93.33333333333331,371,147.0,0.3154506881194194,moderate,22.437747821685697,127185.79787032236,7.2,False,severely_underserved,10.777935060108303,1.4958498547790464,2363.0,0.0075576253706137,0,2363,0.4401639794947514,6.03841004939126,0.01752278406857838,0.013716212966792674,0.9502935049540021,0.0061748567331173475,0.20085570000312453,0.7690944,1,0.5381888
CANDIDATE_Hospital Ward_9,-1.2554956009026226,36.83829030387351,Hospital Ward,False,6,residential,514.7697503380041,571.0991911458372,0,21,2568,5468.702396804928,0,0,1440.0,0,0,17.684657596250318,11.666697525521228,20.693637631614862,60.45883468467407,92.24137931034484,543,224.0,0.490429447437139,congested,78.17900267492627,39231.09369567416,14.5,True,adequately_served,4.160033835189263,3.553591030678467,37715.0,0.0116330979008907,1,37715,0.0461995963019781,3.670557877306343,0.2796749052672169,0.03431957593889289,0.946193699224446,0.27783874425076405,0.35127259952329115,0.76888925,1,0.5377785
CANDIDATE_Pangani Ward_9,-1.2540755243867272,36.83920121945015,Pangani Ward,False,2,residential,516.5925490671127,517.2150115535616,0,14,989,2790.562086051957,0,0,1440.0,0,2,17.684657596250318,11.666697525521228,20.693637631614862,60.45883468467407,92.24137931034484,543,224.0,0.490429447437139,congested,88.98050726062212,29921.21680161153,20.0,True,adequately_served,4.347547433396534,5.932033817374808,13952.0,0.0038640432587461,0,13952,0.0823102809141833,24.46424571745943,0.10346080546965956,0.05813399954892688,0.951270415177009,0.1405266974138228,0.26910420431977894,0.76882344,1,0.5376469
CANDIDATE_Lucky Summer Ward_3,-1.2383161627344936,36.905856035201,Lucky Summer Ward,False,2,residential,1617.327627310966,774.4246365226436,0,10,6042,3344.2855019757435,0,0,1440.0,0,0,17.845377654040565,11.606875140660836,20.96462891073044,57.8859819316018,91.796875,574,247.0,0.4245573366979223,moderate,66.8770030670488,60808.06426925295,11.1,False,underserved,11.212580572471232,6.079727551549891,30128.0,0.0012358436983018,0,30128,0.0768685671769029,3.552160434569506,0.2234136430038635,0.05961279953094311,0.9270373245720536,0.16891688119798048,0.31228881608809483,0.76718795,1,0.5343759
CANDIDATE_Dandora Area Iii Ward_12,-1.244164129713858,36.90199199859644,Dandora Area Iii Ward,False,6,residential,1420.8701446620396,437.4439690246285,8,35,8261,3479.3635402845307,0,0,1440.0,0,4,17.845377654040565,11.606875140660836,20.96462891073044,57.8859819316018,91.796875,574,247.0,0.4245573366979223,moderate,62.53869018516417,73507.78889000125,7.5,False,underserved,10.531307715077135,1.7371858384767824,46391.0,0.0042197946292951,1,46391,0.1688006615484064,4.244448169525055,0.3440116274758441,0.016132616413732474,0.9587860705553324,0.1758425235358472,0.3513629425382145,0.7671268,1,0.5342536
CANDIDATE_Nyayo Highrise Ward_36,-1.3179823578258394,36.8177517448013,Nyayo Highrise Ward,False,2,residential,450.50756496188586,482.80479543169184,5,39,1215,5979.621047336875,0,0,1440.0,0,7,17.537775244317,11.62485744823719,20.494234142356905,58.00865800865801,88.88888888888889,178,69.0,0.4114521425097195,congested,82.69463425732702,23400.367568368,12.7,True,adequately_served,3.512333547994656,2.067365856433176,47083.0,0.004429604629479,1,47083,0.348155049984002,2.564062287684165,0.349143141049884,0.01943858066024015,0.9545123851659533,0.30403426708802156,0.3787690749833144,0.76675344,1,0.5335069
CANDIDATE_Nyayo Highrise Ward_3,-1.319517764155073,36.81779673303918,Nyayo Highrise Ward,False,2,unclassified,567.6799117237299,570.94409336008,0,35,1215,5979.621047336875,0,0,1440.0,0,0,17.537775244317,11.62485744823719,20.494234142356905,58.00865800865801,88.88888888888889,178,69.0,0.4114521425097195,congested,82.69463425732702,23400.367568368,12.7,True,adequately_served,3.683124795834874,2.29707317381464,47083.0,0.0035169169136602,1,47083,0.348155049984002,2.564062287684165,0.349143141049884,0.021738550789033965,0.9462083118140616,0.30403426708802156,0.37768325284513454,0.76675344,1,0.5335069
CANDIDATE_Landimawe Ward_19,-1.3188403497222865,36.81753437279434,Landimawe Ward,False,2,unclassified,495.0817231293157,507.1271838209534,0,37,1605,1460.3630618359082,0,0,1440.0,0,6,17.537775244317,11.62485744823719,20.494234142356905,58.00865800865801,88.88888888888889,178,69.0,0.4114521425097195,congested,89.63594611695733,51643.83141519055,20.0,True,adequately_served,3.607393819379982,2.358840687288351,7301.0,0.0040315938014887,0,7301,0.0823102809141833,19.053582451873734,0.054140434398938106,0.02235700490507541,0.9522208432314836,0.07232550945431139,0.2294476738030562,0.76675344,1,0.5335069
CANDIDATE_Lucky Summer Ward_8,-1.2357658498236503,36.8967611755606,Lucky Summer Ward,False,2,residential,1665.2755651389382,451.13050759930667,2,12,6042,3344.2855019757435,0,0,1440.0,0,1,17.845377654040565,11.606875140660836,20.96462891073044,57.8859819316018,91.796875,574,247.0,0.4245573366979223,moderate,66.8770030670488,60808.06426925295,11.1,False,underserved,10.484644690383366,5.144384851311447,30128.0,0.0012002816591943,0,30128,0.0768685671769029,3.552160434569506,0.2234136430038635,0.05024757644942814,0.9574965887585751,0.16891688119798048,0.3160393631550204,0.7662762,1,0.53255236
CANDIDATE_Uthiru/ruthimitu Ward_48,-1.2508879354726603,36.734153244746125,Uthiru/ruthimitu Ward,False,6,unclassified,1292.7083609907845,1292.1209998099728,0,0,8256,1009.581586839085,0,0,1440.0,0,0,17.860120755591254,11.573045141024393,21.003658562874683,57.14772462015109,94.04761904761904,382,161.0,0.477674612291292,congested,49.84788943140368,54875.67677571843,18.5,False,severely_underserved,10.041147750571604,49.84788943140368,5457.0,0.0046378304267933,0,5457,0.1996750767775023,11.152482045939884,0.040466285510889634,0.49784640072139,0.8782623890349179,0.049213304780245444,0.32411993887219154,0.765712,1,0.53142405
CANDIDATE_Upper Savanna Ward_36,-1.2800561115868787,36.92016210502816,Upper Savanna Ward,False,2,residential,1230.9486645518662,540.1176256573358,0,27,2569,969.351607954276,0,0,1440.0,0,4,18.054313199966053,11.514724616707694,21.324107491595232,57.35551818750744,93.22916666666669,394,160.0,0.5289229448015942,congested,62.13610462916318,22624.40132520788,7.2,False,underserved,11.46770871870415,2.2191465938986847,13463.0,0.0016234442696745,0,13463,0.4401639794947514,17.503225579665653,0.09983463475043196,0.020958302218423024,0.9491126377503913,0.0471506567842833,0.23943435662419188,0.76553494,1,0.5310699
CANDIDATE_Pangani Ward_28,-1.2620628422517606,36.84641609929724,Pangani Ward,False,6,residential,319.4569022710286,358.86168777498705,5,54,989,2790.562086051957,0,0,1440.0,0,26,17.684657596250318,11.666697525521228,20.693637631614862,60.45883468467407,92.24137931034484,543,224.0,0.490429447437139,congested,88.98050726062212,29921.21680161153,20.0,True,adequately_served,4.227536328040205,1.617827404738584,13952.0,0.0187232665530963,0,13952,0.0823102809141833,24.46424571745943,0.10346080546965956,0.014937526786867918,0.9661897263932333,0.1405266974138228,0.26128894837250904,0.7653176,1,0.53063524
CANDIDATE_Hospital Ward_44,-1.2524159627932607,36.84222819665776,Hospital Ward,False,2,residential,424.93714568269314,427.7397747239567,1,14,2568,5468.702396804928,0,0,1440.0,0,4,17.684657596250318,11.666697525521228,20.693637631614862,60.45883468467407,92.24137931034484,543,224.0,0.490429447437139,congested,78.17900267492627,39231.09369567416,14.5,True,adequately_served,4.692660363231483,5.211933511661751,37715.0,0.004695528484125,1,37715,0.0461995963019781,3.670557877306343,0.2796749052672169,0.0509239149431982,0.9597003544580617,0.27783874425076405,0.35812501532109065,0.7652178,1,0.53043556
CANDIDATE_Ngando Ward_5,-1.3011327054941166,36.73961310049963,Ngando Ward,False,2,residential,569.8766544977316,571.8258753245299,0,19,2979,1287.4420267405085,0,0,1440.0,0,0,16.699138772601074,11.303737458124182,19.57668614032208,68.12864671560324,95.45454545454544,134,49.0,0.5466091380314718,congested,64.55544213237266,28020.643468093764,18.5,False,underserved,8.779267781481607,3.227772106618633,6959.0,0.003503383759421,0,6959,0.1996750767775023,17.558483286089597,0.051604339540091804,0.031057277631308246,0.9461252344321756,0.06345960307338838,0.22774280574797198,0.7650369,1,0.53007376
CANDIDATE_Eastleigh South Ward_4,-1.2884842977992943,36.85586246605243,Eastleigh South Ward,False,6,residential,415.3823077791139,333.5834672454164,6,42,4421,4792.49862701149,0,0,1440.0,0,2,17.243300893072206,11.884733802396095,20.1012033414328,63.47116048203005,93.75,190,84.0,0.5831369347890785,congested,78.3703324081986,68143.70069639628,9.3,True,adequately_served,4.304229044877819,1.822565869958107,51532.0,0.014409834154584,1,51532,0.2187157501793953,0.704393795896947,0.3821346206610161,0.016987493499238712,0.968571322371606,0.24316881925229095,0.3803420189309447,0.7647097,1,0.5294194
CANDIDATE_Kasarani Ward_1,-1.237584497540821,36.90591332328215,Kasarani Ward,False,6,tertiary,1536.2963147851767,853.2703403983487,0,8,19913,2300.2340071122967,0,0,1440.0,0,0,17.845377654040565,11.606875140660836,20.96462891073044,57.8859819316018,91.796875,574,247.0,0.4245573366979223,moderate,59.51118305482108,163944.92175693653,11.0,False,underserved,11.257182966630984,6.612353672757898,20911.0,0.0039029560809416,0,20911,0.2237461265027511,7.319531383711358,0.15506514500975135,0.06494577796000808,0.9196088502835773,0.11538688234494743,0.27750839176911996,0.7642694,1,0.5285388
CANDIDATE_Makongeni Ward_38,-1.2884508297169102,36.8431267460004,Makongeni Ward,False,6,residential,327.3854903173217,373.9333232018758,8,38,1369,894.6734451583051,0,0,1440.0,0,20,17.243300893072206,11.884733802396095,20.1012033414328,63.47116048203005,93.75,190,84.0,0.5831369347890785,congested,83.24316740229835,27239.29778072184,7.3,True,adequately_served,2.8912022312633527,2.134440189802522,12255.0,0.0182712092248721,0,12255,0.0295766007950331,56.829658842951936,0.09087673244199239,0.020110169902223533,0.9647697472345663,0.04332180160953181,0.23845270859907286,0.76377046,1,0.5275409
CANDIDATE_Hospital Ward_12,-1.2551618360285528,36.83767936529312,Hospital Ward,False,6,residential,487.2898110474237,643.7674838204805,0,21,2568,5468.702396804928,0,0,1440.0,0,0,17.684657596250318,11.666697525521228,20.693637631614862,60.45883468467407,92.24137931034484,543,224.0,0.490429447437139,congested,78.17900267492627,39231.09369567416,14.5,True,adequately_served,4.153128277874893,3.553591030678467,37715.0,0.0122877845579646,1,37715,0.0461995963019781,3.670557877306343,0.2796749052672169,0.03431957593889289,0.9393472317926626,0.27783874425076405,0.3499033060369345,0.7635322,1,0.52706444
CANDIDATE_Airbase Ward_7,-1.2754720843711764,36.84046998928988,Airbase Ward,False,2,residential,392.1971863099146,577.9205003529055,0,46,17075,1530.534366496874,0,0,1440.0,0,0,17.684657596250318,11.666697525521228,20.693637631614862,60.45883468467407,92.24137931034484,543,224.0,0.490429447437139,congested,46.01546587417469,105433.25515722662,9.3,False,severely_underserved,2.85803655835362,0.9790524654079722,16457.0,0.0050865063882314,0,16457,0.2187157501793953,11.040159940658125,0.1220365879884022,0.008541721480227554,0.9455510273023545,0.07592329162932626,0.2491430999523338,0.76203007,1,0.52406013
CANDIDATE_Mowlem Ward_43,-1.2630096530832835,36.89631381661346,Mowlem Ward,False,6,residential,628.0113860579445,620.6318445706283,0,35,3727,924.779822358499,0,0,1440.0,0,0,17.845377654040565,11.606875140660836,20.96462891073044,57.8859819316018,91.796875,574,247.0,0.4245573366979223,moderate,80.21913323300808,62819.89166655838,6.4,True,adequately_served,9.171395534339313,2.2283092564724467,14449.0,0.0095387780459784,0,14449,0.0838307335300991,7.067824986975575,0.10714630004523444,0.021050044399125407,0.9415269637611401,0.0448653982088606,0.24004218850961356,0.761692,1,0.523384
CANDIDATE_Gatina Ward_4,-1.2724467018995351,36.75817344614117,Gatina Ward,False,2,residential,949.1159085283488,909.230559920932,0,7,6063,3037.154756927026,0,0,1440.0,0,0,17.24048621436891,11.524509169053754,20.09847473702649,65.557208994709,92.96875,298,122.0,0.4417253633750815,congested,55.98639000937479,45919.74288559071,12.7,False,underserved,6.742752114045549,6.998298751171848,23914.0,0.0021050063282256,0,23914,0.0885442239001563,2.613255050207503,0.1773338375861123,0.06881009609242951,0.9143365395365476,0.15316985290380677,0.29277064566631755,0.7614602,1,0.52292037
CANDIDATE_Kawangware Ward_26,-1.269140408135526,36.73817909733773,Kawangware Ward,False,6,residential,503.0761460246704,492.8678967321897,1,33,3492,5178.226263284484,0,0,1440.0,0,5,17.860120755591254,11.573045141024393,21.003658562874683,57.14772462015109,94.04761904761904,382,161.0,0.477674612291292,congested,81.98129425370998,64603.17956032373,12.7,True,adequately_served,8.991738704980826,2.411214536873823,40773.0,0.0119029635647673,1,40773,0.0885442239001563,4.6437342874103065,0.3023514493559654,0.02288140391399547,0.9535642867205273,0.26294562147791023,0.3548453398927743,0.7609802,1,0.5219604
CANDIDATE_Kangemi Ward_10,-1.2697604824788618,36.73638880376763,Kangemi Ward,False,2,residential,575.5046063259834,555.9118098347642,0,40,8188,6633.956850403134,0,0,1440.0,0,0,17.860120755591254,11.573045141024393,21.003658562874683,57.14772462015109,94.04761904761904,382,161.0,0.477674612291292,congested,63.280549542627405,74330.71297439898,17.9,False,underserved,9.172114899635888,1.5434280376250586,37061.0,0.0034691830352333,1,37061,0.1696428393750311,2.9059320347753803,0.2748251800108266,0.014192594827743129,0.9476245834201967,0.33758299046034573,0.35677847648683364,0.76052934,1,0.5210587
CANDIDATE_Makongeni Ward_49,-1.2827392421137946,36.846850773434085,Makongeni Ward,False,6,unclassified,65.10623569955207,319.803961714955,7,19,1369,894.6734451583051,0,0,1440.0,0,3,17.684657596250318,11.666697525521228,20.693637631614862,60.45883468467407,92.24137931034484,543,224.0,0.490429447437139,congested,83.24316740229835,27239.29778072184,7.3,True,adequately_served,3.321226367532534,4.162158370114918,12255.0,0.0907629959035869,0,12255,0.0295766007950331,56.829658842951936,0.09087673244199239,0.040412924283294877,0.9698695630811102,0.04332180160953181,0.24454836036364946,0.76050556,1,0.5210111
CANDIDATE_Kawangware Ward_13,-1.2715782466814525,36.74173602962278,Kawangware Ward,False,2,residential,783.5324524258708,770.6379501310649,0,18,3492,5178.226263284484,0,0,1440.0,0,0,17.24048621436891,11.524509169053754,20.09847473702649,65.557208994709,92.96875,298,122.0,0.4417253633750815,congested,81.98129425370998,64603.17956032373,12.7,True,adequately_served,8.549478425389985,4.3148049607215775,40773.0,0.0025492890623144,1,40773,0.0885442239001563,4.6437342874103065,0.3023514493559654,0.041941315292600465,0.9273940884934297,0.26294562147791023,0.354376278092006,0.7604525,1,0.520905
CANDIDATE_Pipeline Ward_45,-1.3554576232259052,36.89240147829649,Pipeline Ward,False,2,tertiary,1488.0162878273509,1474.62458148093,0,0,4759,688.1241032945147,0,0,1440.0,0,0,17.8342114079884,11.373177187079955,21.06472851844262,60.85374116624117,95.0,178,69.0,0.3605729178568143,congested,60.39700177501157,40062.52343641133,13.8,False,underserved,11.35126025884758,60.39700177501157,4986.0,0.0013431686519146,1,4986,0.2682490623582934,34.44615769624161,0.036973593468443415,0.6034705643404202,0.861067753216399,0.03273172431213803,0.3425682943047677,0.7602492,1,0.5204984
CANDIDATE_Ngando Ward_34,-1.3025007173458898,36.72620994792274,Ngando Ward,False,2,residential,584.5567686050807,949.923079832774,0,2,2979,1287.4420267405085,0,0,1440.0,0,0,16.699138772601074,11.303737458124182,19.57668614032208,68.12864671560324,95.45454545454544,134,49.0,0.5466091380314718,congested,64.55544213237266,28020.643468093764,18.5,False,underserved,10.272267425187785,21.51848071079089,6959.0,0.0034155526965633,0,6959,0.1996750767775023,17.558483286089597,0.051604339540091804,0.21419503703584547,0.9105026802006609,0.06345960307338838,0.26640273475280335,0.7599675,1,0.519935
CANDIDATE_Gatina Ward_36,-1.281181084559049,36.75875996558362,Gatina Ward,False,6,residential,673.6978863533255,677.7672657923138,0,28,6063,3037.154756927026,0,0,1440.0,0,0,17.24048621436891,11.524509169053754,20.09847473702649,65.557208994709,92.96875,298,122.0,0.4417253633750815,congested,55.98639000937479,45919.74288559071,12.7,False,underserved,6.522471454242582,1.9305651727370616,23914.0,0.0088928691216588,0,23914,0.0885442239001563,2.613255050207503,0.1773338375861123,0.018068848560774068,0.9361439309940582,0.15316985290380677,0.28444681207490585,0.7589229,1,0.51784575
CANDIDATE_Kangemi Ward_19,-1.2696386839252338,36.7611573953543,Kangemi Ward,False,8,tertiary,690.4562378979987,651.5446624196982,0,19,8188,6633.956850403134,0,0,1440.0,0,0,17.24048621436891,11.524509169053754,20.09847473702649,65.557208994709,92.96875,298,122.0,0.4417253633750815,congested,63.280549542627405,74330.71297439898,17.9,False,underserved,6.502909779307768,3.1640274771313703,37061.0,0.0115697849864218,1,37061,0.1696428393750311,2.9059320347753803,0.2748251800108266,0.030419027420722822,0.9386145023169735,0.33758299046034573,0.3590330684144339,0.7587838,1,0.51756763
CANDIDATE_Airbase Ward_17,-1.2627896687836102,36.84140178809064,Airbase Ward,False,4,residential,71.28229217598867,323.52757188089004,19,59,17075,1530.534366496874,0,0,1440.0,0,18,17.684657596250318,11.666697525521228,20.693637631614862,60.45883468467407,92.24137931034484,543,224.0,0.490429447437139,congested,46.01546587417469,105433.25515722662,9.3,False,severely_underserved,3.759119544067895,0.7669244312362449,16457.0,0.0553385881878377,0,16457,0.2187157501793953,11.040159940658125,0.1220365879884022,0.006417765884749009,0.9695187419073711,0.07592329162932626,0.2534056539744675,0.7587713,1,0.5175426
CANDIDATE_Airbase Ward_10,-1.2749578615817114,36.8691936104122,Airbase Ward,False,6,residential,809.3873117766003,561.0931912425433,0,28,17075,1530.534366496874,0,0,1440.0,0,0,17.684657596250318,11.666697525521228,20.693637631614862,60.45883468467407,92.24137931034484,543,224.0,0.490429447437139,congested,46.01546587417469,105433.25515722662,9.3,False,severely_underserved,5.918357303318363,1.5867402025577482,16457.0,0.0074038671543934,0,16457,0.2187157501793953,11.040159940658125,0.1220365879884022,0.01462626270865416,0.9471364178426891,0.07592329162932626,0.2509813133675074,0.7585916,1,0.5171832
CANDIDATE_Pangani Ward_32,-1.2562877061782518,36.83773211284785,Pangani Ward,False,6,residential,407.2515390754619,597.9936909792624,0,22,989,2790.562086051957,0,0,1440.0,0,0,17.684657596250318,11.666697525521228,20.693637631614862,60.45883468467407,92.24137931034484,543,224.0,0.490429447437139,congested,88.98050726062212,29921.21680161153,20.0,True,adequately_served,4.052304340915583,3.8687177069835705,13952.0,0.0146968215076121,0,13952,0.0823102809141833,24.46424571745943,0.10346080546965956,0.03747481692359433,0.9436598249523743,0.1405266974138228,0.2624172906185189,0.75786936,1,0.5157387
CANDIDATE_Kawangware Ward_31,-1.2696934955036492,36.74708746261617,Kawangware Ward,False,6,residential,596.0424653261157,581.2010624030071,0,22,3492,5178.226263284484,0,0,1440.0,0,0,17.24048621436891,11.524509169053754,20.09847473702649,65.557208994709,92.96875,298,122.0,0.4417253633750815,congested,81.98129425370998,64603.17956032373,12.7,True,adequately_served,8.012541345368728,3.5644040979873903,40773.0,0.0100495364207011,1,40773,0.0885442239001563,4.6437342874103065,0.3023514493559654,0.03442784298103444,0.9452419480546209,0.26294562147791023,0.35606748192635274,0.75762403,1,0.51524806
CANDIDATE_Lucky Summer Ward_46,-1.2424309971877976,36.90431259785672,Lucky Summer Ward,False,6,residential,1502.3637148658129,438.9764651872105,6,22,6042,3344.2855019757435,0,0,1440.0,0,4,17.845377654040565,11.606875140660836,20.96462891073044,57.8859819316018,91.796875,574,247.0,0.4245573366979223,moderate,66.8770030670488,60808.06426925295,11.1,False,underserved,10.848307456013783,2.907695785523861,30128.0,0.0039910501634899,0,30128,0.0768685671769029,3.552160434569506,0.2234136430038635,0.02785247777624017,0.9586416859182331,0.16891688119798048,0.310669607918655,0.75751275,1,0.5150255
CANDIDATE_Kilimani Ward_47,-1.2700596567203128,36.7653128919004,Kilimani Ward,False,2,residential,793.002258148732,755.5357400056231,0,15,8599,885.9820170246448,0,0,1440.0,0,0,17.24048621436891,11.524509169053754,20.09847473702649,65.557208994709,92.96875,298,122.0,0.4417253633750815,congested,79.90573642743492,142658.5972963719,12.7,True,adequately_served,6.047551607079344,4.994108526714682,6976.0,0.0025188845239094,0,6976,0.0885442239001563,26.665059604485144,0.05173040273482978,0.04874291799284311,0.9288169482575187,0.042876179779272466,0.22462999606275943,0.7570089,1,0.5140178
CANDIDATE_Njiru Ward_38,-1.24461955041672,36.90161439990381,Njiru Ward,False,6,residential,1368.6831597236371,416.1900373251271,9,37,10989,746.4285914852591,0,0,1440.0,0,4,17.845377654040565,11.606875140660836,20.96462891073044,57.8859819316018,91.796875,574,247.0,0.4245573366979223,moderate,47.21837435030173,69402.06821576251,11.0,False,severely_underserved,10.47118604473314,1.2425887986921509,6785.0,0.0043805751406118,0,6785,0.2237461265027511,10.89304713008968,0.050314045664538426,0.011180408402851349,0.9607885168193376,0.035721077999510915,0.219706937047071,0.75677437,1,0.51354873
CANDIDATE_Lucky Summer Ward_22,-1.2445090637648362,36.90111955491256,Lucky Summer Ward,False,2,residential,1380.6439304335072,446.6765292775317,5,37,6042,3344.2855019757435,0,0,1440.0,0,4,17.845377654040565,11.606875140660836,20.96462891073044,57.8859819316018,91.796875,574,247.0,0.4245573366979223,moderate,66.8770030670488,60808.06426925295,11.1,False,underserved,10.42739701927937,1.7599211333433895,30128.0,0.0014475509615364,0,30128,0.0768685671769029,3.552160434569506,0.2234136430038635,0.016360256088683182,0.9579162218117202,0.16891688119798048,0.3076514596754632,0.75677437,1,0.51354873
CANDIDATE_Kangemi Ward_35,-1.270265953423654,36.74798531316716,Kangemi Ward,False,6,residential,662.5879417995717,611.2801444403149,0,24,8188,6633.956850403134,0,0,1440.0,0,0,17.24048621436891,11.524509169053754,20.09847473702649,65.557208994709,92.96875,298,122.0,0.4417253633750815,congested,63.280549542627405,74330.71297439898,17.9,False,underserved,7.9007856715261156,2.5312219817050963,37061.0,0.0090417556167894,1,37061,0.1696428393750311,2.9059320347753803,0.2748251800108266,0.024082991836797418,0.9424080373080398,0.33758299046034573,0.3582077665166658,0.7567407,1,0.5134814
CANDIDATE_Njiru Ward_4,-1.268031549507378,36.89682297630736,Njiru Ward,False,2,residential,457.7942184883811,463.817573646939,3,22,10989,746.4285914852591,0,0,1440.0,0,3,18.054313199966053,11.514724616707694,21.324107491595232,57.35551818750744,93.22916666666669,394,160.0,0.5289229448015942,congested,47.21837435030173,69402.06821576251,11.0,False,severely_underserved,9.084066409934891,2.052972797839206,6785.0,0.004359252840172,0,6785,0.2237461265027511,10.89304713008968,0.050314045664538426,0.01929446855617018,0.9563012725993129,0.035721077999510915,0.22083800324139577,0.75601655,1,0.5120331
CANDIDATE_Upper Savanna Ward_47,-1.2785098302386526,36.91860584364792,Upper Savanna Ward,False,2,residential,998.2368051266646,316.8630090883481,14,42,2569,969.351607954276,0,0,1440.0,0,8,18.054313199966053,11.514724616707694,21.324107491595232,57.35551818750744,93.22916666666669,394,160.0,0.5289229448015942,congested,62.13610462916318,22624.40132520788,7.2,False,underserved,11.307080095821073,1.4450256890503064,13463.0,0.0020015275555692,0,13463,0.4401639794947514,17.503225579665653,0.09983463475043196,0.013207330340285622,0.9701466459137376,0.0471506567842833,0.24170341528732675,0.7559769,1,0.51195383
CANDIDATE_Pipeline Ward_25,-1.3497023412248972,36.88045104063623,Pipeline Ward,False,4,primary_link,1104.4398868256785,2023.373744853764,0,0,4759,688.1241032945147,0,0,1440.0,0,0,17.086936272096395,11.48035487701918,20.29069706928337,63.656204906204906,91.66666666666669,138,67.0,0.5547498182851955,congested,60.39700177501157,40062.52343641133,13.8,False,underserved,9.94915843249601,60.39700177501157,4986.0,0.0036184690345181,1,4986,0.2682490623582934,34.44615769624161,0.036973593468443415,0.6034705643404202,0.809367167762002,0.03273172431213803,0.33222817721388825,0.75573134,1,0.5114627
CANDIDATE_Njiru Ward_17,-1.2668555369054664,36.896075322921774,Njiru Ward,False,2,residential,609.7853109283295,615.3451772997611,0,23,10989,746.4285914852591,0,0,1440.0,0,0,18.054313199966053,11.514724616707694,21.324107491595232,57.35551818750744,93.22916666666669,394,160.0,0.5289229448015942,congested,47.21837435030173,69402.06821576251,11.0,False,severely_underserved,9.033665287350914,1.9674322645959053,6785.0,0.0032744729845585,0,6785,0.2237461265027511,10.89304713008968,0.050314045664538426,0.018437984428875412,0.9420250488813551,0.035721077999510915,0.21776863746598052,0.75540453,1,0.51080906
CANDIDATE_Gatina Ward_5,-1.27965833876907,36.759637991164105,Gatina Ward,False,2,residential,717.7479518056995,714.0729721319208,0,13,6063,3037.154756927026,0,0,1440.0,0,0,17.24048621436891,11.524509169053754,20.09847473702649,65.557208994709,92.96875,298,122.0,0.4417253633750815,congested,55.98639000937479,45919.74288559071,12.7,False,underserved,6.442758824927315,3.999027857812485,23914.0,0.002782616625168,0,23914,0.0885442239001563,2.613255050207503,0.1773338375861123,0.038779561839000776,0.9327233767620369,0.15316985290380677,0.2889403795480582,0.75506276,1,0.5101255
CANDIDATE_Kangemi Ward_0,-1.267652680807679,36.73749424502338,Kangemi Ward,False,6,residential,330.6294611985625,349.559188130849,9,37,8188,6633.956850403134,0,0,1440.0,0,6,17.860120755591254,11.573045141024393,21.003658562874683,57.14772462015109,94.04761904761904,382,161.0,0.477674612291292,congested,63.280549542627405,74330.71297439898,17.9,False,underserved,9.102589368764756,1.6652776195428265,37061.0,0.0180924818269011,1,37061,0.1696428393750311,2.9059320347753803,0.2748251800108266,0.015412627353531078,0.9670661644999179,0.33758299046034573,0.3609718008342248,0.7550032,1,0.5100064
CANDIDATE_Gatina Ward_44,-1.2957264606801835,36.76198194368725,Gatina Ward,False,2,residential,75.20642238464454,372.7034246326079,5,47,6063,3037.154756927026,0,0,1440.0,0,8,16.699138772601074,11.303737458124182,19.57668614032208,68.12864671560324,95.45454545454544,134,49.0,0.5466091380314718,congested,55.98639000937479,45919.74288559071,12.7,False,underserved,6.225395434192651,1.166383125195308,23914.0,0.026244507187402,0,23914,0.0885442239001563,2.613255050207503,0.1773338375861123,0.010417390599651423,0.9648856225384844,0.15316985290380677,0.28828228589351035,0.7545027,1,0.5090054
CANDIDATE_Kangemi Ward_32,-1.26980705637088,36.747740640873324,Kangemi Ward,False,6,residential,615.2788533498504,571.4320459644517,0,23,8188,6633.956850403134,0,0,1440.0,0,0,17.24048621436891,11.524509169053754,20.09847473702649,65.557208994709,92.96875,298,122.0,0.4417253633750815,congested,63.280549542627405,74330.71297439898,17.9,False,underserved,7.938981332175151,2.636689564276142,37061.0,0.0097358524755252,1,37061,0.1696428393750311,2.9059320347753803,0.2748251800108266,0.02513899776745165,0.9461623391966913,0.33758299046034573,0.3592226283770597,0.7544031,1,0.5088062
CANDIDATE_Upper Savanna Ward_45,-1.2786086203544185,36.91937663787141,Upper Savanna Ward,False,2,residential,1080.415126008863,383.88824908054346,12,38,2569,969.351607954276,0,0,1440.0,0,8,18.054313199966053,11.514724616707694,21.324107491595232,57.35551818750744,93.22916666666669,394,160.0,0.5289229448015942,congested,62.13610462916318,22624.40132520788,7.2,False,underserved,11.39166972549309,1.593233452029825,13463.0,0.0018494285421929,0,13463,0.4401639794947514,17.503225579665653,0.09983463475043196,0.01469127709302304,0.9638318405725883,0.0471506567842833,0.24081144090728127,0.7539484,1,0.5078968
CANDIDATE_Kangemi Ward_33,-1.2685769492412793,36.73691538762894,Kangemi Ward,False,6,residential,436.4012459508892,444.7471050934248,5,42,8188,6633.956850403134,0,0,1440.0,0,5,17.860120755591254,11.573045141024393,21.003658562874683,57.14772462015109,94.04761904761904,382,161.0,0.477674612291292,congested,63.280549542627405,74330.71297439898,17.9,False,underserved,9.14241163777129,1.471640687037847,37061.0,0.0137173820503329,1,37061,0.1696428393750311,2.9059320347753803,0.2748251800108266,0.013473815975340931,0.9580980031547569,0.33758299046034573,0.35869346572064514,0.7525279,1,0.5050558
CANDIDATE_Mountain View Ward_33,-1.2706804468672082,36.74215066570664,Mountain View Ward,False,2,residential,689.421639024204,675.5341107695862,0,18,6212,2438.23971917691,0,0,1440.0,0,0,17.24048621436891,11.524509169053754,20.09847473702649,65.557208994709,92.96875,298,122.0,0.4417253633750815,congested,61.1874463798916,53352.875177465976,17.9,False,underserved,8.524164723740242,3.220391914731137,13621.0,0.0028967805858846,0,13621,0.1696428393750311,5.847857289081503,0.10100628091329077,0.03098338263710648,0.9363543284393606,0.1224626306627993,0.2548614357993604,0.7525145,1,0.50502896
CANDIDATE_Karen Ward_46,-1.302084580192183,36.726388375861376,Karen Ward,False,2,residential,634.3658244120344,968.6658429723808,0,2,16628,125.91481364439316,0,0,1440.0,0,0,16.699138772601074,11.303737458124182,19.57668614032208,68.12864671560324,95.45454545454544,134,49.0,0.5466091380314718,congested,38.49922811522797,90123.85907777146,12.7,False,severely_underserved,10.244758489519816,12.833076038409324,991.0,0.0031477928512299,0,991,0.348155049984002,25.96426766391263,0.00734874270501954,0.1272314542876722,0.9087368245200894,0.003906457763315437,0.21690857997535587,0.75119054,1,0.5023811
CANDIDATE_Eastleigh South Ward_13,-1.289626490690489,36.84420763371967,Eastleigh South Ward,False,6,tertiary,332.3541709754269,312.5124693789884,7,40,4421,4792.49862701149,0,0,1440.0,0,17,17.243300893072206,11.884733802396095,20.1012033414328,63.47116048203005,93.75,190,84.0,0.5831369347890785,congested,78.3703324081986,68143.70069639628,9.3,True,adequately_served,3.023712851244216,1.911471522151185,51532.0,0.0179988748376641,1,51532,0.2187157501793953,0.704393795896947,0.3821346206610161,0.01787767125524568,0.9705565334635134,0.24316881925229095,0.380961605588328,0.75119036,1,0.5023807
CANDIDATE_Kawangware Ward_32,-1.2856470630489754,36.73141347252983,Kawangware Ward,False,6,residential,198.54519154489023,302.1457425945026,3,46,3492,5178.226263284484,0,0,1440.0,0,2,16.699138772601074,11.303737458124182,19.57668614032208,68.12864671560324,95.45454545454544,134,49.0,0.5466091380314718,congested,81.98129425370998,64603.17956032373,12.7,True,adequately_served,9.536991376954292,1.7442828564619144,40773.0,0.0300683767599091,1,40773,0.0885442239001563,4.6437342874103065,0.3023514493559654,0.01620367609766152,0.9715332380851833,0.26294562147791023,0.35676969821162197,0.75115967,1,0.50231934
CANDIDATE_Kawangware Ward_23,-1.285753797886307,36.73189347932029,Kawangware Ward,False,6,residential,213.4326525488379,353.107582557261,3,46,3492,5178.226263284484,0,0,1440.0,0,2,16.699138772601074,11.303737458124182,19.57668614032208,68.12864671560324,95.45454545454544,134,49.0,0.5466091380314718,congested,81.98129425370998,64603.17956032373,12.7,True,adequately_served,9.483535021176063,1.7442828564619144,40773.0,0.0279808132235526,1,40773,0.0885442239001563,4.6437342874103065,0.3023514493559654,0.01620367609766152,0.9667318513355186,0.26294562147791023,0.3558094208616891,0.75115967,1,0.50231934
CANDIDATE_Clay City_32,-1.2377129034660437,36.90456566664172,Clay City,False,6,tertiary,1584.260100200344,816.3911005901266,0,10,7281,935.8012048297124,0,0,1440.0,0,0,17.845377654040565,11.606875140660836,20.96462891073044,57.8859819316018,91.796875,574,247.0,0.4245573366979223,moderate,59.34801434111238,59710.23367322085,11.0,False,underserved,11.119209042910713,5.395274031010216,8507.0,0.0037848678581147,0,8507,0.2237461265027511,12.259205080423108,0.06308350574329084,0.052759632336557304,0.9230834401626378,0.04543048009796805,0.2289719191464123,0.7506561,1,0.50131226
CANDIDATE_Woodley/kenyatta Golf Course Ward_38,-1.3194604428529355,36.77680323416368,Woodley/kenyatta Golf Course Ward,False,2,residential,183.80077434656,312.1031628764365,7,19,7917,4018.27020779832,0,0,1440.0,0,1,23.69082151948292,15.855059154149329,27.60870270214972,39.54778439153439,86.71875,289,121.0,0.4857290005023328,congested,85.74743830112823,185176.1679773348,26.3,True,adequately_served,5.803531320233215,4.287371915056411,15278.0,0.0108224654743565,0,15278,0.2104011684477993,10.498111183713132,0.11329373465922153,0.04166663886395653,0.9705950964121696,0.20347303164376196,0.28488309245790294,0.7504285,1,0.500857
CANDIDATE_Pipeline Ward_22,-1.3426644676088209,36.88134033330413,Pipeline Ward,False,4,primary_link,607.1476226472815,1390.3731912613655,0,0,4759,688.1241032945147,0,0,1440.0,0,0,23.153712807789017,15.270454673240636,27.358117146214813,40.53008159785654,88.23529411764706,250,102.0,0.5267625854793785,congested,60.39700177501157,40062.52343641133,13.8,False,underserved,9.485850919471018,60.39700177501157,4986.0,0.0065773503850724,1,4986,0.2682490623582934,34.44615769624161,0.036973593468443415,0.6034705643404202,0.8690055260467493,0.03273172431213803,0.3441558488708378,0.7501292,1,0.50025845
CANDIDATE_Waithaka Ward_1,-1.2855018358764778,36.73204478004187,Waithaka Ward,False,6,residential,187.38566583571549,354.1068628550361,3,48,6065,992.4407038919258,0,0,1440.0,0,2,16.699138772601074,11.303737458124182,19.57668614032208,68.12864671560324,95.45454545454544,134,49.0,0.5466091380314718,congested,40.50101289672889,33981.409843591384,18.5,False,severely_underserved,9.466970446492075,0.826551283606712,5364.0,0.0318495569892902,0,5364,0.1996750767775023,6.003282410558159,0.039776645680852485,0.007014786392799831,0.9666377038089685,0.04833446743456316,0.21866995683520465,0.7497377,1,0.49947536
CANDIDATE_Roysambu Ward_25,-1.263657102890665,36.89684113184056,Roysambu Ward,False,6,residential,719.8825539565838,712.5090336203672,0,25,15669,483.239781975182,0,0,1440.0,0,0,17.845377654040565,11.606875140660836,20.96462891073044,57.8859819316018,91.796875,574,247.0,0.4245573366979223,moderate,52.55807786151991,110098.7167953836,12.5,False,underserved,9.207590335610774,2.021464533135381,3865.0,0.008323131094058,0,3865,0.140004148607421,20.27271584053182,0.02866083809778055,0.018978988542494427,0.9328707237505317,0.022227014976261075,0.20579558821520538,0.7492925,1,0.498585
CANDIDATE_Pangani Ward_47,-1.2560162089808669,36.836468456349415,Pangani Ward,False,6,residential,325.7975764109742,741.2429318464999,0,21,989,2790.562086051957,0,0,1440.0,0,0,17.684657596250318,11.666697525521228,20.693637631614862,60.45883468467407,92.24137931034484,543,224.0,0.490429447437139,congested,88.98050726062212,29921.21680161153,20.0,True,adequately_served,4.000337634010306,4.04456851184646,13952.0,0.0183599892811154,0,13952,0.0823102809141833,24.46424571745943,0.10346080546965956,0.03923554271552608,0.9301635499453867,0.1405266974138228,0.2601582170651043,0.74922466,1,0.49844933
CANDIDATE_Lucky Summer Ward_45,-1.2341126633055763,36.89715027252095,Lucky Summer Ward,False,2,residential,1569.507456879036,628.2905664843371,0,12,6042,3344.2855019757435,0,0,1440.0,0,0,17.845377654040565,11.606875140660836,20.96462891073044,57.8859819316018,91.796875,574,247.0,0.4245573366979223,moderate,66.8770030670488,60808.06426925295,11.1,False,underserved,10.620669309422292,5.144384851311447,30128.0,0.0012734737369375,0,30128,0.0768685671769029,3.552160434569506,0.2234136430038635,0.05024757644942814,0.9408053947215858,0.16891688119798048,0.3127011243476225,0.7490347,1,0.4980694
CANDIDATE_Kawangware Ward_45,-1.269121189060467,36.74775438072691,Kawangware Ward,False,6,residential,540.3920377739662,500.1442557149299,0,24,3492,5178.226263284484,0,0,1440.0,0,6,17.24048621436891,11.524509169053754,20.09847473702649,65.557208994709,92.96875,298,122.0,0.4417253633750815,congested,81.98129425370998,64603.17956032373,12.7,True,adequately_served,7.955570147512583,3.279251770148399,40773.0,0.0110825420053647,1,40773,0.0885442239001563,4.6437342874103065,0.3023514493559654,0.03157272350263935,0.9528787421320457,0.26294562147791023,0.3568810608722389,0.7479011,1,0.49580216
CANDIDATE_Airbase Ward_44,-1.2804673993296398,36.8616881876784,Airbase Ward,False,6,residential,984.7787877141852,809.5956281116079,0,14,17075,1530.534366496874,0,0,1440.0,0,0,17.243300893072206,11.884733802396095,20.1012033414328,63.47116048203005,93.75,190,84.0,0.5831369347890785,congested,46.01546587417469,105433.25515722662,9.3,False,severely_underserved,4.989421384638451,3.0676977249449795,16457.0,0.0060865582367751,0,16457,0.2187157501793953,11.040159940658125,0.1220365879884022,0.02945451503570862,0.9237236778687314,0.07592329162932626,0.25000582845447944,0.7478101,1,0.49562025
CANDIDATE_Hospital Ward_3,-1.2529277477598058,36.844558676476325,Hospital Ward,False,2,residential,296.2675540446612,350.89100055211475,4,14,2568,5468.702396804928,0,0,1440.0,0,4,17.684657596250318,11.666697525521228,20.693637631614862,60.45883468467407,92.24137931034484,543,224.0,0.490429447437139,congested,78.17900267492627,39231.09369567416,14.5,True,adequately_served,4.80655595957484,5.211933511661751,37715.0,0.0067279458278837,1,37715,0.0461995963019781,3.670557877306343,0.2796749052672169,0.0509239149431982,0.9669406873484419,0.27783874425076405,0.35957308189916665,0.7475493,1,0.4950986
CANDIDATE_Kwa Njenga Ward_1,-1.3374900704905135,36.88489915369066,Kwa Njenga Ward,False,3,primary_link,318.4175064370479,710.7701430419987,0,13,2929,14304.246388913643,0,0,1440.0,0,0,23.153712807789017,15.270454673240636,27.358117146214813,40.53008159785654,88.23529411764706,250,102.0,0.5267625854793785,congested,80.52538641399036,50138.37407016672,13.8,True,adequately_served,9.429282466344429,5.751813315285026,103653.0,0.0093920963614787,1,103653,0.2682490623582934,1.4360258252339573,0.7686369602456008,0.05632952167626782,0.933034553906354,0.7308495986869837,0.6158821470236948,0.74741304,1,0.49482608
CANDIDATE_Gatina Ward_42,-1.2731489545204042,36.74573872982819,Gatina Ward,False,2,residential,976.5750123607064,822.6695659330883,0,6,6063,3037.154756927026,0,0,1440.0,0,0,17.24048621436891,11.524509169053754,20.09847473702649,65.557208994709,92.96875,298,122.0,0.4417253633750815,congested,55.98639000937479,45919.74288559071,12.7,False,underserved,8.079637886897379,7.99805571562497,23914.0,0.0020458788069575,0,23914,0.0885442239001563,2.613255050207503,0.1773338375861123,0.07882027417690575,0.9224919124562607,0.15316985290380677,0.2969042647713792,0.7470025,1,0.49400496
CANDIDATE_Lucky Summer Ward_34,-1.2373677074580924,36.89984528602865,Lucky Summer Ward,False,6,residential,1760.2689189122314,371.8686572782326,2,12,6042,3344.2855019757435,0,0,1440.0,0,1,17.845377654040565,11.606875140660836,20.96462891073044,57.8859819316018,91.796875,574,247.0,0.4245573366979223,moderate,66.8770030670488,60808.06426925295,11.1,False,underserved,10.6834521220249,5.144384851311447,30128.0,0.0034066348049255,0,30128,0.0768685671769029,3.552160434569506,0.2234136430038635,0.05024757644942814,0.9649642704232013,0.16891688119798048,0.31753289948794566,0.7468494,1,0.49369884
CANDIDATE_Hospital Ward_7,-1.255046049738725,36.83604246093134,Hospital Ward,False,6,residential,342.5901519512089,819.8829364331405,0,15,2568,5468.702396804928,0,0,1440.0,0,0,17.684657596250318,11.666697525521228,20.693637631614862,60.45883468467407,92.24137931034484,543,224.0,0.490429447437139,congested,78.17900267492627,39231.09369567416,14.5,True,adequately_served,4.067263451093,4.886187667182892,37715.0,0.0174626658125289,1,37715,0.0461995963019781,3.670557877306343,0.2796749052672169,0.0476623483530668,0.9227544556840377,0.27783874425076405,0.349920443918753,0.7468491,1,0.49369824
CANDIDATE_Matopeni/spring Valley Ward_29,-1.2503726694838688,36.91994571439663,Matopeni/spring Valley Ward,False,8,residential,828.5078821987025,830.9324633681075,0,9,1882,814.344876647441,0,0,1440.0,0,0,17.845377654040565,11.606875140660836,20.96462891073044,57.8859819316018,91.796875,574,247.0,0.4245573366979223,moderate,58.72900295774414,15205.42326080414,7.0,False,underserved,12.104157618626484,5.872900295774414,11633.0,0.0096442724314989,0,11633,0.0226306829054491,3.94596052808772,0.08626430261099123,0.05754191857022026,0.9217134208184523,0.03920324213099311,0.2367613181462911,0.7467875,1,0.49357498
CANDIDATE_Eastleigh South Ward_22,-1.2830496680451486,36.86075731148179,Eastleigh South Ward,False,6,residential,992.5054932501828,672.9119534972858,0,16,4421,4792.49862701149,0,0,1440.0,0,0,17.243300893072206,11.884733802396095,20.1012033414328,63.47116048203005,93.75,190,84.0,0.5831369347890785,congested,78.3703324081986,68143.70069639628,9.3,True,adequately_served,4.856444473729729,4.610019553423448,51532.0,0.0060392217665263,1,51532,0.2187157501793953,0.704393795896947,0.3821346206610161,0.04489718431992787,0.9366013758613524,0.24316881925229095,0.3809254523340663,0.7466367,1,0.49327338
CANDIDATE_Imara Daima Ward_27,-1.338872954940158,36.88631246294977,Imara Daima Ward,False,3,primary_link,520.6523345593149,696.3194476147477,0,14,8991,2562.801079728265,0,0,1440.0,0,0,17.906847137299025,11.406366449662858,21.157087481117102,57.709691248294185,93.33333333333331,371,147.0,0.3154506881194194,moderate,67.61809525092917,92557.21147751193,13.8,False,underserved,9.647360926554756,4.507873016728611,18571.0,0.0057509567220366,0,18571,0.2682490623582934,5.704579811463799,0.13771291702817143,0.04387443073142236,0.9343960309958498,0.1288490680370577,0.2718171484492971,0.74661756,1,0.4932351
CANDIDATE_Dandora Area Iii Ward_45,-1.238138154696338,36.90396047388394,Dandora Area Iii Ward,False,6,tertiary,1648.755139337919,739.2029851325676,0,12,8261,3479.3635402845307,0,0,1440.0,0,0,17.845377654040565,11.606875140660836,20.96462891073044,57.8859819316018,91.796875,574,247.0,0.4245573366979223,moderate,62.53869018516417,73507.78889000125,7.5,False,underserved,11.03742386186907,4.810668475781859,46391.0,0.0036369033542807,1,46391,0.1688006615484064,4.244448169525055,0.3440116274758441,0.04690620402839735,0.9303557442054342,0.1758425235358472,0.35337027417190103,0.7460921,1,0.49218416
CANDIDATE_Upper Savanna Ward_6,-1.286642754405561,36.92063339892312,Upper Savanna Ward,False,2,residential,1695.398467849397,876.3111651525141,0,4,2569,969.351607954276,0,0,1440.0,0,0,18.054313199966053,11.514724616707694,21.324107491595232,57.35551818750744,93.22916666666669,394,160.0,0.5289229448015942,congested,62.13610462916318,22624.40132520788,7.2,False,underserved,11.498401634792668,12.427220925832636,13463.0,0.0011789682895289,0,13463,0.4401639794947514,17.503225579665653,0.09983463475043196,0.12316778471812824,0.9174380512944348,0.0471506567842833,0.25865180995792686,0.7458129,1,0.4916258
CANDIDATE_Pangani Ward_31,-1.2559157089324848,36.84673776641154,Pangani Ward,False,2,residential,345.43215458170164,370.4083287386608,3,20,989,2790.562086051957,0,0,1440.0,0,15,17.684657596250318,11.666697525521228,20.693637631614862,60.45883468467407,92.24137931034484,543,224.0,0.490429447437139,congested,88.98050726062212,29921.21680161153,20.0,True,adequately_served,4.719359816384897,4.237167012410577,13952.0,0.0057731361640344,0,13952,0.0823102809141833,24.46424571745943,0.10346080546965956,0.041163956678117994,0.9651018557636282,0.1405266974138228,0.26762798171940055,0.7454645,1,0.490929
CANDIDATE_Kwa Njenga Ward_8,-1.3379303064535857,36.88538776392341,Kwa Njenga Ward,False,3,primary_link,382.3057019413088,701.7918478890628,0,14,2929,14304.246388913643,0,0,1440.0,0,0,17.906847137299025,11.406366449662858,21.157087481117102,57.709691248294185,93.33333333333331,371,147.0,0.3154506881194194,moderate,80.52538641399036,50138.37407016672,13.8,True,adequately_served,9.502128687691847,5.368359094266024,103653.0,0.007826651116344,1,103653,0.2682490623582934,1.4360258252339573,0.7686369602456008,0.052490143531256354,0.9338804469787665,0.7308495986869837,0.6150914811019245,0.745,1,0.49
CANDIDATE_Mountain View Ward_29,-1.2677225138450596,36.73765808493609,Mountain View Ward,False,6,residential,339.4211837611282,350.607211452393,9,35,6212,2438.23971917691,0,0,1440.0,0,6,17.860120755591254,11.573045141024393,21.003658562874683,57.14772462015109,94.04761904761904,382,161.0,0.477674612291292,congested,61.1874463798916,53352.875177465976,17.9,False,underserved,9.083081996652352,1.6996512883303223,13621.0,0.0176252251217426,0,13621,0.1696428393750311,5.847857289081503,0.10100628091329077,0.01575679754510144,0.9669674246331259,0.1224626306627993,0.2571774087651122,0.74473256,1,0.48946512
CANDIDATE_Pangani Ward_2,-1.2542860171880164,36.83821978172202,Pangani Ward,False,6,residential,587.2365575127022,609.2360228689134,0,11,989,2790.562086051957,0,0,1440.0,0,0,17.684657596250318,11.666697525521228,20.693637631614862,60.45883468467407,92.24137931034484,543,224.0,0.490429447437139,congested,88.98050726062212,29921.21680161153,20.0,True,adequately_served,4.26751286235919,7.41504227171851,13952.0,0.0101999780927767,0,13952,0.0823102809141833,24.46424571745943,0.10346080546965956,0.07298278706088464,0.9426006249036761,0.1405266974138228,0.2710824431431018,0.7445645,1,0.48912895
CANDIDATE_Hospital Ward_4,-1.2526842183357458,36.834679601127405,Hospital Ward,False,2,residential,458.4004069419573,1028.9094847760389,0,0,2568,5468.702396804928,0,0,1440.0,0,0,17.684657596250318,11.666697525521228,20.693637631614862,60.45883468467407,92.24137931034484,543,224.0,0.490429447437139,congested,78.17900267492627,39231.09369567416,14.5,True,adequately_served,4.2226855678288775,78.17900267492627,37715.0,0.0043535007147973,1,37715,0.0461995963019781,3.670557877306343,0.2796749052672169,0.7815148311326318,0.9030609497141757,0.27783874425076405,0.5294448634196718,0.7442778,1,0.48855555
CANDIDATE_Kilimani Ward_25,-1.3098763921937002,36.7588386782385,Kilimani Ward,False,6,unclassified,1039.1207941703417,1046.411072648246,0,0,8599,885.9820170246448,0,0,1440.0,0,0,16.699138772601074,11.303737458124182,19.57668614032208,68.12864671560324,95.45454545454544,134,49.0,0.5466091380314718,congested,79.90573642743492,142658.5972963719,12.7,True,adequately_served,6.993300526534792,79.90573642743492,6976.0,0.0057685607610469,1,6976,0.0885442239001563,26.665059604485144,0.05173040273482978,0.7988039453690527,0.9014120317753981,0.042876179779272466,0.4066642696103877,0.7439858,1,0.48797154
CANDIDATE_Hospital Ward_11,-1.2630014330900534,36.8408060335446,Hospital Ward,False,3,trunk,15.251146571428167,321.14117158382624,19,61,2568,5468.702396804928,0,0,1440.0,0,18,17.684657596250318,11.666697525521228,20.693637631614862,60.45883468467407,92.24137931034484,543,224.0,0.490429447437139,congested,78.17900267492627,39231.09369567416,14.5,True,adequately_served,3.6953906625046,1.2609516560471978,37715.0,0.1846023593974856,1,37715,0.0461995963019781,3.670557877306343,0.2796749052672169,0.011364268559668964,0.9697435774073078,0.27783874425076405,0.3502437483150575,0.74378586,1,0.48757172
CANDIDATE_Hospital Ward_37,-1.253127233487331,36.84295989539354,Hospital Ward,False,2,residential,328.9976694872622,332.0501205045216,2,14,2568,5468.702396804928,0,0,1440.0,0,4,17.684657596250318,11.666697525521228,20.693637631614862,60.45883468467407,92.24137931034484,543,224.0,0.490429447437139,congested,78.17900267492627,39231.09369567416,14.5,True,adequately_served,4.678549938373749,5.211933511661751,37715.0,0.0060606488618768,1,37715,0.0461995963019781,3.670557877306343,0.2796749052672169,0.0509239149431982,0.9687157871462247,0.27783874425076405,0.35992810185872326,0.7427063,1,0.4854126
CANDIDATE_Eastleigh South Ward_43,-1.2903294334655595,36.847168369383,Eastleigh South Ward,False,6,residential,310.37361009979617,318.58106566569563,7,40,4421,4792.49862701149,0,0,1440.0,0,16,17.243300893072206,11.884733802396095,20.1012033414328,63.47116048203005,93.75,190,84.0,0.5831369347890785,congested,78.3703324081986,68143.70069639628,9.3,True,adequately_served,3.360018479471665,1.911471522151185,51532.0,0.0192694557450677,1,51532,0.2187157501793953,0.704393795896947,0.3821346206610161,0.01787767125524568,0.9699847786402702,0.24316881925229095,0.3808472546236793,0.7416043,1,0.48320866
CANDIDATE_Hospital Ward_29,-1.254914253281168,36.836294563578605,Hospital Ward,False,6,residential,373.2797738985887,799.5179231894928,0,16,2568,5468.702396804928,0,0,1440.0,0,0,17.684657596250318,11.666697525521228,20.693637631614862,60.45883468467407,92.24137931034484,543,224.0,0.490429447437139,congested,78.17900267492627,39231.09369567416,14.5,True,adequately_served,4.094292181715325,4.598764863230957,37715.0,0.0160307887800148,1,37715,0.0461995963019781,3.670557877306343,0.2796749052672169,0.04478449547942145,0.9246731521992391,0.27783874425076405,0.34958472000338187,0.74133414,1,0.48266828
CANDIDATE_Matopeni/spring Valley Ward_22,-1.26038491550294,36.9332163516082,Matopeni/spring Valley Ward,False,6,residential,683.0668323735596,684.103172291646,0,9,1882,814.344876647441,0,0,1440.0,0,0,17.845377654040565,11.606875140660836,20.96462891073044,57.8859819316018,91.796875,574,247.0,0.4245573366979223,moderate,58.72900295774414,15205.42326080414,7.0,False,underserved,13.217672650140416,5.872900295774414,11633.0,0.008771072819276,0,11633,0.0226306829054491,3.94596052808772,0.08626430261099123,0.05754191857022026,0.9355469914499751,0.03920324213099311,0.23952803227259564,0.7410575,1,0.48211503
CANDIDATE_Gatina Ward_49,-1.2687147616839567,36.74706613167012,Gatina Ward,False,2,residential,487.3858388852004,472.545366164888,3,25,6063,3037.154756927026,0,0,1440.0,0,7,17.24048621436891,11.524509169053754,20.09847473702649,65.557208994709,92.96875,298,122.0,0.4417253633750815,congested,55.98639000937479,45919.74288559071,12.7,False,underserved,8.040771086015061,2.153322692668261,23914.0,0.0040951228327284,0,23914,0.0885442239001563,2.613255050207503,0.1773338375861123,0.020299233067660023,0.9554789807162072,0.15316985290380677,0.2888714181460571,0.74099416,1,0.4819883
CANDIDATE_Kangemi Ward_9,-1.2699028317511554,36.74998685860469,Kangemi Ward,False,6,residential,603.5124909594012,548.7823861293084,0,25,8188,6633.956850403134,0,0,1440.0,0,1,17.24048621436891,11.524509169053754,20.09847473702649,65.557208994709,92.96875,298,122.0,0.4417253633750815,congested,63.280549542627405,74330.71297439898,17.9,False,underserved,7.693785102768655,2.433867290101054,37061.0,0.0099253532221933,1,37061,0.1696428393750311,2.9059320347753803,0.2748251800108266,0.023108217131578124,0.9482962844525208,0.33758299046034573,0.35914172226925717,0.7407065,1,0.481413
CANDIDATE_Kawangware Ward_43,-1.2748745625660585,36.74688536881224,Kawangware Ward,False,2,residential,1111.8381041869925,597.784320334559,0,4,3492,5178.226263284484,0,0,1440.0,0,0,17.24048621436891,11.524509169053754,20.09847473702649,65.557208994709,92.96875,298,122.0,0.4417253633750815,congested,81.98129425370998,64603.17956032373,12.7,True,adequately_served,7.921039459422264,16.396258850741994,40773.0,0.0017972066129611,1,40773,0.0885442239001563,4.6437342874103065,0.3023514493559654,0.16290821950881354,0.9436795508774976,0.26294562147791023,0.38787509662287284,0.740488,1,0.480976
CANDIDATE_Gatina Ward_41,-1.2796076390565967,36.7606422965964,Gatina Ward,False,2,residential,654.8567497066954,648.7364336688659,0,12,6063,3037.154756927026,0,0,1440.0,0,0,17.24048621436891,11.524509169053754,20.09847473702649,65.557208994709,92.96875,298,122.0,0.4417253633750815,congested,55.98639000937479,45919.74288559071,12.7,False,underserved,6.332554765887173,4.306645385336522,23914.0,0.0030494463934302,0,23914,0.0885442239001563,2.613255050207503,0.1773338375861123,0.04185961663422424,0.9388790805253766,0.15316985290380677,0.29094153399953204,0.7400666,1,0.48013318
CANDIDATE_Mowlem Ward_30,-1.2632083683974042,36.89742769346087,Mowlem Ward,False,6,residential,679.150816410413,706.9202618898032,0,30,3727,924.779822358499,0,0,1440.0,0,0,17.845377654040565,11.606875140660836,20.96462891073044,57.8859819316018,91.796875,574,247.0,0.4245573366979223,moderate,80.21913323300808,62819.89166655838,6.4,True,adequately_served,9.284043048589204,2.587713975258325,14449.0,0.0088215728853576,0,14449,0.0838307335300991,7.067824986975575,0.10714630004523444,0.024648624221388242,0.9333972717431795,0.0448653982088606,0.23931589506158718,0.7398957,1,0.4797914
CANDIDATE_Nyayo Highrise Ward_14,-1.3232339942654314,36.80841079533931,Nyayo Highrise Ward,False,2,residential,414.4061903276079,332.79724445910125,4,24,1215,5979.621047336875,0,0,1440.0,0,6,17.73181138157092,11.435384995598536,20.880024574557112,57.01554232804233,93.75,242,107.0,0.5580407232100865,congested,82.69463425732702,23400.367568368,12.7,True,adequately_served,4.210682159887038,3.307785370293081,47083.0,0.0048145647478741,1,47083,0.348155049984002,2.564062287684165,0.349143141049884,0.031858419355726746,0.9686453966136518,0.30403426708802156,0.3847006369467258,0.7395267,1,0.47905338
CANDIDATE_Nairobi West Ward_6,-1.3230309190207143,36.80829661096005,Nairobi West Ward,False,2,residential,399.07017105937314,316.2056653485621,5,24,9939,1107.4331345036017,0,0,1440.0,0,6,17.73181138157092,11.435384995598536,20.880024574557112,57.01554232804233,93.75,242,107.0,0.5580407232100865,congested,56.79149445936021,76676.38743229359,12.7,False,underserved,4.191699892170039,2.271659778374408,8719.0,0.0049991230156051,0,8719,0.348155049984002,18.15421991847434,0.06465558793649381,0.021484096333468265,0.9702085777734288,0.05423029221814396,0.23288825385945447,0.7395267,1,0.47905338
CANDIDATE_Nairobi West Ward_45,-1.326421726095435,36.806879239821775,Nairobi West Ward,False,2,residential,479.27943730251,473.392860118585,2,18,9939,1107.4331345036017,0,0,1440.0,0,6,17.73181138157092,11.435384995598536,20.880024574557112,57.01554232804233,93.75,242,107.0,0.5580407232100865,congested,56.79149445936021,76676.38743229359,12.7,False,underserved,4.595729872529372,2.989026024176853,8719.0,0.0041642424069475,0,8719,0.348155049984002,18.15421991847434,0.06465558793649381,0.02866680585948062,0.9553991337906905,0.05423029221814396,0.2317220424444099,0.7390207,1,0.4780414
CANDIDATE_Woodley/kenyatta Golf Course Ward_30,-1.3025403121412666,36.78486973881431,Woodley/kenyatta Golf Course Ward,False,8,residential,308.0791012084001,313.3683257375304,16,50,7917,4018.27020779832,0,0,1440.0,0,9,23.69082151948292,15.855059154149329,27.60870270214972,39.54778439153439,86.71875,289,121.0,0.4857290005023328,congested,85.74743830112823,185176.1679773348,26.3,True,adequately_served,4.017234360835528,1.6813223196299651,15278.0,0.025883341735894,0,15278,0.2104011684477993,10.498111183713132,0.11329373465922153,0.01557327670221766,0.9704758986712352,0.20347303164376196,0.2783359123692814,0.73892474,1,0.47784948
CANDIDATE_Gatina Ward_20,-1.271143043296744,36.75728515482519,Gatina Ward,False,2,residential,791.4486070277788,752.701960994553,0,15,6063,3037.154756927026,0,0,1440.0,0,0,17.24048621436891,11.524509169053754,20.09847473702649,65.557208994709,92.96875,298,122.0,0.4417253633750815,congested,55.98639000937479,45919.74288559071,12.7,False,underserved,6.873227720272275,3.499149375585924,23914.0,0.0025238229738346,0,23914,0.0885442239001563,2.613255050207503,0.1773338375861123,0.033774472796762656,0.9290839336922121,0.15316985290380677,0.28696121867353375,0.73832834,1,0.47665668
CANDIDATE_Kasarani Ward_21,-1.234178903292848,36.89430479588949,Kasarani Ward,False,3,unclassified,1352.1658407706043,695.3760217830641,0,13,19913,2300.2340071122967,0,0,1440.0,0,0,17.845377654040565,11.606875140660836,20.96462891073044,57.8859819316018,91.796875,574,247.0,0.4245573366979223,moderate,59.51118305482108,163944.92175693653,11.0,False,underserved,10.353266459454028,4.250798789630077,20911.0,0.0022170231538593,0,20911,0.2237461265027511,7.319531383711358,0.15506514500975135,0.04130044636753941,0.9344849161752478,0.11538688234494743,0.2745722720493369,0.7382095,1,0.47641897
CANDIDATE_Pipeline Ward_48,-1.3385032725066386,36.88622711607008,Pipeline Ward,False,3,primary_link,480.10380711682086,679.7837500211555,0,14,4759,688.1241032945147,0,0,1440.0,0,0,17.906847137299025,11.406366449662858,21.157087481117102,57.709691248294185,93.33333333333331,371,147.0,0.3154506881194194,moderate,60.39700177501157,40062.52343641133,13.8,False,underserved,9.614982129839316,4.026466785000771,4986.0,0.0062356604866183,0,4986,0.2682490623582934,34.44615769624161,0.036973593468443415,0.03905429715705077,0.9359539472598692,0.03273172431213803,0.21644146631761937,0.73770803,1,0.47541606
CANDIDATE_Kasarani Ward_49,-1.2347196436478676,36.89927738539036,Kasarani Ward,False,2,residential,1554.5762914869665,593.3814456337313,0,10,19913,2300.2340071122967,0,0,1440.0,0,0,17.845377654040565,11.606875140660836,20.96462891073044,57.8859819316018,91.796875,574,247.0,0.4245573366979223,moderate,59.51118305482108,163944.92175693653,11.0,False,underserved,10.783211161912062,5.41010755043828,20911.0,0.0012856971470606,0,20911,0.2237461265027511,7.319531383711358,0.15506514500975135,0.05290815460384221,0.9440943691859502,0.11538688234494743,0.2793960897105531,0.7371045,1,0.47420895
CANDIDATE_Gatina Ward_7,-1.2685648307296349,36.74751197734731,Gatina Ward,False,2,residential,475.1652142471368,454.62446455713024,4,25,6063,3037.154756927026,0,0,1440.0,0,7,17.24048621436891,11.524509169053754,20.09847473702649,65.557208994709,92.96875,298,122.0,0.4417253633750815,congested,55.98639000937479,45919.74288559071,12.7,False,underserved,7.996840322670184,2.153322692668261,23914.0,0.0042002228221609,0,23914,0.0885442239001563,2.613255050207503,0.1773338375861123,0.020299233067660023,0.9571674044384357,0.15316985290380677,0.28920910289050283,0.736837,1,0.47367406
CANDIDATE_Kangemi Ward_16,-1.2678175087308952,36.74688702003623,Kangemi Ward,False,6,residential,387.4876612091522,373.3047932776095,7,28,8188,6633.956850403134,0,0,1440.0,0,7,17.24048621436891,11.524509169053754,20.09847473702649,65.557208994709,92.96875,298,122.0,0.4417253633750815,congested,63.280549542627405,74330.71297439898,17.9,False,underserved,8.08500154097678,2.182087915263014,37061.0,0.0154445059627511,1,37061,0.1696428393750311,2.9059320347753803,0.2748251800108266,0.020587248066355816,0.964828964391018,0.33758299046034573,0.36181801599065105,0.736837,1,0.47367406
CANDIDATE_Kangemi Ward_39,-1.2678624354342216,36.74684414516573,Kangemi Ward,False,2,residential,392.5332631730869,378.524705623874,7,28,8188,6633.956850403134,0,0,1440.0,0,7,17.24048621436891,11.524509169053754,20.09847473702649,65.557208994709,92.96875,298,122.0,0.4417253633750815,congested,63.280549542627405,74330.71297439898,17.9,False,underserved,8.088335007188856,2.182087915263014,37061.0,0.0050821625188017,1,37061,0.1696428393750311,2.9059320347753803,0.2748251800108266,0.020587248066355816,0.9643371686082896,0.33758299046034573,0.3617196568341054,0.736837,1,0.47367406
CANDIDATE_Lucky Summer Ward_23,-1.2353600323252512,36.89965461171266,Lucky Summer Ward,False,2,residential,1585.829797128478,543.9119674241128,0,10,6042,3344.2855019757435,0,0,1440.0,0,1,17.845377654040565,11.606875140660836,20.96462891073044,57.8859819316018,91.796875,574,247.0,0.4245573366979223,moderate,66.8770030670488,60808.06426925295,11.1,False,underserved,10.781062838934492,6.079727551549891,30128.0,0.0012603746183864,0,30128,0.0768685671769029,3.552160434569506,0.2234136430038635,0.05961279953094311,0.9487551525752874,0.16891688119798048,0.3166323816887416,0.73629093,1,0.47258186
CANDIDATE_Hospital Ward_47,-1.2556881215940177,36.84007141271407,Hospital Ward,False,6,unclassified,367.7622601410111,372.6538648366442,6,24,2568,5468.702396804928,0,0,1440.0,0,4,17.684657596250318,11.666697525521228,20.693637631614862,60.45883468467407,92.24137931034484,543,224.0,0.490429447437139,congested,78.17900267492627,39231.09369567416,14.5,True,adequately_served,4.257565883260082,3.1271601069970507,37715.0,0.0162706454768599,1,37715,0.0461995963019781,3.670557877306343,0.2796749052672169,0.030049888766357242,0.9648902918311911,0.27783874425076405,0.35394449625150626,0.7357262,1,0.47145236
CANDIDATE_Kangemi Ward_4,-1.2695863190319092,36.75942203052024,Kangemi Ward,False,2,residential,668.0869948534207,614.4760731291522,0,21,8188,6633.956850403134,0,0,1440.0,0,0,17.24048621436891,11.524509169053754,20.09847473702649,65.557208994709,92.96875,298,122.0,0.4417253633750815,congested,63.280549542627405,74330.71297439898,17.9,False,underserved,6.689586044225911,2.876388615573973,37061.0,0.0029891479215466,1,37061,0.1696428393750311,2.9059320347753803,0.2748251800108266,0.027539011246211272,0.942106931820666,0.33758299046034573,0.35901155027154447,0.7354236,1,0.47084725
CANDIDATE_Roysambu Ward_2,-1.2647653736257982,36.89434759202229,Roysambu Ward,False,2,residential,662.3333689037959,647.085752256503,0,35,15669,483.239781975182,0,0,1440.0,0,0,17.845377654040565,11.606875140660836,20.96462891073044,57.8859819316018,91.796875,574,247.0,0.4245573366979223,moderate,52.55807786151991,110098.7167953836,12.5,False,underserved,8.907302525086953,1.459946607264442,3865.0,0.0030150752152045,0,3865,0.140004148607421,20.27271584053182,0.02866083809778055,0.013356727697661478,0.9390346000252029,0.022227014976261075,0.20562279825893137,0.7353558,1,0.4707116
CANDIDATE_Pangani Ward_48,-1.2554314436923155,36.839963863149066,Pangani Ward,False,6,unclassified,389.0444105747893,388.8093919855533,6,24,989,2790.562086051957,0,0,1440.0,0,4,17.684657596250318,11.666697525521228,20.693637631614862,60.45883468467407,92.24137931034484,543,224.0,0.490429447437139,congested,88.98050726062212,29921.21680161153,20.0,True,adequately_served,4.273402025818386,3.559220290424885,13952.0,0.0153828636876454,0,13952,0.0823102809141833,24.46424571745943,0.10346080546965956,0.034375939529794446,0.9633681934524179,0.1405266974138228,0.2655842449700776,0.73474115,1,0.4694823
CANDIDATE_Hospital Ward_6,-1.2530356800878728,36.84517635646958,Hospital Ward,False,2,residential,268.0603217173828,322.60383028256246,4,14,2568,5468.702396804928,0,0,1440.0,0,4,17.684657596250318,11.666697525521228,20.693637631614862,60.45883468467407,92.24137931034484,543,224.0,0.490429447437139,congested,78.17900267492627,39231.09369567416,14.5,True,adequately_served,4.841093092900873,5.211933511661751,37715.0,0.0074332773678192,1,37715,0.0461995963019781,3.670557877306343,0.2796749052672169,0.0509239149431982,0.969605772530158,0.27783874425076405,0.3601060989355099,0.7345102,1,0.46902037
CANDIDATE_Kangemi Ward_23,-1.2577565010263907,36.73369517529534,Kangemi Ward,False,2,residential,720.9294372854977,696.7177855692247,0,26,8188,6633.956850403134,0,0,1440.0,0,0,17.860120755591254,11.573045141024393,21.003658562874683,57.14772462015109,94.04761904761904,382,161.0,0.477674612291292,congested,63.280549542627405,74330.71297439898,17.9,False,underserved,9.81421628625743,2.3437240571343483,37061.0,0.0027703538555237,1,37061,0.1696428393750311,2.9059320347753803,0.2748251800108266,0.02220564796007878,0.934358501452609,0.33758299046034573,0.3561285233764,0.73415583,1,0.46831167
CANDIDATE_Kangemi Ward_17,-1.257926288599022,36.73405940955392,Kangemi Ward,False,2,residential,717.4373540162272,685.3956831668714,0,25,8188,6633.956850403134,0,0,1440.0,0,0,17.860120755591254,11.573045141024393,21.003658562874683,57.14772462015109,94.04761904761904,382,161.0,0.477674612291292,congested,63.280549542627405,74330.71297439898,17.9,False,underserved,9.769790707212366,2.433867290101054,37061.0,0.0027838196174232,1,37061,0.1696428393750311,2.9059320347753803,0.2748251800108266,0.023108217131578124,0.9354252171067676,0.33758299046034573,0.35656750880010657,0.73415583,1,0.46831167
CANDIDATE_Kwa Njenga Ward_4,-1.3370549862913617,36.89880762906717,Kwa Njenga Ward,False,3,motorway,418.3196951123958,430.5940843707597,2,14,2929,14304.246388913643,0,0,1440.0,0,3,17.906847137299025,11.406366449662858,21.157087481117102,57.709691248294185,93.33333333333331,371,147.0,0.3154506881194194,moderate,80.52538641399036,50138.37407016672,13.8,True,adequately_served,10.678327516340904,5.368359094266024,103653.0,0.0071544457247491,1,103653,0.2682490623582934,1.4360258252339573,0.7686369602456008,0.052490143531256354,0.959431434722675,0.7308495986869837,0.6202016786507062,0.7341091,1,0.4682182
CANDIDATE_Kawangware Ward_36,-1.2709898367943828,36.74116967364954,Kawangware Ward,False,6,residential,716.2920783029506,695.4206056943143,0,26,3492,5178.226263284484,0,0,1440.0,0,0,17.24048621436891,11.524509169053754,20.09847473702649,65.557208994709,92.96875,298,122.0,0.4417253633750815,congested,81.98129425370998,64603.17956032373,12.7,True,adequately_served,8.624028591243134,3.036344231618888,40773.0,0.008364793340804,1,40773,0.0885442239001563,4.6437342874103065,0.3023514493559654,0.029140584687710195,0.9344807156871789,0.26294562147791023,0.35259342087953327,0.7336727,1,0.46734536
CANDIDATE_Pipeline Ward_47,-1.3536994405874412,36.89175189895447,Pipeline Ward,False,2,tertiary,1421.148643834165,1417.6337704967534,0,0,4759,688.1241032945147,0,0,1440.0,0,0,17.8342114079884,11.373177187079955,21.06472851844262,60.85374116624117,95.0,178,69.0,0.3605729178568143,congested,60.39700177501157,40062.52343641133,13.8,False,underserved,11.166235290067323,60.39700177501157,4986.0,0.0014063227558322,1,4986,0.2682490623582934,34.44615769624161,0.036973593468443415,0.6034705643404202,0.8664371614817212,0.03273172431213803,0.34364217595783214,0.73351794,1,0.4670359
CANDIDATE_Nairobi West Ward_9,-1.3234726232639846,36.80923668585454,Nairobi West Ward,False,2,residential,509.1413083798604,341.5412273999194,2,23,9939,1107.4331345036017,0,0,1440.0,0,5,17.73181138157092,11.435384995598536,20.880024574557112,57.01554232804233,93.75,242,107.0,0.5580407232100865,congested,56.79149445936021,76676.38743229359,12.7,False,underserved,4.216268925214803,2.3663122691400087,8719.0,0.0039204823588031,0,8719,0.348155049984002,18.15421991847434,0.06465558793649381,0.022431814951483785,0.9678215793444555,0.05423029221814396,0.23264778382816367,0.733094,1,0.46618795
CANDIDATE_Gatina Ward_48,-1.2712662016089744,36.748151345455135,Gatina Ward,False,6,unclassified,767.0341829050799,714.3522180124496,0,18,6063,3037.154756927026,0,0,1440.0,0,0,17.24048621436891,11.524509169053754,20.09847473702649,65.557208994709,92.96875,298,122.0,0.4417253633750815,congested,55.98639000937479,45919.74288559071,12.7,False,underserved,7.858243690675182,2.946652105756568,23914.0,0.0078121522889841,0,23914,0.0885442239001563,2.613255050207503,0.1773338375861123,0.02824253227639421,0.9326970675182645,0.15316985290380677,0.2863008603086521,0.73276544,1,0.46553087
CANDIDATE_Imara Daima Ward_42,-1.3372470531215144,36.88270316996037,Imara Daima Ward,False,3,primary_link,319.7015644895505,902.6844850184998,0,8,8991,2562.801079728265,0,0,1440.0,0,0,23.153712807789017,15.270454673240636,27.358117146214813,40.53008159785654,88.23529411764706,250,102.0,0.5267625854793785,congested,67.61809525092917,92557.21147751193,13.8,False,underserved,9.219017728343571,7.513121694547686,18571.0,0.0093544913158593,0,18571,0.2682490623582934,5.704579811463799,0.13771291702817143,0.07396481821830674,0.9149532801668274,0.1288490680370577,0.2754511951552137,0.732344,1,0.46468794
CANDIDATE_Mountain View Ward_0,-1.2691986310117085,36.73970547206701,Mountain View Ward,False,6,residential,527.7849225610079,494.39933118630313,1,31,6212,2438.23971917691,0,0,1440.0,0,6,17.24048621436891,11.524509169053754,20.09847473702649,65.557208994709,92.96875,298,122.0,0.4417253633750815,congested,61.1874463798916,53352.875177465976,17.9,False,underserved,8.824634569972465,1.9121076993716128,13621.0,0.0113467683059888,0,13621,0.1696428393750311,5.847857289081503,0.10100628091329077,0.017884041050602147,0.9534200021126454,0.1224626306627993,0.25499973513739127,0.7322448,1,0.46448958
CANDIDATE_Hospital Ward_19,-1.2557140968295482,36.83710134813892,Hospital Ward,False,6,residential,403.5066255466352,683.8986740989602,0,21,2568,5468.702396804928,0,0,1440.0,0,0,17.684657596250318,11.666697525521228,20.693637631614862,60.45883468467407,92.24137931034484,543,224.0,0.490429447437139,congested,78.17900267492627,39231.09369567416,14.5,True,adequately_served,4.066593846784979,3.553591030678467,37715.0,0.0148328843610208,1,37715,0.0461995963019781,3.670557877306343,0.2796749052672169,0.03431957593889289,0.9355662583154063,0.27783874425076405,0.3491471113414832,0.7321875,1,0.46437502
CANDIDATE_Upper Savanna Ward_15,-1.2827565089109036,36.92171189873894,Upper Savanna Ward,False,2,residential,1538.2508876755105,786.0189001937734,0,16,2569,969.351607954276,0,0,1440.0,0,0,18.054313199966053,11.514724616707694,21.324107491595232,57.35551818750744,93.22916666666669,394,160.0,0.5289229448015942,congested,62.13610462916318,22624.40132520788,7.2,False,underserved,11.62533384820163,3.655064978186069,13463.0,0.001299333341961,0,13463,0.4401639794947514,17.503225579665653,0.09983463475043196,0.03533559515316416,0.9259449671531816,0.0471506567842833,0.23839514573843523,0.7319839,1,0.4639678
CANDIDATE_Pipeline Ward_28,-1.3479805338944972,36.87962738298688,Pipeline Ward,False,4,primary_link,892.5793516432757,1932.946297354496,0,0,4759,688.1241032945147,0,0,1440.0,0,0,23.153712807789017,15.270454673240636,27.358117146214813,40.53008159785654,88.23529411764706,250,102.0,0.5267625854793785,congested,60.39700177501157,40062.52343641133,13.8,False,underserved,9.74925297255722,60.39700177501157,4986.0,0.0044763791739861,1,4986,0.2682490623582934,34.44615769624161,0.036973593468443415,0.6034705643404202,0.8178868198888927,0.03273172431213803,0.33393210763926645,0.73167676,1,0.4633535
CANDIDATE_Dandora Area Iii Ward_9,-1.2426604940887978,36.90120462207428,Dandora Area Iii Ward,False,2,residential,1585.7259075325026,521.9441217194329,0,33,8261,3479.3635402845307,0,0,1440.0,0,1,17.845377654040565,11.606875140660836,20.96462891073044,57.8859819316018,91.796875,574,247.0,0.4245573366979223,moderate,62.53869018516417,73507.78889000125,7.5,False,underserved,10.529216529269938,1.8393732407401229,46391.0,0.0012604571403955,1,46391,0.1688006615484064,4.244448169525055,0.3440116274758441,0.01715577917329934,0.9508248604854063,0.1758425235358472,0.35002649121412094,0.73150903,1,0.46301806
CANDIDATE_Kangemi Ward_45,-1.2704267340148172,36.74168827321782,Kangemi Ward,False,2,residential,655.6706976940708,644.8243955726296,0,18,8188,6633.956850403134,0,0,1440.0,0,0,17.24048621436891,11.524509169053754,20.09847473702649,65.557208994709,92.96875,298,122.0,0.4417253633750815,congested,63.280549542627405,74330.71297439898,17.9,False,underserved,8.580277671964152,3.330555239085653,37061.0,0.0030456665829967,1,37061,0.1696428393750311,2.9059320347753803,0.2748251800108266,0.03208640520596635,0.9392476544994164,0.33758299046034573,0.3595765432972334,0.7311415,1,0.46228302
CANDIDATE_South C Ward_36,-1.3472470395198155,36.87836304510937,South C Ward,False,4,primary_link,764.6036610717608,1972.6858741009607,0,0,9969,464.7086107611213,0,0,1440.0,0,0,23.153712807789017,15.270454673240636,27.358117146214813,40.53008159785654,88.23529411764706,250,102.0,0.5267625854793785,congested,52.75712751657217,70344.6251026133,12.7,False,underserved,9.592007394431876,52.75712751657217,3659.0,0.0052246354130548,0,3659,0.348155049984002,28.829494748770223,0.02713324879683804,0.5269754714437004,0.8141427424111722,0.021276895582041187,0.3083244325384611,0.7310577,1,0.4621154
CANDIDATE_Ngando Ward_46,-1.316345254619854,36.73695946407023,Ngando Ward,False,3,trunk,987.5797865816984,988.5129744702205,0,2,2979,1287.4420267405085,0,0,1440.0,0,0,16.699138772601074,11.303737458124182,19.57668614032208,68.12864671560324,95.45454545454544,134,49.0,0.5466091380314718,congested,64.55544213237266,28020.643468093764,18.5,False,underserved,9.521260445607602,21.51848071079089,6959.0,0.0030346564240134,0,6959,0.1996750767775023,17.558483286089597,0.051604339540091804,0.21419503703584547,0.9068669204063012,0.06345960307338838,0.2656755827939314,0.7300173,1,0.4600346
CANDIDATE_Ngando Ward_11,-1.315383158004518,36.73764360666778,Ngando Ward,False,3,secondary,905.3315300192525,916.655488604618,0,7,2979,1287.4420267405085,0,0,1440.0,0,0,16.699138772601074,11.303737458124182,19.57668614032208,68.12864671560324,95.45454545454544,134,49.0,0.5466091380314718,congested,64.55544213237266,28020.643468093764,18.5,False,underserved,9.412885878033004,8.069430266546583,6959.0,0.0033100470419872,0,6959,0.1996750767775023,17.558483286089597,0.051604339540091804,0.07953491982662692,0.9136369974041382,0.06345960307338838,0.23336456889119417,0.7300173,1,0.4600346
CANDIDATE_Pangani Ward_19,-1.2556924525477582,36.8371043659571,Pangani Ward,False,6,residential,404.7402122816544,684.376437858338,0,21,989,2790.562086051957,0,0,1440.0,0,0,17.684657596250318,11.666697525521228,20.693637631614862,60.45883468467407,92.24137931034484,543,224.0,0.490429447437139,congested,88.98050726062212,29921.21680161153,20.0,True,adequately_served,4.068795892453776,4.04456851184646,13952.0,0.0147877874028294,0,13952,0.0823102809141833,24.46424571745943,0.10346080546965956,0.03923554271552608,0.9355212456434655,0.1405266974138228,0.26122975620472005,0.7295263,1,0.45905256
CANDIDATE_Mountain View Ward_13,-1.2698042305804909,36.73505681737493,Mountain View Ward,False,6,unclassified,465.8250893724551,471.0311244818389,2,41,6212,2438.23971917691,0,0,1440.0,0,3,17.860120755591254,11.573045141024393,21.003658562874683,57.14772462015109,94.04761904761904,382,161.0,0.477674612291292,congested,61.1874463798916,53352.875177465976,17.9,False,underserved,9.316227176225228,1.4568439614259905,13621.0,0.0128527796311584,0,13621,0.1696428393750311,5.847857289081503,0.10100628091329077,0.013325662110243492,0.9556216455014288,0.1224626306627993,0.25430046908005827,0.72941685,1,0.4588337
CANDIDATE_Kawangware Ward_11,-1.2714062027545274,36.7449270734788,Kawangware Ward,False,6,residential,778.7077194290938,792.3172304622083,0,16,3492,5178.226263284484,0,0,1440.0,0,0,17.24048621436891,11.524509169053754,20.09847473702649,65.557208994709,92.96875,298,122.0,0.4417253633750815,congested,81.98129425370998,64603.17956032373,12.7,True,adequately_served,8.205543570520168,4.822429073747646,40773.0,0.0076951912242105,1,40773,0.0885442239001563,4.6437342874103065,0.3023514493559654,0.047023958326895134,0.9253515678662255,0.26294562147791023,0.35523843472513883,0.7283121,1,0.45662415
CANDIDATE_Waithaka Ward_0,-1.287138508606122,36.73300378190004,Waithaka Ward,False,2,unclassified,384.07198661542,418.77039022158345,8,51,6065,992.4407038919258,0,0,1440.0,0,3,16.699138772601074,11.303737458124182,19.57668614032208,68.12864671560324,95.45454545454544,134,49.0,0.5466091380314718,congested,40.50101289672889,33981.409843591384,18.5,False,severely_underserved,9.360191578172753,0.7788656326294017,5364.0,0.0051938340609477,0,5364,0.1996750767775023,6.003282410558159,0.039776645680852485,0.006537328495201521,0.9605454080105592,0.04833446743456316,0.21733213320112324,0.7273819,1,0.45476377
CANDIDATE_Lucky Summer Ward_47,-1.2363326252419615,36.90004861295622,Lucky Summer Ward,False,8,residential,1650.6710699628245,474.1382739416898,1,12,6042,3344.2855019757435,0,0,1440.0,0,1,17.845377654040565,11.606875140660836,20.96462891073044,57.8859819316018,91.796875,574,247.0,0.4245573366979223,moderate,66.8770030670488,60808.06426925295,11.1,False,underserved,10.76198483586494,5.144384851311447,30128.0,0.0048435794181344,0,30128,0.0768685671769029,3.552160434569506,0.2234136430038635,0.05024757644942814,0.9553289043787249,0.16891688119798048,0.31560582627905037,0.7269635,1,0.45392704
CANDIDATE_Dandora Area Iii Ward_1,-1.23553563397795,36.90053075239704,Dandora Area Iii Ward,False,2,residential,1547.303236962942,577.1520848066596,0,9,8261,3479.3635402845307,0,0,1440.0,0,0,17.845377654040565,11.606875140660836,20.96462891073044,57.8859819316018,91.796875,574,247.0,0.4245573366979223,moderate,62.53869018516417,73507.78889000125,7.5,False,underserved,10.85380665054494,6.253869018516417,46391.0,0.0012917366264266,1,46391,0.1688006615484064,4.244448169525055,0.3440116274758441,0.06135641038658782,0.9456234238293377,0.1758425235358472,0.3600363616862294,0.72632855,1,0.4526571
CANDIDATE_Kangemi Ward_41,-1.2552632617376354,36.73223482834313,Kangemi Ward,False,2,residential,961.9972596505396,947.472368641786,0,12,8188,6633.956850403134,0,0,1440.0,0,0,17.860120755591254,11.573045141024393,21.003658562874683,57.14772462015109,94.04761904761904,382,161.0,0.477674612291292,congested,63.280549542627405,74330.71297439898,17.9,False,underserved,10.059930908347429,4.867734580202108,37061.0,0.0020768491082994,1,37061,0.1696428393750311,2.9059320347753803,0.2748251800108266,0.04747758476206044,0.9107335747729186,0.33758299046034573,0.3577215222409573,0.7262622,1,0.45252442
CANDIDATE_Kilimani Ward_2,-1.2674773873560865,36.74653594975337,Kilimani Ward,False,6,residential,352.17312742726386,339.7492935292326,9,28,8599,885.9820170246448,0,0,1440.0,0,7,17.24048621436891,11.524509169053754,20.09847473702649,65.557208994709,92.96875,298,122.0,0.4417253633750815,congested,79.90573642743492,142658.5972963719,12.7,True,adequately_served,8.13244254593022,2.755370221635687,6976.0,0.0169888350331402,0,6976,0.0885442239001563,26.665059604485144,0.05173040273482978,0.026327301082749492,0.9679904069917555,0.042876179779272466,0.2268607835820834,0.72612494,1,0.45224988
CANDIDATE_Clay City_39,-1.2351719086213195,36.91747108249977,Clay City,False,6,residential,728.9948291854435,729.630664550639,0,12,7281,935.8012048297124,0,0,1440.0,0,0,17.845377654040565,11.606875140660836,20.96462891073044,57.8859819316018,91.796875,574,247.0,0.4245573366979223,moderate,59.34801434111238,59710.23367322085,11.0,False,underserved,12.51806933009724,4.565231872393261,8507.0,0.0082192363015708,0,8507,0.2237461265027511,12.259205080423108,0.06308350574329084,0.04444874266956323,0.9312576035817676,0.04543048009796805,0.22852902941348976,0.72289807,1,0.44579613
CANDIDATE_Gatina Ward_28,-1.270327780830077,36.75058404793683,Gatina Ward,False,6,residential,658.3276342494104,605.0240992622812,0,23,6063,3037.154756927026,0,0,1440.0,0,0,17.24048621436891,11.524509169053754,20.09847473702649,65.557208994709,92.96875,298,122.0,0.4417253633750815,congested,55.98639000937479,45919.74288559071,12.7,False,underserved,7.618104338639628,2.332766250390616,23914.0,0.009100179771519,0,23914,0.0885442239001563,2.613255050207503,0.1773338375861123,0.02209593169820704,0.9429974526911002,0.15316985290380677,0.2868242871986725,0.72259724,1,0.44519448
CANDIDATE_Kwa Njenga Ward_19,-1.335911983357176,36.88678558796799,Kwa Njenga Ward,False,3,primary,283.89546591240816,438.0197630856112,1,21,2929,14304.246388913643,0,0,1440.0,0,2,17.906847137299025,11.406366449662858,21.157087481117102,57.709691248294185,93.33333333333331,371,147.0,0.3154506881194194,moderate,80.52538641399036,50138.37407016672,13.8,True,adequately_served,9.49467620788208,3.6602448369995617,103653.0,0.0105301781142503,1,103653,0.2682490623582934,1.4360258252339573,0.7686369602456008,0.03538745906711436,0.9587318219258292,0.7308495986869837,0.6157860849753015,0.72241515,1,0.4448303
CANDIDATE_Eastleigh South Ward_46,-1.2894295426575195,36.84302100300109,Eastleigh South Ward,False,6,unclassified,309.2076942889327,310.18603514682854,9,31,4421,4792.49862701149,0,0,1440.0,0,20,17.243300893072206,11.884733802396095,20.1012033414328,63.47116048203005,93.75,190,84.0,0.5831369347890785,congested,78.3703324081986,68143.70069639628,9.3,True,adequately_served,2.8901388270292325,2.4490728877562065,51532.0,0.0193418800064046,1,51532,0.2187157501793953,0.704393795896947,0.3821346206610161,0.023260464873600336,0.9707757192406444,0.24316881925229095,0.38235114114834284,0.72123367,1,0.44246733
CANDIDATE_South C Ward_35,-1.33538893209156,36.884081585726605,South C Ward,False,3,primary_link,72.90074654790779,669.5077323190154,0,18,9969,464.7086107611213,0,0,1440.0,0,0,23.153712807789017,15.270454673240636,27.358117146214813,40.53008159785654,88.23529411764706,250,102.0,0.5267625854793785,congested,52.75712751657217,70344.6251026133,12.7,False,underserved,9.216926316413309,2.776690921924851,3659.0,0.0405949890919597,0,3659,0.348155049984002,28.829494748770223,0.02713324879683804,0.0265407769717592,0.9369221056950912,0.021276895582041187,0.20777163157725959,0.7207405,1,0.441481
CANDIDATE_Matopeni/spring Valley Ward_19,-1.2513238688730608,36.92083625687193,Matopeni/spring Valley Ward,False,8,residential,701.781586101985,699.8807695551344,0,9,1882,814.344876647441,0,0,1440.0,0,0,17.845377654040565,11.606875140660836,20.96462891073044,57.8859819316018,91.796875,574,247.0,0.4245573366979223,moderate,58.72900295774414,15205.42326080414,7.0,False,underserved,12.163292624935163,5.872900295774414,11633.0,0.0113833375236429,0,11633,0.0226306829054491,3.94596052808772,0.08626430261099123,0.05754191857022026,0.9340604998614096,0.03920324213099311,0.23923073395488254,0.720709,1,0.44141805
CANDIDATE_Upper Savanna Ward_24,-1.2881966117527437,36.91890203350339,Upper Savanna Ward,False,2,residential,1572.7136270883334,884.3756751029132,0,4,2569,969.351607954276,0,0,1440.0,0,0,18.054313199966053,11.514724616707694,21.324107491595232,57.35551818750744,93.22916666666669,394,160.0,0.5289229448015942,congested,62.13610462916318,22624.40132520788,7.2,False,underserved,11.30766084325655,12.427220925832636,13463.0,0.0012708792537435,0,13463,0.4401639794947514,17.503225579665653,0.09983463475043196,0.12316778471812824,0.9166782507996591,0.0471506567842833,0.25849984985897173,0.7170076,1,0.43401515
CANDIDATE_Kawangware Ward_4,-1.2718370553490808,36.74736830019714,Kawangware Ward,False,6,residential,835.2048837812589,798.0595407875787,0,17,3492,5178.226263284484,0,0,1440.0,0,0,17.24048621436891,11.524509169053754,20.09847473702649,65.557208994709,92.96875,298,122.0,0.4417253633750815,congested,81.98129425370998,64603.17956032373,12.7,True,adequately_served,7.930089457614347,4.554516347428332,40773.0,0.0071752750030213,1,40773,0.0885442239001563,4.6437342874103065,0.3023514493559654,0.04434145228101739,0.9248105541836574,0.26294562147791023,0.35445960547715577,0.7164974,1,0.43299484
CANDIDATE_Lucky Summer Ward_1,-1.2369301148349636,36.90102130795561,Lucky Summer Ward,False,6,residential,1653.622028084873,501.4092765975298,0,10,6042,3344.2855019757435,0,0,1440.0,0,1,17.845377654040565,11.606875140660836,20.96462891073044,57.8859819316018,91.796875,574,247.0,0.4245573366979223,moderate,66.8770030670488,60808.06426925295,11.1,False,underserved,10.82074303928865,6.079727551549891,30128.0,0.0036262058029921,0,30128,0.0768685671769029,3.552160434569506,0.2234136430038635,0.05961279953094311,0.9527595577676624,0.16891688119798048,0.31743326272721656,0.7163181,1,0.43263614
CANDIDATE_Makongeni Ward_11,-1.284010897056661,36.86109232256,Makongeni Ward,False,6,residential,1060.3219721715925,560.1840686967895,0,17,1369,894.6734451583051,0,0,1440.0,0,0,17.243300893072206,11.884733802396095,20.1012033414328,63.47116048203005,93.75,190,84.0,0.5831369347890785,congested,83.24316740229835,27239.29778072184,7.3,True,adequately_served,4.886602225978746,4.624620411238798,12255.0,0.0056533268483298,0,12255,0.0295766007950331,56.829658842951936,0.09087673244199239,0.04504337703687255,0.9472220711265618,0.04332180160953181,0.24117647516113422,0.7161966,1,0.4323932
CANDIDATE_Pangani Ward_12,-1.255747987135332,36.83458112591735,Pangani Ward,False,2,residential,176.9920414657695,873.5761195800488,0,25,989,2790.562086051957,0,0,1440.0,0,0,17.684657596250318,11.666697525521228,20.693637631614862,60.45883468467407,92.24137931034484,543,224.0,0.490429447437139,congested,88.98050726062212,29921.21680161153,20.0,True,adequately_served,3.917946207756263,3.42232720233162,13952.0,0.0112364574479282,0,13952,0.0823102809141833,24.46424571745943,0.10346080546965956,0.03300528222099834,0.917695734525279,0.1405266974138228,0.2561070888574508,0.71557456,1,0.43114913
CANDIDATE_Gatina Ward_12,-1.269356862097908,36.741504958684935,Gatina Ward,False,2,residential,535.8234609886996,524.7108824824259,0,20,6063,3037.154756927026,0,0,1440.0,0,3,17.24048621436891,11.524509169053754,20.09847473702649,65.557208994709,92.96875,298,122.0,0.4417253633750815,congested,55.98639000937479,45919.74288559071,12.7,False,underserved,8.625571938292243,2.66601857187499,23914.0,0.0037256195850987,0,23914,0.0885442239001563,2.613255050207503,0.1773338375861123,0.025432657726365784,0.9505641891973085,0.15316985290380677,0.2891718160069538,0.7139807,1,0.42796135
CANDIDATE_Kangemi Ward_7,-1.268808067727058,36.741137456891614,Kangemi Ward,False,2,residential,474.2046154845453,456.0583515915703,3,21,8188,6633.956850403134,0,0,1440.0,0,6,17.24048621436891,11.524509169053754,20.09847473702649,65.557208994709,92.96875,298,122.0,0.4417253633750815,congested,63.280549542627405,74330.71297439898,17.9,False,underserved,8.67898328681527,2.876388615573973,37061.0,0.0042087133307,1,37061,0.1696428393750311,2.9059320347753803,0.2748251800108266,0.027539011246211272,0.957032310293234,0.33758299046034573,0.36199662596605814,0.713848,1,0.427696
CANDIDATE_Lucky Summer Ward_40,-1.2375736563313284,36.901084875188246,Lucky Summer Ward,False,6,residential,1713.8222852332383,466.0128828735627,1,12,6042,3344.2855019757435,0,0,1440.0,0,1,17.845377654040565,11.606875140660836,20.96462891073044,57.8859819316018,91.796875,574,247.0,0.4245573366979223,moderate,66.8770030670488,60808.06426925295,11.1,False,underserved,10.790647241546669,5.144384851311447,30128.0,0.0034989048437657,0,30128,0.0768685671769029,3.552160434569506,0.2234136430038635,0.05024757644942814,0.9560944408083133,0.16891688119798048,0.31575893356496804,0.71316165,1,0.4263233
CANDIDATE_Dandora Area Iii Ward_49,-1.2356486718713977,36.9036946647873,Dandora Area Iii Ward,False,6,residential,1398.6711635754657,825.2054259698135,0,3,8261,3479.3635402845307,0,0,1440.0,0,0,17.845377654040565,11.606875140660836,20.96462891073044,57.8859819316018,91.796875,574,247.0,0.4245573366979223,moderate,62.53869018516417,73507.78889000125,7.5,False,underserved,11.149142459939728,15.634672546291045,46391.0,0.004286721164329,1,46391,0.1688006615484064,4.244448169525055,0.3440116274758441,0.15528275171482586,0.9222529955571018,0.1758425235358472,0.3788438613638417,0.7129948,1,0.42598963
CANDIDATE_Kangemi Ward_12,-1.27252039969993,36.74746343744506,Kangemi Ward,False,6,residential,911.578220086888,763.3925172786143,0,12,8188,6633.956850403134,0,0,1440.0,0,0,17.24048621436891,11.524509169053754,20.09847473702649,65.557208994709,92.96875,298,122.0,0.4417253633750815,congested,63.280549542627405,74330.71297439898,17.9,False,underserved,7.904549080321227,4.867734580202108,37061.0,0.0065747788714798,1,37061,0.1696428393750311,2.9059320347753803,0.2748251800108266,0.04747758476206044,0.9280767193662312,0.33758299046034573,0.36119015115961983,0.7125404,1,0.42508078
CANDIDATE_Kilimani Ward_41,-1.271966771775498,36.74793545288368,Kilimani Ward,False,2,residential,847.9611478341459,794.4028953329143,0,16,8599,885.9820170246448,0,0,1440.0,0,0,17.24048621436891,11.524509169053754,20.09847473702649,65.557208994709,92.96875,298,122.0,0.4417253633750815,congested,79.90573642743492,142658.5972963719,12.7,True,adequately_served,7.865423726842164,4.700337436907937,6976.0,0.0023558204107483,0,6976,0.0885442239001563,26.665059604485144,0.05173040273482978,0.04580150219921092,0.925155066254789,0.042876179779272466,0.22316226571380549,0.7118281,1,0.42365623
CANDIDATE_Mountain View Ward_16,-1.2602621768010511,36.73619095600996,Mountain View Ward,False,6,residential,456.5253039811794,478.9443306239772,3,29,6212,2438.23971917691,0,0,1440.0,0,6,17.860120755591254,11.573045141024393,21.003658562874683,57.14772462015109,94.04761904761904,382,161.0,0.477674612291292,congested,61.1874463798916,53352.875177465976,17.9,False,underserved,9.462949737847392,2.039581545996387,13621.0,0.0131140287712847,0,13621,0.1696428393750311,5.847857289081503,0.10100628091329077,0.01916038715390257,0.9548761001454135,0.1224626306627993,0.25561004126977,0.7116655,1,0.42333102
CANDIDATE_Nyayo Highrise Ward_8,-1.310882066443811,36.810527736908135,Nyayo Highrise Ward,False,2,residential,374.1922729167279,315.4929159119258,11,63,1215,5979.621047336875,0,0,1440.0,0,5,17.73181138157092,11.435384995598536,20.880024574557112,57.01554232804233,93.75,242,107.0,0.5580407232100865,congested,82.69463425732702,23400.367568368,12.7,True,adequately_served,2.821521263071122,1.2921036602707348,47083.0,0.0053306001865445,1,47083,0.348155049984002,2.564062287684165,0.349143141049884,0.011676181475561018,0.9702757296993286,0.30403426708802156,0.3799811440938197,0.7100904,1,0.4201808
CANDIDATE_Pangani Ward_22,-1.2625114928508996,36.84083654707138,Pangani Ward,False,3,secondary,32.9318932663051,345.4443457150878,19,56,989,2790.562086051957,0,0,1440.0,0,18,17.684657596250318,11.666697525521228,20.693637631614862,60.45883468467407,92.24137931034484,543,224.0,0.490429447437139,congested,88.98050726062212,29921.21680161153,20.0,True,adequately_served,3.736332782205186,1.5610615308881073,13952.0,0.0884123964570832,0,13952,0.0823102809141833,24.46424571745943,0.10346080546965956,0.014369152145261875,0.9674538457505641,0.1405266974138228,0.2613996785835737,0.70884514,1,0.41769028
CANDIDATE_Kangemi Ward_20,-1.2701602865735508,36.744415502009765,Kangemi Ward,False,6,residential,635.5844146145249,648.8602493815038,0,19,8188,6633.956850403134,0,0,1440.0,0,0,17.24048621436891,11.524509169053754,20.09847473702649,65.557208994709,92.96875,298,122.0,0.4417253633750815,congested,63.280549542627405,74330.71297439898,17.9,False,underserved,8.290307012359516,3.1640274771313703,37061.0,0.0094253014403961,1,37061,0.1696428393750311,2.9059320347753803,0.2748251800108266,0.030419027420722822,0.9388674151867136,0.33758299046034573,0.3590836509883819,0.70866543,1,0.41733086
CANDIDATE_Clay City_16,-1.237944732454639,36.90244883613184,Clay City,False,8,tertiary,1687.163340969052,584.9778883888816,0,12,7281,935.8012048297124,0,0,1440.0,0,0,17.845377654040565,11.606875140660836,20.96462891073044,57.8859819316018,91.796875,574,247.0,0.4245573366979223,moderate,59.34801434111238,59710.23367322085,11.0,False,underserved,10.901498916272812,4.565231872393261,8507.0,0.0047388779307384,0,8507,0.2237461265027511,12.259205080423108,0.06308350574329084,0.04444874266956323,0.9448861131346569,0.04543048009796805,0.23125473132406762,0.7077789,1,0.41555774
CANDIDATE_Embakasi Ward_26,-1.33689844575951,36.9003953247095,Embakasi Ward,False,3,trunk,466.1233200362919,607.4915939280127,0,13,29594,170.15776873711866,0,0,1440.0,0,0,17.906847137299025,11.406366449662858,21.157087481117102,57.709691248294185,93.33333333333331,371,147.0,0.3154506881194194,moderate,22.437747821685697,127185.79787032236,7.2,False,severely_underserved,10.819630867973938,1.6026962729775498,2363.0,0.0064222869450553,0,2363,0.4401639794947514,6.03841004939126,0.01752278406857838,0.01478602464291388,0.9427649768581717,0.0061748567331173475,0.19961744730298875,0.7071668,1,0.41433358
CANDIDATE_Kangemi Ward_42,-1.2548555590690027,36.75763703815756,Kangemi Ward,False,2,residential,448.4700500007055,999.6566146379404,0,1,8188,6633.956850403134,0,0,1440.0,0,0,17.24048621436891,11.524509169053754,20.09847473702649,65.557208994709,92.96875,298,122.0,0.4417253633750815,congested,63.280549542627405,74330.71297439898,17.9,False,underserved,7.493130317856934,31.640274771313702,37061.0,0.0044496846897737,1,37061,0.1696428393750311,2.9059320347753803,0.2748251800108266,0.31554062869736593,0.905817018631102,0.33758299046034573,0.4237539719964204,0.7070988,1,0.41419756
CANDIDATE_Eastleigh South Ward_36,-1.2848819009448669,36.86120825683477,Eastleigh South Ward,False,2,residential,1063.5333481184666,463.6184886687197,4,23,4421,4792.49862701149,0,0,1440.0,0,2,17.243300893072206,11.884733802396095,20.1012033414328,63.47116048203005,93.75,190,84.0,0.5831369347890785,congested,78.3703324081986,68143.70069639628,9.3,True,adequately_served,4.895174415037004,3.265430517008275,51532.0,0.0018787574889362,1,51532,0.2187157501793953,0.704393795896947,0.3821346206610161,0.031434336664435174,0.9563200294569376,0.24316881925229095,0.38150347113931016,0.70701635,1,0.4140327
CANDIDATE_Makongeni Ward_26,-1.2845975881958331,36.860703292847376,Makongeni Ward,False,6,residential,1010.7428758846738,510.5961701461883,0,19,1369,894.6734451583051,0,0,1440.0,0,2,17.243300893072206,11.884733802396095,20.1012033414328,63.47116048203005,93.75,190,84.0,0.5831369347890785,congested,83.24316740229835,27239.29778072184,7.3,True,adequately_served,4.840279096690623,4.162158370114918,12255.0,0.0059303605125497,0,12255,0.0295766007950331,56.829658842951936,0.09087673244199239,0.040412924283294877,0.951894011527822,0.04332180160953181,0.24095325005299184,0.70701635,1,0.4140327
CANDIDATE_Kangemi Ward_14,-1.2681625457130334,36.75178696731219,Kangemi Ward,False,6,residential,425.5577557701444,433.0778290761535,8,26,8188,6633.956850403134,0,0,1440.0,0,7,17.24048621436891,11.524509169053754,20.09847473702649,65.557208994709,92.96875,298,122.0,0.4417253633750815,congested,63.280549542627405,74330.71297439898,17.9,False,underserved,7.549262157916851,2.3437240571343483,37061.0,0.0140660905090497,1,37061,0.1696428393750311,2.9059320347753803,0.2748251800108266,0.02220564796007878,0.9591974278868398,0.33758299046034573,0.36109630866324616,0.70687383,1,0.41374767
CANDIDATE_Matopeni/spring Valley Ward_26,-1.2594106714579882,36.93128627871162,Matopeni/spring Valley Ward,False,6,residential,503.07291703909726,494.532048383869,1,13,1882,814.344876647441,0,0,1440.0,0,3,17.845377654040565,11.606875140660836,20.96462891073044,57.8859819316018,91.796875,574,247.0,0.4245573366979223,moderate,58.72900295774414,15205.42326080414,7.0,False,underserved,13.03291801521003,4.19492878269601,11633.0,0.0119030398126599,0,11633,0.0226306829054491,3.94596052808772,0.08626430261099123,0.040741041693327554,0.9534074981176109,0.03920324213099311,0.23889991438689964,0.7064703,1,0.41294062
CANDIDATE_Gatina Ward_17,-1.2694826249613007,36.74265153365769,Gatina Ward,False,6,residential,570.9849107429142,547.5057281213636,0,20,6063,3037.154756927026,0,0,1440.0,0,2,17.24048621436891,11.524509169053754,20.09847473702649,65.557208994709,92.96875,298,122.0,0.4417253633750815,congested,55.98639000937479,45919.74288559071,12.7,False,underserved,8.498164270072792,2.66601857187499,23914.0,0.0104897872082097,0,23914,0.0885442239001563,2.613255050207503,0.1773338375861123,0.025432657726365784,0.9484165652125499,0.15316985290380677,0.28874229121000206,0.70594513,1,0.41189027
CANDIDATE_Hospital Ward_34,-1.2577754543957174,36.83501213204913,Hospital Ward,False,6,secondary,159.42846965168675,710.9466024819325,0,31,2568,5468.702396804928,0,0,1440.0,0,0,17.684657596250318,11.666697525521228,20.693637631614862,60.45883468467407,92.24137931034484,543,224.0,0.490429447437139,congested,78.17900267492627,39231.09369567416,14.5,True,adequately_served,3.74857259315407,2.443093833591446,37715.0,0.0373998456323049,1,37715,0.0461995963019781,3.670557877306343,0.2796749052672169,0.023200598927081303,0.9330179287213652,0.27783874425076405,0.3458577011697221,0.7041055,1,0.408211
CANDIDATE_Roysambu Ward_5,-1.2351555340276423,36.88862811381484,Roysambu Ward,False,4,unclassified,1111.1267675564195,483.8399490396216,1,16,15669,483.239781975182,0,0,1440.0,0,1,17.845377654040565,11.606875140660836,20.96462891073044,57.8859819316018,91.796875,574,247.0,0.4245573366979223,moderate,52.55807786151991,110098.7167953836,12.5,False,underserved,9.773458691431308,3.091651638912936,3865.0,0.0035967122783932,0,3865,0.140004148607421,20.27271584053182,0.02866083809778055,0.0296943562702937,0.9544148578235219,0.022227014976261075,0.2127832569617532,0.70233035,1,0.4046607
CANDIDATE_Kawangware Ward_7,-1.287946968251105,36.73216048099549,Kawangware Ward,False,2,residential,312.7130423324288,315.2248880971693,9,45,3492,5178.226263284484,0,0,1440.0,0,3,16.699138772601074,11.303737458124182,19.57668614032208,68.12864671560324,95.45454545454544,134,49.0,0.5466091380314718,congested,81.98129425370998,64603.17956032373,12.7,True,adequately_served,9.455141831656334,1.7822020489936952,40773.0,0.0063752529545159,1,40773,0.0885442239001563,4.6437342874103065,0.3023514493559654,0.016583346241065125,0.9703009820292926,0.26294562147791023,0.35661816453629475,0.70181775,1,0.4036355
CANDIDATE_Pipeline Ward_15,-1.3454456888256876,36.889555820875,Pipeline Ward,False,2,tertiary,1025.2128860595983,1004.6299248813284,0,0,4759,688.1241032945147,0,0,1440.0,0,0,17.906847137299025,11.406366449662858,21.157087481117102,57.709691248294185,93.33333333333331,371,147.0,0.3154506881194194,moderate,60.39700177501157,40062.52343641133,13.8,False,underserved,10.38288937116228,60.39700177501157,4986.0,0.0019489133562525,1,4986,0.2682490623582934,34.44615769624161,0.036973593468443415,0.6034705643404202,0.9053484565477465,0.03273172431213803,0.3514244349710372,0.70116895,1,0.4023379
CANDIDATE_Lucky Summer Ward_15,-1.235022034540504,36.90272370443433,Lucky Summer Ward,False,2,residential,1379.5078368777822,782.7937665005295,0,4,6042,3344.2855019757435,0,0,1440.0,0,0,17.845377654040565,11.606875140660836,20.96462891073044,57.8859819316018,91.796875,574,247.0,0.4245573366979223,moderate,66.8770030670488,60808.06426925295,11.1,False,underserved,11.091914462630866,13.37540061340976,30128.0,0.0014487422284565,1,30128,0.0768685671769029,3.552160434569506,0.2234136430038635,0.13266153956675988,0.9262488241997866,0.16891688119798048,0.3303933010225956,0.7006073,1,0.4012146
CANDIDATE_Kangemi Ward_38,-1.258821105824231,36.73452256175035,Kangemi Ward,False,2,residential,631.8094642624822,588.3478546176161,0,27,8188,6633.956850403134,0,0,1440.0,0,0,17.860120755591254,11.573045141024393,21.003658562874683,57.14772462015109,94.04761904761904,382,161.0,0.477674612291292,congested,63.280549542627405,74330.71297439898,17.9,False,underserved,9.68914485354288,2.2600196265224075,37061.0,0.0031605089888011,1,37061,0.1696428393750311,2.9059320347753803,0.2748251800108266,0.021367548015115104,0.9445686106424139,0.33758299046034573,0.35796102022812004,0.7005282,1,0.4010564
CANDIDATE_Mountain View Ward_15,-1.2741784354420098,36.74779729070583,Mountain View Ward,False,2,residential,1092.1452457224989,588.1862003320048,0,4,6212,2438.23971917691,0,0,1440.0,0,0,17.24048621436891,11.524509169053754,20.09847473702649,65.557208994709,92.96875,298,122.0,0.4417253633750815,congested,61.1874463798916,53352.875177465976,17.9,False,underserved,7.834073633809044,12.23748927597832,13621.0,0.0018295830383254,0,13621,0.1696428393750311,5.847857289081503,0.10100628091329077,0.12126807541793636,0.9445838409548502,0.1224626306627993,0.27907851149766577,0.6991712,1,0.39834237
CANDIDATE_Gatina Ward_6,-1.2713417431135206,36.7559541246309,Gatina Ward,False,2,residential,812.1589212352129,776.7780362343823,0,18,6063,3037.154756927026,0,0,1440.0,0,0,17.24048621436891,11.524509169053754,20.09847473702649,65.557208994709,92.96875,298,122.0,0.4417253633750815,congested,55.98639000937479,45919.74288559071,12.7,False,underserved,7.011402111250402,2.946652105756568,23914.0,0.0024595438207354,0,23914,0.0885442239001563,2.613255050207503,0.1773338375861123,0.02824253227639421,0.9268155982332702,0.15316985290380677,0.28512456645165324,0.69784397,1,0.39568794
CANDIDATE_Njiru Ward_10,-1.2413488038757512,36.90249434519494,Njiru Ward,False,2,residential,1704.252285136704,581.4689955194228,0,25,10989,746.4285914852591,0,0,1440.0,0,0,17.845377654040565,11.606875140660836,20.96462891073044,57.8859819316018,91.796875,574,247.0,0.4245573366979223,moderate,47.21837435030173,69402.06821576251,11.0,False,severely_underserved,10.7239397654311,1.8160913211654512,6785.0,0.0011728469842453,0,6785,0.2237461265027511,10.89304713008968,0.050314045664538426,0.016922666357507752,0.9452167046466926,0.035721077999510915,0.2180281391012061,0.6975579,1,0.39511585
CANDIDATE_Kangemi Ward_47,-1.2568123571063,36.75687445205285,Kangemi Ward,False,6,residential,502.6575586648677,789.0055318054741,0,15,8188,6633.956850403134,0,0,1440.0,0,0,17.24048621436891,11.524509169053754,20.09847473702649,65.557208994709,92.96875,298,122.0,0.4417253633750815,congested,63.280549542627405,74330.71297439898,17.9,False,underserved,7.469790183074909,3.955034346414213,37061.0,0.0119128560601874,1,37061,0.1696428393750311,2.9059320347753803,0.2748251800108266,0.038339071900629566,0.9256635806597382,0.33758299046034573,0.3584228952029635,0.6973494,1,0.39469886
CANDIDATE_Gatina Ward_21,-1.268842030875938,36.7572834286168,Gatina Ward,False,6,residential,537.9674452225063,498.6145781319026,1,22,6063,3037.154756927026,0,0,1440.0,0,7,17.24048621436891,11.524509169053754,20.09847473702649,65.557208994709,92.96875,298,122.0,0.4417253633750815,congested,55.98639000937479,45919.74288559071,12.7,False,underserved,6.94099806990523,2.434190869972817,23914.0,0.0111323977972787,0,23914,0.0885442239001563,2.613255050207503,0.1773338375861123,0.02311145701112492,0.9530228612157321,0.15316985290380677,0.2890832502318283,0.69595903,1,0.39191806
CANDIDATE_Mountain View Ward_14,-1.2692417274146135,36.744478187896576,Mountain View Ward,False,6,residential,534.4510861887558,547.8761914792746,0,22,6212,2438.23971917691,0,0,1440.0,0,1,17.24048621436891,11.524509169053754,20.09847473702649,65.557208994709,92.96875,298,122.0,0.4417253633750815,congested,61.1874463798916,53352.875177465976,17.9,False,underserved,8.306371363177584,2.660323755647461,13621.0,0.0112055053295473,0,13621,0.1696428393750311,5.847857289081503,0.10100628091329077,0.025375637743887233,0.9483816618837216,0.1224626306627993,0.2558649662649278,0.6949576,1,0.38991523
CANDIDATE_Nairobi West Ward_12,-1.3323721486255482,36.82285346532972,Nairobi West Ward,False,2,residential,1860.1832743699624,1141.896168048319,0,0,9939,1107.4331345036017,0,0,1440.0,0,0,17.537775244317,11.62485744823719,20.494234142356905,58.00865800865801,88.88888888888889,178,69.0,0.4114521425097195,congested,56.79149445936021,76676.38743229359,12.7,False,underserved,5.150358186323082,56.79149445936021,8719.0,0.0010745851993952,1,8719,0.348155049984002,18.15421991847434,0.06465558793649381,0.5673700203104073,0.8924158716646288,0.05423029221814396,0.35380119363192924,0.69420964,1,0.38841927
CANDIDATE_Njiru Ward_32,-1.2406447034428418,36.90262886946541,Njiru Ward,False,2,residential,1764.7161601492598,577.4556263804807,0,24,10989,746.4285914852591,0,0,1440.0,0,0,17.845377654040565,11.606875140660836,20.96462891073044,57.8859819316018,91.796875,574,247.0,0.4245573366979223,moderate,47.21837435030173,69402.06821576251,11.0,False,severely_underserved,10.773916177622157,1.8887349740120687,6785.0,0.0011326848817144,0,6785,0.2237461265027511,10.89304713008968,0.050314045664538426,0.017650019031764226,0.9455948255587184,0.035721077999510915,0.2182856014521754,0.69243264,1,0.38486528
CANDIDATE_Mountain View Ward_8,-1.2747077528304849,36.747800409251184,Mountain View Ward,False,2,residential,1150.052953260906,541.2161820929847,0,6,6212,2438.23971917691,0,0,1440.0,0,1,17.24048621436891,11.524509169053754,20.09847473702649,65.557208994709,92.96875,298,122.0,0.4417253633750815,congested,61.1874463798916,53352.875177465976,17.9,False,underserved,7.823735722546068,8.741063768555943,13621.0,0.0017375395235588,0,13621,0.1696428393750311,5.847857289081503,0.10100628091329077,0.08625972515598192,0.9490091368893994,0.1224626306627993,0.271211483119087,0.69226235,1,0.3845247
CANDIDATE_South C Ward_42,-1.3400960767244054,36.81485180440661,South C Ward,False,2,residential,1918.205068623954,2230.224730627016,0,0,9969,464.7086107611213,0,0,1440.0,0,0,17.537775244317,11.62485744823719,20.494234142356905,58.00865800865801,88.88888888888889,178,69.0,0.4114521425097195,congested,52.75712751657217,70344.6251026133,12.7,False,underserved,5.976434864007837,52.75712751657217,3659.0,0.0010420981231744,0,3659,0.348155049984002,28.829494748770223,0.02713324879683804,0.5269754714437004,0.7898786331452662,0.021276895582041187,0.3034716106852799,0.6915106,1,0.38302124
CANDIDATE_Gatina Ward_22,-1.2733911264577549,36.7468668327187,Gatina Ward,False,2,residential,1006.1623791017628,720.0839225907722,0,5,6063,3037.154756927026,0,0,1440.0,0,0,17.24048621436891,11.524509169053754,20.09847473702649,65.557208994709,92.96875,298,122.0,0.4417253633750815,congested,55.98639000937479,45919.74288559071,12.7,False,underserved,7.951422513798083,9.331065001562465,23914.0,0.0019857771115157,0,23914,0.0885442239001563,2.613255050207503,0.1773338375861123,0.09216717828954074,0.932157053059692,0.15316985290380677,0.3021740189202242,0.68947047,1,0.37894094
CANDIDATE_Lucky Summer Ward_43,-1.2320934871132507,36.89877073617865,Lucky Summer Ward,False,3,unclassified,1380.609718849144,862.7762412396213,0,5,6042,3344.2855019757435,0,0,1440.0,0,0,17.845377654040565,11.606875140660836,20.96462891073044,57.8859819316018,91.796875,574,247.0,0.4245573366979223,moderate,66.8770030670488,60808.06426925295,11.1,False,underserved,10.894701851675135,11.146167177841468,30128.0,0.0021713802089485,0,30128,0.0768685671769029,3.552160434569506,0.2234136430038635,0.11034109122248253,0.9187132486652632,0.16891688119798048,0.3233060738296216,0.6888143,1,0.37762856
CANDIDATE_Mountain View Ward_37,-1.2753090745169064,36.72981326188817,Mountain View Ward,False,2,residential,341.2671093412866,326.5473836919127,13,28,6212,2438.23971917691,0,0,1440.0,0,3,17.860120755591254,11.573045141024393,21.003658562874683,57.14772462015109,94.04761904761904,382,161.0,0.477674612291292,congested,61.1874463798916,53352.875177465976,17.9,False,underserved,9.792501598953734,2.1099119441341934,13621.0,0.0058433894038171,0,13621,0.1696428393750311,5.847857289081503,0.10100628091329077,0.019864578107447628,0.9692342293303817,0.1224626306627993,0.2586577148451499,0.6878512,1,0.37570238
CANDIDATE_Kangemi Ward_3,-1.2689984537164485,36.75520789774153,Kangemi Ward,False,6,residential,542.9680404092871,511.4910767161322,0,22,8188,6633.956850403134,0,0,1440.0,0,7,17.24048621436891,11.524509169053754,20.09847473702649,65.557208994709,92.96875,298,122.0,0.4417253633750815,congested,63.280549542627405,74330.71297439898,17.9,False,underserved,7.157986084740264,2.7513282409838,37061.0,0.0110300597724188,1,37061,0.1696428393750311,2.9059320347753803,0.2748251800108266,0.026286830300771467,0.9518096976068519,0.33758299046034573,0.3606390581924217,0.6873311,1,0.37466216
CANDIDATE_Pipeline Ward_30,-1.3483878264164333,36.89156850053074,Pipeline Ward,False,2,tertiary,1025.9086501220067,1215.3158370193546,0,0,4759,688.1241032945147,0,0,1440.0,0,0,17.906847137299025,11.406366449662858,21.157087481117102,57.709691248294185,93.33333333333331,371,147.0,0.3154506881194194,moderate,60.39700177501157,40062.52343641133,13.8,False,underserved,10.7636692203721,60.39700177501157,4986.0,0.001947592903967,1,4986,0.2682490623582934,34.44615769624161,0.036973593468443415,0.6034705643404202,0.8854986130644702,0.03273172431213803,0.3474544662743819,0.68606,1,0.37212002
CANDIDATE_Matopeni/spring Valley Ward_35,-1.2613025185223157,36.93477978480873,Matopeni/spring Valley Ward,False,2,residential,848.4178708785528,849.9679134042148,0,7,1882,814.344876647441,0,0,1440.0,0,0,17.845377654040565,11.606875140660836,20.96462891073044,57.8859819316018,91.796875,574,247.0,0.4245573366979223,moderate,58.72900295774414,15205.42326080414,7.0,False,underserved,13.3656378374601,7.341125369718018,11633.0,0.0023545537109213,0,11633,0.0226306829054491,3.94596052808772,0.08626430261099123,0.07224268583750137,0.9199199895443056,0.03920324213099311,0.240077823708282,0.68423164,1,0.36846328
CANDIDATE_Kangemi Ward_34,-1.269337112049974,36.755681535393,Kangemi Ward,False,6,residential,591.7427554064544,560.6405776561012,0,22,8188,6633.956850403134,0,0,1440.0,0,0,17.24048621436891,11.524509169053754,20.09847473702649,65.557208994709,92.96875,298,122.0,0.4417253633750815,congested,63.280549542627405,74330.71297439898,17.9,False,underserved,7.0971475337064,2.7513282409838,37061.0,0.0101224349775235,1,37061,0.1696428393750311,2.9059320347753803,0.2748251800108266,0.026286830300771467,0.9471790609826984,0.33758299046034573,0.35971293086759104,0.6825552,1,0.3651104
CANDIDATE_Lucky Summer Ward_9,-1.2404638707372828,36.9016298765218,Lucky Summer Ward,False,6,residential,1829.8845133259613,464.7704951853872,1,26,6042,3344.2855019757435,0,0,1440.0,0,1,17.845377654040565,11.606875140660836,20.96462891073044,57.8859819316018,91.796875,574,247.0,0.4245573366979223,moderate,66.8770030670488,60808.06426925295,11.1,False,underserved,10.685749154112155,2.476926039520326,30128.0,0.0032771045668524,0,30128,0.0768685671769029,3.552160434569506,0.2234136430038635,0.023539347661403965,0.956211492778735,0.16891688119798048,0.30910528676204635,0.680213,1,0.36042595
CANDIDATE_Lucky Summer Ward_33,-1.2404902262595106,36.90091552843346,Lucky Summer Ward,False,6,residential,1817.3869771951304,387.42800293057104,1,25,6042,3344.2855019757435,0,0,1440.0,0,1,17.845377654040565,11.606875140660836,20.96462891073044,57.8859819316018,91.796875,574,247.0,0.4245573366979223,moderate,66.8770030670488,60808.06426925295,11.1,False,underserved,10.614654744239228,2.572192425655724,30128.0,0.0032996276784026,0,30128,0.0768685671769029,3.552160434569506,0.2234136430038635,0.02449321297526198,0.963498341482975,0.16891688119798048,0.3108011228313588,0.67976296,1,0.35952592
CANDIDATE_Imara Daima Ward_44,-1.3344738090173398,36.88290562538705,Imara Daima Ward,False,3,primary,127.615359188379,629.8811719210019,0,15,8991,2562.801079728265,0,0,1440.0,0,0,23.153712807789017,15.270454673240636,27.358117146214813,40.53008159785654,88.23529411764706,250,102.0,0.5267625854793785,congested,67.61809525092917,92557.21147751193,13.8,False,underserved,9.051336769012268,4.226130953183073,18571.0,0.0233253634630525,0,18571,0.2682490623582934,5.704579811463799,0.13771291702817143,0.041053456904526955,0.9406555352998474,0.1288490680370577,0.2723638058533728,0.67894554,1,0.35789108
CANDIDATE_Matopeni/spring Valley Ward_23,-1.2514837487627088,36.92194497450077,Matopeni/spring Valley Ward,False,6,residential,654.8339576798772,656.7536714615643,0,11,1882,814.344876647441,0,0,1440.0,0,0,17.845377654040565,11.606875140660836,20.96462891073044,57.8859819316018,91.796875,574,247.0,0.4245573366979223,moderate,58.72900295774414,15205.42326080414,7.0,False,underserved,12.274466076124792,4.894083579812012,11633.0,0.0091486571101411,0,11633,0.0226306829054491,3.94596052808772,0.08626430261099123,0.04774140705869952,0.9381237337927056,0.03920324213099311,0.23759325286326155,0.6779074,1,0.3558148
CANDIDATE_Gatina Ward_1,-1.2723031443079156,36.7501131961601,Gatina Ward,False,2,residential,870.2808307176116,692.1477950934972,0,17,6063,3037.154756927026,0,0,1440.0,0,0,17.24048621436891,11.524509169053754,20.09847473702649,65.557208994709,92.96875,298,122.0,0.4417253633750815,congested,55.98639000937479,45919.74288559071,12.7,False,underserved,7.620801722224721,3.1103550005208214,23914.0,0.0022954711379943,0,23914,0.0885442239001563,2.613255050207503,0.1773338375861123,0.029881625763910784,0.9347890646295328,0.15316985290380677,0.2871290331027849,0.6773978,1,0.35479558
CANDIDATE_Gatina Ward_40,-1.2803417083287087,36.762273155978185,Gatina Ward,False,6,residential,499.0296276805193,489.2616420288566,4,11,6063,3037.154756927026,0,0,1440.0,0,1,17.24048621436891,11.524509169053754,20.09847473702649,65.557208994709,92.96875,298,122.0,0.4417253633750815,congested,55.98639000937479,45919.74288559071,12.7,False,underserved,6.143102256408636,4.665532500781232,23914.0,0.0119992889777994,0,23914,0.0885442239001563,2.613255050207503,0.1773338375861123,0.04545301389531827,0.953904051210215,0.15316985290380677,0.29484487745177324,0.6771621,1,0.35432422
CANDIDATE_Kasarani Ward_44,-1.2337539609745347,36.90954626132197,Kasarani Ward,False,2,residential,1092.0860121513783,1091.4635484179391,0,0,19913,2300.2340071122967,0,0,1440.0,0,0,17.845377654040565,11.606875140660836,20.96462891073044,57.8859819316018,91.796875,574,247.0,0.4245573366979223,moderate,59.51118305482108,163944.92175693653,11.0,False,underserved,11.817731107088347,59.51118305482108,20911.0,0.0018296821821584,1,20911,0.2237461265027511,7.319531383711358,0.15506514500975135,0.5946012056313064,0.8971673977441648,0.11538688234494743,0.405433958179062,0.67601174,1,0.35202348
CANDIDATE_Gatina Ward_8,-1.271439172254679,36.75534266429567,Gatina Ward,False,2,residential,812.5019351697171,780.8817388530103,0,20,6063,3037.154756927026,0,0,1440.0,0,0,17.24048621436891,11.524509169053754,20.09847473702649,65.557208994709,92.96875,298,122.0,0.4417253633750815,congested,55.98639000937479,45919.74288559071,12.7,False,underserved,7.074872956878541,2.66601857187499,23914.0,0.0024585067515331,0,23914,0.0885442239001563,2.613255050207503,0.1773338375861123,0.025432657726365784,0.9264289665223264,0.15316985290380677,0.28434477147195736,0.67522836,1,0.3504567
CANDIDATE_Gatina Ward_37,-1.2702325580636658,36.753990431292046,Gatina Ward,False,6,residential,670.1765841685627,638.7500394438549,0,22,6063,3037.154756927026,0,0,1440.0,0,0,17.24048621436891,11.524509169053754,20.09847473702649,65.557208994709,92.96875,298,122.0,0.4417253633750815,congested,55.98639000937479,45919.74288559071,12.7,False,underserved,7.253154999768825,2.434190869972817,23914.0,0.0089395252181401,0,23914,0.0885442239001563,2.613255050207503,0.1773338375861123,0.02311145701112492,0.9398199519881012,0.15316985290380677,0.2864426683863021,0.6742337,1,0.34846735
CANDIDATE_Kangemi Ward_2,-1.270605303995555,36.75411292234406,Kangemi Ward,False,2,residential,711.0842281416285,679.5740022803401,0,22,8188,6633.956850403134,0,0,1440.0,0,0,17.24048621436891,11.524509169053754,20.09847473702649,65.557208994709,92.96875,298,122.0,0.4417253633750815,congested,63.280549542627405,74330.71297439898,17.9,False,underserved,7.229782958873106,2.7513282409838,37061.0,0.0028086565057332,1,37061,0.1696428393750311,2.9059320347753803,0.2748251800108266,0.026286830300771467,0.9359737087132284,0.33758299046034573,0.35747186041369705,0.6742337,1,0.34846735
CANDIDATE_Kasarani Ward_29,-1.2345992129637695,36.88847299781055,Kasarani Ward,False,3,unclassified,1051.383476569781,450.7863334706008,1,13,19913,2300.2340071122967,0,0,1440.0,0,1,17.845377654040565,11.606875140660836,20.96462891073044,57.8859819316018,91.796875,574,247.0,0.4245573366979223,moderate,59.51118305482108,163944.92175693653,11.0,False,underserved,9.795700758815869,4.250798789630077,20911.0,0.0028506718955512,0,20911,0.2237461265027511,7.319531383711358,0.15506514500975135,0.04130044636753941,0.9575290152389053,0.11538688234494743,0.2791810918620684,0.67130584,1,0.34261167
CANDIDATE_Embakasi Ward_8,-1.298247349555068,36.923244188380565,Embakasi Ward,False,6,residential,1507.4503630326114,935.6654828181024,0,4,29594,170.15776873711866,0,0,1440.0,0,0,17.95428871024195,11.727983489233942,21.06744132074596,57.05751424501424,91.34615384615384,157,71.0,0.491454884675341,congested,22.437747821685697,127185.79787032236,7.2,False,severely_underserved,11.861955361229397,4.487549564337139,2363.0,0.0039775919360962,0,2363,0.4401639794947514,6.03841004939126,0.01752278406857838,0.04367093989818641,0.9118459644588104,0.0061748567331173475,0.2006548736369346,0.6692679,1,0.3385358
CANDIDATE_Waithaka Ward_10,-1.2769667330514525,36.73118623467149,Waithaka Ward,False,2,residential,323.7075217713784,304.8264479125293,11,34,6065,992.4407038919258,0,0,1440.0,0,3,17.860120755591254,11.573045141024393,21.003658562874683,57.14772462015109,94.04761904761904,382,161.0,0.477674612291292,congested,40.50101289672889,33981.409843591384,18.5,False,severely_underserved,9.619262766586298,1.1571717970493969,5364.0,0.006159389191508,0,5364,0.1996750767775023,6.003282410558159,0.039776645680852485,0.010325161149481442,0.9712806745395355,0.04833446743456316,0.22042614467048846,0.6673241,1,0.33464825
CANDIDATE_Kitisuru Ward_15,-1.1373580716713143,36.735727658596566,Kitisuru Ward,False,2,residential,1664.877083824063,2343.1225627121216,0,0,19156,1020.1206955680644,0,0,1440.0,0,0,17.73388355120552,11.535664961841428,20.832992845887567,56.99076346006171,93.1818181818182,520,208.0,0.4333708462235915,moderate,58.6948942150194,154593.60933689412,17.9,False,underserved,18.886210641777502,58.6948942150194,5698.0,0.0012005687691008,1,5698,0.1696428393750311,10.711956381011875,0.0422534166833515,0.5864280226025139,0.7792419262399539,0.049753659811534436,0.3271948187000992,0.66677624,1,0.33355248
CANDIDATE_Uthiru/ruthimitu Ward_47,-1.1950442558945251,36.692434071140745,Uthiru/ruthimitu Ward,False,6,residential,338.9091254520432,2941.888851865144,0,0,8256,1009.581586839085,0,0,1440.0,0,0,17.73388355120552,11.535664961841428,20.832992845887567,56.99076346006171,93.1818181818182,520,208.0,0.4333708462235915,moderate,49.84788943140368,54875.67677571843,18.5,False,severely_underserved,17.192155125817827,49.84788943140368,5457.0,0.0176517767565687,0,5457,0.1996750767775023,11.152482045939884,0.040466285510889634,0.49784640072139,0.7228289605976987,0.049213304780245444,0.2930332531847477,0.6662915,1,0.33258295
CANDIDATE_Kasarani Ward_3,-1.2338950345138655,36.90416206152752,Kasarani Ward,False,2,residential,1199.085680946909,985.2005306705098,0,1,19913,2300.2340071122967,0,0,1440.0,0,0,17.845377654040565,11.606875140660836,20.96462891073044,57.8859819316018,91.796875,574,247.0,0.4245573366979223,moderate,59.51118305482108,163944.92175693653,11.0,False,underserved,11.293547904731668,29.75559152741054,20911.0,0.0016665476738476,1,20911,0.2237461265027511,7.319531383711358,0.15506514500975135,0.2966700275662011,0.9071790034037079,0.11538688234494743,0.3329534847946944,0.66610783,1,0.33221567
CANDIDATE_Mountain View Ward_49,-1.2784853273729135,36.7307396100816,Mountain View Ward,False,8,residential,469.4954207403825,459.8074246206392,5,39,6212,2438.23971917691,0,0,1440.0,0,3,17.860120755591254,11.573045141024393,21.003658562874683,57.14772462015109,94.04761904761904,382,161.0,0.477674612291292,congested,61.1874463798916,53352.875177465976,17.9,False,underserved,9.651755864877032,1.52968615949729,13621.0,0.0170033535871847,0,13621,0.1696428393750311,5.847857289081503,0.10100628091329077,0.014055002740700874,0.956679090127352,0.1224626306627993,0.25469429316285724,0.6659751,1,0.3319502
CANDIDATE_Nairobi West Ward_10,-1.3325045973505658,36.82406760000795,Nairobi West Ward,False,2,residential,1732.85303828228,1047.2744663285148,0,0,9939,1107.4331345036017,0,0,1440.0,0,0,17.537775244317,11.62485744823719,20.494234142356905,58.00865800865801,88.88888888888889,178,69.0,0.4114521425097195,congested,56.79149445936021,76676.38743229359,12.7,False,underserved,5.183130815284857,56.79149445936021,8719.0,0.0011535003001069,1,8719,0.348155049984002,18.15421991847434,0.06465558793649381,0.5673700203104073,0.9013306868518393,0.05423029221814396,0.3555841566693713,0.66327524,1,0.32655048
CANDIDATE_Uthiru/ruthimitu Ward_32,-1.1899766517915225,36.694689900646296,Uthiru/ruthimitu Ward,False,2,residential,221.70917388081023,2328.6734455647666,0,0,8256,1009.581586839085,0,0,1440.0,0,0,17.73388355120552,11.535664961841428,20.832992845887567,56.99076346006171,93.1818181818182,520,208.0,0.4333708462235915,moderate,49.84788943140368,54875.67677571843,18.5,False,severely_underserved,17.333279311310953,49.84788943140368,5457.0,0.0089803215788064,0,5457,0.1996750767775023,11.152482045939884,0.040466285510889634,0.49784640072139,0.7806032546312828,0.049213304780245444,0.3045881119914645,0.66205764,1,0.32411528
CANDIDATE_Matopeni/spring Valley Ward_9,-1.25439735290974,36.92216088566427,Matopeni/spring Valley Ward,False,6,residential,334.02639497760543,334.8368438739677,6,18,1882,814.344876647441,0,0,1440.0,0,3,17.845377654040565,11.606875140660836,20.96462891073044,57.8859819316018,91.796875,574,247.0,0.4245573366979223,moderate,58.72900295774414,15205.42326080414,7.0,False,underserved,12.198819020575298,3.0910001556707445,11633.0,0.0179090366906794,0,11633,0.0226306829054491,3.94596052808772,0.08626430261099123,0.029687833221687623,0.9684532350745018,0.03920324213099311,0.2391457596603678,0.660872,1,0.32174397
CANDIDATE_Ngando Ward_13,-1.3055554081184466,36.76315114260695,Ngando Ward,False,6,residential,699.1047839495152,573.5040094295406,0,21,2979,1287.4420267405085,0,0,1440.0,0,0,16.699138772601074,11.303737458124182,19.57668614032208,68.12864671560324,95.45454545454544,134,49.0,0.5466091380314718,congested,64.55544213237266,28020.643468093764,18.5,False,underserved,6.374790966915536,2.934338278744212,6959.0,0.0085701456946945,0,6959,0.1996750767775023,17.558483286089597,0.051604339540091804,0.028119238710379846,0.945967128467755,0.06345960307338838,0.22697667482485578,0.66072917,1,0.32145834
CANDIDATE_Lucky Summer Ward_28,-1.2351616628568003,36.8915048273641,Lucky Summer Ward,False,3,unclassified,1257.4653449392863,698.5595789649757,0,18,6042,3344.2855019757435,0,0,1440.0,0,0,17.845377654040565,11.606875140660836,20.96462891073044,57.8859819316018,91.796875,574,247.0,0.4245573366979223,moderate,66.8770030670488,60808.06426925295,11.1,False,underserved,10.034626699231556,3.519842266686779,30128.0,0.0023838558702184,0,30128,0.0768685671769029,3.552160434569506,0.2234136430038635,0.033981662676270556,0.9341849762735251,0.16891688119798048,0.30731056221472103,0.66041535,1,0.3208307
CANDIDATE_Gatina Ward_2,-1.274335289080916,36.75289277409918,Gatina Ward,False,2,unclassified,1116.4142656491215,512.8831601578007,0,6,6063,3037.154756927026,0,0,1440.0,0,1,17.24048621436891,11.524509169053754,20.09847473702649,65.557208994709,92.96875,298,122.0,0.4417253633750815,congested,55.98639000937479,45919.74288559071,12.7,False,underserved,7.273637253294836,7.99805571562497,23914.0,0.0017898464888831,0,23914,0.0885442239001563,2.613255050207503,0.1773338375861123,0.07882027417690575,0.951678542001086,0.15316985290380677,0.3027415906803443,0.6599056,1,0.31981122
CANDIDATE_Gatina Ward_15,-1.2914907136092837,36.7413765742258,Gatina Ward,False,2,residential,153.0161315846751,328.0723264873372,14,62,6063,3037.154756927026,0,0,1440.0,0,5,16.699138772601074,11.303737458124182,19.57668614032208,68.12864671560324,95.45454545454544,134,49.0,0.5466091380314718,congested,55.98639000937479,45919.74288559071,12.7,False,underserved,8.448032752432594,0.8886728572916633,23914.0,0.0129856527327492,0,23914,0.0885442239001563,2.613255050207503,0.1773338375861123,0.007636785576185799,0.9690905563362886,0.15316985290380677,0.2884281213972048,0.6594379,1,0.3188758
CANDIDATE_Lucky Summer Ward_10,-1.231552809118223,36.89586421255478,Lucky Summer Ward,False,3,unclassified,1281.4411805240677,929.1778285132884,0,5,6042,3344.2855019757435,0,0,1440.0,0,0,17.845377654040565,11.606875140660836,20.96462891073044,57.8859819316018,91.796875,574,247.0,0.4245573366979223,moderate,66.8770030670488,60808.06426925295,11.1,False,underserved,10.661549637286663,11.146167177841468,30128.0,0.002339288573667,0,30128,0.0768685671769029,3.552160434569506,0.2234136430038635,0.11034109122248253,0.9124572009730002,0.16891688119798048,0.32205486429116903,0.65708053,1,0.31416106
CANDIDATE_Uthiru/ruthimitu Ward_36,-1.1997592068410017,36.69895603709837,Uthiru/ruthimitu Ward,False,8,residential,262.086365484581,2613.865177562694,0,0,8256,1009.581586839085,0,0,1440.0,0,0,17.73388355120552,11.535664961841428,20.832992845887567,56.99076346006171,93.1818181818182,520,208.0,0.4333708462235915,moderate,49.84788943140368,54875.67677571843,18.5,False,severely_underserved,16.297428440923483,49.84788943140368,5457.0,0.0304082653058235,0,5457,0.1996750767775023,11.152482045939884,0.040466285510889634,0.49784640072139,0.7537338204795837,0.049213304780245444,0.29921422516112467,0.655087,1,0.310174
CANDIDATE_Kitisuru Ward_9,-1.120398636052817,36.74182422212754,Kitisuru Ward,False,2,residential,572.8496645454113,4025.94557424052,0,0,19156,1020.1206955680644,0,0,1440.0,0,0,17.73388355120552,11.535664961841428,20.832992845887567,56.99076346006171,93.1818181818182,520,208.0,0.4333708462235915,moderate,58.6948942150194,154593.60933689412,17.9,False,underserved,20.2714941080974,58.6948942150194,5698.0,0.003485233369587,0,5698,0.1696428393750311,10.711956381011875,0.0422534166833515,0.5864280226025139,0.6206941949279015,0.049753659811534436,0.2954852724376887,0.65407526,1,0.30815053
CANDIDATE_Kitisuru Ward_10,-1.1231912401472497,36.74680969042266,Kitisuru Ward,False,2,unclassified,756.0184203922279,4031.00502881145,0,0,19156,1020.1206955680644,0,0,1440.0,0,0,17.73388355120552,11.535664961841428,20.832992845887567,56.99076346006171,93.1818181818182,520,208.0,0.4333708462235915,moderate,58.6948942150194,154593.60933689412,17.9,False,underserved,19.763221183311657,58.6948942150194,5698.0,0.002641943638523,0,5698,0.1696428393750311,10.711956381011875,0.0422534166833515,0.5864280226025139,0.6202175167279946,0.049753659811534436,0.2953899367977073,0.6540284,1,0.30805683
CANDIDATE_Upper Savanna Ward_9,-1.2872492206019757,36.91880877035869,Upper Savanna Ward,False,2,residential,1562.9398175276465,791.6565129343094,0,6,2569,969.351607954276,0,0,1440.0,0,0,18.054313199966053,11.514724616707694,21.324107491595232,57.35551818750744,93.22916666666669,394,160.0,0.5289229448015942,congested,62.13610462916318,22624.40132520788,7.2,False,underserved,11.295925013163547,8.876586375594739,13463.0,0.0012788215873688,0,13463,0.4401639794947514,17.503225579665653,0.09983463475043196,0.08761666037040468,0.9254138175884892,0.0471506567842833,0.25135918212980685,0.6511309,1,0.30226183
CANDIDATE_Waithaka Ward_14,-1.279217546697499,36.73048667402573,Waithaka Ward,False,8,residential,526.1029602444202,541.521249987552,0,41,6065,992.4407038919258,0,0,1440.0,0,3,17.860120755591254,11.573045141024393,21.003658562874683,57.14772462015109,94.04761904761904,382,161.0,0.477674612291292,congested,40.50101289672889,33981.409843591384,18.5,False,severely_underserved,9.672693179696696,0.9643098308744972,5364.0,0.0151773004581312,0,5364,0.1996750767775023,6.003282410558159,0.039776645680852485,0.008394109208083833,0.9489803948159617,0.04833446743456316,0.21548332574042434,0.6501806,1,0.30036116
CANDIDATE_Upper Savanna Ward_28,-1.276087962847022,36.90476823024422,Upper Savanna Ward,False,6,residential,413.1513563857016,414.128536793328,19,95,2569,969.351607954276,0,0,1440.0,0,7,18.054313199966053,11.514724616707694,21.324107491595232,57.35551818750744,93.22916666666669,394,160.0,0.5289229448015942,congested,62.13610462916318,22624.40132520788,7.2,False,underserved,9.802007269990623,0.6472510898871164,13463.0,0.0144874570793682,0,13463,0.4401639794947514,17.503225579665653,0.09983463475043196,0.005219523210316244,0.9609827417795244,0.0471506567842833,0.2378736826779918,0.6499135,1,0.29982698
CANDIDATE_Uthiru/ruthimitu Ward_17,-1.1408164669000396,36.731536407972754,Uthiru/ruthimitu Ward,False,6,tertiary,1228.533012292737,1762.3885202956342,0,0,8256,1009.581586839085,0,0,1440.0,0,0,17.73388355120552,11.535664961841428,20.832992845887567,56.99076346006171,93.1818181818182,520,208.0,0.4333708462235915,moderate,49.84788943140368,54875.67677571843,18.5,False,severely_underserved,18.78158358903968,49.84788943140368,5457.0,0.0048799015073305,0,5457,0.1996750767775023,11.152482045939884,0.040466285510889634,0.49784640072139,0.8339559777415354,0.049213304780245444,0.31525865661351504,0.648132,1,0.29626405
CANDIDATE_Upper Savanna Ward_22,-1.2897513507285934,36.91677379241656,Upper Savanna Ward,False,2,residential,1353.3116119554604,948.5564011513908,0,2,2569,969.351607954276,0,0,1440.0,0,0,18.054313199966053,11.514724616707694,21.324107491595232,57.35551818750744,93.22916666666669,394,160.0,0.5289229448015942,congested,62.13610462916318,22624.40132520788,7.2,False,underserved,11.075573719554177,20.71203487638773,13463.0,0.0014767650091342,0,13463,0.4401639794947514,17.503225579665653,0.09983463475043196,0.2061204081961499,0.910631442288463,0.0471506567842833,0.27802864402623795,0.64742696,1,0.29485393
CANDIDATE_Mountain View Ward_38,-1.260499725925667,36.7476048527114,Mountain View Ward,False,2,residential,355.9535587395709,407.5912738442398,6,25,6212,2438.23971917691,0,0,1440.0,0,7,17.24048621436891,11.524509169053754,20.09847473702649,65.557208994709,92.96875,298,122.0,0.4417253633750815,congested,61.1874463798916,53352.875177465976,17.9,False,underserved,8.255365073444466,2.353363322303524,13621.0,0.0056029697730487,0,13621,0.1696428393750311,5.847857289081503,0.10100628091329077,0.022302162177411308,0.9615986521886808,0.1224626306627993,0.25773999543430065,0.64711857,1,0.29423714
CANDIDATE_Kitisuru Ward_25,-1.2730151825554954,36.75304321657445,Kitisuru Ward,False,6,residential,972.8492592202092,653.8332719289741,0,11,19156,1020.1206955680644,0,0,1440.0,0,0,17.24048621436891,11.524509169053754,20.09847473702649,65.557208994709,92.96875,298,122.0,0.4417253633750815,congested,58.6948942150194,154593.60933689412,17.9,False,underserved,7.285765483773487,4.89124118458495,5698.0,0.0061611177943539,0,5698,0.1696428393750311,10.711956381011875,0.0422534166833515,0.047712947259547306,0.938398880208725,0.049753659811534436,0.22434744065811177,0.64638793,1,0.29277587
CANDIDATE_Mwiki Ward_7,-1.2456391449832729,36.92232023907405,Mwiki Ward,False,6,residential,1269.3544613472015,1268.4826910157085,0,0,13574,260.81942033073966,0,0,1440.0,0,0,17.845377654040565,11.606875140660836,20.96462891073044,57.8859819316018,91.796875,574,247.0,0.4245573366979223,moderate,20.223745116113616,56716.87356452877,11.0,False,severely_underserved,12.534148002321793,20.223745116113616,2371.0,0.0047230912178928,0,2371,0.2237461265027511,3.3852359612444944,0.01758210792492566,0.20123135252466098,0.8804894801821803,0.010823208016264891,0.23472411354457828,0.6439692,1,0.28793836
CANDIDATE_Lucky Summer Ward_36,-1.2345148465466045,36.890305867638574,Lucky Summer Ward,False,3,unclassified,1130.244012144758,649.8658830477939,0,18,6042,3344.2855019757435,0,0,1440.0,0,0,17.845377654040565,11.606875140660836,20.96462891073044,57.8859819316018,91.796875,574,247.0,0.4245573366979223,moderate,66.8770030670488,60808.06426925295,11.1,False,underserved,9.966657868129415,3.519842266686779,30128.0,0.0026519477387661,0,30128,0.0768685671769029,3.552160434569506,0.2234136430038635,0.033981662676270556,0.9387726690754297,0.16891688119798048,0.30822810077510193,0.6431954,1,0.28639078
CANDIDATE_Lucky Summer Ward_38,-1.231621388710005,36.90018279063315,Lucky Summer Ward,False,2,residential,1230.7600106100651,951.3431159699932,0,1,6042,3344.2855019757435,0,0,1440.0,0,0,17.845377654040565,11.606875140660836,20.96462891073044,57.8859819316018,91.796875,574,247.0,0.4245573366979223,moderate,66.8770030670488,60808.06426925295,11.1,False,underserved,11.054540155597602,33.4385015335244,30128.0,0.0016236929132075,1,30128,0.0768685671769029,3.552160434569506,0.2234136430038635,0.33354557466525603,0.9103688910223606,0.16891688119798048,0.3774383231617345,0.64311105,1,0.2862221
CANDIDATE_Pipeline Ward_39,-1.340111768195517,36.88900301590003,Pipeline Ward,False,3,trunk,616.1767234960855,599.1677094294786,0,13,4759,688.1241032945147,0,0,1440.0,0,0,17.906847137299025,11.406366449662858,21.157087481117102,57.709691248294185,93.33333333333331,371,147.0,0.3154506881194194,moderate,60.39700177501157,40062.52343641133,13.8,False,underserved,9.96911891453821,4.314071555357969,4986.0,0.0048608443672439,0,4986,0.2682490623582934,34.44615769624161,0.036973593468443415,0.04193397198961898,0.9435492144125106,0.03273172431213803,0.2186804384562897,0.6429492,1,0.28589845
CANDIDATE_Uthiru/ruthimitu Ward_33,-1.2012371109290076,36.69101408642008,Uthiru/ruthimitu Ward,False,2,residential,1035.9005167824007,3043.5177919014586,0,0,8256,1009.581586839085,0,0,1440.0,0,0,17.73388355120552,11.535664961841428,20.832992845887567,56.99076346006171,93.1818181818182,520,208.0,0.4333708462235915,moderate,49.84788943140368,54875.67677571843,18.5,False,severely_underserved,16.925057455594068,49.84788943140368,5457.0,0.0019288253478802,0,5457,0.1996750767775023,11.152482045939884,0.040466285510889634,0.49784640072139,0.7132539561153366,0.049213304780245444,0.29111825228827526,0.6421125,1,0.284225
CANDIDATE_Mountain View Ward_47,-1.261309086548953,36.74697484553432,Mountain View Ward,False,6,residential,316.3526578353392,309.32518218795303,10,27,6212,2438.23971917691,0,0,1440.0,0,7,17.24048621436891,11.524509169053754,20.09847473702649,65.557208994709,92.96875,298,122.0,0.4417253633750815,congested,61.1874463798916,53352.875177465976,17.9,False,underserved,8.290317367226704,2.1852659421389857,13621.0,0.0189064116901555,0,13621,0.1696428393750311,5.847857289081503,0.10100628091329077,0.020619068414817334,0.9708568247892897,0.1224626306627993,0.2591708565137739,0.64163464,1,0.2832693
CANDIDATE_Kasarani Ward_43,-1.233040402203173,36.908243674289736,Kasarani Ward,False,2,residential,1006.2498170315588,1002.0513216786188,0,0,19913,2300.2340071122967,0,0,1440.0,0,0,17.845377654040565,11.606875140660836,20.96462891073044,57.8859819316018,91.796875,574,247.0,0.4245573366979223,moderate,59.51118305482108,163944.92175693653,11.0,False,underserved,11.732087343974,59.51118305482108,20911.0,0.0019856047290176,1,20911,0.2237461265027511,7.319531383711358,0.15506514500975135,0.5946012056313064,0.905591400508545,0.11538688234494743,0.4071187587319381,0.63809264,1,0.27618527
CANDIDATE_Karura Ward_14,-1.2513437728556511,36.76127916028788,Karura Ward,False,6,secondary,105.42174878386464,850.3878467501606,0,2,19794,501.8775238660341,0,0,1440.0,0,0,17.24048621436891,11.524509169053754,20.09847473702649,65.557208994709,92.96875,298,122.0,0.4417253633750815,congested,51.54050841066344,136158.56870400644,17.9,False,underserved,7.33764009120257,17.180169470221145,2803.0,0.0563794531528098,0,2803,0.1696428393750311,21.68060393185624,0.02078559616767888,0.17075721199629357,0.9198804253840547,0.02318259840001828,0.2385768664145756,0.63634914,1,0.27269828
CANDIDATE_Upper Savanna Ward_40,-1.2923054173217443,36.916036758601535,Upper Savanna Ward,False,6,residential,1350.099241595922,748.2157967202834,0,4,2569,969.351607954276,0,0,1440.0,0,0,18.054313199966053,11.514724616707694,21.324107491595232,57.35551818750744,93.22916666666669,394,160.0,0.5289229448015942,congested,62.13610462916318,22624.40132520788,7.2,False,underserved,11.006968207712996,12.427220925832636,13463.0,0.0044408284863758,0,13463,0.4401639794947514,17.503225579665653,0.09983463475043196,0.12316778471812824,0.9295065991556066,0.0471506567842833,0.26106551953016127,0.63629305,1,0.2725861
CANDIDATE_Uthiru/ruthimitu Ward_28,-1.14301471468493,36.72996535095069,Uthiru/ruthimitu Ward,False,6,residential,1005.8001884985524,1519.8405887970673,0,0,8256,1009.581586839085,0,0,1440.0,0,0,17.73388355120552,11.535664961841428,20.832992845887567,56.99076346006171,93.1818181818182,520,208.0,0.4333708462235915,moderate,49.84788943140368,54875.67677571843,18.5,False,severely_underserved,18.66147724755676,49.84788943140368,5457.0,0.005959474450385,0,5457,0.1996750767775023,11.152482045939884,0.040466285510889634,0.49784640072139,0.8568077120059738,0.049213304780245444,0.3198290034664027,0.63546526,1,0.27093053
CANDIDATE_Imara Daima Ward_20,-1.3380017956969843,36.90015292558334,Imara Daima Ward,False,3,trunk,342.5963398448172,574.5295490092457,0,14,8991,2562.801079728265,0,0,1440.0,0,0,17.906847137299025,11.406366449662858,21.157087481117102,57.709691248294185,93.33333333333331,371,147.0,0.3154506881194194,moderate,67.61809525092917,92557.21147751193,13.8,False,underserved,10.860918044578195,4.507873016728611,18571.0,0.0087311756619844,0,18571,0.2682490623582934,5.704579811463799,0.13771291702817143,0.04387443073142236,0.9458705069141995,0.1288490680370577,0.27411204363296704,0.6349648,1,0.26992965
CANDIDATE_Mountain View Ward_4,-1.2673102457724124,36.7374615883305,Mountain View Ward,False,6,residential,292.53435310674763,316.0510222407027,9,35,6212,2438.23971917691,0,0,1440.0,0,6,17.860120755591254,11.573045141024393,21.003658562874683,57.14772462015109,94.04761904761904,382,161.0,0.477674612291292,congested,61.1874463798916,53352.875177465976,17.9,False,underserved,9.11491595243076,1.6996512883303223,13621.0,0.020440537662786,0,13621,0.1696428393750311,5.847857289081503,0.10100628091329077,0.01575679754510144,0.9702231475254147,0.1224626306627993,0.2578285533435699,0.63434607,1,0.26869214
CANDIDATE_Kasarani Ward_40,-1.2329019509733692,36.91398241839812,Kasarani Ward,False,2,residential,746.7561026107041,738.6288496077308,0,14,19913,2300.2340071122967,0,0,1440.0,0,0,17.845377654040565,11.606875140660836,20.96462891073044,57.8859819316018,91.796875,574,247.0,0.4245573366979223,moderate,59.51118305482108,163944.92175693653,11.0,False,underserved,12.29413189318644,3.967412203654739,20911.0,0.0026746689101128,0,20911,0.2237461265027511,7.319531383711358,0.15506514500975135,0.03846300657644317,0.9304098365754011,0.11538688234494743,0.2730478961815935,0.63232094,1,0.26464188
CANDIDATE_Uthiru/ruthimitu Ward_44,-1.142589118201481,36.743240030447566,Uthiru/ruthimitu Ward,False,6,tertiary,1386.118302000061,1861.0989134456045,0,0,8256,1009.581586839085,0,0,1440.0,0,0,17.73388355120552,11.535664961841428,20.832992845887567,56.99076346006171,93.1818181818182,520,208.0,0.4333708462235915,moderate,49.84788943140368,54875.67677571843,18.5,False,severely_underserved,17.981009247429096,49.84788943140368,5457.0,0.004325514263166,0,5457,0.1996750767775023,11.152482045939884,0.040466285510889634,0.49784640072139,0.8246559451275088,0.049213304780245444,0.3133986500907097,0.63157016,1,0.26314032
CANDIDATE_Njiru Ward_47,-1.2466419128819883,36.92243164805632,Njiru Ward,False,6,residential,1159.1165234245243,1157.6084478736673,0,0,10989,746.4285914852591,0,0,1440.0,0,0,17.845377654040565,11.606875140660836,20.96462891073044,57.8859819316018,91.796875,574,247.0,0.4245573366979223,moderate,47.21837435030173,69402.06821576251,11.0,False,severely_underserved,12.505843188780274,47.21837435030173,6785.0,0.0051718942699727,0,6785,0.2237461265027511,10.89304713008968,0.050314045664538426,0.47151808776780646,0.8909355339802834,0.035721077999510915,0.32082076032049894,0.63060236,1,0.26120472
CANDIDATE_Lucky Summer Ward_27,-1.2304529769859045,36.89680689282734,Lucky Summer Ward,False,3,unclassified,1196.5283749990233,1036.1782130943936,0,0,6042,3344.2855019757435,0,0,1440.0,0,0,18.22697126387059,11.58204509583422,21.549434347888774,54.69328703703704,91.66666666666669,251,100.0,0.4639352675180015,congested,66.8770030670488,60808.06426925295,11.1,False,underserved,10.81754038458982,66.8770030670488,30128.0,0.0025051598464232,1,30128,0.0768685671769029,3.552160434569506,0.2234136430038635,0.6683522998294162,0.9023761240512843,0.16891688119798048,0.45954145105855926,0.62926394,1,0.25852787
CANDIDATE_Ngando Ward_25,-1.3148545512660794,36.7365480424999,Ngando Ward,False,4,secondary,827.8295510015539,817.0827653308547,0,7,2979,1287.4420267405085,0,0,1440.0,0,0,16.699138772601074,11.303737458124182,19.57668614032208,68.12864671560324,95.45454545454544,134,49.0,0.5466091380314718,congested,64.55544213237266,28020.643468093764,18.5,False,underserved,9.50768530806354,8.069430266546583,6959.0,0.0048260827514733,0,6959,0.1996750767775023,17.558483286089597,0.051604339540091804,0.07953491982662692,0.9230182747383955,0.06345960307338838,0.23524082435804564,0.6279878,1,0.2559756
CANDIDATE_Nairobi West Ward_35,-1.3253658011456542,36.80675659326589,Nairobi West Ward,False,2,residential,373.9439936479865,370.16511852040907,4,18,9939,1107.4331345036017,0,0,1440.0,0,6,17.73181138157092,11.435384995598536,20.880024574557112,57.01554232804233,93.75,242,107.0,0.5580407232100865,congested,56.79149445936021,76676.38743229359,12.7,False,underserved,4.485639384665901,2.989026024176853,8719.0,0.0053341299870979,0,8719,0.348155049984002,18.15421991847434,0.06465558793649381,0.02866680585948062,0.96512476989546,0.05423029221814396,0.2336671696653638,0.6277811,1,0.2555622
CANDIDATE_Karura Ward_36,-1.141179726042914,36.73340502464956,Karura Ward,False,2,residential,1198.0850582369244,1944.104343820595,0,0,19794,501.8775238660341,0,0,1440.0,0,0,17.73388355120552,11.535664961841428,20.832992845887567,56.99076346006171,93.1818181818182,520,208.0,0.4333708462235915,moderate,51.54050841066344,136158.56870400644,17.9,False,underserved,18.64211095509079,51.54050841066344,2803.0,0.0016679383887417,0,2803,0.1696428393750311,21.68060393185624,0.02078559616767888,0.5147939369866892,0.8168355608194866,0.02318259840001828,0.3039770747492609,0.6212095,1,0.242419
CANDIDATE_Waithaka Ward_25,-1.2792509763252429,36.732716044159496,Waithaka Ward,False,6,residential,351.65640385314003,347.78768216966864,11,41,6065,992.4407038919258,0,0,1440.0,0,3,17.860120755591254,11.573045141024393,21.003658562874683,57.14772462015109,94.04761904761904,382,161.0,0.477674612291292,congested,40.50101289672889,33981.409843591384,18.5,False,severely_underserved,9.42541481222162,0.9643098308744972,5364.0,0.0170137276239527,0,5364,0.1996750767775023,6.003282410558159,0.039776645680852485,0.008394109208083833,0.9672330675249103,0.04833446743456316,0.21913386028221404,0.62111825,1,0.2422365
CANDIDATE_Lucky Summer Ward_41,-1.2336167001514058,36.89015955054124,Lucky Summer Ward,False,3,unclassified,1034.452141766772,628.2812963080194,0,15,6042,3344.2855019757435,0,0,1440.0,0,0,17.845377654040565,11.606875140660836,20.96462891073044,57.8859819316018,91.796875,574,247.0,0.4245573366979223,moderate,66.8770030670488,60808.06426925295,11.1,False,underserved,10.011618761720754,4.17981269169055,30128.0,0.0028972850400223,0,30128,0.0768685671769029,3.552160434569506,0.2234136430038635,0.04058969014661583,0.9408062681143394,0.16891688119798048,0.31028682745047015,0.6206864,1,0.24137282
CANDIDATE_Waithaka Ward_20,-1.278873823443494,36.73303432627618,Waithaka Ward,False,6,residential,316.6353430339059,315.29134767418066,12,41,6065,992.4407038919258,0,0,1440.0,0,3,17.860120755591254,11.573045141024393,21.003658562874683,57.14772462015109,94.04761904761904,382,161.0,0.477674612291292,congested,40.50101289672889,33981.409843591384,18.5,False,severely_underserved,9.39380276170379,0.9643098308744972,5364.0,0.0188895855942565,0,5364,0.1996750767775023,6.003282410558159,0.039776645680852485,0.008394109208083833,0.9702947205180779,0.04833446743456316,0.21974619088084754,0.6198401,1,0.23968017
CANDIDATE_Kitisuru Ward_21,-1.1879111625272325,36.70055632179992,Kitisuru Ward,False,2,residential,659.2365129093015,1984.532320325644,0,0,19156,1020.1206955680644,0,0,1440.0,0,0,17.73388355120552,11.535664961841428,20.832992845887567,56.99076346006171,93.1818181818182,520,208.0,0.4333708462235915,moderate,58.6948942150194,154593.60933689412,17.9,False,underserved,16.972969656085542,58.6948942150194,5698.0,0.0030292175014482,1,5698,0.1696428393750311,10.711956381011875,0.0422534166833515,0.5864280226025139,0.8130266255289056,0.049753659811534436,0.3339517585578895,0.6182253,1,0.23645055
CANDIDATE_Nairobi West Ward_30,-1.3318728271644662,36.82412708949588,Nairobi West Ward,False,2,residential,1710.0596400192078,996.4895668450422,0,1,9939,1107.4331345036017,0,0,1440.0,0,0,17.537775244317,11.62485744823719,20.494234142356905,58.00865800865801,88.88888888888889,178,69.0,0.4114521425097195,congested,56.79149445936021,76676.38743229359,12.7,False,underserved,5.114649383924789,28.395747229680104,8719.0,0.0011688663289244,0,8719,0.348155049984002,18.15421991847434,0.06465558793649381,0.28305443490575155,0.9061154030952321,0.05423029221814396,0.28546220356688595,0.61753976,1,0.23507953
CANDIDATE_Waithaka Ward_8,-1.2797534072926624,36.73145541213882,Waithaka Ward,False,2,residential,454.3978150640311,488.9243340177101,2,44,6065,992.4407038919258,0,0,1440.0,0,5,17.860120755591254,11.573045141024393,21.003658562874683,57.14772462015109,94.04761904761904,382,161.0,0.477674612291292,congested,40.50101289672889,33981.409843591384,18.5,False,severely_underserved,9.560581660414773,0.9000225088161975,5364.0,0.0043917645931586,0,5364,0.1996750767775023,6.003282410558159,0.039776645680852485,0.007750425227617966,0.9539358307969894,0.04833446743456316,0.2163134919415134,0.61586607,1,0.23173213
CANDIDATE_Upper Savanna Ward_5,-1.2862200731721454,36.919852210648365,Upper Savanna Ward,False,2,residential,1597.2955411368118,780.8412628384445,0,7,2569,969.351607954276,0,0,1440.0,0,0,18.054313199966053,11.514724616707694,21.324107491595232,57.35551818750744,93.22916666666669,394,160.0,0.5289229448015942,congested,62.13610462916318,22624.40132520788,7.2,False,underserved,11.411546158463942,7.767013078645397,13463.0,0.0012513330285445,0,13463,0.4401639794947514,17.503225579665653,0.09983463475043196,0.07650693401174108,0.9264327799835389,0.0471506567842833,0.2487855430191509,0.6124951,1,0.22499025
CANDIDATE_Ngando Ward_18,-1.308879879593077,36.75400682641144,Ngando Ward,False,6,unclassified,743.7247427559084,738.920989001312,0,9,2979,1287.4420267405085,0,0,1440.0,0,0,16.699138772601074,11.303737458124182,19.57668614032208,68.12864671560324,95.45454545454544,134,49.0,0.5466091380314718,congested,64.55544213237266,28020.643468093764,18.5,False,underserved,7.456425455086721,6.455544213237266,6959.0,0.008056667994938,0,6959,0.1996750767775023,17.558483286089597,0.051604339540091804,0.06337570576152068,0.930382312564996,0.06345960307338838,0.2326738284070892,0.60653394,1,0.21306789
CANDIDATE_Mwiki Ward_19,-1.250779784327408,36.92313532932355,Mwiki Ward,False,8,residential,694.8585866768383,694.8779059117791,0,9,13574,260.81942033073966,0,0,1440.0,0,0,17.845377654040565,11.606875140660836,20.96462891073044,57.8859819316018,91.796875,574,247.0,0.4245573366979223,moderate,20.223745116113616,56716.87356452877,11.0,False,severely_underserved,12.42480428906556,2.0223745116113614,2371.0,0.0114965887511786,0,2371,0.2237461265027511,3.3852359612444944,0.01758210792492566,0.01898809980345232,0.9345318463282001,0.010823208016264891,0.19997177359348006,0.6063293,1,0.21265864
CANDIDATE_Kangemi Ward_49,-1.2612867774479737,36.74781822645699,Kangemi Ward,False,2,residential,273.92226585330866,329.5660916133154,10,25,8188,6633.956850403134,0,0,1440.0,0,7,17.24048621436891,11.524509169053754,20.09847473702649,65.557208994709,92.96875,298,122.0,0.4417253633750815,congested,63.280549542627405,74330.71297439898,17.9,False,underserved,8.202934453923211,2.433867290101054,37061.0,0.0072747836330839,1,37061,0.1696428393750311,2.9059320347753803,0.2748251800108266,0.023108217131578124,0.9689498207567211,0.33758299046034573,0.36327242953009725,0.60598916,1,0.21197832
CANDIDATE_Mountain View Ward_41,-1.2790492487475582,36.7271311738236,Mountain View Ward,False,6,residential,466.4573376401038,482.8249523329415,2,32,6212,2438.23971917691,0,0,1440.0,0,2,17.860120755591254,11.573045141024393,21.003658562874683,57.14772462015109,94.04761904761904,382,161.0,0.477674612291292,congested,61.1874463798916,53352.875177465976,17.9,False,underserved,10.045993404984843,1.8541650418148967,13621.0,0.0128353959107588,0,13621,0.1696428393750311,5.847857289081503,0.10100628091329077,0.01730388373092013,0.954510486076779,0.1224626306627993,0.25507279260029747,0.60184973,1,0.20369947
CANDIDATE_Karura Ward_34,-1.137409841332467,36.75722467898647,Karura Ward,False,6,residential,1076.6102399219833,2871.0930702675896,0,0,19794,501.8775238660341,0,0,1440.0,0,0,17.73388355120552,11.535664961841428,20.832992845887567,56.99076346006171,93.1818181818182,520,208.0,0.4333708462235915,moderate,51.54050841066344,136158.56870400644,17.9,False,underserved,17.858298281803783,51.54050841066344,2803.0,0.0055678758216276,0,2803,0.1696428393750311,21.68060393185624,0.02078559616767888,0.5147939369866892,0.7294990087738056,0.02318259840001828,0.28650976434012465,0.6014803,1,0.20296061
CANDIDATE_South C Ward_44,-1.3514380429845452,36.82328517202341,South C Ward,False,2,residential,3091.148818739795,2933.901594006662,0,0,9969,464.7086107611213,0,0,1440.0,0,0,15.860117021838242,12.110932900834843,17.73470908233994,63.333333333333336,80.0,25,9.0,0.5302708614457137,heavily_congested,52.75712751657217,70344.6251026133,12.7,False,underserved,7.26346908087863,52.75712751657217,3659.0,0.0006467993997828,0,3659,0.348155049984002,28.829494748770223,0.02713324879683804,0.5269754714437004,0.7235814827608681,0.021276895582041187,0.29021218060840026,0.59801793,1,0.19603586
CANDIDATE_Nairobi West Ward_8,-1.3330245794579176,36.82831088113403,Nairobi West Ward,False,6,residential,1303.3807709171972,819.2359604150314,0,5,9939,1107.4331345036017,0,0,1440.0,0,0,17.537775244317,11.62485744823719,20.494234142356905,58.00865800865801,88.88888888888889,178,69.0,0.4114521425097195,congested,56.79149445936021,76676.38743229359,12.7,False,underserved,5.329519112139174,9.465249076560037,8719.0,0.0045998838174998,0,8719,0.348155049984002,18.15421991847434,0.06465558793649381,0.09351071130264774,0.9228154107453732,0.05423029221814396,0.2414162741961382,0.5943094,1,0.18861878
CANDIDATE_Kasarani Ward_13,-1.2328888620279097,36.91266703351852,Kasarani Ward,False,2,residential,829.4240148030162,825.2174067084983,0,14,19913,2300.2340071122967,0,0,1440.0,0,0,17.845377654040565,11.606875140660836,20.96462891073044,57.8859819316018,91.796875,574,247.0,0.4245573366979223,moderate,59.51118305482108,163944.92175693653,11.0,False,underserved,12.167078391969657,3.967412203654739,20911.0,0.0024084081918975,0,20911,0.2237461265027511,7.319531383711358,0.15506514500975135,0.03846300657644317,0.9222518667878106,0.11538688234494743,0.27141630222407537,0.5938135,1,0.18762696
CANDIDATE_Ngando Ward_8,-1.297122017518394,36.73458933466237,Ngando Ward,False,2,residential,507.0929400457842,502.7633205894528,0,17,2979,1287.4420267405085,0,0,1440.0,0,1,16.699138772601074,11.303737458124182,19.57668614032208,68.12864671560324,95.45454545454544,134,49.0,0.5466091380314718,congested,64.55544213237266,28020.643468093764,18.5,False,underserved,9.260618549677842,3.586413451798481,6959.0,0.0039362877189747,0,6959,0.1996750767775023,17.558483286089597,0.051604339540091804,0.034648214090220744,0.9526319860613419,0.06345960307338838,0.22994189018853337,0.5928952,1,0.18579042
CANDIDATE_Uthiru/ruthimitu Ward_20,-1.20419705304103,36.68666445048838,Uthiru/ruthimitu Ward,False,2,residential,1492.0863903175796,2831.280585064336,0,0,8256,1009.581586839085,0,0,1440.0,0,0,17.73388355120552,11.535664961841428,20.832992845887567,56.99076346006171,93.1818181818182,520,208.0,0.4333708462235915,moderate,49.84788943140368,54875.67677571843,18.5,False,severely_underserved,17.15028215232277,49.84788943140368,5457.0,0.0013395072200575,0,5457,0.1996750767775023,11.152482045939884,0.040466285510889634,0.49784640072139,0.7332499553461,0.049213304780245444,0.29511745213442797,0.59223336,1,0.18446672
CANDIDATE_South C Ward_25,-1.3318264292570563,36.90657055482795,South C Ward,False,4,primary,782.4050667756337,995.860635830552,0,1,9969,464.7086107611213,0,0,1440.0,0,0,17.906847137299025,11.406366449662858,21.157087481117102,57.709691248294185,93.33333333333331,371,147.0,0.3154506881194194,moderate,52.75712751657217,70344.6251026133,12.7,False,underserved,11.145308409552811,26.378563758286084,3659.0,0.0051059154065256,0,3659,0.348155049984002,28.829494748770223,0.02713324879683804,0.2628571604723981,0.906174658040533,0.021276895582041187,0.2607012379215077,0.5912374,1,0.18247485
CANDIDATE_Njiru Ward_19,-1.2418255465027908,36.92239793998912,Njiru Ward,False,8,residential,1167.3588406677682,1172.0157883259494,0,0,10989,746.4285914852591,0,0,1440.0,0,0,17.845377654040565,11.606875140660836,20.96462891073044,57.8859819316018,91.796875,574,247.0,0.4245573366979223,moderate,47.21837435030173,69402.06821576251,11.0,False,severely_underserved,12.701606150134785,47.21837435030173,6785.0,0.0068472114230142,0,6785,0.2237461265027511,10.89304713008968,0.050314045664538426,0.47151808776780646,0.8895781415942148,0.035721077999510915,0.32054928184328524,0.58939606,1,0.17879212
CANDIDATE_Kitisuru Ward_33,-1.144157990885348,36.72001017439798,Kitisuru Ward,False,6,secondary,177.34912256692928,452.4081364091231,1,1,19156,1020.1206955680644,0,0,1440.0,0,1,17.73388355120552,11.535664961841428,20.832992845887567,56.99076346006171,93.1818181818182,520,208.0,0.4333708462235915,moderate,58.6948942150194,154593.60933689412,17.9,False,underserved,19.154725291087072,29.34744710750969,5698.0,0.0336418812363283,0,5698,0.1696428393750311,10.711956381011875,0.0422534166833515,0.29258343605180476,0.9573762165341239,0.049753659811534436,0.2893605301212559,0.5886314,1,0.17726278
CANDIDATE_Lucky Summer Ward_11,-1.2310686161646796,36.894273953437896,Lucky Summer Ward,False,3,unclassified,1107.9782320023842,1027.990689402676,0,0,6042,3344.2855019757435,0,0,1440.0,0,0,17.845377654040565,11.606875140660836,20.96462891073044,57.8859819316018,91.796875,574,247.0,0.4245573366979223,moderate,66.8770030670488,60808.06426925295,11.1,False,underserved,10.548343225180489,66.8770030670488,30128.0,0.002705192864411,1,30128,0.0768685671769029,3.552160434569506,0.2234136430038635,0.6683522998294162,0.9031475143267278,0.16891688119798048,0.4596957291136479,0.5885733,1,0.17714655
CANDIDATE_Lucky Summer Ward_4,-1.230395121181907,36.90296624025325,Lucky Summer Ward,False,2,residential,924.179055460216,916.4433055475166,0,3,6042,3344.2855019757435,0,0,1440.0,0,0,18.22697126387059,11.58204509583422,21.549434347888774,54.69328703703704,91.66666666666669,251,100.0,0.4639352675180015,congested,66.8770030670488,60808.06426925295,11.1,False,underserved,11.38803593295556,16.7192507667622,30128.0,0.0021617437059306,1,30128,0.0768685671769029,3.552160434569506,0.2234136430038635,0.16614221208317592,0.9136569883016336,0.16891688119798048,0.336245101972069,0.5881524,1,0.17630482
CANDIDATE_Clay City_30,-1.2301645568287105,36.90243122507327,Clay City,False,2,residential,941.998932334417,936.3991958601248,0,3,7281,935.8012048297124,0,0,1440.0,0,0,18.22697126387059,11.58204509583422,21.549434347888774,54.69328703703704,91.66666666666669,251,100.0,0.4639352675180015,congested,59.34801434111238,59710.23367322085,11.0,False,underserved,11.352388420385235,14.837003585278095,8507.0,0.0021208931754025,0,8507,0.2237461265027511,12.259205080423108,0.06308350574329084,0.14729600229861495,0.911776837439837,0.04543048009796805,0.2503446910923665,0.5881524,1,0.17630482
CANDIDATE_Kasarani Ward_46,-1.2371591664328792,36.87631921263164,Kasarani Ward,False,4,residential,363.6576791845763,368.6583427995105,5,22,19913,2300.2340071122967,0,0,1440.0,0,9,17.684657596250318,11.666697525521228,20.693637631614862,60.45883468467407,92.24137931034484,543,224.0,0.490429447437139,congested,59.51118305482108,163944.92175693653,11.0,False,underserved,8.554096425076246,2.5874427415139603,20911.0,0.0109691917333114,0,20911,0.2237461265027511,7.319531383711358,0.15506514500975135,0.024645908463278875,0.9652667312725673,0.11538688234494743,0.27656500059273564,0.58758956,1,0.17517912
CANDIDATE_Lucky Summer Ward_39,-1.231969130435548,36.89073373784164,Lucky Summer Ward,False,3,unclassified,915.7520179149124,719.6123376091491,0,8,6042,3344.2855019757435,0,0,1440.0,0,0,17.845377654040565,11.606875140660836,20.96462891073044,57.8859819316018,91.796875,574,247.0,0.4245573366979223,moderate,66.8770030670488,60808.06426925295,11.1,False,underserved,10.171338901362423,7.430778118560978,30128.0,0.00327242257598,0,30128,0.0768685671769029,3.552160434569506,0.2234136430038635,0.07314034398202028,0.9322014835960258,0.16891688119798048,0.3167035340056586,0.5847392,1,0.16947842
CANDIDATE_Lucky Summer Ward_49,-1.2315615971716918,36.90646467198067,Lucky Summer Ward,False,2,residential,870.0510185527395,859.8494561275355,0,3,6042,3344.2855019757435,0,0,1440.0,0,0,17.845377654040565,11.606875140660836,20.96462891073044,57.8859819316018,91.796875,574,247.0,0.4245573366979223,moderate,66.8770030670488,60808.06426925295,11.1,False,underserved,11.647149644322576,16.7192507667622,30128.0,0.0022960767594566,1,30128,0.0768685671769029,3.552160434569506,0.2234136430038635,0.16614221208317592,0.9189889967007845,0.16891688119798048,0.3373115036518992,0.5843957,1,0.16879141
CANDIDATE_Pipeline Ward_6,-1.3344163935509326,36.88651969214121,Pipeline Ward,False,3,primary,138.64100991963332,392.3179878858135,2,30,4759,688.1241032945147,0,0,1440.0,0,4,17.906847137299025,11.406366449662858,21.157087481117102,57.709691248294185,93.33333333333331,371,147.0,0.3154506881194194,moderate,60.39700177501157,40062.52343641133,13.8,False,underserved,9.374913052277416,1.9482903798390827,4986.0,0.021483660149168,0,4986,0.2682490623582934,34.44615769624161,0.036973593468443415,0.01824632417333208,0.9630376299194342,0.03273172431213803,0.21665620960360268,0.56996965,1,0.13993931
CANDIDATE_Clay City_22,-1.2287432610218032,36.90153027356208,Clay City,False,2,residential,907.0681765476436,888.3516102881528,0,4,7281,935.8012048297124,0,0,1440.0,0,0,18.22697126387059,11.58204509583422,21.549434347888774,54.69328703703704,91.66666666666669,251,100.0,0.4639352675180015,congested,59.34801434111238,59710.23367322085,11.0,False,underserved,11.357389353687823,11.869602868222476,8507.0,0.0022024778002943,0,8507,0.2237461265027511,12.259205080423108,0.06308350574329084,0.1175845717391111,0.916303656740067,0.04543048009796805,0.2438221973125366,0.56983334,1,0.13966668
CANDIDATE_Lucky Summer Ward_12,-1.2314126894216453,36.890075083423234,Lucky Summer Ward,False,3,unclassified,822.4444026902473,671.0448940894458,0,8,6042,3344.2855019757435,0,0,1440.0,0,0,17.845377654040565,11.606875140660836,20.96462891073044,57.8859819316018,91.796875,574,247.0,0.4245573366979223,moderate,66.8770030670488,60808.06426925295,11.1,False,underserved,10.149738794992349,7.430778118560978,30128.0,0.003643233216716,0,30128,0.0768685671769029,3.552160434569506,0.2234136430038635,0.07314034398202028,0.9367772814861923,0.16891688119798048,0.3176186935836919,0.5668305,1,0.13366103
CANDIDATE_Gatina Ward_11,-1.2930544608481525,36.75931510557771,Gatina Ward,False,2,residential,245.870665677848,381.583726121203,10,57,6063,3037.154756927026,0,0,1440.0,0,9,16.699138772601074,11.303737458124182,19.57668614032208,68.12864671560324,95.45454545454544,134,49.0,0.5466091380314718,congested,55.98639000937479,45919.74288559071,12.7,False,underserved,6.477279003991207,0.9652825863685308,23914.0,0.0081014080571641,0,23914,0.0885442239001563,2.613255050207503,0.1773338375861123,0.008403849030934937,0.9640489619718423,0.15316985290380677,0.28761156838800284,0.56681544,1,0.13363087
CANDIDATE_Clay City_46,-1.2262818325492395,36.90090204232309,Clay City,False,2,residential,821.8513242876352,768.6714301296682,0,17,7281,935.8012048297124,0,0,1440.0,0,0,18.22697126387059,11.58204509583422,21.549434347888774,54.69328703703704,91.66666666666669,251,100.0,0.4639352675180015,congested,59.34801434111238,59710.23367322085,11.0,False,underserved,11.457317882960012,3.297111907839577,8507.0,0.0024305727425685,0,8507,0.2237461265027511,12.259205080423108,0.06308350574329084,0.031751550122766724,0.9275793648312652,0.04543048009796805,0.22461908352669013,0.56525606,1,0.13051212
CANDIDATE_Ngando Ward_28,-1.2941880170144142,36.72665267246951,Ngando Ward,False,8,residential,423.28391711706666,476.1134224821855,1,12,2979,1287.4420267405085,0,0,1440.0,0,1,16.699138772601074,11.303737458124182,19.57668614032208,68.12864671560324,95.45454545454544,134,49.0,0.5466091380314718,congested,64.55544213237266,28020.643468093764,18.5,False,underserved,10.103033253091462,4.965803240951743,6959.0,0.0188552987215696,0,6959,0.1996750767775023,17.558483286089597,0.051604339540091804,0.0484595081629611,0.9551428151002003,0.06345960307338838,0.23389687951449015,0.56466115,1,0.12932229
CANDIDATE_Karen Ward_6,-1.294950277704499,36.765940795102665,Karen Ward,False,2,residential,504.7715019993454,520.9292693772596,0,37,16628,125.91481364439316,0,0,1440.0,0,6,16.699138772601074,11.303737458124182,19.57668614032208,68.12864671560324,95.45454545454544,134,49.0,0.5466091380314718,congested,38.49922811522797,90123.85907777146,12.7,False,severely_underserved,5.777087701675018,1.0131375819796835,991.0,0.0039543548659698,0,991,0.348155049984002,25.96426766391263,0.00734874270501954,0.008883002510562364,0.9509204751373131,0.003906457763315437,0.19575819715452317,0.56302285,1,0.1260457
CANDIDATE_Mountain View Ward_26,-1.26733697308962,36.74353991740252,Mountain View Ward,False,6,residential,325.80715712848195,337.37958541555787,7,25,6212,2438.23971917691,0,0,1440.0,0,6,17.24048621436891,11.524509169053754,20.09847473702649,65.557208994709,92.96875,298,122.0,0.4417253633750815,congested,61.1874463798916,53352.875177465976,17.9,False,underserved,8.458501266946627,2.353363322303524,13621.0,0.0183594510374849,0,13621,0.1696428393750311,5.847857289081503,0.10100628091329077,0.022302162177411308,0.9682136698320667,0.1224626306627993,0.2590629989629778,0.5614244,1,0.12284875
CANDIDATE_Uthiru/ruthimitu Ward_11,-1.1853205288231607,36.67476261134427,Uthiru/ruthimitu Ward,False,6,residential,290.5198089635188,2760.41624076316,0,0,8256,1009.581586839085,0,0,1440.0,0,0,17.73388355120552,11.535664961841428,20.832992845887567,56.99076346006171,93.1818181818182,520,208.0,0.4333708462235915,moderate,49.84788943140368,54875.67677571843,18.5,False,severely_underserved,19.41809392985284,49.84788943140368,5457.0,0.0205817917531321,0,5457,0.1996750767775023,11.152482045939884,0.040466285510889634,0.49784640072139,0.7399264631801967,0.049213304780245444,0.2964527537012473,0.561046,1,0.12209201
CANDIDATE_South C Ward_49,-1.3663081861395956,36.89702300539452,South C Ward,False,4,tertiary,1438.6046973857565,1407.2815653186906,0,0,9969,464.7086107611213,0,0,1440.0,0,0,16.632776402144263,12.15247043129182,19.192951242631377,64.08008658008659,91.66666666666669,92,36.0,0.5307092210520002,congested,52.75712751657217,70344.6251026133,12.7,False,underserved,12.55745503476108,52.75712751657217,3659.0,0.0027785405307886,0,3659,0.348155049984002,28.829494748770223,0.02713324879683804,0.5269754714437004,0.8674124979453984,0.021276895582041187,0.31897838364530634,0.55998576,1,0.119971514
CANDIDATE_Clay City_47,-1.2322518848339197,36.907717391788175,Clay City,False,2,residential,922.0123202588746,916.1099114115092,0,2,7281,935.8012048297124,0,0,1440.0,0,0,17.845377654040565,11.606875140660836,20.96462891073044,57.8859819316018,91.796875,574,247.0,0.4245573366979223,moderate,59.34801434111238,59710.23367322085,11.0,False,underserved,11.726430781236342,19.782671447037465,8507.0,0.00216681831445,0,8507,0.2237461265027511,12.259205080423108,0.06308350574329084,0.1968150532311214,0.9136883991413562,0.04543048009796805,0.26310676616579703,0.5598626,1,0.11972523
CANDIDATE_Matopeni/spring Valley Ward_44,-1.261406180459143,36.9355861201127,Matopeni/spring Valley Ward,False,8,residential,898.41121569568,898.3863033209592,0,7,1882,814.344876647441,0,0,1440.0,0,0,17.845377654040565,11.606875140660836,20.96462891073044,57.8859819316018,91.796875,574,247.0,0.4245573366979223,moderate,58.72900295774414,15205.42326080414,7.0,False,underserved,13.450926775134256,7.341125369718018,11633.0,0.0088947078493035,0,11633,0.0226306829054491,3.94596052808772,0.08626430261099123,0.07224268583750137,0.9153582347890565,0.03920324213099311,0.23916547275723218,0.5591914,1,0.11838281
CANDIDATE_Clay City_33,-1.2325692254964782,36.90793516712776,Clay City,False,2,residential,955.3740587749196,950.20970141247,0,2,7281,935.8012048297124,0,0,1440.0,0,0,17.845377654040565,11.606875140660836,20.96462891073044,57.8859819316018,91.796875,574,247.0,0.4245573366979223,moderate,59.34801434111238,59710.23367322085,11.0,False,underserved,11.729164609377095,19.782671447037465,8507.0,0.0020912319626924,0,8507,0.2237461265027511,12.259205080423108,0.06308350574329084,0.1968150532311214,0.9104756760529314,0.04543048009796805,0.26246422154811205,0.55914927,1,0.11829853
CANDIDATE_Kitisuru Ward_28,-1.149493344708547,36.73681089613311,Kitisuru Ward,False,6,residential,437.3151934300156,1321.6126236303896,0,0,19156,1020.1206955680644,0,0,1440.0,0,0,17.73388355120552,11.535664961841428,20.832992845887567,56.99076346006171,93.1818181818182,520,208.0,0.4333708462235915,moderate,58.6948942150194,154593.60933689412,17.9,False,underserved,17.65266914408347,58.6948942150194,5698.0,0.0136887794216013,1,5698,0.1696428393750311,10.711956381011875,0.0422534166833515,0.5864280226025139,0.8754838258601793,0.049753659811534436,0.3464431986241443,0.5585869,1,0.11717379
CANDIDATE_Lucky Summer Ward_26,-1.2307332373027455,36.88647177279618,Lucky Summer Ward,False,3,unclassified,581.8618922028672,400.2610157716544,1,15,6042,3344.2855019757435,0,0,1440.0,0,5,17.684657596250318,11.666697525521228,20.693637631614862,60.45883468467407,92.24137931034484,543,224.0,0.490429447437139,congested,66.8770030670488,60808.06426925295,11.1,False,underserved,9.880125454692545,4.17981269169055,30128.0,0.0051470168836425,0,30128,0.0768685671769029,3.552160434569506,0.2234136430038635,0.04058969014661583,0.9622892748978893,0.16891688119798048,0.31458342880718015,0.55391824,1,0.107836485
CANDIDATE_Ngando Ward_40,-1.3018154120331251,36.730883428930895,Ngando Ward,False,6,residential,700.1181476716758,748.7435186611585,0,5,2979,1287.4420267405085,0,0,1440.0,0,0,16.699138772601074,11.303737458124182,19.57668614032208,68.12864671560324,95.45454545454544,134,49.0,0.5466091380314718,congested,64.55544213237266,28020.643468093764,18.5,False,underserved,9.7474167134527,10.759240355395445,6959.0,0.0085577588027427,0,6959,0.1996750767775023,17.558483286089597,0.051604339540091804,0.10646694326847063,0.9294568796569331,0.06345960307338838,0.2432615512022141,0.55317265,1,0.106345296
CANDIDATE_Ngando Ward_17,-1.3018361458827092,36.73390567944174,Ngando Ward,False,6,residential,643.3932726009285,640.2892430914013,0,8,2979,1287.4420267405085,0,0,1440.0,0,0,16.699138772601074,11.303737458124182,19.57668614032208,68.12864671560324,95.45454545454544,134,49.0,0.5466091380314718,congested,64.55544213237266,28020.643468093764,18.5,False,underserved,9.417284426191149,7.172826903596962,6959.0,0.0093110841703584,0,6959,0.1996750767775023,17.558483286089597,0.051604339540091804,0.07055757867934569,0.9396749354030688,0.06345960307338838,0.23632782120416,0.5497278,1,0.099455595
CANDIDATE_Clay City_14,-1.2264193903683378,36.8977741902576,Clay City,False,6,residential,818.5831519882677,817.308358041487,0,19,7281,935.8012048297124,0,0,1440.0,0,0,18.22697126387059,11.58204509583422,21.549434347888774,54.69328703703704,91.66666666666669,251,100.0,0.4639352675180015,congested,59.34801434111238,59710.23367322085,11.0,False,underserved,11.16762028016811,2.967400717055619,8507.0,0.0073207947057529,0,8507,0.2237461265027511,12.259205080423108,0.06308350574329084,0.02845028006059963,0.9229970204459201,0.04543048009796805,0.22287729713407936,0.5496043,1,0.09920859
CANDIDATE_Uthiru/ruthimitu Ward_40,-1.2563195440610402,36.63085458546632,Uthiru/ruthimitu Ward,False,6,unclassified,2626.586799099712,3819.987608899161,0,0,8256,1009.581586839085,0,0,1440.0,0,0,17.860120755591254,11.573045141024393,21.003658562874683,57.14772462015109,94.04761904761904,382,161.0,0.477674612291292,congested,49.84788943140368,54875.67677571843,18.5,False,severely_underserved,20.983856190917063,49.84788943140368,5457.0,0.0022834640522839,0,5457,0.1996750767775023,11.152482045939884,0.040466285510889634,0.49784640072139,0.6400985933267926,0.049213304780245444,0.27648717973056647,0.5490664,1,0.09813285
CANDIDATE_Nairobi West Ward_17,-1.328999550414819,36.82502896796805,Nairobi West Ward,False,2,residential,1570.238631130068,739.7879578253552,0,7,9939,1107.4331345036017,0,0,1440.0,0,0,17.537775244317,11.62485744823719,20.494234142356905,58.00865800865801,88.88888888888889,178,69.0,0.4114521425097195,congested,56.79149445936021,76676.38743229359,12.7,False,underserved,4.816142907753598,7.098936807420026,8719.0,0.001272881127268,0,8719,0.348155049984002,18.15421991847434,0.06465558793649381,0.06981774585225974,0.9303006308080741,0.05423029221814396,0.23699007684608137,0.546832,1,0.09366405
CANDIDATE_Upper Savanna Ward_23,-1.285818459516038,36.91968075045197,Upper Savanna Ward,False,2,residential,1556.6732165364567,736.5125858076356,0,7,2569,969.351607954276,0,0,1440.0,0,0,18.054313199966053,11.514724616707694,21.324107491595232,57.35551818750744,93.22916666666669,394,160.0,0.5289229448015942,congested,62.13610462916318,22624.40132520788,7.2,False,underserved,11.392652335038129,7.767013078645397,13463.0,0.0012839663536406,0,13463,0.4401639794947514,17.503225579665653,0.09983463475043196,0.07650693401174108,0.9306092210751759,0.0471506567842833,0.2496208312374783,0.54479593,1,0.08959186
CANDIDATE_Uthiru/ruthimitu Ward_8,-1.2333563116251094,36.6401577932708,Uthiru/ruthimitu Ward,False,2,residential,2759.3336036066103,2743.6777425545874,0,0,8256,1009.581586839085,0,0,1440.0,0,0,17.860120755591254,11.573045141024393,21.003658562874683,57.14772462015109,94.04761904761904,382,161.0,0.477674612291292,congested,49.84788943140368,54875.67677571843,18.5,False,severely_underserved,20.546229145232843,49.84788943140368,5457.0,0.0007245501041565,0,5457,0.1996750767775023,11.152482045939884,0.040466285510889634,0.49784640072139,0.7415034863717976,0.049213304780245444,0.2967681583395675,0.54331917,1,0.08663833
CANDIDATE_Matopeni/spring Valley Ward_48,-1.2544765232643504,36.92352683502239,Matopeni/spring Valley Ward,False,6,residential,289.6599598177451,303.94371150532606,6,17,1882,814.344876647441,0,0,1440.0,0,3,17.845377654040565,11.606875140660836,20.96462891073044,57.8859819316018,91.796875,574,247.0,0.4245573366979223,moderate,58.72900295774414,15205.42326080414,7.0,False,underserved,12.34160824003622,3.2627223865413413,11633.0,0.0206426781444621,0,11633,0.0226306829054491,3.94596052808772,0.08626430261099123,0.031407221206164945,0.9713638418445639,0.03920324213099311,0.2401577280104996,0.54003,1,0.080060005
CANDIDATE_Njiru Ward_8,-1.2520677050733429,36.9245956060569,Njiru Ward,False,2,residential,512.5560048493514,519.8402478567924,0,10,10989,746.4285914852591,0,0,1440.0,0,2,17.845377654040565,11.606875140660836,20.96462891073044,57.8859819316018,91.796875,574,247.0,0.4245573366979223,moderate,47.21837435030173,69402.06821576251,11.0,False,severely_underserved,12.534417378283376,4.292579486391066,6785.0,0.0038944145937631,0,6785,0.2237461265027511,10.89304713008968,0.050314045664538426,0.04171878025261495,0.9510230776630911,0.035721077999510915,0.22538844217826262,0.53971684,1,0.07943368
CANDIDATE_Uthiru/ruthimitu Ward_25,-1.2784190106859457,36.633919603448746,Uthiru/ruthimitu Ward,False,6,residential,299.1492921436366,4273.270752487591,0,0,8256,1009.581586839085,0,0,1440.0,0,0,17.860120755591254,11.573045141024393,21.003658562874683,57.14772462015109,94.04761904761904,382,161.0,0.477674612291292,congested,49.84788943140368,54875.67677571843,18.5,False,severely_underserved,20.394063335173,49.84788943140368,5457.0,0.0199900521408816,0,5457,0.1996750767775023,11.152482045939884,0.040466285510889634,0.49784640072139,0.5973923707676723,0.049213304780245444,0.2679459352187424,0.5375347,1,0.07506943
CANDIDATE_Uthiru/ruthimitu Ward_23,-1.2878796302471212,36.62894031160879,Uthiru/ruthimitu Ward,False,6,trunk,69.94968713796186,5285.723027588765,0,0,8256,1009.581586839085,0,0,1440.0,0,0,15.980574424068386,11.4132564471311,18.590470410889697,70.77380952380952,92.1875,88,34.0,0.574525767942717,congested,49.84788943140368,54875.67677571843,18.5,False,severely_underserved,20.92888691919284,49.84788943140368,5457.0,0.0845669691021044,0,5457,0.1996750767775023,11.152482045939884,0.040466285510889634,0.49784640072139,0.502003841980426,0.049213304780245444,0.24886822946129317,0.5375347,1,0.07506943
CANDIDATE_Kahawa_27,-1.183498178482212,36.89699775284918,Kahawa,False,2,residential,206.05330168886908,1099.8813137374411,0,0,9936,2342.1790599665173,0,0,1440.0,0,0,18.22697126387059,11.58204509583422,21.549434347888774,54.69328703703704,91.66666666666669,251,100.0,0.4639352675180015,congested,50.06246135533196,66325.31993700916,12.5,False,underserved,14.47820575282084,50.06246135533196,18737.0,0.0096593485044026,1,18737,0.140004148607421,1.2664846559319567,0.13894388704737753,0.499994826035562,0.8963743151769659,0.11753746461241547,0.37641142293334895,0.5344642,1,0.06892836
CANDIDATE_Kahawa_23,-1.1851807340971785,36.89630942134594,Kahawa,False,2,residential,161.77724806804275,1150.9419816646555,0,0,9936,2342.1790599665173,0,0,1440.0,0,0,18.22697126387059,11.58204509583422,21.549434347888774,54.69328703703704,91.66666666666669,251,100.0,0.4639352675180015,congested,50.06246135533196,66325.31993700916,12.5,False,underserved,14.283561935024338,50.06246135533196,18737.0,0.012286729403141,1,18737,0.140004148607421,1.2664846559319567,0.13894388704737753,0.499994826035562,0.8915636173176673,0.11753746461241547,0.3754492833614892,0.5324454,1,0.06489074
CANDIDATE_Lucky Summer Ward_18,-1.2298840271745772,36.903766618726,Lucky Summer Ward,False,2,residential,825.94665853394,816.8824219116598,0,3,6042,3344.2855019757435,0,0,1440.0,0,0,18.22697126387059,11.58204509583422,21.549434347888774,54.69328703703704,91.66666666666669,251,100.0,0.4639352675180015,congested,66.8770030670488,60808.06426925295,11.1,False,underserved,11.493608738789408,16.7192507667622,30128.0,0.0024185356810628,1,30128,0.0768685671769029,3.552160434569506,0.2234136430038635,0.16614221208317592,0.9230371501604565,0.16891688119798048,0.3381211343438336,0.5319422,1,0.06388438
CANDIDATE_Kangemi Ward_27,-1.259439265516348,36.75340228242563,Kangemi Ward,False,6,residential,351.1259475347769,509.3388163730894,0,24,8188,6633.956850403134,0,0,1440.0,0,6,17.24048621436891,11.524509169053754,20.09847473702649,65.557208994709,92.96875,298,122.0,0.4417253633750815,congested,63.280549542627405,74330.71297439898,17.9,False,underserved,7.699814143919977,2.5312219817050963,37061.0,0.0170393577695873,1,37061,0.1696428393750311,2.9059320347753803,0.2748251800108266,0.024082991836797418,0.9520124735329265,0.33758299046034573,0.36012865376164316,0.52931774,1,0.058635473
CANDIDATE_Uthiru/ruthimitu Ward_1,-1.2215360831914193,36.63055466286144,Uthiru/ruthimitu Ward,False,6,unclassified,3002.972529640429,3363.0218759325708,0,0,8256,1009.581586839085,0,0,1440.0,0,0,17.860120755591254,11.573045141024393,21.003658562874683,57.14772462015109,94.04761904761904,382,161.0,0.477674612291292,congested,49.84788943140368,54875.67677571843,18.5,False,severely_underserved,21.96687285957912,49.84788943140368,5457.0,0.0019973551491558,0,5457,0.1996750767775023,11.152482045939884,0.040466285510889634,0.49784640072139,0.6831517722724499,0.049213304780245444,0.28509781551969793,0.5289357,1,0.05787134
CANDIDATE_Matopeni/spring Valley Ward_47,-1.253020340288404,36.92574292414237,Matopeni/spring Valley Ward,False,2,residential,376.44702111962295,417.2290776170854,4,12,1882,814.344876647441,0,0,1440.0,0,3,17.845377654040565,11.606875140660836,20.96462891073044,57.8859819316018,91.796875,574,247.0,0.4245573366979223,moderate,58.72900295774414,15205.42326080414,7.0,False,underserved,12.62441149699056,4.517615612134165,11633.0,0.0052987568800182,0,11633,0.0226306829054491,3.94596052808772,0.08626430261099123,0.04397197955426846,0.9606906232916742,0.03920324213099311,0.2411642738869475,0.52565235,1,0.051304698
CANDIDATE_Matopeni/spring Valley Ward_31,-1.2634508859092783,36.939043390959554,Matopeni/spring Valley Ward,False,2,residential,1263.1232308632095,1255.08867124584,0,0,1882,814.344876647441,0,0,1440.0,0,0,17.845377654040565,11.606875140660836,20.96462891073044,57.8859819316018,91.796875,574,247.0,0.4245573366979223,moderate,58.72900295774414,15205.42326080414,7.0,False,underserved,13.783293640295602,58.72900295774414,11633.0,0.001582124235336,1,11633,0.0226306829054491,3.94596052808772,0.08626430261099123,0.5867695401923404,0.8817514022221771,0.03920324213099311,0.3610758198325661,0.52048457,1,0.040969133
CANDIDATE_Matopeni/spring Valley Ward_7,-1.2635285840861177,36.93898348867235,Matopeni/spring Valley Ward,False,2,residential,1268.5247578299,1260.3046807108476,0,0,1882,814.344876647441,0,0,1440.0,0,0,17.845377654040565,11.606875140660836,20.96462891073044,57.8859819316018,91.796875,574,247.0,0.4245573366979223,moderate,58.72900295774414,15205.42326080414,7.0,False,underserved,13.775151757278657,58.72900295774414,11633.0,0.0015753926716787,1,11633,0.0226306829054491,3.94596052808772,0.08626430261099123,0.5867695401923404,0.881259974150708,0.03920324213099311,0.3609775342182723,0.52048457,1,0.040969133
CANDIDATE_South C Ward_30,-1.3393202749447204,36.83913846437174,South C Ward,False,3,trunk,1193.5535472120291,1310.8977175004245,0,0,9969,464.7086107611213,0,0,1440.0,0,0,20.529091125258045,13.959751840261196,23.81376076775648,47.43601986249045,90.44117647058825,181,82.0,0.4906386407199595,moderate,52.75712751657217,70344.6251026133,12.7,False,underserved,6.369828358526007,52.75712751657217,3659.0,0.0025113985111857,0,3659,0.348155049984002,28.829494748770223,0.02713324879683804,0.5269754714437004,0.8764933343150135,0.021276895582041187,0.3207945509192293,0.5201819,1,0.04036379
CANDIDATE_Matopeni/spring Valley Ward_8,-1.2505117787587028,36.92376158953289,Matopeni/spring Valley Ward,False,8,residential,707.4825518383007,705.344899910898,0,9,1882,814.344876647441,0,0,1440.0,0,0,17.845377654040565,11.606875140660836,20.96462891073044,57.8859819316018,91.796875,574,247.0,0.4245573366979223,moderate,58.72900295774414,15205.42326080414,7.0,False,underserved,12.500293986277756,5.872900295774414,11633.0,0.0112917389133188,0,11633,0.0226306829054491,3.94596052808772,0.08626430261099123,0.05754191857022026,0.9335456949974609,0.03920324213099311,0.23912777298209278,0.5200803,1,0.040160656
CANDIDATE_Uthiru/ruthimitu Ward_39,-1.1415242757131598,36.715775966256125,Uthiru/ruthimitu Ward,False,6,residential,399.9427992726896,574.6203971340234,0,1,8256,1009.581586839085,0,0,1440.0,0,0,17.73388355120552,11.535664961841428,20.832992845887567,56.99076346006171,93.1818181818182,520,208.0,0.4333708462235915,moderate,49.84788943140368,54875.67677571843,18.5,False,severely_underserved,19.66333411354334,24.92394471570184,5457.0,0.0149647281629299,0,5457,0.1996750767775023,11.152482045939884,0.040466285510889634,0.24829262511124292,0.9458619476278225,0.049213304780245444,0.27525140668823567,0.51917624,1,0.03835249
CANDIDATE_Imara Daima Ward_38,-1.3385444762598893,36.9006467269636,Imara Daima Ward,False,3,trunk,318.6385891830383,504.4374469473202,0,13,8991,2562.801079728265,0,0,1440.0,0,1,17.906847137299025,11.406366449662858,21.157087481117102,57.709691248294185,93.33333333333331,371,147.0,0.3154506881194194,moderate,67.61809525092917,92557.21147751193,13.8,False,underserved,10.939427257737549,4.829863946494941,18571.0,0.0093856001794641,0,18571,0.2682490623582934,5.704579811463799,0.13771291702817143,0.047098400819302826,0.9524742576881551,0.1288490680370577,0.27623878630972826,0.51726913,1,0.03453827
CANDIDATE_Waithaka Ward_32,-1.2804280941941928,36.72885338161045,Waithaka Ward,False,2,residential,380.0666155521027,381.9642482232204,4,37,6065,992.4407038919258,0,0,1440.0,0,2,17.860120755591254,11.573045141024393,21.003658562874683,57.14772462015109,94.04761904761904,382,161.0,0.477674612291292,congested,40.50101289672889,33981.409843591384,18.5,False,severely_underserved,9.84365487616066,1.0658161288612866,5364.0,0.0052484261763585,0,5364,0.1996750767775023,6.003282410558159,0.039776645680852485,0.009410452335135207,0.9640131109550832,0.04833446743456316,0.21874395475001146,0.50985307,1,0.01970613
CANDIDATE_Ngando Ward_35,-1.2953485251228698,36.73090061627759,Ngando Ward,False,2,residential,517.972262536713,521.5986399910165,0,16,2979,1287.4420267405085,0,0,1440.0,0,1,16.699138772601074,11.303737458124182,19.57668614032208,68.12864671560324,95.45454545454544,134,49.0,0.5466091380314718,congested,64.55544213237266,28020.643468093764,18.5,False,underserved,9.64508149444273,3.7973789489630976,6959.0,0.0038537705083198,0,6959,0.1996750767775023,17.558483286089597,0.051604339540091804,0.03676052965428691,0.9508574101616794,0.06345960307338838,0.2301150538996174,0.5088561,1,0.017712235
CANDIDATE_Karura Ward_22,-1.140148562679538,36.7636274433974,Karura Ward,False,6,residential,1013.0294074621912,3081.9739852219354,0,0,19794,501.8775238660341,0,0,1440.0,0,0,17.73388355120552,11.535664961841428,20.832992845887567,56.99076346006171,93.1818181818182,520,208.0,0.4333708462235915,moderate,51.54050841066344,136158.56870400644,17.9,False,underserved,17.318663703209026,51.54050841066344,2803.0,0.0059169881621245,0,2803,0.1696428393750311,21.68060393185624,0.02078559616767888,0.5147939369866892,0.7096307930351493,0.02318259840001828,0.28253612119239346,0.5088088,1,0.017617583
CANDIDATE_Githurai Ward_47,-1.2004975283541768,36.93315382638851,Githurai Ward,False,2,residential,1049.7676626989703,1053.6033886430305,0,0,9665,3322.716269293992,0,0,1440.0,0,0,18.22697126387059,11.58204509583422,21.549434347888774,54.69328703703704,91.66666666666669,251,100.0,0.4639352675180015,congested,38.65216755995311,52515.02408656415,12.5,False,severely_underserved,16.04377122518182,38.65216755995311,26581.0,0.0019033703367525,1,26581,0.140004148607421,1.371036217774887,0.19711092819588738,0.3857479871046466,0.9007344053250581,0.16781099608944378,0.3791349019276226,0.5067297,1,0.013459444
CANDIDATE_Clay City_49,-1.200166248412301,36.93326124363711,Clay City,False,6,residential,1036.5443603544363,1044.51533920623,0,0,7281,935.8012048297124,0,0,1440.0,0,0,18.22697126387059,11.58204509583422,21.549434347888774,54.69328703703704,91.66666666666669,251,100.0,0.4639352675180015,congested,59.34801434111238,59710.23367322085,11.0,False,underserved,16.075313293806115,59.34801434111238,8507.0,0.0057828852714792,1,8507,0.2237461265027511,12.259205080423108,0.06308350574329084,0.5929674606911723,0.9015906389339317,0.04543048009796805,0.35972531598932483,0.5067297,1,0.013459444
CANDIDATE_Ngando Ward_44,-1.296631104864257,36.73150072275162,Ngando Ward,False,2,residential,601.7336571089642,597.8645196227596,0,16,2979,1287.4420267405085,0,0,1440.0,0,0,16.699138772601074,11.303737458124182,19.57668614032208,68.12864671560324,95.45454545454544,134,49.0,0.5466091380314718,congested,64.55544213237266,28020.643468093764,18.5,False,underserved,9.594589106716974,3.7973789489630976,6959.0,0.0033182152289173,0,6959,0.1996750767775023,17.558483286089597,0.051604339540091804,0.03676052965428691,0.9436719948748105,0.06345960307338838,0.22867797084224362,0.50260353,1,0.005207062
CANDIDATE_Uthiru/ruthimitu Ward_29,-1.2645667478153628,36.64828742192549,Uthiru/ruthimitu Ward,False,2,residential,1663.7193788657614,2246.339253303252,0,0,8256,1009.581586839085,0,0,1440.0,0,0,17.860120755591254,11.573045141024393,21.003658562874683,57.14772462015109,94.04761904761904,382,161.0,0.477674612291292,congested,49.84788943140368,54875.67677571843,18.5,False,severely_underserved,18.933858812758977,49.84788943140368,5457.0,0.0012014036872464,0,5457,0.1996750767775023,11.152482045939884,0.040466285510889634,0.49784640072139,0.7883603980165622,0.049213304780245444,0.3061395406685204,0.49442524,0,0.011149526
CANDIDATE_Waithaka Ward_16,-1.2904863089315295,36.7196540446993,Waithaka Ward,False,2,residential,175.80480289195935,992.25253084367,0,2,6065,992.4407038919258,0,0,1440.0,0,0,16.699138772601074,11.303737458124182,19.57668614032208,68.12864671560324,95.45454545454544,134,49.0,0.5466091380314718,congested,40.50101289672889,33981.409843591384,18.5,False,severely_underserved,10.853388346758669,13.500337632242962,5364.0,0.0113119098988625,0,5364,0.1996750767775023,6.003282410558159,0.039776645680852485,0.13391248539892822,0.9065145968553026,0.04833446743456316,0.2383697601960036,0.48124948,0,0.037501037
CANDIDATE_Uthiru/ruthimitu Ward_43,-1.1840771170933406,36.6959269183573,Uthiru/ruthimitu Ward,False,6,unclassified,890.2453261009576,1665.3218275706631,0,0,8256,1009.581586839085,0,0,1440.0,0,0,17.73388355120552,11.535664961841428,20.832992845887567,56.99076346006171,93.1818181818182,520,208.0,0.4333708462235915,moderate,49.84788943140368,54875.67677571843,18.5,False,severely_underserved,17.641240381474233,49.84788943140368,5457.0,0.0067321531168628,0,5457,0.1996750767775023,11.152482045939884,0.040466285510889634,0.49784640072139,0.8431011485717885,0.049213304780245444,0.31708769077956567,0.47978285,0,0.0404343
CANDIDATE_Uthiru/ruthimitu Ward_27,-1.223630529483419,36.6493877157544,Uthiru/ruthimitu Ward,False,6,residential,1565.4284038727671,1571.2571430586218,0,0,8256,1009.581586839085,0,0,1440.0,0,0,17.860120755591254,11.573045141024393,21.003658562874683,57.14772462015109,94.04761904761904,382,161.0,0.477674612291292,congested,49.84788943140368,54875.67677571843,18.5,False,severely_underserved,19.918316236774714,49.84788943140368,5457.0,0.0038303697667674,0,5457,0.1996750767775023,11.152482045939884,0.040466285510889634,0.49784640072139,0.8519634841969848,0.049213304780245444,0.3188601579046049,0.46727365,0,0.065452695
CANDIDATE_Uthiru/ruthimitu Ward_42,-1.2695369270938563,36.64691511104808,Uthiru/ruthimitu Ward,False,2,residential,1314.5880682865795,2551.0946308023204,0,0,8256,1009.581586839085,0,0,1440.0,0,0,17.860120755591254,11.573045141024393,21.003658562874683,57.14772462015109,94.04761904761904,382,161.0,0.477674612291292,congested,49.84788943140368,54875.67677571843,18.5,False,severely_underserved,19.02274589256023,49.84788943140368,5457.0,0.0015202326991341,0,5457,0.1996750767775023,11.152482045939884,0.040466285510889634,0.49784640072139,0.7596477684788064,0.049213304780245444,0.30039701476096925,0.4625419,0,0.074916184
CANDIDATE_Waithaka Ward_22,-1.276741925563366,36.72506292539112,Waithaka Ward,False,6,residential,644.1794075413435,645.0431140694639,0,27,6065,992.4407038919258,0,0,1440.0,0,0,17.860120755591254,11.573045141024393,21.003658562874683,57.14772462015109,94.04761904761904,382,161.0,0.477674612291292,congested,40.50101289672889,33981.409843591384,18.5,False,severely_underserved,10.29875882004236,1.446464746311746,5364.0,0.0092997388476251,0,5364,0.1996750767775023,6.003282410558159,0.039776645680852485,0.01322173906157785,0.9392270478632868,0.04833446743456316,0.21473956381326284,0.44798124,0,0.10403752
CANDIDATE_Uthiru/ruthimitu Ward_16,-1.2906600065770968,36.64113707435682,Uthiru/ruthimitu Ward,False,6,residential,1092.9148811936604,4429.369903762764,0,0,8256,1009.581586839085,0,0,1440.0,0,0,15.980574424068386,11.4132564471311,18.590470410889697,70.77380952380952,92.1875,88,34.0,0.574525767942717,congested,49.84788943140368,54875.67677571843,18.5,False,severely_underserved,19.57808491036039,49.84788943140368,5457.0,0.0054848874470497,0,5457,0.1996750767775023,11.152482045939884,0.040466285510889634,0.49784640072139,0.5826854371657022,0.049213304780245444,0.26500454849834837,0.44791827,0,0.10416347
CANDIDATE_Zimmerman Ward_41,-1.2278628908331382,36.8927625532192,Zimmerman Ward,False,2,residential,762.7924757716013,754.3452427023151,0,23,8533,565.0115117573073,0,0,1440.0,0,0,18.22697126387059,11.58204509583422,21.549434347888774,54.69328703703704,91.66666666666669,251,100.0,0.4639352675180015,congested,30.66877310233205,41029.54800371309,12.5,False,severely_underserved,10.62685197679872,1.2778655459305022,4520.0,0.0026185123098778,0,4520,0.140004148607421,4.387082206796681,0.03351797883621425,0.011533620768108656,0.9289291113580227,0.026419567377156016,0.2056844335317379,0.44303733,0,0.11392534
CANDIDATE_Githurai Ward_33,-1.2035857117709057,36.93466726571825,Githurai Ward,False,6,residential,1405.1832762333324,940.4186598473556,0,1,9665,3322.716269293992,0,0,1440.0,0,0,18.22697126387059,11.58204509583422,21.549434347888774,54.69328703703704,91.66666666666669,251,100.0,0.4639352675180015,congested,38.65216755995311,52515.02408656415,12.5,False,severely_underserved,15.978926983658706,19.32608377997656,26581.0,0.0042668691211232,1,26581,0.140004148607421,1.371036217774887,0.19711092819588738,0.19224341830287126,0.9113981422996469,0.16781099608944378,0.33289150712209653,0.4360066,0,0.12798679
CANDIDATE_Waithaka Ward_45,-1.2916272308901904,36.71239521472599,Waithaka Ward,False,6,residential,94.85316837989744,1264.3706385698738,0,0,6065,992.4407038919258,0,0,1440.0,0,0,16.699138772601074,11.303737458124182,19.57668614032208,68.12864671560324,95.45454545454544,134,49.0,0.5466091380314718,congested,40.50101289672889,33981.409843591384,18.5,False,severely_underserved,11.665300945105717,40.50101289672889,5364.0,0.0625957399365249,0,5364,0.1996750767775023,6.003282410558159,0.039776645680852485,0.40425975719459306,0.8808768985748793,0.04833446743456316,0.30082903848883513,0.4330335,0,0.13393301
CANDIDATE_Waithaka Ward_42,-1.2923369472624648,36.71293301012438,Waithaka Ward,False,6,residential,138.23421941225004,1361.622205879582,0,0,6065,992.4407038919258,0,0,1440.0,0,0,16.699138772601074,11.303737458124182,19.57668614032208,68.12864671560324,95.45454545454544,134,49.0,0.5466091380314718,congested,40.50101289672889,33981.409843591384,18.5,False,severely_underserved,11.60980891699553,40.50101289672889,5364.0,0.043092854797677,0,5364,0.1996750767775023,6.003282410558159,0.039776645680852485,0.40425975719459306,0.8717143097239629,0.04833446743456316,0.29899652071865185,0.4330335,0,0.13393301
CANDIDATE_Uthiru/ruthimitu Ward_30,-1.2830691977201247,36.65194889630218,Uthiru/ruthimitu Ward,False,2,residential,261.5823529089819,2989.960631355446,0,0,8256,1009.581586839085,0,0,1440.0,0,0,17.860120755591254,11.573045141024393,21.003658562874683,57.14772462015109,94.04761904761904,382,161.0,0.477674612291292,congested,49.84788943140368,54875.67677571843,18.5,False,severely_underserved,18.37419832307147,49.84788943140368,5457.0,0.0076166580801919,0,5457,0.1996750767775023,11.152482045939884,0.040466285510889634,0.49784640072139,0.7182998618593837,0.049213304780245444,0.2921274334370847,0.42326376,0,0.15347248
CANDIDATE_Njiru Ward_21,-1.2496713064580265,36.92462345287826,Njiru Ward,False,8,residential,765.7676070467676,784.602799849557,0,9,10989,746.4285914852591,0,0,1440.0,0,0,17.845377654040565,11.606875140660836,20.96462891073044,57.8859819316018,91.796875,574,247.0,0.4245573366979223,moderate,47.21837435030173,69402.06821576251,11.0,False,severely_underserved,12.62106184571024,4.721837435030173,6785.0,0.0104334089318304,0,6785,0.2237461265027511,10.89304713008968,0.050314045664538426,0.04601677332776686,0.9260783855194314,0.035721077999510915,0.22147400201831868,0.42090103,0,0.15819794
CANDIDATE_Njiru Ward_13,-1.2468374085908684,36.92515106678387,Njiru Ward,False,2,residential,1048.197283666177,1050.0547417308458,0,0,10989,746.4285914852591,0,0,1440.0,0,0,17.845377654040565,11.606875140660836,20.96462891073044,57.8859819316018,91.796875,574,247.0,0.4245573366979223,moderate,47.21837435030173,69402.06821576251,11.0,False,severely_underserved,12.781583221047969,47.21837435030173,6785.0,0.0019062191936024,0,6785,0.2237461265027511,10.89304713008968,0.050314045664538426,0.47151808776780646,0.9010687422774887,0.035721077999510915,0.32284740197994,0.4155245,0,0.16895097
CANDIDATE_Njiru Ward_14,-1.2476600035435677,36.92542429707554,Njiru Ward,False,2,residential,952.9775151421298,954.4158812177376,0,3,10989,746.4285914852591,0,0,1440.0,0,0,17.845377654040565,11.606875140660836,20.96462891073044,57.8859819316018,91.796875,574,247.0,0.4245573366979223,moderate,47.21837435030173,69402.06821576251,11.0,False,severely_underserved,12.778981637359816,11.804593587575432,6785.0,0.0020964854708363,0,6785,0.2237461265027511,10.89304713008968,0.050314045664538426,0.11693365906777346,0.9100793894196686,0.035721077999510915,0.23600342423336773,0.4155245,0,0.16895097
CANDIDATE_Njiru Ward_16,-1.2421688370169854,36.92454090610794,Njiru Ward,False,6,residential,1107.00657693601,1106.7844580122553,0,0,10989,746.4285914852591,0,0,1440.0,0,0,17.845377654040565,11.606875140660836,20.96462891073044,57.8859819316018,91.796875,574,247.0,0.4245573366979223,moderate,47.21837435030173,69402.06821576251,11.0,False,severely_underserved,12.906687889330804,47.21837435030173,6785.0,0.0054151303114029,0,6785,0.2237461265027511,10.89304713008968,0.050314045664538426,0.47151808776780646,0.8957239331366718,0.035721077999510915,0.3217784401517766,0.40994802,0,0.18010396
CANDIDATE_Uthiru/ruthimitu Ward_5,-1.1780719032197606,36.65641110278222,Uthiru/ruthimitu Ward,False,2,residential,1336.2472476607004,1335.021382089449,0,0,8256,1009.581586839085,0,0,1440.0,0,0,17.73388355120552,11.535664961841428,20.832992845887567,56.99076346006171,93.1818181818182,520,208.0,0.4333708462235915,moderate,49.84788943140368,54875.67677571843,18.5,False,severely_underserved,21.554637410905897,49.84788943140368,5457.0,0.0014956097337262,0,5457,0.1996750767775023,11.152482045939884,0.040466285510889634,0.49784640072139,0.8742205152096645,0.049213304780245444,0.32331156410714085,0.40941384,0,0.18117231
CANDIDATE_Njiru Ward_39,-1.2687409945535344,36.94023104586566,Njiru Ward,False,6,residential,1849.466673675925,1848.7937355325432,0,0,10989,746.4285914852591,0,0,1440.0,0,0,17.845377654040565,11.606875140660836,20.96462891073044,57.8859819316018,91.796875,574,247.0,0.4245573366979223,moderate,47.21837435030173,69402.06821576251,11.0,False,severely_underserved,13.817263428869412,47.21837435030173,6785.0,0.0032424253218681,0,6785,0.2237461265027511,10.89304713008968,0.050314045664538426,0.47151808776780646,0.8258152815687994,0.035721077999510915,0.3077967098382022,0.40879536,0,0.18240929
CANDIDATE_Githurai Ward_4,-1.2020696595056466,36.9329412755388,Githurai Ward,False,2,residential,1151.0395773573389,938.0476967941248,0,1,9665,3322.716269293992,0,0,1440.0,0,0,18.22697126387059,11.58204509583422,21.549434347888774,54.69328703703704,91.66666666666669,251,100.0,0.4639352675180015,congested,38.65216755995311,52515.02408656415,12.5,False,severely_underserved,15.921207225637518,19.32608377997656,26581.0,0.0017360514684641,1,26581,0.140004148607421,1.371036217774887,0.19711092819588738,0.19224341830287126,0.9116215233745069,0.16781099608944378,0.33293618333706854,0.40707174,0,0.18585652
CANDIDATE_Githurai Ward_7,-1.211359681897773,36.93255494298907,Githurai Ward,False,6,residential,1835.911193091132,544.6562072713018,0,2,9665,3322.716269293992,0,0,1440.0,0,1,18.22697126387059,11.58204509583422,21.549434347888774,54.69328703703704,91.66666666666669,251,100.0,0.4639352675180015,congested,38.65216755995311,52515.02408656415,12.5,False,severely_underserved,15.299504320479988,12.884055853317705,26581.0,0.0032663527897085,0,26581,0.140004148607421,1.371036217774887,0.19711092819588738,0.1277418953689461,0.9486850337698542,0.16781099608944378,0.32422350468265676,0.40406626,0,0.19186747
CANDIDATE_Githurai Ward_43,-1.2011038281105872,36.92886477440912,Githurai Ward,False,6,residential,748.7529247380883,730.0194463137873,0,13,9665,3322.716269293992,0,0,1440.0,0,0,18.22697126387059,11.58204509583422,21.549434347888774,54.69328703703704,91.66666666666669,251,100.0,0.4639352675180015,congested,38.65216755995311,52515.02408656415,12.5,False,severely_underserved,15.622227040269708,2.760869111425222,26581.0,0.0080026363379589,0,26581,0.140004148607421,1.371036217774887,0.19711092819588738,0.02638235932992086,0.9312209743782801,0.16781099608944378,0.29539080879458557,0.39533103,0,0.20933795
CANDIDATE_Uthiru/ruthimitu Ward_34,-1.1788174390057244,36.68806348354256,Uthiru/ruthimitu Ward,False,6,residential,925.2146473585844,1489.250668706174,0,0,8256,1009.581586839085,0,0,1440.0,0,0,17.73388355120552,11.535664961841428,20.832992845887567,56.99076346006171,93.1818181818182,520,208.0,0.4333708462235915,moderate,49.84788943140368,54875.67677571843,18.5,False,severely_underserved,18.68687748942857,49.84788943140368,5457.0,0.0064779800417873,0,5457,0.1996750767775023,11.152482045939884,0.040466285510889634,0.49784640072139,0.8596897515301559,0.049213304780245444,0.3204054113712392,0.39113963,0,0.21772075
CANDIDATE_Githurai Ward_5,-1.2129978168828104,36.92816453371908,Githurai Ward,False,6,residential,1588.1474247543235,435.5768976217084,1,4,9665,3322.716269293992,0,0,1440.0,0,1,18.22697126387059,11.58204509583422,21.549434347888774,54.69328703703704,91.66666666666669,251,100.0,0.4639352675180015,congested,38.65216755995311,52515.02408656415,12.5,False,severely_underserved,14.791495746641123,7.730433511990621,26581.0,0.0037756094283874,0,26581,0.140004148607421,1.371036217774887,0.19711092819588738,0.07614067702180595,0.9589619773102928,0.16781099608944378,0.3133785888039594,0.36318782,0,0.27362436
CANDIDATE_Uthiru/ruthimitu Ward_9,-1.1755354956929034,36.65294577569816,Uthiru/ruthimitu Ward,False,2,residential,1102.4442894857289,1076.937466798225,0,0,8256,1009.581586839085,0,0,1440.0,0,0,17.73388355120552,11.535664961841428,20.832992845887567,56.99076346006171,93.1818181818182,520,208.0,0.4333708462235915,moderate,49.84788943140368,54875.67677571843,18.5,False,severely_underserved,22.03173322124768,49.84788943140368,5457.0,0.0018125065479582,1,5457,0.1996750767775023,11.152482045939884,0.040466285510889634,0.49784640072139,0.8985359773689273,0.049213304780245444,0.3281746565389934,0.35973313,0,0.28053373
CANDIDATE_Githurai Ward_40,-1.2139284706706432,36.92770895709421,Githurai Ward,False,6,residential,1623.0988444121367,541.7430564194909,0,4,9665,3322.716269293992,0,0,1440.0,0,1,18.22697126387059,11.58204509583422,21.549434347888774,54.69328703703704,91.66666666666669,251,100.0,0.4639352675180015,congested,38.65216755995311,52515.02408656415,12.5,False,severely_underserved,14.692269995847589,7.730433511990621,26581.0,0.0036943564245757,0,26581,0.140004148607421,1.371036217774887,0.19711092819588738,0.07614067702180595,0.9489594972489963,0.16781099608944378,0.3113780927917001,0.35927072,0,0.28145856
CANDIDATE_Githurai Ward_23,-1.213166512506587,36.933041764456654,Githurai Ward,False,6,residential,2009.0545262136536,702.6012831556908,0,1,9665,3322.716269293992,0,0,1440.0,0,0,18.22697126387059,11.58204509583422,21.549434347888774,54.69328703703704,91.66666666666669,251,100.0,0.4639352675180015,congested,38.65216755995311,52515.02408656415,12.5,False,severely_underserved,15.236574791165612,19.32608377997656,26581.0,0.0029849936515414,1,26581,0.140004148607421,1.371036217774887,0.19711092819588738,0.19224341830287126,0.9338041857651458,0.16781099608944378,0.3373727158151963,0.35614967,0,0.28770065
CANDIDATE_Githurai Ward_18,-1.21393367293674,36.931675942593365,Githurai Ward,False,6,residential,1951.096204021779,662.3677252577174,0,1,9665,3322.716269293992,0,0,1440.0,0,0,18.22697126387059,11.58204509583422,21.549434347888774,54.69328703703704,91.66666666666669,251,100.0,0.4639352675180015,congested,38.65216755995311,52515.02408656415,12.5,False,severely_underserved,15.062652975228076,19.32608377997656,26581.0,0.00307361900896,1,26581,0.140004148607421,1.371036217774887,0.19711092819588738,0.19224341830287126,0.9375948038418158,0.16781099608944378,0.3381308394305303,0.34785807,0,0.30428386
CANDIDATE_Githurai Ward_14,-1.2123089357983097,36.92830228272104,Githurai Ward,False,6,residential,1550.0269386834952,359.21460854213365,1,4,9665,3322.716269293992,0,0,1440.0,0,1,18.22697126387059,11.58204509583422,21.549434347888774,54.69328703703704,91.66666666666669,251,100.0,0.4639352675180015,congested,38.65216755995311,52515.02408656415,12.5,False,severely_underserved,14.84663947417352,7.730433511990621,26581.0,0.003868404764841,0,26581,0.140004148607421,1.371036217774887,0.19711092819588738,0.07614067702180595,0.9661564758454451,0.16781099608944378,0.31481748851098984,0.33189642,0,0.33620715
CANDIDATE_Uthiru/ruthimitu Ward_0,-1.2281549023127287,36.65524333571304,Uthiru/ruthimitu Ward,False,6,residential,994.9780560633744,991.71520902266,0,1,8256,1009.581586839085,0,0,1440.0,0,0,17.860120755591254,11.573045141024393,21.003658562874683,57.14772462015109,94.04761904761904,382,161.0,0.477674612291292,congested,49.84788943140368,54875.67677571843,18.5,False,severely_underserved,19.13387227408684,24.92394471570184,5457.0,0.0060242291117488,0,5457,0.1996750767775023,11.152482045939884,0.040466285510889634,0.24829262511124292,0.9065652208098848,0.049213304780245444,0.26739206132464816,0.33065173,0,0.33869654
CANDIDATE_Uthiru/ruthimitu Ward_45,-1.2004418688546772,36.668299152673285,Uthiru/ruthimitu Ward,False,6,unclassified,1427.6937552616546,1418.859268236801,0,0,8256,1009.581586839085,0,0,1440.0,0,0,17.73388355120552,11.535664961841428,20.832992845887567,56.99076346006171,93.1818181818182,520,208.0,0.4333708462235915,moderate,49.84788943140368,54875.67677571843,18.5,False,severely_underserved,19.11447518718937,49.84788943140368,5457.0,0.0041996403903236,0,5457,0.1996750767775023,11.152482045939884,0.040466285510889634,0.49784640072139,0.8663217008033959,0.049213304780245444,0.3217318012258871,0.329452,0,0.34109598
CANDIDATE_Embakasi Ward_39,-1.3376875001798825,36.90209808010939,Embakasi Ward,False,3,trunk,497.10083476254766,597.9702589892286,0,7,29594,170.15776873711866,0,0,1440.0,0,0,17.906847137299025,11.406366449662858,21.157087481117102,57.709691248294185,93.33333333333331,371,147.0,0.3154506881194194,moderate,22.437747821685697,127185.79787032236,7.2,False,severely_underserved,11.026989711764635,2.804718477710712,2363.0,0.0060228768767877,0,2363,0.4401639794947514,6.03841004939126,0.01752278406857838,0.026821405999277438,0.9436620326051307,0.0061748567331173475,0.20280570379147142,0.32390738,0,0.35218525
CANDIDATE_Githurai Ward_32,-1.1995222392285203,36.93460405370539,Githurai Ward,False,2,residential,1101.3502078433114,1144.8423272977716,0,0,9665,3322.716269293992,0,0,1440.0,0,0,18.22697126387059,11.58204509583422,21.549434347888774,54.69328703703704,91.66666666666669,251,100.0,0.4639352675180015,congested,38.65216755995311,52515.02408656415,12.5,False,severely_underserved,16.23787422707289,38.65216755995311,26581.0,0.0018143054591633,1,26581,0.140004148607421,1.371036217774887,0.19711092819588738,0.3857479871046466,0.8921382982882935,0.16781099608944378,0.3774156805202697,0.3174641,0,0.36507177
CANDIDATE_Githurai Ward_49,-1.2064033998418844,36.93009545639488,Githurai Ward,False,6,residential,1268.2508072660694,362.67875906294256,1,4,9665,3322.716269293992,0,0,1440.0,0,1,18.22697126387059,11.58204509583422,21.549434347888774,54.69328703703704,91.66666666666669,251,100.0,0.4639352675180015,congested,38.65216755995311,52515.02408656415,12.5,False,severely_underserved,15.383048522604794,7.730433511990621,26581.0,0.0047271980964296,0,26581,0.140004148607421,1.371036217774887,0.19711092819588738,0.07614067702180595,0.9658300997487105,0.16781099608944378,0.31475221329164293,0.30327597,0,0.39344805
CANDIDATE_Uthiru/ruthimitu Ward_35,-1.2137827150875036,36.673451235179286,Uthiru/ruthimitu Ward,False,6,residential,1256.1547477377958,1247.2539052235468,0,0,8256,1009.581586839085,0,0,1440.0,0,0,17.860120755591254,11.573045141024393,21.003658562874683,57.14772462015109,94.04761904761904,382,161.0,0.477674612291292,congested,49.84788943140368,54875.67677571843,18.5,False,severely_underserved,17.904503230031395,49.84788943140368,5457.0,0.0047726821306579,0,5457,0.1996750767775023,11.152482045939884,0.040466285510889634,0.49784640072139,0.8824895573161385,0.049213304780245444,0.32496537252843566,0.30175814,0,0.39648372
