stop_id,lat,lon,ward,is_existing_stop,nearest_node_degree,road_type,distance_to_major_road,distance_to_nearest_stop,stops_within_500m,stops_within_1km,pop_not_served_nearby,poverty_rate_weighted_pop,route_count_serving,trips_per_day,avg_headway_minutes,service_span_hours,routes_within_500m,avg_speed_daily,avg_speed_peak,avg_speed_offpeak,congestion_pct_daily,congestion_pct_peak,trip_count_daily,trip_count_peak,demand_variability_cv,dominant_congestion_level,ward_pct_access,ward_population,ward_poverty_rate,is_benchmark_ward,ward_category,distance_to_cbd,coverage_efficiency_nearby,demand_supply_ratio,network_accessibility,is_good_stop,pop_within_500m,subcounty_gini,trips_per_1k_pop_per_hour,pop_score,coverage_score,access_score,poverty_score,quality_score,gnn_probability,gnn_prediction,confidence
CANDIDATE_Ruai Ward_26,-1.232081236720731,37.05865690711671,Ruai Ward,False,2,residential,7594.372456410652,7602.311874907996,0,0,15749,49.7230864857944,0,0,,0,0,17.403020564973264,8.028915722808964,19.277841533406125,58.333333333333336,100.0,7,1.0,0.4258319512956288,congested,9.222196984665509,57829.6892264539,11.0,False,severely_underserved,27.513455043906667,9.222196984665509,452.0,0.0002633182258642,0,452,0.2237461265027511,15.77044615316401,0.003351797883621425,0.09107712513103293,0.2837456510660523,0.0,0.0806915407552362,0.0,0,1.0
CANDIDATE_Ruai Ward_2,-1.2825695934788208,37.07701011540509,Ruai Ward,False,4,residential,8680.534705919265,8981.59932944347,0,0,15749,49.7230864857944,0,0,,0,0,17.58514289820495,12.20198505722998,20.27672181869244,58.095238095238095,90.47619047619048,62,23.0,0.5133714202771998,congested,9.222196984665509,57829.6892264539,11.0,False,severely_underserved,28.88544754820904,9.222196984665509,452.0,0.0004607480284877,0,452,0.2237461265027511,15.77044615316401,0.003351797883621425,0.09107712513103293,0.15379562349591602,0.0,0.05470153524120894,0.0,0,1.0
CANDIDATE_Ruai Ward_29,-1.2790402240316094,37.08169537291472,Ruai Ward,False,4,residential,9158.915265365513,9453.02841199721,0,0,15749,49.7230864857944,0,0,,0,0,20.84415743439637,15.850002244816682,24.72850035962502,50.0,85.71428571428571,29,17.0,0.6116184369255089,congested,9.222196984665509,57829.6892264539,11.0,False,severely_underserved,29.414559970115093,9.222196984665509,452.0,0.000436685262267,0,452,0.2237461265027511,15.77044615316401,0.003351797883621425,0.09107712513103293,0.10937977524486764,0.0,0.04581836559099926,0.0,0,1.0
CANDIDATE_Ruai Ward_31,-1.2922076745541262,37.07243082947836,Ruai Ward,False,2,residential,8385.421046158108,8701.554333244836,0,0,15749,49.7230864857944,0,0,,0,0,17.58514289820495,12.20198505722998,20.27672181869244,58.095238095238095,90.47619047619048,62,23.0,0.5133714202771998,congested,9.222196984665509,57829.6892264539,11.0,False,severely_underserved,28.38053638563936,9.222196984665509,452.0,0.000238480752277,0,452,0.2237461265027511,15.77044615316401,0.003351797883621425,0.09107712513103293,0.1801801562176666,0.0,0.059978441785559056,0.0,0,1.0
CANDIDATE_Ruai Ward_33,-1.2975822009691145,37.06142733342514,Ruai Ward,False,2,unclassified,7411.733108321495,7736.669634452505,0,0,15749,49.7230864857944,0,0,,0,0,21.12297364824934,13.374787167724262,24.99706688851188,46.92994505494505,87.5,136,47.0,0.4234947769299599,congested,9.222196984665509,57829.6892264539,11.0,False,severely_underserved,27.17839390388313,9.222196984665509,452.0,0.000269806017669,0,452,0.2237461265027511,15.77044615316401,0.003351797883621425,0.09107712513103293,0.27108708993750863,0.0,0.07815982852952746,0.0,0,1.0
CANDIDATE_Mugumo-ini Ward_38,-1.4728220654814856,36.78953935808081,Mugumo-ini Ward,False,6,residential,4548.686613000478,9022.087201789773,0,0,33395,95.66697052700808,0,0,,0,0,18.12776730238407,12.995317636337276,23.260216968430864,66.66666666666667,100.0,9,6.0,0.6366459001328343,congested,8.187153010773127,121245.03465058042,12.7,False,severely_underserved,20.95599701735514,8.187153010773127,753.0,0.0013187721507796,0,753,0.348155049984002,14.845968786989689,0.005583857978687905,0.0807136319298685,0.14998104509867394,0.0023556080060511933,0.05260008889595292,0.0,0,1.0
CANDIDATE_Mugumo-ini Ward_20,-1.3722240586042147,36.84912288520005,Mugumo-ini Ward,False,2,unclassified,4611.540040945349,4663.164391491901,0,0,33395,95.66697052700808,0,0,,0,0,23.46855016163081,16.141455212171223,26.725036805835067,38.46153846153846,75.0,24,12.0,0.6426845869171515,congested,8.187153010773127,121245.03465058042,12.7,False,severely_underserved,10.18164954035745,8.187153010773127,753.0,0.0004336005719725,0,753,0.348155049984002,14.845968786989689,0.005583857978687905,0.0807136319298685,0.5606584115255833,0.0023556080060511933,0.13473556218133478,0.0,0,1.0
CANDIDATE_Mugumo-ini Ward_17,-1.467855804781852,36.825920450832896,Mugumo-ini Ward,False,2,residential,8341.617920557019,10613.983546798783,0,0,33395,95.66697052700808,0,0,,0,0,12.79780518772798,10.536915792901691,15.058694582554269,100.0,100.0,2,1.0,0.2606121704184369,congested,8.187153010773127,121245.03465058042,12.7,False,severely_underserved,20.200238327304493,8.187153010773127,753.0,0.0002397329014759,0,753,0.348155049984002,14.845968786989689,0.005583857978687905,0.0807136319298685,0.0,0.0023556080060511933,0.02260387987621813,0.0,0,1.0
CANDIDATE_Mugumo-ini Ward_18,-1.4278107757117346,36.76980125587825,Mugumo-ini Ward,False,2,residential,3589.446268257803,3577.217273511607,0,0,33395,95.66697052700808,0,0,,0,0,16.011766228251677,11.178644424362124,18.98599503064525,68.140589569161,94.64285714285714,110,43.0,0.4662004684581611,congested,8.187153010773127,121245.03465058042,12.7,False,severely_underserved,16.583479953610166,8.187153010773127,753.0,0.0005570338199129,0,753,0.348155049984002,14.845968786989689,0.005583857978687905,0.0807136319298685,0.6629712814478115,0.0023556080060511933,0.15519813616578043,0.0,0,1.0
CANDIDATE_Mugumo-ini Ward_47,-1.4297666325067993,36.83259086848591,Mugumo-ini Ward,False,2,residential,8336.093284897272,8492.05138853735,0,0,33395,95.66697052700808,0,0,,0,0,12.79780518772798,10.536915792901691,15.058694582554269,100.0,100.0,2,1.0,0.2606121704184369,congested,8.187153010773127,121245.03465058042,12.7,False,severely_underserved,16.03318909426456,8.187153010773127,753.0,0.0002398917622312,0,753,0.348155049984002,14.845968786989689,0.005583857978687905,0.0807136319298685,0.1999185460299132,0.0023556080060511933,0.06258758908220077,0.0,0,1.0
CANDIDATE_Mugumo-ini Ward_45,-1.4163732690614388,36.88666228713692,Mugumo-ini Ward,False,2,residential,6126.351499504144,6125.450173538327,0,0,33395,95.66697052700808,0,0,,0,0,16.147701015568348,8.456108579712986,19.99349723349604,50.0,100.0,4,1.0,0.4127514962940658,congested,8.187153010773127,121245.03465058042,12.7,False,severely_underserved,16.385837059197325,8.187153010773127,753.0,0.0003264052992817,0,753,0.348155049984002,14.845968786989689,0.005583857978687905,0.0807136319298685,0.4228886688461294,0.0023556080060511933,0.10718161364544403,0.0,0,1.0
CANDIDATE_Mugumo-ini Ward_43,-1.445184584036326,36.82749313910048,Mugumo-ini Ward,False,6,residential,8995.426809055924,8991.952934957872,0,0,33395,95.66697052700808,0,0,,0,0,12.79780518772798,10.536915792901691,15.058694582554269,100.0,100.0,2,1.0,0.2606121704184369,congested,8.187153010773127,121245.03465058042,12.7,False,severely_underserved,17.693077529663714,8.187153010773127,753.0,0.0006669314526029,0,753,0.348155049984002,14.845968786989689,0.005583857978687905,0.0807136319298685,0.15282015509908364,0.0023556080060511933,0.053167910896034856,0.0,0,1.0
CANDIDATE_Mugumo-ini Ward_39,-1.4520060507902046,36.8061943484736,Mugumo-ini Ward,False,2,residential,7290.508106259259,7870.577908236167,0,0,33395,95.66697052700808,0,0,,0,0,18.12776730238407,12.995317636337276,23.260216968430864,66.66666666666667,100.0,9,6.0,0.6366459001328343,congested,8.187153010773127,121245.03465058042,12.7,False,severely_underserved,18.455148693540547,8.187153010773127,753.0,0.0002742916788754,0,753,0.348155049984002,14.845968786989689,0.005583857978687905,0.0807136319298685,0.2584708772598425,0.0023556080060511933,0.07429805532818663,0.0,0,1.0
CANDIDATE_Mugumo-ini Ward_36,-1.4741472611028068,36.86600595809956,Mugumo-ini Ward,False,2,residential,10030.476321022,10200.357579466738,0,0,33395,95.66697052700808,0,0,,0,0,12.79780518772798,10.536915792901691,15.058694582554269,100.0,100.0,2,1.0,0.2606121704184369,congested,8.187153010773127,121245.03465058042,12.7,False,severely_underserved,21.5700019947396,8.187153010773127,753.0,0.0001993724488796,0,753,0.348155049984002,14.845968786989689,0.005583857978687905,0.0807136319298685,0.0389699084710563,0.0023556080060511933,0.03039786157042939,0.0,0,1.0
CANDIDATE_Mugumo-ini Ward_37,-1.4331911007152267,36.84359839359797,Mugumo-ini Ward,False,2,residential,9563.88133717243,9741.082197338905,0,0,33395,95.66697052700808,0,0,,0,0,12.79780518772798,10.536915792901691,15.058694582554269,100.0,100.0,2,1.0,0.2606121704184369,congested,8.187153010773127,121245.03465058042,12.7,False,severely_underserved,16.584122073982122,8.187153010773127,753.0,0.0002090982553256,0,753,0.348155049984002,14.845968786989689,0.005583857978687905,0.0807136319298685,0.08224069178278959,0.0023556080060511933,0.03905201823277605,0.0,0,1.0
CANDIDATE_Mugumo-ini Ward_24,-1.4426263578856302,36.79287468175479,Mugumo-ini Ward,False,6,residential,6177.169576272535,6176.748249814084,0,0,33395,95.66697052700808,0,0,,0,0,18.12776730238407,12.995317636337276,23.260216968430864,66.66666666666667,100.0,9,6.0,0.6366459001328343,congested,8.187153010773127,121245.03465058042,12.7,False,severely_underserved,17.580779483211003,8.187153010773127,753.0,0.000971161429923,0,753,0.348155049984002,14.845968786989689,0.005583857978687905,0.0807136319298685,0.41805560348008886,0.0023556080060511933,0.10621500057223592,0.0,0,1.0
CANDIDATE_Mugumo-ini Ward_7,-1.3970349964396946,36.812135476293165,Mugumo-ini Ward,False,2,residential,4705.370795377543,4900.426546342416,0,0,33395,95.66697052700808,0,0,,0,0,19.525864407816123,9.542995074927996,22.021581741038155,60.0,100.0,6,2.0,0.4252876264569559,congested,8.187153010773127,121245.03465058042,12.7,False,severely_underserved,12.314926110986026,8.187153010773127,753.0,0.0004249558921205,0,753,0.348155049984002,14.845968786989689,0.005583857978687905,0.0807136319298685,0.5383046784710344,0.0023556080060511933,0.130264815570425,0.0,0,1.0
CANDIDATE_Mugumo-ini Ward_10,-1.4332651740845042,36.89255610296384,Mugumo-ini Ward,False,6,residential,6684.200098142675,6679.7936150729965,0,0,33395,95.66697052700808,0,0,,0,0,16.147701015568348,8.456108579712986,19.99349723349604,50.0,100.0,4,1.0,0.4127514962940658,congested,8.187153010773127,121245.03465058042,12.7,False,severely_underserved,18.35380659491764,8.187153010773127,753.0,0.0008975049231012,0,753,0.348155049984002,14.845968786989689,0.005583857978687905,0.0807136319298685,0.3706610166088258,0.0023556080060511933,0.0967360831979833,0.0,0,1.0
CANDIDATE_Mugumo-ini Ward_4,-1.466513379645491,36.76363845293716,Mugumo-ini Ward,False,2,residential,2343.064555582845,7688.209056367279,0,0,33395,95.66697052700808,0,0,,0,0,16.011766228251677,11.178644424362124,18.98599503064525,68.140589569161,94.64285714285714,110,43.0,0.4662004684581611,congested,8.187153010773127,121245.03465058042,12.7,False,severely_underserved,20.89400045461617,8.187153010773127,753.0,0.0008532188225092,0,753,0.348155049984002,14.845968786989689,0.005583857978687905,0.0807136319298685,0.27565281946512243,0.0023556080060511933,0.07773444376924261,0.0,0,1.0
CANDIDATE_Karen Ward_47,-1.4300280475244027,36.773476395348986,Karen Ward,False,2,residential,3961.713935141494,3949.626290283924,0,0,16628,125.91481364439316,0,0,,0,0,16.011766228251677,11.178644424362124,18.98599503064525,68.140589569161,94.64285714285714,110,43.0,0.4662004684581611,congested,38.49922811522797,90123.85907777146,12.7,False,severely_underserved,16.693945286524958,38.49922811522797,991.0,0.0005047046122264,0,991,0.348155049984002,25.96426766391263,0.00734874270501954,0.38421666386082504,0.6278846417210486,0.003906457763315437,0.22498444580883592,0.0,0,1.0
CANDIDATE_Mugumo-ini Ward_11,-1.42628040683865,36.79833547476338,Mugumo-ini Ward,False,2,residential,5164.7655943145255,5161.604417160261,0,0,33395,95.66697052700808,0,0,,0,0,18.12776730238407,12.995317636337276,23.260216968430864,66.66666666666667,100.0,9,6.0,0.6366459001328343,congested,8.187153010773127,121245.03465058042,12.7,False,severely_underserved,15.694721340578973,8.187153010773127,753.0,0.0003871642960728,0,753,0.348155049984002,14.845968786989689,0.005583857978687905,0.0807136319298685,0.5136977182598874,0.0023556080060511933,0.1253434235281956,0.0,0,1.0
CANDIDATE_Mugumo-ini Ward_12,-1.378676701874491,36.84753920131695,Mugumo-ini Ward,False,2,residential,5279.934357575802,5400.555461469356,0,0,33395,95.66697052700808,0,0,,0,0,18.780978854432146,11.3993773549039,22.471779604196268,50.0,100.0,6,2.0,0.3538606947717531,moderate,8.187153010773127,121245.03465058042,12.7,False,severely_underserved,10.800776467997798,8.187153010773127,753.0,0.000378720859715,0,753,0.348155049984002,14.845968786989689,0.005583857978687905,0.0807136319298685,0.4911848659216942,0.0023556080060511933,0.12084085306055697,0.0,0,1.0
CANDIDATE_Mugumo-ini Ward_16,-1.4679717514241613,36.782447845038654,Mugumo-ini Ward,False,6,residential,4122.037410628965,8250.804396313588,0,0,33395,95.66697052700808,0,0,,0,0,16.011766228251677,11.178644424362124,18.98599503064525,68.140589569161,94.64285714285714,110,43.0,0.4662004684581611,congested,8.187153010773127,121245.03465058042,12.7,False,severely_underserved,20.556124197309465,8.187153010773127,753.0,0.0014552378264946,0,753,0.348155049984002,14.845968786989689,0.005583857978687905,0.0807136319298685,0.22264771186666665,0.0023556080060511933,0.06713342224955146,0.0,0,1.0
CANDIDATE_Mugumo-ini Ward_13,-1.4760359589011929,36.864378559932895,Mugumo-ini Ward,False,2,residential,10171.590891433843,10376.288718951926,0,0,33395,95.66697052700808,0,0,,0,0,12.79780518772798,10.536915792901691,15.058694582554269,100.0,100.0,2,1.0,0.2606121704184369,congested,8.187153010773127,121245.03465058042,12.7,False,severely_underserved,21.72895626906965,8.187153010773127,753.0,0.0001966067466336,0,753,0.348155049984002,14.845968786989689,0.005583857978687905,0.0807136319298685,0.022394497485211162,0.0023556080060511933,0.02708277937326036,0.0,0,1.0
CANDIDATE_Mugumo-ini Ward_34,-1.47689439707025,36.77037691671343,Mugumo-ini Ward,False,6,unclassified,2482.1583485784763,8913.616204646352,0,0,33395,95.66697052700808,0,0,,0,0,16.011766228251677,11.178644424362124,18.98599503064525,68.140589569161,94.64285714285714,110,43.0,0.4662004684581611,congested,8.187153010773127,121245.03465058042,12.7,False,severely_underserved,21.8121368778364,8.187153010773127,753.0,0.0024162776423158,0,753,0.348155049984002,14.845968786989689,0.005583857978687905,0.0807136319298685,0.16020067627344947,0.0023556080060511933,0.054644015130908025,0.0,0,1.0
CANDIDATE_Mugumo-ini Ward_0,-1.4312278692165876,36.82288962191215,Mugumo-ini Ward,False,2,residential,7574.883640705734,7678.359803400688,0,0,33395,95.66697052700808,0,0,,0,0,12.79780518772798,10.536915792901691,15.058694582554269,100.0,100.0,2,1.0,0.2606121704184369,congested,8.187153010773127,121245.03465058042,12.7,False,severely_underserved,16.11653960903975,8.187153010773127,753.0,0.0002639956069617,0,753,0.348155049984002,14.845968786989689,0.005583857978687905,0.0807136319298685,0.2765807701184435,0.0023556080060511933,0.07792003389990683,0.0,0,1.0
CANDIDATE_Mugumo-ini Ward_31,-1.4442276981256812,36.80776082969575,Mugumo-ini Ward,False,2,residential,7315.438973097115,7312.869092757921,0,0,33395,95.66697052700808,0,0,,0,0,18.12776730238407,12.995317636337276,23.260216968430864,66.66666666666667,100.0,9,6.0,0.6366459001328343,congested,8.187153010773127,121245.03465058042,12.7,False,severely_underserved,17.580979740565336,8.187153010773127,753.0,0.0002733570261918,0,753,0.348155049984002,14.845968786989689,0.005583857978687905,0.0807136319298685,0.3110155993257113,0.0023556080060511933,0.0848069997413604,0.0,0,1.0
CANDIDATE_Mugumo-ini Ward_1,-1.386801554212384,36.86520972896861,Mugumo-ini Ward,False,6,unclassified,5259.520313938176,5607.607401474967,0,0,33395,95.66697052700808,0,0,,0,0,20.73645236502466,16.756342253058076,24.716562476991253,50.0,83.33333333333333,17,10.0,0.5026376899290854,congested,8.187153010773127,121245.03465058042,12.7,False,severely_underserved,12.374227608023158,8.187153010773127,753.0,0.001140571586446,0,753,0.348155049984002,14.845968786989689,0.005583857978687905,0.0807136319298685,0.4716773983349313,0.0023556080060511933,0.11693935954320439,0.0,0,1.0
CANDIDATE_South C Ward_39,-1.3673016257621329,36.849624400135234,South C Ward,False,2,unclassified,4172.611092906683,4118.467984614084,0,0,9969,464.7086107611213,0,0,,0,0,23.46855016163081,16.141455212171223,26.725036805835067,38.46153846153846,75.0,24,12.0,0.6426845869171515,congested,52.75712751657217,70344.6251026133,12.7,False,underserved,9.691102515652029,52.75712751657217,3659.0,0.0004792013332049,0,3659,0.348155049984002,28.829494748770223,0.02713324879683804,0.5269754714437004,0.6119771651750647,0.021276895582041187,0.2678913170912396,0.0,0,1.0
CANDIDATE_Ruai Ward_21,-1.2649902034654965,37.065273736618416,Ruai Ward,False,2,residential,7361.454207137145,7622.528335691714,0,0,15749,49.7230864857944,0,0,,0,0,16.983245243959658,11.694791398435834,20.23767837966663,67.14285714285714,97.5,54,26.0,0.4736428352401466,congested,9.222196984665509,57829.6892264539,11.0,False,severely_underserved,27.680268973438423,9.222196984665509,452.0,0.0002716485486675,0,452,0.2237461265027511,15.77044615316401,0.003351797883621425,0.09107712513103293,0.2818409504704107,0.0,0.08031060063610787,1e-45,0,1.0
CANDIDATE_Ruai Ward_30,-1.1844417863990404,37.05426040269301,Ruai Ward,False,2,residential,6510.386947544815,6434.332669511266,0,0,15749,49.7230864857944,0,0,,0,0,15.532831935864504,10.98896006621044,17.047455892415858,75.0,100.0,4,1.0,0.326308708982949,congested,9.222196984665509,57829.6892264539,11.0,False,severely_underserved,28.68893177943705,9.222196984665509,452.0,0.0003071542232264,0,452,0.2237461265027511,15.77044615316401,0.003351797883621425,0.09107712513103293,0.39378720146481816,0.0,0.10269985083498936,3e-45,0,1.0
CANDIDATE_South C Ward_16,-1.367606371767846,36.83590952019724,South C Ward,False,6,unclassified,4348.4304732138735,4463.941261145667,0,0,9969,464.7086107611213,0,0,,0,0,16.975612453708074,12.307297946836805,20.087822124955583,71.66666666666667,91.66666666666669,28,11.0,0.5031416607114778,congested,52.75712751657217,70344.6251026133,12.7,False,underserved,9.266169646216705,52.75712751657217,3659.0,0.0013794909556437,0,3659,0.348155049984002,28.829494748770223,0.02713324879683804,0.5269754714437004,0.5794282851991034,0.021276895582041187,0.26138154109604733,6e-45,0,1.0
CANDIDATE_South C Ward_47,-1.373013651764146,36.83809772336269,South C Ward,False,6,unclassified,4934.958804058773,5051.827222961711,0,0,9969,464.7086107611213,0,0,,0,0,15.191943670873655,13.863330472925728,15.723388950052827,71.42857142857143,50.0,9,3.0,0.4704719688969648,congested,52.75712751657217,70344.6251026133,12.7,False,underserved,9.907214782002628,52.75712751657217,3659.0,0.0012155693023747,0,3659,0.348155049984002,28.829494748770223,0.02713324879683804,0.5269754714437004,0.5240404132258749,0.021276895582041187,0.25030396670140165,6e-45,0,1.0
CANDIDATE_Ruai Ward_36,-1.1625111603719822,37.0378303783712,Ruai Ward,False,2,residential,5390.596984975766,5375.5637572413925,0,0,15749,49.7230864857944,0,0,,0,0,15.532831935864504,10.98896006621044,17.047455892415858,75.0,100.0,4,1.0,0.326308708982949,congested,9.222196984665509,57829.6892264539,11.0,False,severely_underserved,28.13120912489319,9.222196984665509,452.0,0.0003709476070954,0,452,0.2237461265027511,15.77044615316401,0.003351797883621425,0.09107712513103293,0.49353946767114765,0.0,0.12265030407625527,2.4e-44,0,1.0
CANDIDATE_Ruai Ward_39,-1.286048477154207,37.041146951019634,Ruai Ward,False,4,residential,4859.2442366567775,5179.624326191544,0,0,15749,49.7230864857944,0,0,,0,0,20.887666797987528,14.00933832492682,24.55610865028657,51.08695652173913,87.5,106,42.0,0.3922585056712187,congested,9.222196984665509,57829.6892264539,11.0,False,severely_underserved,24.895521099593992,9.222196984665509,452.0,0.0008230039078759,0,452,0.2237461265027511,15.77044615316401,0.003351797883621425,0.09107712513103293,0.511999966520229,0.0,0.12634240384607154,9.7e-44,0,1.0
CANDIDATE_South C Ward_3,-1.3792768315999702,36.82707317130096,South C Ward,False,6,unclassified,5786.777687259826,5888.347907196146,0,0,9969,464.7086107611213,0,0,,0,0,20.531263291319,12.931061215571647,23.06466398323478,41.66666666666666,100.0,16,4.0,0.4898979485566356,moderate,52.75712751657217,70344.6251026133,12.7,False,underserved,10.385589837018276,52.75712751657217,3659.0,0.0010366673227977,0,3659,0.348155049984002,28.829494748770223,0.02713324879683804,0.5269754714437004,0.44522733795153724,0.021276895582041187,0.2345413516465341,1.37e-43,0,1.0
CANDIDATE_South C Ward_21,-1.381024058954321,36.82992866911157,South C Ward,False,6,unclassified,5912.416616654482,6023.726933834644,0,0,9969,464.7086107611213,0,0,,0,0,20.531263291319,12.931061215571647,23.06466398323478,41.66666666666666,100.0,16,4.0,0.4898979485566356,moderate,52.75712751657217,70344.6251026133,12.7,False,underserved,10.616433518109872,52.75712751657217,3659.0,0.001014641854102,0,3659,0.348155049984002,28.829494748770223,0.02713324879683804,0.5269754714437004,0.4324725578031048,0.021276895582041187,0.23199039561684762,1.37e-43,0,1.0
CANDIDATE_Ruai Ward_5,-1.1882748874095728,37.0662634539617,Ruai Ward,False,2,residential,7773.136311108429,7757.835265942805,0,0,15749,49.7230864857944,0,0,,0,0,15.532831935864504,10.98896006621044,17.047455892415858,75.0,100.0,4,1.0,0.326308708982949,congested,9.222196984665509,57829.6892264539,11.0,False,severely_underserved,29.76042440499378,9.222196984665509,452.0,0.0002572633048821,0,452,0.2237461265027511,15.77044615316401,0.003351797883621425,0.09107712513103293,0.26909296290716445,0.0,0.07776100312345863,2.83e-43,0,1.0
CANDIDATE_Mugumo-ini Ward_25,-1.4228115658035456,36.89538487724016,Mugumo-ini Ward,False,6,unclassified,5856.034226953289,5850.616106800264,0,0,33395,95.66697052700808,0,0,,0,0,16.147701015568348,8.456108579712986,19.99349723349604,50.0,100.0,4,1.0,0.4127514962940658,congested,8.187153010773127,121245.03465058042,12.7,False,severely_underserved,17.481869326963796,8.187153010773127,753.0,0.001024409243229,0,753,0.348155049984002,14.845968786989689,0.005583857978687905,0.0807136319298685,0.4487822521107232,0.0023556080060511933,0.11236033029836277,3.28e-43,0,1.0
CANDIDATE_Ruai Ward_13,-1.206524180040598,37.03199990850903,Ruai Ward,False,4,unclassified,4139.0942725636405,4480.113619495623,0,0,15749,49.7230864857944,0,0,,0,0,17.08330161363929,14.049286776560816,19.250455068695345,54.16666666666666,80.0,16,6.0,0.4568321925761286,moderate,9.222196984665509,57829.6892264539,11.0,False,severely_underserved,25.4773049178872,9.222196984665509,452.0,0.0009661615742684,0,452,0.2237461265027511,15.77044615316401,0.003351797883621425,0.09107712513103293,0.5779046010631096,0.0,0.13952333075464765,5.58e-43,0,1.0
CANDIDATE_South C Ward_22,-1.3737620019947754,36.85693546257311,South C Ward,False,2,unclassified,4246.198010311694,4694.999779678334,0,0,9969,464.7086107611213,0,0,,0,0,20.516170102280324,16.54831338608713,22.50009846037692,44.44444444444444,83.33333333333333,40,17.0,0.62227667549858,congested,52.75712751657217,70344.6251026133,12.7,False,underserved,10.671339133579323,52.75712751657217,3659.0,0.0004708986948911,0,3659,0.348155049984002,28.829494748770223,0.02713324879683804,0.5269754714437004,0.5576590298093723,0.021276895582041187,0.2570276900181011,1.473e-42,0,1.0
CANDIDATE_Ruai Ward_47,-1.2020790452476935,37.068557425008834,Ruai Ward,False,2,residential,8032.254639645098,8172.756778735154,0,0,15749,49.7230864857944,0,0,,0,0,15.532831935864504,10.98896006621044,17.047455892415858,75.0,100.0,4,1.0,0.326308708982949,congested,9.222196984665509,57829.6892264539,11.0,False,severely_underserved,29.4741605876312,9.222196984665509,452.0,0.0002489650944375,0,452,0.2237461265027511,15.77044615316401,0.003351797883621425,0.09107712513103293,0.23000099418845554,0.0,0.06994260937971684,3.174e-42,0,1.0
CANDIDATE_Ruai Ward_43,-1.1987167115331423,37.04367361260134,Ruai Ward,False,4,residential,5247.680691165817,5394.294841108819,0,0,15749,49.7230864857944,0,0,,0,0,17.08330161363929,14.049286776560816,19.250455068695345,54.16666666666666,80.0,16,6.0,0.4568321925761286,moderate,9.222196984665509,57829.6892264539,11.0,False,severely_underserved,26.998743565503588,9.222196984665509,452.0,0.0007620962743518,0,452,0.2237461265027511,15.77044615316401,0.003351797883621425,0.09107712513103293,0.4917747123571,0.0,0.12229735301344574,9.921e-42,0,1.0
CANDIDATE_South C Ward_12,-1.377163964271296,36.86498225731812,South C Ward,False,6,unclassified,4233.523887483319,5076.385146685012,0,0,9969,464.7086107611213,0,0,,0,0,20.76575043482816,16.936091649799565,22.95412688341592,45.45454545454545,75.0,30,15.0,0.7670061560189116,congested,52.75712751657217,70344.6251026133,12.7,False,underserved,11.40493981809063,52.75712751657217,3659.0,0.0014169243483866,0,3659,0.348155049984002,28.829494748770223,0.02713324879683804,0.5269754714437004,0.5217266802513494,0.021276895582041187,0.24984122010649654,5.4704e-41,0,1.0
CANDIDATE_Mugumo-ini Ward_49,-1.3826480572187752,36.85927282390246,Mugumo-ini Ward,False,6,unclassified,5019.835774874924,5665.86593886755,0,0,33395,95.66697052700808,0,0,,0,0,18.151508815812583,14.894479917366205,19.960969314949462,48.21428571428572,80.0,23,6.0,0.552835578954042,congested,8.187153010773127,121245.03465058042,12.7,False,severely_underserved,11.679623383177791,8.187153010773127,753.0,0.001195020165771,0,753,0.348155049984002,14.845968786989689,0.005583857978687905,0.0807136319298685,0.4661885508032094,0.0023556080060511933,0.11584159003686002,5.4704e-41,0,1.0
CANDIDATE_South C Ward_0,-1.360133855509252,36.84080702171796,South C Ward,False,2,unclassified,3508.538223354268,3626.5779284071104,0,0,9969,464.7086107611213,0,0,,0,0,19.56171891182703,13.254035441369496,23.766841225465384,53.333333333333336,93.75,51,24.0,0.4840409612562898,congested,52.75712751657217,70344.6251026133,12.7,False,underserved,8.608581412138832,52.75712751657217,3659.0,0.0005698755427967,0,3659,0.348155049984002,28.829494748770223,0.02713324879683804,0.5269754714437004,0.65832075088331,0.021276895582041187,0.27716003423288865,1.1453e-40,0,1.0
CANDIDATE_Mugumo-ini Ward_9,-1.417362749473004,36.89396353986916,Mugumo-ini Ward,False,6,residential,5618.568228704165,5615.524488593096,0,0,33395,95.66697052700808,0,0,,0,0,16.147701015568348,8.456108579712986,19.99349723349604,50.0,100.0,4,1.0,0.4127514962940658,congested,8.187153010773127,121245.03465058042,12.7,False,severely_underserved,16.878423044914424,8.187153010773127,753.0,0.0010676976870487,0,753,0.348155049984002,14.845968786989689,0.005583857978687905,0.0807136319298685,0.4709314873314686,0.0023556080060511933,0.11679017734251186,1.6813e-40,0,1.0
CANDIDATE_South C Ward_5,-1.3610117583378647,36.85116265906439,South C Ward,False,2,unclassified,3577.493823393341,3399.7180212370727,0,0,9969,464.7086107611213,0,0,,0,0,22.319158698479807,13.638662530302696,26.65940678256836,46.36574074074074,87.5,86,39.0,0.5787468340750128,congested,52.75712751657217,70344.6251026133,12.7,False,underserved,9.115109399904403,52.75712751657217,3659.0,0.0005588943557553,0,3659,0.348155049984002,28.829494748770223,0.02713324879683804,0.5269754714437004,0.6796944327031258,0.021276895582041187,0.2814347705968518,2.81774e-40,0,1.0
CANDIDATE_Kahawa West_34,-1.1975562269990407,37.018118354016536,Kahawa West,False,4,unclassified,2411.9474046591126,2656.6548567657155,0,0,11984,405.62379022513335,0,0,,0,0,17.08330161363929,14.049286776560816,19.250455068695345,54.16666666666666,80.0,16,6.0,0.4568321925761286,moderate,30.372611674609445,57375.0964702776,12.5,False,severely_underserved,24.42303042890893,30.372611674609445,3244.0,0.0016577236587405,0,3244,0.140004148607421,5.437899353452546,0.024055823748822792,0.30284801059085487,0.7497023765816019,0.018247533150127074,0.23772152290614748,3.16632e-40,0,1.0
CANDIDATE_South C Ward_27,-1.3708749393922337,36.87000099679653,South C Ward,False,2,unclassified,3418.2280942150646,4378.179875039266,0,0,9969,464.7086107611213,0,0,,0,0,15.772383428905531,11.565276420764894,18.44963334317685,69.44444444444444,90.47619047619048,49,18.0,0.6091488797747836,congested,52.75712751657217,70344.6251026133,12.7,False,underserved,11.07629918714498,52.75712751657217,3659.0,0.000584927341754,0,3659,0.348155049984002,28.829494748770223,0.02713324879683804,0.5269754714437004,0.5875083227955689,0.021276895582041187,0.2629975486153404,4.89265e-40,0,1.0
CANDIDATE_Mugumo-ini Ward_8,-1.4353532773984652,36.91700138347483,Mugumo-ini Ward,False,2,residential,4430.393206716126,4428.701614170974,0,0,33395,95.66697052700808,0,0,,0,0,16.202354461785532,8.19094123535797,18.872825537261388,50.0,100.0,4,1.0,0.326308708982949,heavily_congested,8.187153010773127,121245.03465058042,12.7,False,severely_underserved,19.93516691448763,8.187153010773127,753.0,0.0004513253296883,0,753,0.348155049984002,14.845968786989689,0.005583857978687905,0.0807136319298685,0.582748400292491,0.0023556080060511933,0.13915355993471631,3.527741e-39,0,1.0
CANDIDATE_Ruai Ward_11,-1.2957909268498131,37.00825750028514,Ruai Ward,False,2,unclassified,2732.4496959190483,2506.0188920517235,0,0,15749,49.7230864857944,0,0,,0,0,21.446154397807536,13.4840837443511,25.42718972453576,48.88888888888889,100.0,31,8.0,0.5531473336203839,congested,9.222196984665509,57829.6892264539,11.0,False,severely_underserved,21.26488522819017,9.222196984665509,452.0,0.0007316761683911,0,452,0.2237461265027511,15.77044615316401,0.003351797883621425,0.09107712513103293,0.7638945942395448,0.0,0.17672132938993468,8.021105e-39,0,1.0
CANDIDATE_Mugumo-ini Ward_19,-1.4353094000895246,36.75250838244848,Mugumo-ini Ward,False,6,residential,4114.135267107741,4235.9800507945,0,0,33395,95.66697052700808,0,0,,0,0,16.011766228251677,11.178644424362124,18.98599503064525,68.140589569161,94.64285714285714,110,43.0,0.4662004684581611,congested,8.187153010773127,121245.03465058042,12.7,False,severely_underserved,18.052198238570305,8.187153010773127,753.0,0.0014580322663893,0,753,0.348155049984002,14.845968786989689,0.005583857978687905,0.0807136319298685,0.6009057266654528,0.0023556080060511933,0.1427850252093087,4.863286e-38,0,1.0
CANDIDATE_Ruai Ward_44,-1.145388053743584,37.07025236589314,Ruai Ward,False,4,residential,8116.406821584784,7204.992575470813,0,0,15749,49.7230864857944,0,0,,0,0,15.532831935864504,10.98896006621044,17.047455892415858,75.0,100.0,4,1.0,0.326308708982949,congested,9.222196984665509,57829.6892264539,11.0,False,severely_underserved,32.20643579946563,9.222196984665509,452.0,0.0004927682063887,0,452,0.2237461265027511,15.77044615316401,0.003351797883621425,0.09107712513103293,0.3211792213825444,0.0,0.08817825481853461,9.2930504e-38,0,1.0
CANDIDATE_Ruai Ward_20,-1.1431045686765162,37.02644725888328,Ruai Ward,False,4,residential,3444.079577634628,3179.029223153049,0,0,15749,49.7230864857944,0,0,,0,0,17.08330161363929,14.049286776560816,19.250455068695345,54.16666666666666,80.0,16,6.0,0.4568321925761286,moderate,9.222196984665509,57829.6892264539,11.0,False,severely_underserved,28.195818153566204,9.222196984665509,452.0,0.0011610762276633,0,452,0.2237461265027511,15.77044615316401,0.003351797883621425,0.09107712513103293,0.7004867014221201,0.0,0.16403975082644975,1.9838886e-37,0,1.0
CANDIDATE_Ruai Ward_3,-1.1991031509033414,37.01809188002757,Ruai Ward,False,4,unclassified,2435.914997787066,2730.3060281026173,0,0,15749,49.7230864857944,0,0,,0,0,17.08330161363929,14.049286776560816,19.250455068695345,54.16666666666666,80.0,16,6.0,0.4568321925761286,moderate,9.222196984665509,57829.6892264539,11.0,False,severely_underserved,24.351256292980903,9.222196984665509,452.0,0.0016414195832158,0,452,0.2237461265027511,15.77044615316401,0.003351797883621425,0.09107712513103293,0.7427633069088291,0.0,0.17249507192379154,3.52172e-37,0,1.0
CANDIDATE_Mugumo-ini Ward_48,-1.4834168986527436,36.914189755708016,Mugumo-ini Ward,False,2,residential,4584.027421031936,4896.176651239826,0,0,33395,95.66697052700808,0,0,,0,0,16.202354461785532,8.19094123535797,18.872825537261388,50.0,100.0,4,1.0,0.326308708982949,heavily_congested,8.187153010773127,121245.03465058042,12.7,False,severely_underserved,24.416635324339904,8.187153010773127,753.0,0.0004362024076073,0,753,0.348155049984002,14.845968786989689,0.005583857978687905,0.0807136319298685,0.5387050837556149,0.0023556080060511933,0.1303448966273411,8.62775e-37,0,1.0
CANDIDATE_Kahawa West_25,-1.1490253953683889,37.01981738707387,Kahawa West,False,2,residential,3243.841717432128,3217.142242551476,0,0,11984,405.62379022513335,0,0,,0,0,17.08330161363929,14.049286776560816,19.250455068695345,54.16666666666666,80.0,16,6.0,0.4568321925761286,moderate,30.372611674609445,57375.0964702776,12.5,False,severely_underserved,27.215972404365427,30.372611674609445,3244.0,0.0006163628842835,0,3244,0.140004148607421,5.437899353452546,0.024055823748822792,0.30284801059085487,0.6968958705874593,0.018247533150127074,0.22716022170731898,9.476453e-37,0,1.0
CANDIDATE_Mugumo-ini Ward_44,-1.3986139901505632,36.90844834032517,Mugumo-ini Ward,False,2,unclassified,3016.8451834495663,3028.251917469631,0,0,33395,95.66697052700808,0,0,,0,0,18.62300178272437,12.89430106973738,21.96474386530012,53.070175438596486,95.23809523809524,69,23.0,0.6196936894481013,congested,8.187153010773127,121245.03465058042,12.7,False,severely_underserved,16.080518852174713,8.187153010773127,753.0,0.0006627245197892,0,753,0.348155049984002,14.845968786989689,0.005583857978687905,0.0807136319298685,0.7146922355666396,0.0023556080060511933,0.16554232698954605,1.4349343e-36,0,1.0
CANDIDATE_Mugumo-ini Ward_32,-1.3990876175940976,36.9094192480627,Mugumo-ini Ward,False,2,unclassified,2981.7041375894746,2989.475240344656,0,0,33395,95.66697052700808,0,0,,0,0,18.62300178272437,12.89430106973738,21.96474386530012,53.070175438596486,95.23809523809524,69,23.0,0.6196936894481013,congested,8.187153010773127,121245.03465058042,12.7,False,severely_underserved,16.189544574819788,8.187153010773127,753.0,0.0006705324791671,0,753,0.348155049984002,14.845968786989689,0.005583857978687905,0.0807136319298685,0.7183455931353604,0.0023556080060511933,0.1662729985032902,1.5462753e-36,0,1.0
CANDIDATE_Kahawa West_43,-1.1460424415160764,37.032038316642,Kahawa West,False,4,residential,4145.114260196617,3845.51705446314,0,0,11984,405.62379022513335,0,0,,0,0,17.08330161363929,14.049286776560816,19.250455068695345,54.16666666666666,80.0,16,6.0,0.4568321925761286,moderate,30.372611674609445,57375.0964702776,12.5,False,severely_underserved,28.53074812329288,30.372611674609445,3244.0,0.000964758747341,0,3244,0.140004148607421,5.437899353452546,0.024055823748822792,0.30284801059085487,0.6376933280980106,0.018247533150127074,0.21531971320942922,2.181263e-36,0,1.0
CANDIDATE_South C Ward_11,-1.3671393783875416,36.87319150963643,South C Ward,False,2,unclassified,2952.6168523902165,3931.91190527652,0,0,9969,464.7086107611213,0,0,,0,0,24.048008440857767,15.246162469156502,28.110398889335272,39.47368421052632,83.33333333333333,53,20.0,0.4774037893775107,congested,52.75712751657217,70344.6251026133,12.7,False,underserved,10.924421989510542,52.75712751657217,3659.0,0.0006771358981045,0,3659,0.348155049984002,28.829494748770223,0.02713324879683804,0.5269754714437004,0.6295536084128943,0.021276895582041187,0.2714066057388055,2.6117857e-36,0,1.0
CANDIDATE_Kitisuru Ward_19,-1.0994711944437732,36.72456242608935,Kitisuru Ward,False,4,residential,1228.639118557312,4534.790118099476,0,0,19156,1020.1206955680644,0,0,,0,0,17.73388355120552,11.535664961841428,20.832992845887567,56.99076346006171,93.1818181818182,520,208.0,0.4333708462235915,moderate,58.6948942150194,154593.60933689412,17.9,False,underserved,23.1969703888616,58.6948942150194,5698.0,0.003252986945221,0,5698,0.1696428393750311,10.711956381011875,0.0422534166833515,0.5864280226025139,0.5727532365106045,0.049753659811534436,0.2858970807542293,2.0308286e-35,0,1.0
CANDIDATE_Ruai Ward_34,-1.2503660465521864,37.01314752889445,Ruai Ward,False,4,unclassified,2767.566405133493,2762.582255912936,0,0,15749,49.7230864857944,0,0,,0,0,16.788850274815864,11.86023740363638,19.442718743912504,67.0,85.71428571428571,54,22.0,0.50721574876599,congested,9.222196984665509,57829.6892264539,11.0,False,severely_underserved,22.148473421493367,9.222196984665509,452.0,0.0014447910631954,0,452,0.2237461265027511,15.77044615316401,0.003351797883621425,0.09107712513103293,0.7397223913404181,0.0,0.17188688881010936,6.8403405e-35,0,1.0
CANDIDATE_Ruai Ward_19,-1.1420708995697388,37.01843332166136,Ruai Ward,False,4,residential,2626.401333975319,2520.0171431294034,0,0,15749,49.7230864857944,0,0,,0,0,17.08330161363929,14.049286776560816,19.250455068695345,54.16666666666666,80.0,16,6.0,0.4568321925761286,moderate,9.222196984665509,57829.6892264539,11.0,False,severely_underserved,27.53226201625415,9.222196984665509,452.0,0.0015224168261907,0,452,0.2237461265027511,15.77044615316401,0.003351797883621425,0.09107712513103293,0.76257574434535,0.0,0.17645755941109575,3.6935394e-34,0,1.0
CANDIDATE_Ruai Ward_45,-1.1933571290541491,37.01597287998701,Ruai Ward,False,4,residential,2162.787774859132,2268.677636704389,0,0,15749,49.7230864857944,0,0,,0,0,17.08330161363929,14.049286776560816,19.250455068695345,54.16666666666666,80.0,16,6.0,0.4568321925761286,moderate,9.222196984665509,57829.6892264539,11.0,False,severely_underserved,24.399401547281443,9.222196984665509,452.0,0.0018486101301041,0,452,0.2237461265027511,15.77044615316401,0.003351797883621425,0.09107712513103293,0.7862557797737844,0.0,0.18119356649678262,4.0741146e-34,0,1.0
CANDIDATE_Karura Ward_36,-1.141179726042914,36.73340502464956,Karura Ward,False,2,residential,1198.0850582369244,1944.104343820595,0,0,19794,501.8775238660341,0,0,,0,0,17.73388355120552,11.535664961841428,20.832992845887567,56.99076346006171,93.1818181818182,520,208.0,0.4333708462235915,moderate,51.54050841066344,136158.56870400644,17.9,False,underserved,18.64211095509079,51.54050841066344,2803.0,0.0016679383887417,0,2803,0.1696428393750311,21.68060393185624,0.02078559616767888,0.5147939369866892,0.8168355608194866,0.02318259840001828,0.3039770747492609,4.525212e-34,0,1.0
CANDIDATE_Kahawa West_48,-1.1568266605872193,37.01539550364263,Kahawa West,False,4,residential,3637.250433964883,3747.8757377271386,0,0,11984,405.62379022513335,0,0,,0,0,17.08330161363929,14.049286776560816,19.250455068695345,54.16666666666666,80.0,16,6.0,0.4568321925761286,moderate,30.372611674609445,57375.0964702776,12.5,False,severely_underserved,26.325932971732243,30.372611674609445,3244.0,0.0010994295397199,0,3244,0.140004148607421,5.437899353452546,0.024055823748822792,0.30284801059085487,0.6468926373211205,0.018247533150127074,0.2171595750540512,5.5550754e-34,0,1.0
CANDIDATE_Kahawa West_17,-1.136707438614558,37.012499200619104,Kahawa West,False,4,residential,1747.7896563680008,1637.5078199067912,0,0,11984,405.62379022513335,0,0,,0,0,17.08330161363929,14.049286776560816,19.250455068695345,54.16666666666666,80.0,16,6.0,0.4568321925761286,moderate,30.372611674609445,57375.0964702776,12.5,False,severely_underserved,27.35769592242312,30.372611674609445,3244.0,0.0022872962368198,0,3244,0.140004148607421,5.437899353452546,0.024055823748822792,0.30284801059085487,0.8457216545807941,0.018247533150127074,0.2569253785059859,1.2999176e-33,0,1.0
CANDIDATE_Kahawa West_47,-1.1561423166715337,37.01122487732605,Kahawa West,False,2,residential,3361.4101384642563,3530.3373351793425,0,0,11984,405.62379022513335,0,0,,0,0,17.08330161363929,14.049286776560816,19.250455068695345,54.16666666666666,80.0,16,6.0,0.4568321925761286,moderate,30.372611674609445,57375.0964702776,12.5,False,severely_underserved,25.98147438781036,30.372611674609445,3244.0,0.0005948114351432,0,3244,0.140004148607421,5.437899353452546,0.024055823748822792,0.30284801059085487,0.6673880904739008,0.018247533150127074,0.22125866568460728,1.3767418e-33,0,1.0
CANDIDATE_Karura Ward_30,-1.0813343713342844,36.72431000868309,Karura Ward,False,4,residential,2879.2396032118904,6287.864168327346,0,0,19794,501.8775238660341,0,0,,0,0,17.73388355120552,11.535664961841428,20.832992845887567,56.99076346006171,93.1818181818182,520,208.0,0.4333708462235915,moderate,51.54050841066344,136158.56870400644,17.9,False,underserved,25.03164759235646,51.54050841066344,2803.0,0.0013887733491128,0,2803,0.1696428393750311,21.68060393185624,0.02078559616767888,0.5147939369866892,0.4075867801562789,0.02318259840001828,0.22212731861661933,1.7002697e-33,0,1.0
CANDIDATE_Ruai Ward_28,-1.269445198984487,37.00476987546592,Ruai Ward,False,4,unclassified,702.1083875194843,897.6543765730971,0,1,15749,49.7230864857944,0,0,,0,0,17.039887285450238,11.99902551662575,19.728346895489963,63.11594202898551,87.5,79,28.0,0.3855109429948918,congested,9.222196984665509,57829.6892264539,11.0,False,severely_underserved,20.936686012892537,4.611098492332753,452.0,0.0056890233013884,0,452,0.2237461265027511,15.77044615316401,0.003351797883621425,0.04490798731606436,0.9154271935117299,0.0,0.19548556479062956,1.9042553e-33,0,1.0
CANDIDATE_Ruai Ward_49,-1.0613662615708384,37.06589749327764,Ruai Ward,False,1,trunk,10499.404062450069,1221.803635316393,0,0,15749,49.7230864857944,0,0,,0,0,15.532831935864504,10.98896006621044,17.047455892415858,75.0,100.0,4,1.0,0.326308708982949,congested,9.222196984665509,57829.6892264539,11.0,False,severely_underserved,37.29004187904938,9.222196984665509,452.0,9.523443041359202e-05,0,452,0.2237461265027511,15.77044615316401,0.003351797883621425,0.09107712513103293,0.8848873629840048,0.0,0.2009198831388267,1.9428508e-33,0,1.0
CANDIDATE_Kitisuru Ward_10,-1.1231912401472497,36.74680969042266,Kitisuru Ward,False,2,unclassified,756.0184203922279,4031.00502881145,0,0,19156,1020.1206955680644,0,0,,0,0,17.73388355120552,11.535664961841428,20.832992845887567,56.99076346006171,93.1818181818182,520,208.0,0.4333708462235915,moderate,58.6948942150194,154593.60933689412,17.9,False,underserved,19.763221183311657,58.6948942150194,5698.0,0.002641943638523,0,5698,0.1696428393750311,10.711956381011875,0.0422534166833515,0.5864280226025139,0.6202175167279946,0.049753659811534436,0.2953899367977073,2.414267e-33,0,1.0
CANDIDATE_Kitisuru Ward_15,-1.1373580716713143,36.735727658596566,Kitisuru Ward,False,2,residential,1664.877083824063,2343.1225627121216,0,0,19156,1020.1206955680644,0,0,,0,0,17.73388355120552,11.535664961841428,20.832992845887567,56.99076346006171,93.1818181818182,520,208.0,0.4333708462235915,moderate,58.6948942150194,154593.60933689412,17.9,False,underserved,18.886210641777502,58.6948942150194,5698.0,0.0012005687691008,1,5698,0.1696428393750311,10.711956381011875,0.0422534166833515,0.5864280226025139,0.7792419262399539,0.049753659811534436,0.3271948187000992,5.1850773e-33,0,1.0
CANDIDATE_Karura Ward_5,-1.074442727623662,36.71310972709547,Karura Ward,False,2,trunk,2986.4062291626165,6678.265012961248,0,0,19794,501.8775238660341,0,0,,0,0,17.73388355120552,11.535664961841428,20.832992845887567,56.99076346006171,93.1818181818182,520,208.0,0.4333708462235915,moderate,51.54050841066344,136158.56870400644,17.9,False,underserved,26.256147878950305,51.54050841066344,2803.0,0.0006694770803101,0,2803,0.1696428393750311,21.68060393185624,0.02078559616767888,0.5147939369866892,0.37080503436662693,0.02318259840001828,0.21477096945868895,5.23644e-33,0,1.0
CANDIDATE_Uthiru/ruthimitu Ward_44,-1.142589118201481,36.743240030447566,Uthiru/ruthimitu Ward,False,6,tertiary,1386.118302000061,1861.0989134456045,0,0,8256,1009.581586839085,0,0,,0,0,17.73388355120552,11.535664961841428,20.832992845887567,56.99076346006171,93.1818181818182,520,208.0,0.4333708462235915,moderate,49.84788943140368,54875.67677571843,18.5,False,severely_underserved,17.981009247429096,49.84788943140368,5457.0,0.004325514263166,0,5457,0.1996750767775023,11.152482045939884,0.040466285510889634,0.49784640072139,0.8246559451275088,0.049213304780245444,0.3133986500907097,5.783489e-33,0,1.0
CANDIDATE_Karura Ward_10,-1.1072486084323736,36.69889004259988,Karura Ward,False,6,tertiary,1116.609764726711,2829.233343560569,0,0,19794,501.8775238660341,0,0,,0,0,17.73388355120552,11.535664961841428,20.832992845887567,56.99076346006171,93.1818181818182,520,208.0,0.4333708462235915,moderate,51.54050841066344,136158.56870400644,17.9,False,underserved,23.87102818809395,51.54050841066344,2803.0,0.0053686001942432,0,2803,0.1696428393750311,21.68060393185624,0.02078559616767888,0.5147939369866892,0.7334428368872047,0.02318259840001828,0.28729852996280447,1.0377421e-32,0,1.0
CANDIDATE_Zimmerman Ward_33,-1.1792223367153427,36.88382930314653,Zimmerman Ward,False,6,residential,788.2956588527187,2628.4359883564475,0,0,8533,565.0115117573073,0,0,,0,0,18.22697126387059,11.58204509583422,21.549434347888774,54.69328703703704,91.66666666666669,251,100.0,0.4639352675180015,congested,30.66877310233205,41029.54800371309,12.5,False,severely_underserved,14.031927095654696,30.66877310233205,4520.0,0.0076017141773227,0,4520,0.140004148607421,4.387082206796681,0.03351797883621425,0.3058133599094042,0.7523610266807703,0.026419567377156016,0.2439407513816113,1.915381e-32,0,1.0
CANDIDATE_Ruai Ward_24,-1.0820431732563838,36.951259008069655,Ruai Ward,False,2,residential,2101.1798240603134,6174.073291583503,0,0,15749,49.7230864857944,0,0,,0,0,17.243629136348233,11.957926538319672,20.06267052196347,65.21934587151978,92.04545454545456,187,75.0,0.5053274203972147,congested,9.222196984665509,57829.6892264539,11.0,False,severely_underserved,27.17478316911985,9.222196984665509,452.0,0.0009513933951364,0,452,0.2237461265027511,15.77044615316401,0.003351797883621425,0.09107712513103293,0.4183076255619761,0.0,0.10760393565442095,2.9160876e-32,0,1.0
CANDIDATE_Karen Ward_10,-1.4253405012672966,36.75425110571148,Karen Ward,False,6,residential,3130.23715781045,3124.368809164899,0,0,16628,125.91481364439316,0,0,,0,0,16.011766228251677,11.178644424362124,18.98599503064525,68.140589569161,94.64285714285714,110,43.0,0.4662004684581611,congested,38.49922811522797,90123.85907777146,12.7,False,severely_underserved,16.96034517319555,38.49922811522797,991.0,0.0019161755234776,0,991,0.348155049984002,25.96426766391263,0.00734874270501954,0.38421666386082504,0.705636550557192,0.003906457763315437,0.2405348275760646,4.876937e-32,0,1.0
CANDIDATE_Uthiru/ruthimitu Ward_28,-1.14301471468493,36.72996535095069,Uthiru/ruthimitu Ward,False,6,residential,1005.8001884985524,1519.8405887970673,0,0,8256,1009.581586839085,0,0,,0,0,17.73388355120552,11.535664961841428,20.832992845887567,56.99076346006171,93.1818181818182,520,208.0,0.4333708462235915,moderate,49.84788943140368,54875.67677571843,18.5,False,severely_underserved,18.66147724755676,49.84788943140368,5457.0,0.005959474450385,0,5457,0.1996750767775023,11.152482045939884,0.040466285510889634,0.49784640072139,0.8568077120059738,0.049213304780245444,0.3198290034664027,5.751963e-32,0,1.0
CANDIDATE_Kitisuru Ward_9,-1.120398636052817,36.74182422212754,Kitisuru Ward,False,2,residential,572.8496645454113,4025.94557424052,0,0,19156,1020.1206955680644,0,0,,0,0,17.73388355120552,11.535664961841428,20.832992845887567,56.99076346006171,93.1818181818182,520,208.0,0.4333708462235915,moderate,58.6948942150194,154593.60933689412,17.9,False,underserved,20.2714941080974,58.6948942150194,5698.0,0.003485233369587,0,5698,0.1696428393750311,10.711956381011875,0.0422534166833515,0.5864280226025139,0.6206941949279015,0.049753659811534436,0.2954852724376887,6.339989e-32,0,1.0
CANDIDATE_Ruai Ward_37,-1.097984031931425,36.95703283775175,Ruai Ward,False,2,secondary,244.561235330394,4301.496427349324,0,0,15749,49.7230864857944,0,0,,0,0,17.243629136348233,11.957926538319672,20.06267052196347,65.21934587151978,92.04545454545456,187,75.0,0.5053274203972147,congested,9.222196984665509,57829.6892264539,11.0,False,severely_underserved,26.08826292005472,9.222196984665509,452.0,0.0081446079928253,0,452,0.2237461265027511,15.77044615316401,0.003351797883621425,0.09107712513103293,0.5947330793963148,0.0,0.1428890264212887,6.4282443e-32,0,1.0
CANDIDATE_Zimmerman Ward_48,-1.1816604826877215,36.87572051352285,Zimmerman Ward,False,6,residential,1579.721636223724,2842.738055341349,0,0,8533,565.0115117573073,0,0,,0,0,18.22697126387059,11.58204509583422,21.549434347888774,54.69328703703704,91.66666666666669,251,100.0,0.4639352675180015,congested,30.66877310233205,41029.54800371309,12.5,False,severely_underserved,13.340345800514278,30.66877310233205,4520.0,0.0037957347217273,0,4520,0.140004148607421,4.387082206796681,0.03351797883621425,0.3058133599094042,0.7321704859624802,0.026419567377156016,0.2399026432379533,9.7929324e-32,0,1.0
CANDIDATE_Kitisuru Ward_5,-1.1201200862799443,36.71314793721701,Kitisuru Ward,False,2,residential,1081.1235665492522,1920.05471613562,0,0,19156,1020.1206955680644,0,0,,0,0,17.73388355120552,11.535664961841428,20.832992845887567,56.99076346006171,93.1818181818182,520,208.0,0.4333708462235915,moderate,58.6948942150194,154593.60933689412,17.9,False,underserved,21.809818251698168,58.6948942150194,5698.0,0.0018482177653497,1,5698,0.1696428393750311,10.711956381011875,0.0422534166833515,0.5864280226025139,0.8191014045132268,0.049753659811534436,0.33516671435475376,1.1533262e-31,0,1.0
CANDIDATE_Karura Ward_38,-1.0671978713656216,36.74234809441282,Karura Ward,False,4,unclassified,4790.066476561939,4234.794646947608,0,0,19794,501.8775238660341,0,0,,0,0,17.73388355120552,11.535664961841428,20.832992845887567,56.99076346006171,93.1818181818182,520,208.0,0.4333708462235915,moderate,51.54050841066344,136158.56870400644,17.9,False,underserved,25.75549374803948,51.54050841066344,2803.0,0.0008348871842142,0,2803,0.1696428393750311,21.68060393185624,0.02078559616767888,0.5147939369866892,0.6010174098842618,0.02318259840001828,0.26081344456221595,1.6420108e-31,0,1.0
CANDIDATE_Kahawa West_35,-1.0895090190745915,36.98077013266368,Kahawa West,False,2,residential,2880.577154759509,4275.07515349089,0,0,11984,405.62379022513335,0,0,,0,0,17.243629136348233,11.957926538319672,20.06267052196347,65.21934587151978,92.04545454545456,187,75.0,0.5053274203972147,congested,30.372611674609445,57375.0964702776,12.5,False,severely_underserved,28.46019327577109,30.372611674609445,3244.0,0.0006940643587129,0,3244,0.140004148607421,5.437899353452546,0.024055823748822792,0.30284801059085487,0.5972223685253151,0.018247533150127074,0.2072255212948901,1.6500732e-31,0,1.0
CANDIDATE_Ruai Ward_12,-1.0830536716629366,36.975642527733896,Ruai Ward,False,2,residential,2831.35017735824,5120.431029777547,0,0,15749,49.7230864857944,0,0,,0,0,17.243629136348233,11.957926538319672,20.06267052196347,65.21934587151978,92.04545454545456,187,75.0,0.5053274203972147,congested,9.222196984665509,57829.6892264539,11.0,False,severely_underserved,28.662205654656447,9.222196984665509,452.0,0.0007061273764762,0,452,0.2237461265027511,15.77044615316401,0.003351797883621425,0.09107712513103293,0.5175768826849285,0.0,0.12745778707901145,1.6500732e-31,0,1.0
CANDIDATE_Uthiru/ruthimitu Ward_17,-1.1408164669000396,36.731536407972754,Uthiru/ruthimitu Ward,False,6,tertiary,1228.533012292737,1762.3885202956342,0,0,8256,1009.581586839085,0,0,,0,0,17.73388355120552,11.535664961841428,20.832992845887567,56.99076346006171,93.1818181818182,520,208.0,0.4333708462235915,moderate,49.84788943140368,54875.67677571843,18.5,False,severely_underserved,18.78158358903968,49.84788943140368,5457.0,0.0048799015073305,0,5457,0.1996750767775023,11.152482045939884,0.040466285510889634,0.49784640072139,0.8339559777415354,0.049213304780245444,0.31525865661351504,2.4326665e-31,0,1.0
CANDIDATE_Zimmerman Ward_0,-1.176337310741612,36.88733206325895,Zimmerman Ward,False,6,residential,298.5595064714388,2382.8236137326026,0,0,8533,565.0115117573073,0,0,,0,0,18.22697126387059,11.58204509583422,21.549434347888774,54.69328703703704,91.66666666666669,251,100.0,0.4639352675180015,congested,30.66877310233205,41029.54800371309,12.5,False,severely_underserved,14.510843743601264,30.66877310233205,4520.0,0.0200294094174309,0,4520,0.140004148607421,4.387082206796681,0.03351797883621425,0.3058133599094042,0.7755014784763568,0.026419567377156016,0.2485688417407286,2.6091136e-31,0,1.0
CANDIDATE_Kahawa West_2,-1.1989253831823203,36.95750386799913,Kahawa West,False,2,residential,2912.035834764019,2877.0225286220634,0,0,11984,405.62379022513335,0,0,,0,0,17.243629136348233,11.957926538319672,20.06267052196347,65.21934587151978,92.04545454545456,187,75.0,0.5053274203972147,congested,30.372611674609445,57375.0964702776,12.5,False,severely_underserved,18.381742865374825,30.372611674609445,3244.0,0.0006865689656584,0,3244,0.140004148607421,5.437899353452546,0.024055823748822792,0.30284801059085487,0.728940362877255,0.018247533150127074,0.23356912016527812,2.843663e-31,0,1.0
CANDIDATE_Kahawa West_10,-1.1081490177355118,36.97176158985903,Kahawa West,False,6,residential,1084.5543177738568,2726.01498928962,0,0,11984,405.62379022513335,0,0,,0,0,17.243629136348233,11.957926538319672,20.06267052196347,65.21934587151978,92.04545454545456,187,75.0,0.5053274203972147,congested,30.372611674609445,57375.0964702776,12.5,False,severely_underserved,26.23169357632148,30.372611674609445,3244.0,0.0055271301507087,0,3244,0.140004148607421,5.437899353452546,0.024055823748822792,0.30284801059085487,0.7431675885618085,0.018247533150127074,0.23641456530218882,2.9177914e-31,0,1.0
CANDIDATE_Zimmerman Ward_11,-1.169257011392146,36.88035264645921,Zimmerman Ward,False,2,residential,409.92309420807953,3441.867014318388,0,0,8533,565.0115117573073,0,0,,0,0,18.22697126387059,11.58204509583422,21.549434347888774,54.69328703703704,91.66666666666669,251,100.0,0.4639352675180015,congested,30.66877310233205,41029.54800371309,12.5,False,severely_underserved,14.797243252007624,30.66877310233205,4520.0,0.0048670907724335,0,4520,0.140004148607421,4.387082206796681,0.03351797883621425,0.3058133599094042,0.675723351261792,0.026419567377156016,0.22861321629781564,4.1607403e-31,0,1.0
CANDIDATE_Kahawa West_9,-1.202330878596119,37.01415941492463,Kahawa West,False,4,unclassified,2107.591187318172,2566.7376270025097,0,0,11984,405.62379022513335,0,0,,0,0,23.86962757169458,19.819289534101603,25.21974025089224,31.25,75.0,28,8.0,0.5212243408368737,free_flow,30.372611674609445,57375.0964702776,12.5,False,severely_underserved,23.80774685649636,30.372611674609445,3244.0,0.0018970011939997,0,3244,0.140004148607421,5.437899353452546,0.024055823748822792,0.30284801059085487,0.7581739583743139,0.018247533150127074,0.2394158392646899,4.8130847e-31,0,1.0
CANDIDATE_Kitisuru Ward_26,-1.100009101670563,36.69143863763355,Kitisuru Ward,False,6,tertiary,1653.909583517531,3012.251350179008,0,0,19156,1020.1206955680644,0,0,,0,0,17.73388355120552,11.535664961841428,20.832992845887567,56.99076346006171,93.1818181818182,520,208.0,0.4333708462235915,moderate,58.6948942150194,154593.60933689412,17.9,False,underserved,25.000471213293384,58.6948942150194,5698.0,0.0036255757171016,0,5698,0.1696428393750311,10.711956381011875,0.0422534166833515,0.5864280226025139,0.7161997343506799,0.049753659811534436,0.3145863803222444,1.0660874e-30,0,1.0
CANDIDATE_Ruai Ward_8,-1.055261674783942,37.045367568206736,Ruai Ward,False,2,residential,9601.896693278692,1173.398915656696,0,0,15749,49.7230864857944,0,0,,0,0,15.532831935864504,10.98896006621044,17.047455892415858,75.0,100.0,4,1.0,0.326308708982949,congested,9.222196984665509,57829.6892264539,11.0,False,severely_underserved,36.11072274380372,9.222196984665509,452.0,0.0002082704900282,0,452,0.2237461265027511,15.77044615316401,0.003351797883621425,0.09107712513103293,0.8894478297914267,0.0,0.20183197650031107,1.0788105e-30,0,1.0
CANDIDATE_Embakasi Ward_30,-1.3289588046915168,36.944800364735045,Embakasi Ward,False,4,unclassified,2007.434309220544,2078.2899630912502,0,0,29594,170.15776873711866,0,0,,0,0,17.234475857417127,12.045587776530288,19.828919897860544,61.11111111111111,85.71428571428571,55,22.0,0.4696096464200118,congested,22.437747821685697,127185.79787032236,7.2,False,severely_underserved,14.953392024767098,22.437747821685697,2363.0,0.0019916011101963,0,2363,0.4401639794947514,6.03841004939126,0.01752278406857838,0.22339930148654888,0.804193217944259,0.0061748567331173475,0.22405641473111493,1.3179799e-30,0,1.0
CANDIDATE_Zimmerman Ward_23,-1.1730415684839852,36.87218022444445,Zimmerman Ward,False,6,unclassified,739.3300599674102,3860.533721987088,0,0,8533,565.0115117573073,0,0,,0,0,18.22697126387059,11.58204509583422,21.549434347888774,54.69328703703704,91.66666666666669,251,100.0,0.4639352675180015,congested,30.66877310233205,41029.54800371309,12.5,False,severely_underserved,14.008604052619685,30.66877310233205,4520.0,0.0081044932854193,0,4520,0.140004148607421,4.387082206796681,0.03351797883621425,0.3058133599094042,0.6362785277586529,0.026419567377156016,0.2207242515971878,1.9244793e-30,0,1.0
CANDIDATE_Zimmerman Ward_8,-1.179265093183028,36.86359434036663,Zimmerman Ward,False,6,residential,1095.7378743360814,2820.4800917738826,0,0,8533,565.0115117573073,0,0,,0,0,18.22697126387059,11.58204509583422,21.549434347888774,54.69328703703704,91.66666666666669,251,100.0,0.4639352675180015,congested,30.66877310233205,41029.54800371309,12.5,False,severely_underserved,12.981418871163164,30.66877310233205,4520.0,0.0054707693975027,0,4520,0.140004148607421,4.387082206796681,0.03351797883621425,0.3058133599094042,0.734267527423806,0.026419567377156016,0.24032205153021843,1.9638591e-30,0,1.0
CANDIDATE_Embakasi Ward_18,-1.333634580015367,36.942550545288206,Embakasi Ward,False,6,unclassified,1695.0016566373895,1804.5499412893184,0,0,29594,170.15776873711866,0,0,,0,0,17.234475857417127,12.045587776530288,19.828919897860544,61.11111111111111,85.71428571428571,55,22.0,0.4696096464200118,congested,22.437747821685697,127185.79787032236,7.2,False,severely_underserved,14.89167491494275,22.437747821685697,2363.0,0.0035377323934317,0,2363,0.4401639794947514,6.03841004939126,0.01752278406857838,0.22339930148654888,0.8299837254002926,0.0061748567331173475,0.22921451622232167,2.8972407e-30,0,1.0
CANDIDATE_Uthiru/ruthimitu Ward_42,-1.2695369270938563,36.64691511104808,Uthiru/ruthimitu Ward,False,2,residential,1314.5880682865795,2551.0946308023204,0,0,8256,1009.581586839085,0,0,,0,0,17.860120755591254,11.573045141024393,21.003658562874683,57.14772462015109,94.04761904761904,382,161.0,0.477674612291292,congested,49.84788943140368,54875.67677571843,18.5,False,severely_underserved,19.02274589256023,49.84788943140368,5457.0,0.0015202326991341,0,5457,0.1996750767775023,11.152482045939884,0.040466285510889634,0.49784640072139,0.7596477684788064,0.049213304780245444,0.30039701476096925,4.0936273e-30,0,1.0
CANDIDATE_Ruai Ward_25,-1.032019409920041,37.05363870625302,Ruai Ward,False,2,unclassified,12287.909832219048,1027.7303638358017,0,0,15749,49.7230864857944,0,0,,0,0,15.532831935864504,10.98896006621044,17.047455892415858,75.0,100.0,4,1.0,0.326308708982949,congested,9.222196984665509,57829.6892264539,11.0,False,severely_underserved,38.61359295089807,9.222196984665509,452.0,0.0001627483663975,0,452,0.2237461265027511,15.77044615316401,0.003351797883621425,0.09107712513103293,0.9031720409868387,0.0,0.20457681873939348,5.4157327e-30,0,1.0
CANDIDATE_Embakasi Ward_13,-1.3367783215954037,36.943277216215726,Embakasi Ward,False,6,unclassified,1813.609493325356,1945.927296522848,0,0,29594,170.15776873711866,0,0,,0,0,17.234475857417127,12.045587776530288,19.828919897860544,61.11111111111111,85.71428571428571,55,22.0,0.4696096464200118,congested,22.437747821685697,127185.79787032236,7.2,False,severely_underserved,15.093502258781315,22.437747821685697,2363.0,0.0033064965338656,0,2363,0.4401639794947514,6.03841004939126,0.01752278406857838,0.22339930148654888,0.8166638107226247,0.0061748567331173475,0.2265505332867881,5.62074e-30,0,1.0
CANDIDATE_Kahawa West_4,-1.1133392312482695,36.94604680421426,Kahawa West,False,6,residential,1756.9905188755322,3811.264805956565,0,0,11984,405.62379022513335,0,0,,0,0,17.243629136348233,11.957926538319672,20.06267052196347,65.21934587151978,92.04545454545456,187,75.0,0.5053274203972147,congested,30.372611674609445,57375.0964702776,12.5,False,severely_underserved,23.989319444628546,30.372611674609445,3244.0,0.0034129876899664,0,3244,0.140004148607421,5.437899353452546,0.024055823748822792,0.30284801059085487,0.6409204151153922,0.018247533150127074,0.21596513061290556,5.79465e-30,0,1.0
CANDIDATE_Karura Ward_39,-1.0480405883248711,36.73423441933309,Karura Ward,False,4,unclassified,6593.44955590977,5046.583861015721,0,0,19794,501.8775238660341,0,0,,0,0,17.73388355120552,11.535664961841428,20.832992845887567,56.99076346006171,93.1818181818182,520,208.0,0.4333708462235915,moderate,51.54050841066344,136158.56870400644,17.9,False,underserved,28.06336812376989,51.54050841066344,2803.0,0.0006065707177053,0,2803,0.1696428393750311,21.68060393185624,0.02078559616767888,0.5147939369866892,0.5245344183204628,0.02318259840001828,0.24551684624945613,6.155633e-30,0,1.0
CANDIDATE_Zimmerman Ward_30,-1.1807047904561871,36.86126583232898,Zimmerman Ward,False,6,residential,1186.1851742618778,2539.864879306852,0,0,8533,565.0115117573073,0,0,,0,0,18.22697126387059,11.58204509583422,21.549434347888774,54.69328703703704,91.66666666666669,251,100.0,0.4639352675180015,congested,30.66877310233205,41029.54800371309,12.5,False,severely_underserved,12.73285060908559,30.66877310233205,4520.0,0.0050539714697249,0,4520,0.140004148607421,4.387082206796681,0.03351797883621425,0.3058133599094042,0.7607057832614708,0.026419567377156016,0.2456097026977514,6.2001737e-30,0,1.0
CANDIDATE_Mwiki Ward_47,-1.1992782128789898,36.954668485215166,Mwiki Ward,False,2,residential,2705.9873689092524,2674.3744680515897,0,0,13574,260.81942033073966,0,0,,0,0,17.243629136348233,11.957926538319672,20.06267052196347,65.21934587151978,92.04545454545456,187,75.0,0.5053274203972147,congested,20.223745116113616,56716.87356452877,11.0,False,severely_underserved,18.09401353089497,20.223745116113616,2371.0,0.0007388287152613,0,2371,0.2237461265027511,3.3852359612444944,0.01758210792492566,0.20123135252466098,0.7480329174941871,0.010823208016264891,0.20823280100697963,6.703884e-30,0,1.0
CANDIDATE_Mugumo-ini Ward_46,-1.33262479996361,36.94252585695837,Mugumo-ini Ward,False,4,unclassified,1694.600055055584,1795.3121585119409,0,0,33395,95.66697052700808,0,0,,0,0,17.234475857417127,12.045587776530288,19.828919897860544,61.11111111111111,85.71428571428571,55,22.0,0.4696096464200118,congested,8.187153010773127,121245.03465058042,12.7,False,severely_underserved,14.84987266181099,8.187153010773127,753.0,0.0023590468684367,0,753,0.348155049984002,14.845968786989689,0.005583857978687905,0.0807136319298685,0.8308540661857899,0.0023556080060511933,0.1887746931133761,8.9719176e-30,0,1.0
CANDIDATE_Uthiru/ruthimitu Ward_23,-1.2878796302471212,36.62894031160879,Uthiru/ruthimitu Ward,False,6,trunk,69.94968713796186,5285.723027588765,0,0,8256,1009.581586839085,0,0,,0,0,15.980574424068386,11.4132564471311,18.590470410889697,70.77380952380952,92.1875,88,34.0,0.574525767942717,congested,49.84788943140368,54875.67677571843,18.5,False,severely_underserved,20.92888691919284,49.84788943140368,5457.0,0.0845669691021044,0,5457,0.1996750767775023,11.152482045939884,0.040466285510889634,0.49784640072139,0.502003841980426,0.049213304780245444,0.24886822946129317,9.420584e-30,0,1.0
CANDIDATE_Uthiru/ruthimitu Ward_25,-1.2784190106859457,36.633919603448746,Uthiru/ruthimitu Ward,False,6,residential,299.1492921436366,4273.270752487591,0,0,8256,1009.581586839085,0,0,,0,0,17.860120755591254,11.573045141024393,21.003658562874683,57.14772462015109,94.04761904761904,382,161.0,0.477674612291292,congested,49.84788943140368,54875.67677571843,18.5,False,severely_underserved,20.394063335173,49.84788943140368,5457.0,0.0199900521408816,0,5457,0.1996750767775023,11.152482045939884,0.040466285510889634,0.49784640072139,0.5973923707676723,0.049213304780245444,0.2679459352187424,9.420584e-30,0,1.0
CANDIDATE_Zimmerman Ward_36,-1.1656378022215053,36.8780690605812,Zimmerman Ward,False,2,residential,620.1417592220018,3864.507508908116,0,0,8533,565.0115117573073,0,0,,0,0,18.22697126387059,11.58204509583422,21.549434347888774,54.69328703703704,91.66666666666669,251,100.0,0.4639352675180015,congested,30.66877310233205,41029.54800371309,12.5,False,severely_underserved,15.036766787005115,30.66877310233205,4520.0,0.0032198768965478,0,4520,0.140004148607421,4.387082206796681,0.03351797883621425,0.3058133599094042,0.6359041360984901,0.026419567377156016,0.22064937326515524,9.526542e-30,0,1.0
CANDIDATE_Zimmerman Ward_42,-1.1658306716214544,36.8609802040738,Zimmerman Ward,False,6,residential,578.7097558074844,2987.480751016888,0,0,8533,565.0115117573073,0,0,,0,0,18.22697126387059,11.58204509583422,21.549434347888774,54.69328703703704,91.66666666666669,251,100.0,0.4639352675180015,congested,30.66877310233205,41029.54800371309,12.5,False,severely_underserved,14.2627989903806,30.66877310233205,4520.0,0.0103500069472567,0,4520,0.140004148607421,4.387082206796681,0.03351797883621425,0.3058133599094042,0.7185335046126087,0.026419567377156016,0.23717524696797898,9.9176816e-30,0,1.0
CANDIDATE_Karura Ward_0,-1.060151813844775,36.76053636088584,Karura Ward,False,4,residential,6281.714800261211,2084.446438352328,0,0,19794,501.8775238660341,0,0,,0,0,17.73388355120552,11.535664961841428,20.832992845887567,56.99076346006171,93.1818181818182,520,208.0,0.4333708462235915,moderate,51.54050841066344,136158.56870400644,17.9,False,underserved,25.93433278399561,51.54050841066344,2803.0,0.0006366674482556,0,2803,0.1696428393750311,21.68060393185624,0.02078559616767888,0.5147939369866892,0.8036131835741347,0.02318259840001828,0.3013325993001905,1.00778595e-29,0,1.0
CANDIDATE_Embakasi Ward_6,-1.347926273459945,36.9533825863031,Embakasi Ward,False,2,residential,3313.1079643244448,3471.317024917634,0,0,29594,170.15776873711866,0,0,,0,0,23.677181625791217,16.528085310897428,27.57668870664238,36.47058823529412,83.33333333333333,32,12.0,0.574525767942717,moderate,22.437747821685697,127185.79787032236,7.2,False,severely_underserved,16.61290084569052,22.437747821685697,2363.0,0.0006034806414062,0,2363,0.4401639794947514,6.03841004939126,0.01752278406857838,0.22339930148654888,0.6729487086905654,0.0061748567331173475,0.1978075128803762,1.1999205e-29,0,1.0
CANDIDATE_Kahawa West_42,-1.0938782653610009,36.9880665659726,Kahawa West,False,2,unclassified,3267.4710184813457,3334.207965413291,0,0,11984,405.62379022513335,0,0,,0,0,17.243629136348233,11.957926538319672,20.06267052196347,65.21934587151978,92.04545454545456,187,75.0,0.5053274203972147,congested,30.372611674609445,57375.0964702776,12.5,False,severely_underserved,28.61997981869543,30.372611674609445,3244.0,0.0006119069095889,0,3244,0.140004148607421,5.437899353452546,0.024055823748822792,0.30284801059085487,0.6858664844624807,0.018247533150127074,0.22495434448232324,1.2258106e-29,0,1.0
CANDIDATE_Embakasi Ward_1,-1.336314023892008,36.94745201516111,Embakasi Ward,False,6,unclassified,2261.4266456796054,2385.816151258241,0,0,29594,170.15776873711866,0,0,,0,0,17.234475857417127,12.045587776530288,19.828919897860544,61.11111111111111,85.71428571428571,55,22.0,0.4696096464200118,congested,22.437747821685697,127185.79787032236,7.2,False,severely_underserved,15.506853335911188,22.437747821685697,2363.0,0.0026520196849068,0,2363,0.4401639794947514,6.03841004939126,0.01752278406857838,0.22339930148654888,0.7752195355552618,0.0061748567331173475,0.2182616782533155,1.4295251e-29,0,1.0
CANDIDATE_Karura Ward_34,-1.137409841332467,36.75722467898647,Karura Ward,False,6,residential,1076.6102399219833,2871.0930702675896,0,0,19794,501.8775238660341,0,0,,0,0,17.73388355120552,11.535664961841428,20.832992845887567,56.99076346006171,93.1818181818182,520,208.0,0.4333708462235915,moderate,51.54050841066344,136158.56870400644,17.9,False,underserved,17.858298281803783,51.54050841066344,2803.0,0.0055678758216276,0,2803,0.1696428393750311,21.68060393185624,0.02078559616767888,0.5147939369866892,0.7294990087738056,0.02318259840001828,0.28650976434012465,1.6214097e-29,0,1.0
CANDIDATE_Zimmerman Ward_43,-1.1835735012142363,36.88438815500764,Zimmerman Ward,False,6,residential,981.3243756303305,2177.3898485726736,0,0,8533,565.0115117573073,0,0,,0,0,18.22697126387059,11.58204509583422,21.549434347888774,54.69328703703704,91.66666666666669,251,100.0,0.4639352675180015,congested,30.66877310233205,41029.54800371309,12.5,False,severely_underserved,13.657271610475162,30.66877310233205,4520.0,0.0061079620427315,0,4520,0.140004148607421,4.387082206796681,0.03351797883621425,0.3058133599094042,0.7948564891803152,0.026419567377156016,0.2524398438815203,2.0866064e-29,0,1.0
CANDIDATE_Kahawa West_6,-1.1048896703929867,36.98234989747861,Kahawa West,False,2,unclassified,2290.1531124064945,2786.6312283551106,0,0,11984,405.62379022513335,0,0,,0,0,17.243629136348233,11.957926538319672,20.06267052196347,65.21934587151978,92.04545454545456,187,75.0,0.5053274203972147,congested,30.372611674609445,57375.0964702776,12.5,False,severely_underserved,27.284387016282064,30.372611674609445,3244.0,0.0008729228916086,0,3244,0.140004148607421,5.437899353452546,0.024055823748822792,0.30284801059085487,0.737456609380597,0.018247533150127074,0.2352723694659465,2.725853e-29,0,1.0
CANDIDATE_Njiru Ward_34,-1.2664294817235269,36.94690995918208,Njiru Ward,False,6,residential,1852.0573935973143,1854.863939209803,0,0,10989,746.4285914852591,0,0,,0,0,17.845377654040565,11.606875140660836,20.96462891073044,57.8859819316018,91.796875,574,247.0,0.4245573366979223,moderate,47.21837435030173,69402.06821576251,11.0,False,severely_underserved,14.58949744131546,47.21837435030173,6785.0,0.0032378921563526,0,6785,0.2237461265027511,10.89304713008968,0.050314045664538426,0.47151808776780646,0.8252433753047189,0.035721077999510915,0.307682328585386,3.0190863e-29,0,1.0
CANDIDATE_Zimmerman Ward_4,-1.1721065266285555,36.86195890881804,Zimmerman Ward,False,6,primary,425.0168510115258,2821.3442434594804,0,0,8533,565.0115117573073,0,0,,0,0,18.22697126387059,11.58204509583422,21.549434347888774,54.69328703703704,91.66666666666669,251,100.0,0.4639352675180015,congested,30.66877310233205,41029.54800371309,12.5,False,severely_underserved,13.648213738713402,30.66877310233205,4520.0,0.0140839499323881,0,4520,0.140004148607421,4.387082206796681,0.03351797883621425,0.3058133599094042,0.7341861110845223,0.026419567377156016,0.2403057682623617,3.4030072e-29,0,1.0
CANDIDATE_Embakasi Ward_47,-1.3338469825478616,36.93771482633038,Embakasi Ward,False,4,unclassified,1158.956799631626,1274.0005495882165,0,0,29594,170.15776873711866,0,0,,0,0,19.463223831064525,14.11254895865543,22.31691709634938,52.48447204968944,89.28571428571429,175,85.0,0.5220497459808815,congested,22.437747821685697,127185.79787032236,7.2,False,severely_underserved,14.39853920731682,22.437747821685697,2363.0,0.0034484042864961,0,2363,0.4401639794947514,6.03841004939126,0.01752278406857838,0.22339930148654888,0.8799696132963708,0.0061748567331173475,0.23921169380153728,3.4519583e-29,0,1.0
CANDIDATE_Ruai Ward_35,-1.1014054823876769,37.08004348109699,Ruai Ward,False,1,trunk,9466.347545999606,4691.2821008463725,0,0,15749,49.7230864857944,0,0,,0,0,15.532831935864504,10.98896006621044,17.047455892415858,75.0,100.0,4,1.0,0.326308708982949,congested,9.222196984665509,57829.6892264539,11.0,False,severely_underserved,35.73487564005664,9.222196984665509,452.0,0.000105626205771,0,452,0.2237461265027511,15.77044615316401,0.003351797883621425,0.09107712513103293,0.5580092921605027,0.0,0.13554426897412628,4.0490098e-29,0,1.0
CANDIDATE_Uthiru/ruthimitu Ward_30,-1.2830691977201247,36.65194889630218,Uthiru/ruthimitu Ward,False,2,residential,261.5823529089819,2989.960631355446,0,0,8256,1009.581586839085,0,0,,0,0,17.860120755591254,11.573045141024393,21.003658562874683,57.14772462015109,94.04761904761904,382,161.0,0.477674612291292,congested,49.84788943140368,54875.67677571843,18.5,False,severely_underserved,18.37419832307147,49.84788943140368,5457.0,0.0076166580801919,0,5457,0.1996750767775023,11.152482045939884,0.040466285510889634,0.49784640072139,0.7182998618593837,0.049213304780245444,0.2921274334370847,4.1028687e-29,0,1.0
CANDIDATE_Ruai Ward_27,-1.2694725050698383,36.944102299869726,Ruai Ward,False,6,residential,2109.649509074935,2090.878187237429,0,0,15749,49.7230864857944,0,0,,0,0,17.845377654040565,11.606875140660836,20.96462891073044,57.8859819316018,91.796875,574,247.0,0.4245573366979223,moderate,9.222196984665509,57829.6892264539,11.0,False,severely_underserved,14.232396161270987,9.222196984665509,452.0,0.0028427268356031,0,452,0.2237461265027511,15.77044615316401,0.003351797883621425,0.09107712513103293,0.8030072142077095,0.0,0.18454385338356763,4.1191155e-29,0,1.0
CANDIDATE_Ruai Ward_15,-1.1416314868455977,37.00643421779313,Ruai Ward,False,4,residential,1679.519378537398,1839.4876713990925,0,0,15749,49.7230864857944,0,0,,0,0,17.243629136348233,11.957926538319672,20.06267052196347,65.21934587151978,92.04545454545456,187,75.0,0.5053274203972147,congested,9.222196984665509,57829.6892264539,11.0,False,severely_underserved,26.489473798701365,9.222196984665509,452.0,0.0023802165277506,0,452,0.2237461265027511,15.77044615316401,0.003351797883621425,0.09107712513103293,0.8266920555050334,0.0,0.18928082164303242,5.097695e-29,0,1.0
CANDIDATE_Embakasi Ward_44,-1.3287091607374104,36.93677270431843,Embakasi Ward,False,4,unclassified,1177.5496888823022,1218.8764187029556,0,0,29594,170.15776873711866,0,0,,0,0,19.463223831064525,14.11254895865543,22.31691709634938,52.48447204968944,89.28571428571429,175,85.0,0.5220497459808815,congested,22.437747821685697,127185.79787032236,7.2,False,severely_underserved,14.100398458475972,22.437747821685697,2363.0,0.0033940019990107,0,2363,0.4401639794947514,6.03841004939126,0.01752278406857838,0.22339930148654888,0.88516315167357,0.0061748567331173475,0.24025040147697713,6.54577e-29,0,1.0
CANDIDATE_Uthiru/ruthimitu Ward_16,-1.2906600065770968,36.64113707435682,Uthiru/ruthimitu Ward,False,6,residential,1092.9148811936604,4429.369903762764,0,0,8256,1009.581586839085,0,0,,0,0,15.980574424068386,11.4132564471311,18.590470410889697,70.77380952380952,92.1875,88,34.0,0.574525767942717,congested,49.84788943140368,54875.67677571843,18.5,False,severely_underserved,19.57808491036039,49.84788943140368,5457.0,0.0054848874470497,0,5457,0.1996750767775023,11.152482045939884,0.040466285510889634,0.49784640072139,0.5826854371657022,0.049213304780245444,0.26500454849834837,7.827091e-29,0,1.0
CANDIDATE_Njiru Ward_12,-1.2693928590387338,36.9463314704992,Njiru Ward,False,2,residential,2067.2364464240127,2063.999870880996,0,0,10989,746.4285914852591,0,0,,0,0,17.845377654040565,11.606875140660836,20.96462891073044,57.8859819316018,91.796875,574,247.0,0.4245573366979223,moderate,47.21837435030173,69402.06821576251,11.0,False,severely_underserved,14.479221609258026,47.21837435030173,6785.0,0.0009670074248319,0,6785,0.2237461265027511,10.89304713008968,0.050314045664538426,0.47151808776780646,0.8055395637480985,0.035721077999510915,0.303741566274062,8.371848e-29,0,1.0
CANDIDATE_Kahawa West_37,-1.20376665284694,37.005022073557925,Kahawa West,False,4,unclassified,1271.8666952535264,2039.908973982197,0,0,11984,405.62379022513335,0,0,,0,0,23.86962757169458,19.819289534101603,25.21974025089224,31.25,75.0,28,8.0,0.5212243408368737,free_flow,30.372611674609445,57375.0964702776,12.5,False,severely_underserved,22.81223989004208,30.372611674609445,3244.0,0.0031425128922893,0,3244,0.140004148607421,5.437899353452546,0.024055823748822792,0.30284801059085487,0.8078092956345837,0.018247533150127074,0.24934290671674386,8.6877616e-29,0,1.0
CANDIDATE_South C Ward_41,-1.380413601128098,36.90526053793886,South C Ward,False,2,residential,1898.901404543128,1769.6142608236398,0,0,9969,464.7086107611213,0,0,,0,0,23.69756187286672,16.198351995770242,27.15873566229586,36.8421052631579,83.33333333333333,57,22.0,0.6166609846299763,congested,52.75712751657217,70344.6251026133,12.7,False,underserved,14.321722931448171,52.75712751657217,3659.0,0.0010526862053038,0,3659,0.348155049984002,28.829494748770223,0.02713324879683804,0.5269754714437004,0.8332752021876497,0.021276895582041187,0.3121509244937566,1.2584999e-28,0,1.0
CANDIDATE_Embakasi Ward_21,-1.3485801146709644,36.94893491963148,Embakasi Ward,False,2,residential,2932.2826255587297,3096.8847026404555,0,0,29594,170.15776873711866,0,0,,0,0,23.677181625791217,16.528085310897428,27.57668870664238,36.47058823529412,83.33333333333333,32,12.0,0.574525767942717,moderate,22.437747821685697,127185.79787032236,7.2,False,severely_underserved,16.194532212144505,22.437747821685697,2363.0,0.0006818299684364,0,2363,0.4401639794947514,6.03841004939126,0.01752278406857838,0.22339930148654888,0.7082259748203126,0.0061748567331173475,0.20486296610632565,1.405169e-28,0,1.0
CANDIDATE_Kahawa West_27,-1.1094642602664009,36.95448520565665,Kahawa West,False,6,residential,778.165596171343,3393.1279150820337,0,0,11984,405.62379022513335,0,0,,0,0,17.243629136348233,11.957926538319672,20.06267052196347,65.21934587151978,92.04545454545456,187,75.0,0.5053274203972147,congested,30.372611674609445,57375.0964702776,12.5,False,severely_underserved,24.90002545072433,30.372611674609445,3244.0,0.0077005453391201,0,3244,0.140004148607421,5.437899353452546,0.024055823748822792,0.30284801059085487,0.6803153217525559,0.018247533150127074,0.2238441119403383,1.4875664e-28,0,1.0
CANDIDATE_Zimmerman Ward_28,-1.1741427464827874,36.88954662174187,Zimmerman Ward,False,2,residential,105.74319677026384,2286.381043666316,0,0,8533,565.0115117573073,0,0,,0,0,18.22697126387059,11.58204509583422,21.549434347888774,54.69328703703704,91.66666666666669,251,100.0,0.4639352675180015,congested,30.66877310233205,41029.54800371309,12.5,False,severely_underserved,14.84912810324416,30.66877310233205,4520.0,0.0187365570876096,0,4520,0.140004148607421,4.387082206796681,0.03351797883621425,0.3058133599094042,0.7845878473821549,0.026419567377156016,0.2503861155218882,1.6433543e-28,0,1.0
CANDIDATE_Uthiru/ruthimitu Ward_41,-1.286688922870405,36.6571320274351,Uthiru/ruthimitu Ward,False,2,residential,623.5148968611219,2962.807135972078,0,0,8256,1009.581586839085,0,0,,0,0,15.980574424068386,11.4132564471311,18.590470410889697,70.77380952380952,92.1875,88,34.0,0.574525767942717,congested,49.84788943140368,54875.67677571843,18.5,False,severely_underserved,17.794288575386837,49.84788943140368,5457.0,0.0032024856573513,0,5457,0.1996750767775023,11.152482045939884,0.040466285510889634,0.49784640072139,0.7208581374835774,0.049213304780245444,0.29263908856192344,2.1743766e-28,0,1.0
CANDIDATE_Kitisuru Ward_28,-1.149493344708547,36.73681089613311,Kitisuru Ward,False,6,residential,437.3151934300156,1321.6126236303896,0,0,19156,1020.1206955680644,0,0,,0,0,17.73388355120552,11.535664961841428,20.832992845887567,56.99076346006171,93.1818181818182,520,208.0,0.4333708462235915,moderate,58.6948942150194,154593.60933689412,17.9,False,underserved,17.65266914408347,58.6948942150194,5698.0,0.0136887794216013,1,5698,0.1696428393750311,10.711956381011875,0.0422534166833515,0.5864280226025139,0.8754838258601793,0.049753659811534436,0.3464431986241443,2.8094335e-28,0,1.0
CANDIDATE_Ruai Ward_1,-1.1931297054451089,37.01209593605648,Ruai Ward,False,4,residential,1736.8561683235096,1851.5017473796136,0,0,15749,49.7230864857944,0,0,,0,0,17.08330161363929,14.049286776560816,19.250455068695345,54.16666666666666,80.0,16,6.0,0.4568321925761286,moderate,9.222196984665509,57829.6892264539,11.0,False,severely_underserved,24.020673781745803,9.222196984665509,452.0,0.0023016864530617,0,452,0.2237461265027511,15.77044615316401,0.003351797883621425,0.09107712513103293,0.8255601453294099,0.0,0.18905443960790771,3.869981e-28,0,1.0
CANDIDATE_Karura Ward_1,-1.1228618135294486,36.70595242249478,Karura Ward,False,6,residential,1309.943363333047,1317.647693761257,0,0,19794,501.8775238660341,0,0,,0,0,17.73388355120552,11.535664961841428,20.832992845887567,56.99076346006171,93.1818181818182,520,208.0,0.4333708462235915,moderate,51.54050841066344,136158.56870400644,17.9,False,underserved,21.99167022599735,51.54050841066344,2803.0,0.0045768567642351,0,2803,0.1696428393750311,21.68060393185624,0.02078559616767888,0.5147939369866892,0.8758573830502437,0.02318259840001828,0.31578143919541235,4.4648343e-28,0,1.0
CANDIDATE_Zimmerman Ward_13,-1.180617384529408,36.85702407290094,Zimmerman Ward,False,6,residential,1024.0890120477168,2076.532104560912,0,0,8533,565.0115117573073,0,0,,0,0,16.977834653895385,11.583661224577728,20.06021947064833,66.15702479338843,90.625,160,66.0,0.5393986770943684,congested,30.66877310233205,41029.54800371309,12.5,False,severely_underserved,12.568068511737088,30.66877310233205,4520.0,0.0058531502430353,0,4520,0.140004148607421,4.387082206796681,0.03351797883621425,0.3058133599094042,0.8043588351720027,0.026419567377156016,0.25434031307985777,4.580105e-28,0,1.0
CANDIDATE_Uthiru/ruthimitu Ward_29,-1.2645667478153628,36.64828742192549,Uthiru/ruthimitu Ward,False,2,residential,1663.7193788657614,2246.339253303252,0,0,8256,1009.581586839085,0,0,,0,0,17.860120755591254,11.573045141024393,21.003658562874683,57.14772462015109,94.04761904761904,382,161.0,0.477674612291292,congested,49.84788943140368,54875.67677571843,18.5,False,severely_underserved,18.933858812758977,49.84788943140368,5457.0,0.0012014036872464,0,5457,0.1996750767775023,11.152482045939884,0.040466285510889634,0.49784640072139,0.7883603980165622,0.049213304780245444,0.3061395406685204,5.0322956e-28,0,1.0
CANDIDATE_Mihango Ward_11,-1.2704240720159985,36.94714600142391,Mihango Ward,False,6,residential,1922.0831166531057,1918.752723979568,0,0,4505,83.3685699120185,0,0,,0,0,17.845377654040565,11.606875140660836,20.96462891073044,57.8859819316018,91.796875,574,247.0,0.4245573366979223,moderate,31.7305199776592,22000.26396561969,7.2,False,severely_underserved,14.554557151236768,31.7305199776592,1157.0,0.0031199899515743,0,1157,0.4401639794947514,34.363224058648484,0.00857971272422564,0.316444218888691,0.8192240721384696,0.0017250515880455493,0.24630377892095479,6.787418e-28,0,1.0
CANDIDATE_Zimmerman Ward_27,-1.1731414439362458,36.88697457439194,Zimmerman Ward,False,6,residential,90.27096021107737,2590.121477301229,0,0,8533,565.0115117573073,0,0,,0,0,18.22697126387059,11.58204509583422,21.549434347888774,54.69328703703704,91.66666666666669,251,100.0,0.4639352675180015,congested,30.66877310233205,41029.54800371309,12.5,False,severely_underserved,14.79090976238042,30.66877310233205,4520.0,0.0657383245023842,0,4520,0.140004148607421,4.387082206796681,0.03351797883621425,0.3058133599094042,0.7559708411190802,0.026419567377156016,0.24466271426927327,7.495525e-28,0,1.0
CANDIDATE_Karen Ward_16,-1.4225281929728664,36.760502597388026,Karen Ward,False,6,residential,2803.732339341418,2793.537116712991,0,0,16628,125.91481364439316,0,0,,0,0,16.011766228251677,11.178644424362124,18.98599503064525,68.140589569161,94.64285714285714,110,43.0,0.4662004684581611,congested,38.49922811522797,90123.85907777146,12.7,False,severely_underserved,16.396513998381945,38.49922811522797,991.0,0.0021392415653498,0,991,0.348155049984002,25.96426766391263,0.00734874270501954,0.38421666386082504,0.7368059688056016,0.003906457763315437,0.2467687112257465,1.215688e-27,0,1.0
CANDIDATE_Uthiru/ruthimitu Ward_21,-1.281951502029564,36.66282545436905,Uthiru/ruthimitu Ward,False,6,residential,235.1807202792108,2183.5614027012866,0,0,8256,1009.581586839085,0,0,,0,0,17.860120755591254,11.573045141024393,21.003658562874683,57.14772462015109,94.04761904761904,382,161.0,0.477674612291292,congested,49.84788943140368,54875.67677571843,18.5,False,severely_underserved,17.16848219107139,49.84788943140368,5457.0,0.0254042751368818,0,5457,0.1996750767775023,11.152482045939884,0.040466285510889634,0.49784640072139,0.7942750341496566,0.049213304780245444,0.3073224678951393,1.3295711e-27,0,1.0
CANDIDATE_Uthiru/ruthimitu Ward_47,-1.1950442558945251,36.692434071140745,Uthiru/ruthimitu Ward,False,6,residential,338.9091254520432,2941.888851865144,0,0,8256,1009.581586839085,0,0,,0,0,17.73388355120552,11.535664961841428,20.832992845887567,56.99076346006171,93.1818181818182,520,208.0,0.4333708462235915,moderate,49.84788943140368,54875.67677571843,18.5,False,severely_underserved,17.192155125817827,49.84788943140368,5457.0,0.0176517767565687,0,5457,0.1996750767775023,11.152482045939884,0.040466285510889634,0.49784640072139,0.7228289605976987,0.049213304780245444,0.2930332531847477,1.8078631e-27,0,1.0
CANDIDATE_Kahawa_25,-1.180272646091841,36.89390767413689,Kahawa,False,6,secondary,161.03122147112148,1537.5286853660823,0,0,9936,2342.1790599665173,0,0,,0,0,18.22697126387059,11.58204509583422,21.549434347888774,54.69328703703704,91.66666666666669,251,100.0,0.4639352675180015,congested,50.06246135533196,66325.31993700916,12.5,False,underserved,14.55946932676717,50.06246135533196,18737.0,0.0370299004446459,1,18737,0.140004148607421,1.2664846559319567,0.13894388704737753,0.499994826035562,0.8551412220881192,0.11753746461241547,0.36816480431557963,2.2654069e-27,0,1.0
CANDIDATE_Ruai Ward_0,-1.0859081191506623,37.005924000984,Ruai Ward,False,2,unclassified,4773.734809900256,2466.446507825699,0,0,15749,49.7230864857944,0,0,,0,0,17.243629136348233,11.957926538319672,20.06267052196347,65.21934587151978,92.04545454545456,187,75.0,0.5053274203972147,congested,9.222196984665509,57829.6892264539,11.0,False,severely_underserved,30.613650332487225,9.222196984665509,452.0,0.000418871430483,0,452,0.2237461265027511,15.77044615316401,0.003351797883621425,0.09107712513103293,0.7676229196181872,0.0,0.17746699446566316,3.2341702e-27,0,1.0
CANDIDATE_Mwiki Ward_13,-1.2031679891281264,36.94346350503008,Mwiki Ward,False,6,residential,2074.6003997891967,1815.312841840069,0,0,13574,260.81942033073966,0,0,,0,0,18.22697126387059,11.58204509583422,21.549434347888774,54.69328703703704,91.66666666666669,251,100.0,0.4639352675180015,congested,20.223745116113616,56716.87356452877,11.0,False,severely_underserved,16.813067767766086,20.223745116113616,2371.0,0.0028907298344177,0,2371,0.2237461265027511,3.3852359612444944,0.01758210792492566,0.20123135252466098,0.8289696951350962,0.010823208016264891,0.22442015653516145,3.2698978e-27,0,1.0
CANDIDATE_Mwiki Ward_42,-1.1947772118041222,36.95188869986217,Mwiki Ward,False,6,residential,2146.6513243452287,2105.039658524976,0,0,13574,260.81942033073966,0,0,,0,0,17.243629136348233,11.957926538319672,20.06267052196347,65.21934587151978,92.04545454545456,187,75.0,0.5053274203972147,congested,20.223745116113616,56716.87356452877,11.0,False,severely_underserved,18.11053507177875,20.223745116113616,2371.0,0.0027937495868093,0,2371,0.2237461265027511,3.3852359612444944,0.01758210792492566,0.20123135252466098,0.8016729864670025,0.010823208016264891,0.2189608148015427,4.106866e-27,0,1.0
CANDIDATE_Karura Ward_37,-1.1258954655877622,36.70027081962196,Karura Ward,False,6,residential,795.0933359158219,798.2194954986502,0,2,19794,501.8775238660341,0,0,,0,0,17.73388355120552,11.535664961841428,20.832992845887567,56.99076346006171,93.1818181818182,520,208.0,0.4333708462235915,moderate,51.54050841066344,136158.56870400644,17.9,False,underserved,22.07942410944877,17.180169470221145,2803.0,0.0075368047053146,0,2803,0.1696428393750311,21.68060393185624,0.02078559616767888,0.17075721199629357,0.9247954839972032,0.02318259840001828,0.2395598781372053,5.255728e-27,0,1.0
CANDIDATE_Mwiki Ward_49,-1.208131272111414,36.95873592548073,Mwiki Ward,False,6,residential,3682.8423734673074,3389.6603363838726,0,0,13574,260.81942033073966,0,0,,0,0,18.22697126387059,11.58204509583422,21.549434347888774,54.69328703703704,91.66666666666669,251,100.0,0.4639352675180015,congested,20.223745116113616,56716.87356452877,11.0,False,severely_underserved,17.98091666919039,20.223745116113616,2371.0,0.0016287341834207,0,2371,0.2237461265027511,3.3852359612444944,0.01758210792492566,0.20123135252466098,0.6806420208361632,0.010823208016264891,0.19475462167537486,6.2419744e-27,0,1.0
CANDIDATE_Ruai Ward_16,-1.0703554820909955,37.0052665312672,Ruai Ward,False,2,unclassified,6322.895508216002,3762.088388741407,0,0,15749,49.7230864857944,0,0,,0,0,17.243629136348233,11.957926538319672,20.06267052196347,65.21934587151978,92.04545454545456,187,75.0,0.5053274203972147,congested,9.222196984665509,57829.6892264539,11.0,False,severely_underserved,31.847060462638893,9.222196984665509,452.0,0.0003162607600649,0,452,0.2237461265027511,15.77044615316401,0.003351797883621425,0.09107712513103293,0.6455535876653902,0.0,0.15305312807510377,6.3832013e-27,0,1.0
CANDIDATE_Mwiki Ward_38,-1.1969108677869835,36.96287042559566,Mwiki Ward,False,2,residential,2978.444436892982,2979.6867382381965,0,0,13574,260.81942033073966,0,0,,0,0,17.243629136348233,11.957926538319672,20.06267052196347,65.21934587151978,92.04545454545456,187,75.0,0.5053274203972147,congested,20.223745116113616,56716.87356452877,11.0,False,severely_underserved,19.006921073039383,20.223745116113616,2371.0,0.0006712660841178,0,2371,0.2237461265027511,3.3852359612444944,0.01758210792492566,0.20123135252466098,0.7192678201261316,0.010823208016264891,0.2024797815333685,6.872146e-27,0,1.0
CANDIDATE_Mugumo-ini Ward_35,-1.345171760210394,36.994720756672365,Mugumo-ini Ward,False,6,residential,7598.039903673636,6566.0220179449525,0,0,33395,95.66697052700808,0,0,,0,0,23.677181625791217,16.528085310897428,27.57668870664238,36.47058823529412,83.33333333333333,32,12.0,0.574525767942717,moderate,8.187153010773127,121245.03465058042,12.7,False,severely_underserved,20.788134438488804,8.187153010773127,753.0,0.0007895734298091,0,753,0.348155049984002,14.845968786989689,0.005583857978687905,0.0807136319298685,0.38138004557909,0.0023556080060511933,0.09887988899203613,8.871093e-27,0,1.0
CANDIDATE_Uthiru/ruthimitu Ward_36,-1.1997592068410017,36.69895603709837,Uthiru/ruthimitu Ward,False,8,residential,262.086365484581,2613.865177562694,0,0,8256,1009.581586839085,0,0,,0,0,17.73388355120552,11.535664961841428,20.832992845887567,56.99076346006171,93.1818181818182,520,208.0,0.4333708462235915,moderate,49.84788943140368,54875.67677571843,18.5,False,severely_underserved,16.297428440923483,49.84788943140368,5457.0,0.0304082653058235,0,5457,0.1996750767775023,11.152482045939884,0.040466285510889634,0.49784640072139,0.7537338204795837,0.049213304780245444,0.29921422516112467,9.0377814e-27,0,1.0
CANDIDATE_Uthiru/ruthimitu Ward_32,-1.1899766517915225,36.694689900646296,Uthiru/ruthimitu Ward,False,2,residential,221.70917388081023,2328.6734455647666,0,0,8256,1009.581586839085,0,0,,0,0,17.73388355120552,11.535664961841428,20.832992845887567,56.99076346006171,93.1818181818182,520,208.0,0.4333708462235915,moderate,49.84788943140368,54875.67677571843,18.5,False,severely_underserved,17.333279311310953,49.84788943140368,5457.0,0.0089803215788064,0,5457,0.1996750767775023,11.152482045939884,0.040466285510889634,0.49784640072139,0.7806032546312828,0.049213304780245444,0.3045881119914645,9.332571e-27,0,1.0
CANDIDATE_Kitisuru Ward_21,-1.1879111625272325,36.70055632179992,Kitisuru Ward,False,2,residential,659.2365129093015,1984.532320325644,0,0,19156,1020.1206955680644,0,0,,0,0,17.73388355120552,11.535664961841428,20.832992845887567,56.99076346006171,93.1818181818182,520,208.0,0.4333708462235915,moderate,58.6948942150194,154593.60933689412,17.9,False,underserved,16.972969656085542,58.6948942150194,5698.0,0.0030292175014482,1,5698,0.1696428393750311,10.711956381011875,0.0422534166833515,0.5864280226025139,0.8130266255289056,0.049753659811534436,0.3339517585578895,1.028029e-26,0,1.0
CANDIDATE_South C Ward_28,-1.3533885001765424,36.85775537043855,South C Ward,False,2,unclassified,2462.857984732176,2433.818668207808,0,0,9969,464.7086107611213,0,0,,0,0,21.495224716120305,14.227569759170663,25.37130735982678,49.559227004879176,89.77272727272727,190,78.0,0.5601785002575053,congested,52.75712751657217,70344.6251026133,12.7,False,underserved,8.70687117395312,52.75712751657217,3659.0,0.0008117350969063,0,3659,0.348155049984002,28.829494748770223,0.02713324879683804,0.5269754714437004,0.7706969624103236,0.021276895582041187,0.29963527653829136,1.0685039e-26,0,1.0
CANDIDATE_Zimmerman Ward_1,-1.1861918409506107,36.8605325721556,Zimmerman Ward,False,2,residential,1734.4581956562674,2347.123877215235,0,0,8533,565.0115117573073,0,0,,0,0,16.977834653895385,11.583661224577728,20.06021947064833,66.15702479338843,90.625,160,66.0,0.5393986770943684,congested,30.66877310233205,41029.54800371309,12.5,False,severely_underserved,12.13936580247364,30.66877310233205,4520.0,0.001152433406351,0,4520,0.140004148607421,4.387082206796681,0.03351797883621425,0.3058133599094042,0.7788649410594634,0.026419567377156016,0.2492415342573499,1.4940169e-26,0,1.0
CANDIDATE_Kahawa West_11,-1.121571028488787,36.95078834535694,Kahawa West,False,6,residential,1564.613084535372,2896.06209796193,0,0,11984,405.62379022513335,0,0,,0,0,17.243629136348233,11.957926538319672,20.06267052196347,65.21934587151978,92.04545454545456,187,75.0,0.5053274203972147,congested,30.372611674609445,57375.0964702776,12.5,False,severely_underserved,23.58972119208921,30.372611674609445,3244.0,0.0038323644962258,0,3244,0.140004148607421,5.437899353452546,0.024055823748822792,0.30284801059085487,0.7271465435015307,0.018247533150127074,0.23321035629013326,1.9545285e-26,0,1.0
CANDIDATE_Karura Ward_45,-1.114671255898912,36.69055119770809,Karura Ward,False,6,residential,1573.3148953465711,1623.8747020009184,0,0,19794,501.8775238660341,0,0,,0,0,17.73388355120552,11.535664961841428,20.832992845887567,56.99076346006171,93.1818181818182,520,208.0,0.4333708462235915,moderate,51.54050841066344,136158.56870400644,17.9,False,underserved,23.7248460625648,51.54050841066344,2803.0,0.0038111816242957,0,2803,0.1696428393750311,21.68060393185624,0.02078559616767888,0.5147939369866892,0.8470061033314221,0.02318259840001828,0.310011183251648,2.0063896e-26,0,1.0
CANDIDATE_Karura Ward_22,-1.140148562679538,36.7636274433974,Karura Ward,False,6,residential,1013.0294074621912,3081.9739852219354,0,0,19794,501.8775238660341,0,0,,0,0,17.73388355120552,11.535664961841428,20.832992845887567,56.99076346006171,93.1818181818182,520,208.0,0.4333708462235915,moderate,51.54050841066344,136158.56870400644,17.9,False,underserved,17.318663703209026,51.54050841066344,2803.0,0.0059169881621245,0,2803,0.1696428393750311,21.68060393185624,0.02078559616767888,0.5147939369866892,0.7096307930351493,0.02318259840001828,0.28253612119239346,2.1262712e-26,0,1.0
CANDIDATE_Ruai Ward_23,-1.081237996013137,37.03106925413445,Ruai Ward,False,1,trunk,6319.780905099163,1136.2639940614906,0,0,15749,49.7230864857944,0,0,,0,0,15.532831935864504,10.98896006621044,17.047455892415858,75.0,100.0,4,1.0,0.326308708982949,congested,9.222196984665509,57829.6892264539,11.0,False,severely_underserved,32.95047972282724,9.222196984665509,452.0,0.000158208299736,0,452,0.2237461265027511,15.77044615316401,0.003351797883621425,0.09107712513103293,0.8929465088153268,0.0,0.2025317123050911,3.3577384e-26,0,1.0
CANDIDATE_Mwiki Ward_24,-1.214574007086816,36.95416208363707,Mwiki Ward,False,6,tertiary,2922.2660443867035,2944.336503524089,0,0,13574,260.81942033073966,0,0,,0,0,18.22697126387059,11.58204509583422,21.549434347888774,54.69328703703704,91.66666666666669,251,100.0,0.4639352675180015,congested,20.223745116113616,56716.87356452877,11.0,False,severely_underserved,17.19342871440836,20.223745116113616,2371.0,0.0020524987835169,0,2371,0.2237461265027511,3.3852359612444944,0.01758210792492566,0.20123135252466098,0.7225983542802729,0.010823208016264891,0.20314588836419678,5.324991e-26,0,1.0
CANDIDATE_Embakasi Ward_7,-1.326725565260876,36.93526344539951,Embakasi Ward,False,4,unclassified,1155.8310618704895,1159.7180774026635,0,0,29594,170.15776873711866,0,0,,0,0,19.463223831064525,14.11254895865543,22.31691709634938,52.48447204968944,89.28571428571429,175,85.0,0.5220497459808815,congested,22.437747821685697,127185.79787032236,7.2,False,severely_underserved,13.86948033831619,22.437747821685697,2363.0,0.0034577218159515,0,2363,0.4401639794947514,6.03841004939126,0.01752278406857838,0.22339930148654888,0.890736774530573,0.0061748567331173475,0.24136512604837773,5.770618e-26,0,1.0
CANDIDATE_Uthiru/ruthimitu Ward_33,-1.2012371109290076,36.69101408642008,Uthiru/ruthimitu Ward,False,2,residential,1035.9005167824007,3043.5177919014586,0,0,8256,1009.581586839085,0,0,,0,0,17.73388355120552,11.535664961841428,20.832992845887567,56.99076346006171,93.1818181818182,520,208.0,0.4333708462235915,moderate,49.84788943140368,54875.67677571843,18.5,False,severely_underserved,16.925057455594068,49.84788943140368,5457.0,0.0019288253478802,0,5457,0.1996750767775023,11.152482045939884,0.040466285510889634,0.49784640072139,0.7132539561153366,0.049213304780245444,0.29111825228827526,6.2282775e-26,0,1.0
CANDIDATE_Kahawa West_24,-1.12699012259458,36.93638051354522,Kahawa West,False,6,secondary,133.1128236049269,2669.7810943702284,0,0,11984,405.62379022513335,0,0,,0,0,17.243629136348233,11.957926538319672,20.06267052196347,65.21934587151978,92.04545454545456,187,75.0,0.5053274203972147,congested,30.372611674609445,57375.0964702776,12.5,False,severely_underserved,22.13007992012249,30.372611674609445,3244.0,0.0447384510945423,0,3244,0.140004148607421,5.437899353452546,0.024055823748822792,0.30284801059085487,0.7484656837276289,0.018247533150127074,0.2374741843353529,7.4819913e-26,0,1.0
CANDIDATE_Kahawa West_13,-1.191319596822482,37.00098947370816,Kahawa West,False,4,unclassified,633.9147514917452,661.2641503913962,0,4,11984,405.62379022513335,0,0,,0,0,23.86962757169458,19.819289534101603,25.21974025089224,31.25,75.0,28,8.0,0.5212243408368737,free_flow,30.372611674609445,57375.0964702776,12.5,False,severely_underserved,23.005006631911108,6.074522334921889,3244.0,0.0063000583788641,0,3244,0.140004148607421,5.437899353452546,0.024055823748822792,0.05956068171904762,0.9376987775159275,0.018247533150127074,0.21449897087506078,8.372659e-26,0,1.0
CANDIDATE_Ruai Ward_6,-1.0580440590913178,37.009749433993925,Ruai Ward,False,6,residential,7516.651187584545,4417.689024418334,0,0,15749,49.7230864857944,0,0,,0,0,17.243629136348233,11.957926538319672,20.06267052196347,65.21934587151978,92.04545454545456,187,75.0,0.5053274203972147,congested,9.222196984665509,57829.6892264539,11.0,False,severely_underserved,33.21103281425344,9.222196984665509,452.0,0.0007981216273919,0,452,0.2237461265027511,15.77044615316401,0.003351797883621425,0.09107712513103293,0.5837859551091235,0.0,0.14069960156385042,1.1341935e-25,0,1.0
CANDIDATE_Mwiki Ward_20,-1.2033651239963352,37.00221551734169,Mwiki Ward,False,4,unclassified,1012.5231412781256,1871.3379892236533,0,0,13574,260.81942033073966,0,0,,0,0,23.86962757169458,19.819289534101603,25.21974025089224,31.25,75.0,28,8.0,0.5212243408368737,free_flow,20.223745116113616,56716.87356452877,11.0,False,severely_underserved,22.545266833846423,20.223745116113616,2371.0,0.0039466291760795,0,2371,0.2237461265027511,3.3852359612444944,0.01758210792492566,0.20123135252466098,0.8236912671879866,0.010823208016264891,0.22336447094573952,1.1984865e-25,0,1.0
CANDIDATE_Kitisuru Ward_45,-1.1215587776534688,36.69107878821598,Kitisuru Ward,False,2,residential,829.8817272414019,1304.9385595470164,0,0,19156,1020.1206955680644,0,0,,0,0,17.73388355120552,11.535664961841428,20.832992845887567,56.99076346006171,93.1818181818182,520,208.0,0.4333708462235915,moderate,58.6948942150194,154593.60933689412,17.9,False,underserved,23.07720844954715,58.6948942150194,5698.0,0.0024070814586814,1,5698,0.1696428393750311,10.711956381011875,0.0422534166833515,0.5864280226025139,0.8770547783691834,0.049753659811534436,0.3467573891259451,1.5404671e-25,0,1.0
CANDIDATE_Ruai Ward_14,-1.087348563201134,37.0454722870174,Ruai Ward,False,1,trunk,6869.552676544598,724.4362831452479,0,2,15749,49.7230864857944,0,0,,0,0,15.532831935864504,10.98896006621044,17.047455892415858,75.0,100.0,4,1.0,0.326308708982949,congested,9.222196984665509,57829.6892264539,11.0,False,severely_underserved,33.673397092253204,3.074065661555169,452.0,0.0001455486984931,0,452,0.2237461265027511,15.77044615316401,0.003351797883621425,0.029518274711074842,0.9317469939583861,0.0,0.19490209672871342,1.5704247e-25,0,1.0
CANDIDATE_Njiru Ward_49,-1.2641462987129657,36.94682571983499,Njiru Ward,False,6,residential,1627.3581391751372,1624.2184341389875,0,0,10989,746.4285914852591,0,0,,0,0,17.845377654040565,11.606875140660836,20.96462891073044,57.8859819316018,91.796875,574,247.0,0.4245573366979223,moderate,47.21837435030173,69402.06821576251,11.0,False,severely_underserved,14.621067966555412,47.21837435030173,6785.0,0.003684693100155,0,6785,0.2237461265027511,10.89304713008968,0.050314045664538426,0.47151808776780646,0.8469737184933872,0.035721077999510915,0.3120283972231197,2.130982e-25,0,1.0
CANDIDATE_Kitisuru Ward_33,-1.144157990885348,36.72001017439798,Kitisuru Ward,False,6,secondary,177.34912256692928,452.4081364091231,1,1,19156,1020.1206955680644,0,0,,0,1,17.73388355120552,11.535664961841428,20.832992845887567,56.99076346006171,93.1818181818182,520,208.0,0.4333708462235915,moderate,58.6948942150194,154593.60933689412,17.9,False,underserved,19.154725291087072,29.34744710750969,5698.0,0.0336418812363283,0,5698,0.1696428393750311,10.711956381011875,0.0422534166833515,0.29258343605180476,0.9573762165341239,0.049753659811534436,0.2893605301212559,2.1988196e-25,0,1.0
CANDIDATE_Ruai Ward_32,-1.1213983503214948,37.03831831592254,Ruai Ward,False,1,trunk,4417.433119687361,2923.1697050796474,0,0,15749,49.7230864857944,0,0,,0,0,15.532831935864504,10.98896006621044,17.047455892415858,75.0,100.0,4,1.0,0.326308708982949,congested,9.222196984665509,57829.6892264539,11.0,False,severely_underserved,30.673929575653016,9.222196984665509,452.0,0.0002263245754573,0,452,0.2237461265027511,15.77044615316401,0.003351797883621425,0.09107712513103293,0.7245925912555907,0.0,0.16886092879314388,2.4862246e-25,0,1.0
CANDIDATE_Karura Ward_31,-1.1043167256305777,36.84095660514071,Karura Ward,False,6,tertiary,610.0984846349231,2973.844465976622,0,0,19794,501.8775238660341,0,0,,0,0,18.22697126387059,11.58204509583422,21.549434347888774,54.69328703703704,91.66666666666669,251,100.0,0.4639352675180015,congested,51.54050841066344,136158.56870400644,17.9,False,underserved,20.4182617742529,51.54050841066344,2803.0,0.0098183846808006,0,2803,0.1696428393750311,21.68060393185624,0.02078559616767888,0.5147939369866892,0.7198182517558599,0.02318259840001828,0.28457361293653555,2.7755738e-25,0,1.0
CANDIDATE_Karura Ward_43,-1.105484538652186,36.843390321846194,Karura Ward,False,4,trunk,461.350793953366,3130.9358583381654,0,0,19794,501.8775238660341,0,0,,0,0,18.22697126387059,11.58204509583422,21.549434347888774,54.69328703703704,91.66666666666669,251,100.0,0.4639352675180015,congested,51.54050841066344,136158.56870400644,17.9,False,underserved,20.32649272996733,51.54050841066344,2803.0,0.0086514396694286,0,2803,0.1696428393750311,21.68060393185624,0.02078559616767888,0.5147939369866892,0.70501783382899,0.02318259840001828,0.2816135293511616,3.0276501e-25,0,1.0
CANDIDATE_Karura Ward_3,-1.115166442909988,36.82080854698104,Karura Ward,False,6,residential,3146.621349387036,544.6573583258117,0,7,19794,501.8775238660341,0,0,,0,1,16.977834653895385,11.583661224577728,20.06021947064833,66.15702479338843,90.625,160,66.0,0.5393986770943684,congested,51.54050841066344,136158.56870400644,17.9,False,underserved,19.044528450497783,6.442563551332929,2803.0,0.0019062013291936,0,2803,0.1696428393750311,21.68060393185624,0.02078559616767888,0.06324573543679496,0.9486849253228697,0.02318259840001828,0.21745989726246395,3.084634e-25,0,1.0
CANDIDATE_Kahawa_35,-1.177567862984546,36.89397552230056,Kahawa,False,6,unclassified,274.4257747144298,1670.9870865173211,0,0,9936,2342.1790599665173,0,0,,0,0,18.22697126387059,11.58204509583422,21.549434347888774,54.69328703703704,91.66666666666669,251,100.0,0.4639352675180015,congested,50.06246135533196,66325.31993700916,12.5,False,underserved,14.80863801976343,50.06246135533196,18737.0,0.0217844535654696,1,18737,0.140004148607421,1.2664846559319567,0.13894388704737753,0.499994826035562,0.8425673943105653,0.11753746461241547,0.36565003876006885,3.1244017e-25,0,1.0
CANDIDATE_Uthiru/ruthimitu Ward_39,-1.1415242757131598,36.715775966256125,Uthiru/ruthimitu Ward,False,6,residential,399.9427992726896,574.6203971340234,0,1,8256,1009.581586839085,0,0,,0,0,17.73388355120552,11.535664961841428,20.832992845887567,56.99076346006171,93.1818181818182,520,208.0,0.4333708462235915,moderate,49.84788943140368,54875.67677571843,18.5,False,severely_underserved,19.66333411354334,24.92394471570184,5457.0,0.0149647281629299,0,5457,0.1996750767775023,11.152482045939884,0.040466285510889634,0.24829262511124292,0.9458619476278225,0.049213304780245444,0.27525140668823567,3.1316925e-25,0,1.0
CANDIDATE_Kahawa West_18,-1.1895560700225083,36.96342471393659,Kahawa West,False,2,residential,2258.415547980223,2270.664101528835,0,0,11984,405.62379022513335,0,0,,0,0,17.243629136348233,11.957926538319672,20.06267052196347,65.21934587151978,92.04545454545456,187,75.0,0.5053274203972147,congested,30.372611674609445,57375.0964702776,12.5,False,severely_underserved,19.49891992181444,30.372611674609445,3244.0,0.0008851846672418,0,3244,0.140004148607421,5.437899353452546,0.024055823748822792,0.30284801059085487,0.786068624327793,0.018247533150127074,0.24499477245538573,5.9085036e-25,0,1.0
CANDIDATE_Njiru Ward_22,-1.2644283355595956,36.94954429588129,Njiru Ward,False,2,residential,1534.4432933048488,1544.6366109038763,0,0,10989,746.4285914852591,0,0,,0,0,17.845377654040565,11.606875140660836,20.96462891073044,57.8859819316018,91.796875,574,247.0,0.4245573366979223,moderate,47.21837435030173,69402.06821576251,11.0,False,severely_underserved,14.913842668173588,47.21837435030173,6785.0,0.0013025554305527,0,6785,0.2237461265027511,10.89304713008968,0.050314045664538426,0.47151808776780646,0.8544715465128317,0.035721077999510915,0.3135279628270086,6.1654716e-25,0,1.0
CANDIDATE_Ruai Ward_9,-1.2698083484104878,36.95062899141638,Ruai Ward,False,6,residential,1775.6049596764997,1774.1859303981166,0,0,15749,49.7230864857944,0,0,,0,0,17.845377654040565,11.606875140660836,20.96462891073044,57.8859819316018,91.796875,574,247.0,0.4245573366979223,moderate,9.222196984665509,57829.6892264539,11.0,False,severely_underserved,14.947229246997509,9.222196984665509,452.0,0.0033772279916929,0,452,0.2237461265027511,15.77044615316401,0.003351797883621425,0.09107712513103293,0.8328444808138771,0.0,0.19051130670480115,6.3116574e-25,0,1.0
CANDIDATE_Mihango Ward_35,-1.2698759325315063,36.943590355857886,Mihango Ward,False,6,residential,2124.669620372229,2106.0925534486,0,0,4505,83.3685699120185,0,0,,0,0,17.845377654040565,11.606875140660836,20.96462891073044,57.8859819316018,91.796875,574,247.0,0.4245573366979223,moderate,31.7305199776592,22000.26396561969,7.2,False,severely_underserved,14.170099025573634,31.7305199776592,1157.0,0.0028226399542509,0,1157,0.4401639794947514,34.363224058648484,0.00857971272422564,0.316444218888691,0.8015737876205955,0.0017250515880455493,0.24277372201737996,8.382986e-25,0,1.0
CANDIDATE_Pipeline Ward_26,-1.3532239037323102,36.88416192910731,Pipeline Ward,False,2,tertiary,1646.8034629979402,2054.862412324333,0,0,4759,688.1241032945147,0,0,,0,0,17.086936272096395,11.48035487701918,20.29069706928337,63.656204906204906,91.66666666666669,138,67.0,0.5547498182851955,congested,60.39700177501157,40062.52343641133,13.8,False,underserved,10.517743931343764,60.39700177501157,4986.0,0.0012137369807205,1,4986,0.2682490623582934,34.44615769624161,0.036973593468443415,0.6034705643404202,0.8064004524536796,0.03273172431213803,0.3316348341522238,8.846095e-25,0,1.0
CANDIDATE_Mihango Ward_40,-1.2753156655286724,36.94548831438506,Mihango Ward,False,6,residential,1558.8091324593338,1563.2779800077228,0,0,4505,83.3685699120185,0,0,,0,0,17.845377654040565,11.606875140660836,20.96462891073044,57.8859819316018,91.796875,574,247.0,0.4245573366979223,moderate,31.7305199776592,22000.26396561969,7.2,False,severely_underserved,14.314605577298812,31.7305199776592,1157.0,0.0038466244844584,0,1157,0.4401639794947514,34.363224058648484,0.00857971272422564,0.316444218888691,0.8527152437051579,0.0017250515880455493,0.25300201323429244,9.296516e-25,0,1.0
CANDIDATE_Kahawa_11,-1.1847037443013295,36.8937786661761,Kahawa,False,6,residential,131.28197339065318,1434.570285876483,0,0,9936,2342.1790599665173,0,0,,0,0,18.22697126387059,11.58204509583422,21.549434347888774,54.69328703703704,91.66666666666669,251,100.0,0.4639352675180015,congested,50.06246135533196,66325.31993700916,12.5,False,underserved,14.154416391149004,50.06246135533196,18737.0,0.0453576541550441,1,18737,0.140004148607421,1.2664846559319567,0.13894388704737753,0.499994826035562,0.864841482036294,0.11753746461241547,0.37010485630521456,1.0246551e-24,0,1.0
CANDIDATE_Mwiki Ward_15,-1.2064755728860632,36.97525319222223,Mwiki Ward,False,6,residential,2228.613296789957,2752.035475451752,0,0,13574,260.81942033073966,0,0,,0,0,17.758226651154608,11.544293375330827,21.582185590123085,53.57142857142857,87.5,44,19.0,0.4615500339940903,moderate,20.223745116113616,56716.87356452877,11.0,False,severely_underserved,19.690264082244266,20.223745116113616,2371.0,0.0026910496132393,0,2371,0.2237461265027511,3.3852359612444944,0.01758210792492566,0.20123135252466098,0.7407160597792921,0.010823208016264891,0.20676942946400062,1.2444527e-24,0,1.0
CANDIDATE_Mwiki Ward_27,-1.224078359562149,36.96509138854366,Mwiki Ward,False,6,tertiary,2803.368337553091,2786.9716499022056,0,0,13574,260.81942033073966,0,0,,0,0,17.758226651154608,11.544293375330827,21.582185590123085,53.57142857142857,87.5,44,19.0,0.4615500339940903,moderate,20.223745116113616,56716.87356452877,11.0,False,severely_underserved,17.841624116456742,20.223745116113616,2371.0,0.0021395192349216,0,2371,0.2237461265027511,3.3852359612444944,0.01758210792492566,0.20123135252466098,0.7374245364509948,0.010823208016264891,0.20611112479834118,1.3932266e-24,0,1.0
CANDIDATE_Roysambu Ward_42,-1.1900772898981664,36.862255776342806,Roysambu Ward,False,6,residential,2204.522242650689,2498.2000013012107,0,0,15669,483.239781975182,0,0,,0,0,16.977834653895385,11.583661224577728,20.06021947064833,66.15702479338843,90.625,160,66.0,0.5393986770943684,congested,52.55807786151991,110098.7167953836,12.5,False,underserved,11.82391607220669,52.55807786151991,3865.0,0.0027204441124968,0,3865,0.140004148607421,20.27271584053182,0.02866083809778055,0.52498246457746,0.7646312536394805,0.022227014976261075,0.2986485632017365,1.4241565e-24,0,1.0
CANDIDATE_Uthiru/ruthimitu Ward_40,-1.2563195440610402,36.63085458546632,Uthiru/ruthimitu Ward,False,6,unclassified,2626.586799099712,3819.987608899161,0,0,8256,1009.581586839085,0,0,,0,0,17.860120755591254,11.573045141024393,21.003658562874683,57.14772462015109,94.04761904761904,382,161.0,0.477674612291292,congested,49.84788943140368,54875.67677571843,18.5,False,severely_underserved,20.983856190917063,49.84788943140368,5457.0,0.0022834640522839,0,5457,0.1996750767775023,11.152482045939884,0.040466285510889634,0.49784640072139,0.6400985933267926,0.049213304780245444,0.27648717973056647,1.4397242e-24,0,1.0
CANDIDATE_Kahawa West_5,-1.1167066608113432,36.92187445607148,Kahawa West,False,6,secondary,258.9462697051944,3935.103618644752,0,0,11984,405.62379022513335,0,0,,0,0,17.243629136348233,11.957926538319672,20.06267052196347,65.21934587151978,92.04545454545456,187,75.0,0.5053274203972147,congested,30.372611674609445,57375.0964702776,12.5,False,severely_underserved,22.16875078542994,30.372611674609445,3244.0,0.0230816930237337,0,3244,0.140004148607421,5.437899353452546,0.024055823748822792,0.30284801059085487,0.6292529000733571,0.018247533150127074,0.21363162760449853,1.50243125e-24,0,1.0
CANDIDATE_Mwiki Ward_34,-1.2109760863967445,36.95047560021341,Mwiki Ward,False,2,residential,3114.785142408815,2480.151622112935,0,0,13574,260.81942033073966,0,0,,0,0,18.22697126387059,11.58204509583422,21.549434347888774,54.69328703703704,91.66666666666669,251,100.0,0.4639352675180015,congested,20.223745116113616,56716.87356452877,11.0,False,severely_underserved,17.025070646917968,20.223745116113616,2371.0,0.0006418927841904,0,2371,0.2237461265027511,3.3852359612444944,0.01758210792492566,0.20123135252466098,0.7663316877044757,0.010823208016264891,0.21189255504903734,1.5887614e-24,0,1.0
CANDIDATE_Pipeline Ward_40,-1.352420423071905,36.88715290919537,Pipeline Ward,False,2,tertiary,1689.6782716300006,1808.3840695400124,0,0,4759,688.1241032945147,0,0,,0,0,17.906847137299025,11.406366449662858,21.157087481117102,57.709691248294185,93.33333333333331,371,147.0,0.3154506881194194,moderate,60.39700177501157,40062.52343641133,13.8,False,underserved,10.694102772768437,60.39700177501157,4986.0,0.0011829571797073,1,4986,0.2682490623582934,34.44615769624161,0.036973593468443415,0.6034705643404202,0.8296224917283362,0.03273172431213803,0.33627924200715514,1.7156733e-24,0,1.0
CANDIDATE_Embakasi Ward_19,-1.3454980501437883,36.93772042388953,Embakasi Ward,False,6,unclassified,1769.6649210434134,1942.4850925769515,0,0,29594,170.15776873711866,0,0,,0,0,17.234475857417127,12.045587776530288,19.828919897860544,61.11111111111111,85.71428571428571,55,22.0,0.4696096464200118,congested,22.437747821685697,127185.79787032236,7.2,False,severely_underserved,14.922545562830177,22.437747821685697,2363.0,0.0033885575574989,0,2363,0.4401639794947514,6.03841004939126,0.01752278406857838,0.22339930148654888,0.816988119115484,0.0061748567331173475,0.22661539496535993,2.0755847e-24,0,1.0
CANDIDATE_Kahawa West_29,-1.0984906557529828,36.897747614671005,Kahawa West,False,6,unclassified,1081.009121366851,6439.711812706886,0,0,11984,405.62379022513335,0,0,,0,0,17.243629136348233,11.957926538319672,20.06267052196347,65.21934587151978,92.04545454545456,187,75.0,0.5053274203972147,congested,30.372611674609445,57375.0964702776,12.5,False,severely_underserved,22.732503339272697,30.372611674609445,3244.0,0.0055452397595507,0,3244,0.140004148607421,5.437899353452546,0.024055823748822792,0.30284801059085487,0.39328040369450856,0.018247533150127074,0.16643712832872884,2.3326102e-24,0,1.0
CANDIDATE_Karura Ward_16,-1.1031947333001282,36.81925557823511,Karura Ward,False,6,unclassified,2978.439878509087,1515.4966714399843,0,0,19794,501.8775238660341,0,0,,0,0,18.22697126387059,11.58204509583422,21.549434347888774,54.69328703703704,91.66666666666669,251,100.0,0.4639352675180015,congested,51.54050841066344,136158.56870400644,17.9,False,underserved,20.372777879072995,51.54050841066344,2803.0,0.0020138013333574,0,2803,0.1696428393750311,21.68060393185624,0.02078559616767888,0.5147939369866892,0.8572169756286212,0.02318259840001828,0.31205335771108783,2.4717195e-24,0,1.0
CANDIDATE_Roysambu Ward_22,-1.186089156733878,36.88190909974943,Roysambu Ward,False,6,residential,1365.800031738297,2070.154536635603,0,0,15669,483.239781975182,0,0,,0,0,18.22697126387059,11.58204509583422,21.549434347888774,54.69328703703704,91.66666666666669,251,100.0,0.4639352675180015,congested,52.55807786151991,110098.7167953836,12.5,False,underserved,13.272586560148149,52.55807786151991,3865.0,0.0043898155258082,0,3865,0.140004148607421,20.27271584053182,0.02866083809778055,0.52498246457746,0.8049596998612298,0.022227014976261075,0.3067142524460864,2.702368e-24,0,1.0
CANDIDATE_Mihango Ward_27,-1.2677956414217677,36.95024803220686,Mihango Ward,False,8,residential,1863.0523394749343,1869.0358401233225,0,0,4505,83.3685699120185,0,0,,0,0,17.845377654040565,11.606875140660836,20.96462891073044,57.8859819316018,91.796875,574,247.0,0.4245573366979223,moderate,31.7305199776592,22000.26396561969,7.2,False,severely_underserved,14.934562262948075,31.7305199776592,1157.0,0.0042917249857122,0,1157,0.4401639794947514,34.363224058648484,0.00857971272422564,0.316444218888691,0.8239081649333223,0.0017250515880455493,0.24724059747992533,3.2210871e-24,0,1.0
